que,a,b,valor
final_peso_medio,0,0,6.469477239048995
final_peso_medio,0,1,4.52967054349671
final_peso_medio,1,0,6.524196985705615
final_peso_medio,1,1,4.542460745411587
final_liston_medio,0,,2.887632151735887
final_peso_final,0,,9.53008375514895
final_liston_medio,1,,6.962682099341238
final_peso_final,1,,-10.259602707897029
final_liston_final,,,4.394753403636909
caso_peso_medio,0,0,3.330614043675303
caso_peso_medio,0,1,0.11194889389409668
caso_peso_medio,1,0,3.5395082047280653
caso_peso_medio,1,1,1.306991812716193
caso_liston_medio,0,,0.5490755024343906
caso_peso_final,0,,3.206477616142028
caso_liston_medio,1,,-0.1232095411237681
caso_peso_final,1,,-1.7505981714842962
caso_liston_final,,,1.3804060705581191
final_dice_medio,0,0,0.05276834734817206
final_dice_medio,0,1,0.0009456592959504688
final_dice,0,,0.019809822276708765
final_dice_medio,1,0,0.974333445636325
final_dice_medio,1,1,0.08164365725618421
final_dice,1,,0.9829279710353193
final_dice_medio,2,0,0.9729289215699063
final_dice_medio,2,1,0.08068979088539793
final_dice,2,,0.9828674736391362
final_dice_medio,3,0,0.9999591695693086
final_dice_medio,3,1,0.891818203343812
final_dice,3,,0.017727368333466696
caso_culpa_final,,,0.2863578621134043
caso_dice_final,,,0.5934422173758716
caso_falla,,,0.5934422173758716
caso_dice_medio,0,,0.9982051668101427
caso_le_toca_medio,0,,0.9182000750729162
caso_culpa_medio,0,,0.0016450571239091996
caso_pasa_rampa_medio,0,,0.0017916107486470878
caso_culpa_lineas_final,0,,0.2858438975183066
caso_culpa_pesos_medio,0,0,0.0016450571239091996
caso_culpa_pesos_medio,1,0,0.0016450571239091996
caso_dice_medio,1,,0.8237770905833182
caso_le_toca_medio,1,,-0.5012975498058778
caso_culpa_medio,1,,-0.07277253738897488
caso_pasa_rampa_medio,1,,0.14516834845323956
caso_culpa_lineas_final,1,,0.2358950465174392
caso_culpa_pesos_medio,0,1,-0.07277253738897488
caso_culpa_pesos_medio,1,1,-0.07277253738897488
caso_pasa_rampa_final,,,0.24126852937733645
mano_dice_final,,,0.5934
mano_falla,,,0.5934
mano_culpa_final,,,0.2864
mano_pasa_final,,,0.2413
mano_dice_medio,0,,0.9982
mano_le_toca,0,,0.9193
mano_pasa_medio,0,,0.001797
mano_culpa_medio,0,,0.001652
mano_lineas_final,0,,0.2859
mano_lineas_primera,0,0,0.001652
mano_lineas_primera,1,0,0.001652
mano_dice_medio,1,,0.8238
mano_le_toca,1,,-0.5012
mano_pasa_medio,1,,0.1452
mano_culpa_medio,1,,-0.07277
mano_lineas_final,1,,0.2359
mano_lineas_primera,0,1,-0.07277
mano_lineas_primera,1,1,-0.07277
terreno,-6.0,,0.5000038952243367
terreno,-5.9,,0.5000025064679832
terreno,-5.8,,0.5000009569047139
terreno,-5.7,,0.4999992298953545
terreno,-5.6,,0.49999730709756585
terreno,-5.5,,0.4999951682917451
terreno,-5.4,,0.4999927911891421
terreno,-5.3,,0.4999901512203752
terreno,-5.2,,0.49998722130235024
terreno,-5.1,,0.4999839715813759
terreno,-5.0,,0.4999803691500531
terreno,-4.9,,0.49997637773526143
terreno,-4.8,,0.4999719573543
terreno,-4.7,,0.49996706393593876
terreno,-4.6,,0.49996164890280764
terreno,-4.5,,0.4999556587111888
terreno,-4.4,,0.4999490343438799
terreno,-4.3,,0.49994171075135807
terreno,-4.2,,0.49993361623599075
terreno,-4.1,,0.4999246717735133
terreno,-4.0,,0.49991479026540775
terreno,-3.9,,0.4999038757151777
terreno,-3.8,,0.4998918223208145
terreno,-3.6999999999999997,,0.49987851347497303
terreno,-3.5999999999999996,,0.49986382066353036
terreno,-3.5,,0.4998476022522726
terreno,-3.4,,0.49982970215042993
terreno,-3.3,,0.4998099483386664
terreno,-3.1999999999999997,,0.4997881512479038
terreno,-3.0999999999999996,,0.49976410197401905
terreno,-3.0,,0.4997375703119836
terreno,-2.9,,0.49970830259141635
terreno,-2.8,,0.49967601929376076
terreno,-2.6999999999999997,,0.4996404124293944
terreno,-2.5999999999999996,,0.49960114265089034
terreno,-2.5,,0.4995578360763856
terreno,-2.4,,0.49951008079454784
terreno,-2.3,,0.4994574230199598
terreno,-2.1999999999999997,,0.49939936286484476
terreno,-2.0999999999999996,,0.49933534968993004
terreno,-2.0,,0.49926477699387317
terreno,-1.8999999999999995,,0.49918697679704876
terreno,-1.7999999999999998,,0.49910121347161185
terreno,-1.7000000000000002,,0.49900667696560297
terreno,-1.5999999999999996,,0.498902475364452
terreno,-1.5,,0.49878762672857035
terreno,-1.3999999999999995,,0.4986610501408219
terreno,-1.2999999999999998,,0.49852155589253383
terreno,-1.1999999999999993,,0.4983678347314171
terreno,-1.0999999999999996,,0.49819844608933633
terreno,-1.0,,0.49801180520239063
terreno,-0.8999999999999995,,0.497806169030329
terreno,-0.7999999999999998,,0.4975796208770533
terreno,-0.6999999999999993,,0.4973300536090265
terreno,-0.5999999999999996,,0.4970551513639974
terreno,-0.5,,0.4967523696388515
terreno,-0.39999999999999947,,0.4964189136429181
terreno,-0.2999999999999998,,0.49605171480210764
terreno,-0.1999999999999993,,0.4956474053003204
terreno,-0.09999999999999964,,0.49520229054826537
terreno,0.0,,0.4947123194768782
terreno,0.10000000000000053,,0.494173052563837
terreno,0.20000000000000018,,0.49357962751827616
terreno,0.3000000000000007,,0.49292672257198306
terreno,0.40000000000000036,,0.49220851735659016
terreno,0.5,,0.49141865138732277
terreno,0.6000000000000005,,0.4905501802267335
terreno,0.7000000000000002,,0.4895955294689086
terreno,0.8000000000000007,,0.48854644676852466
terreno,0.9000000000000004,,0.4873939522428663
terreno,1.0,,0.48612828770181926
terreno,1.1000000000000005,,0.484738865314536
terreno,1.2000000000000002,,0.4832142165057856
terreno,1.3000000000000007,,0.48154194209390144
terreno,1.4000000000000004,,0.4797086649396202
terreno,1.5,,0.4776999866745404
terreno,1.6000000000000005,,0.47550045042231087
terreno,1.7000000000000002,,0.47309351181670256
terreno,1.8000000000000007,,0.4704615210583223
terreno,1.9000000000000004,,0.4675857192331333
terreno,2.0,,0.4644462526347039
terreno,2.0999999999999996,,0.4610222093768053
terreno,2.200000000000001,,0.45729168313578317
terreno,2.3000000000000007,,0.4532318693970738
terreno,2.4000000000000004,,0.44881920006147746
terreno,2.5,,0.44402952264679985
terreno,2.5999999999999996,,0.43883833053844384
terreno,2.700000000000001,,0.43322105072339523
terreno,2.8000000000000007,,0.4271533950963579
terreno,2.9000000000000004,,0.4206117806520984
terreno,3.0,,0.4135738225625197
terreno,3.0999999999999996,,0.40601890216577347
terreno,3.200000000000001,,0.3979288091602345
terreno,3.3000000000000007,,0.38928845371230486
terreno,3.4000000000000004,,0.3800866397082361
terreno,3.5,,0.37031688502449844
terreno,3.6000000000000014,,0.3599782685664161
terreno,3.700000000000001,,0.34907627715478
terreno,3.8000000000000007,,0.3376236184879143
terreno,3.9000000000000004,,0.3256409598879842
terreno,4.0,,0.3131575470213507
terreno,4.100000000000001,,0.3002116530545107
terreno,4.200000000000001,,0.28685080763013715
terreno,4.300000000000001,,0.27313175746389207
terreno,4.4,,0.25912011697608683
terreno,4.5,,0.2448896786082562
terreno,4.600000000000001,,0.2305213683354778
terreno,4.700000000000001,,0.2161018518278986
terreno,4.800000000000001,,0.20172181958325558
terreno,4.9,,0.18747400339236875
terreno,5.0,,0.17345099948079568
terreno,5.100000000000001,,0.1597429931137231
terreno,5.200000000000001,,0.1464354929502851
terreno,5.300000000000001,,0.1336071890140276
terreno,5.4,,0.12132804461097979
terreno,5.5,,0.10965771970750972
terreno,5.600000000000001,,0.09864440213896437
terreno,5.700000000000001,,0.08832409556619623
terreno,5.800000000000001,,0.0787203821236742
terreno,5.9,,0.06984464638926717
terreno,6.0,,0.061696718759649716
terreno,6.100000000000001,,0.0542658731428956
terreno,6.200000000000001,,0.04753209786254611
terreno,6.300000000000001,,0.041467550595804564
terreno,6.4,,0.036038107848155886
terreno,6.5,,0.031204925873929208
terreno,6.600000000000001,,0.026925941490748728
terreno,6.700000000000001,,0.023157256033786575
terreno,6.800000000000001,,0.019854361887540847
terreno,6.9,,0.016973186981687642
terreno,7.0,,0.014470947077719893
terreno,7.100000000000001,,0.01230680776927081
terreno,7.200000000000001,,0.010442367454508505
terreno,7.300000000000001,,0.008841979053986154
terreno,7.4,,0.007472932150143962
terreno,7.5,,0.006305518896064719
terreno,7.600000000000001,,0.005313006946926265
terreno,7.700000000000001,,0.004471541288352148
terreno,7.800000000000001,,0.0037599946167372012
terreno,7.9,,0.003159783247429672
terreno,8.0,,0.0026546626883711525
terreno,8.100000000000001,,0.0022305142406395923
terreno,8.200000000000001,,0.001875131421935598
terreno,8.3,,0.0015780127421049551
terreno,8.4,,0.0013301654313419967
terreno,8.5,,0.0011239231370300932
terreno,8.600000000000001,,0.0009527793461049703
terreno,8.700000000000001,,0.0008112373241208971
terreno,8.8,,0.0006946766506367832
terreno,8.9,,0.0005992359320424522
terreno,9.0,,0.000521710947998214
terreno,9.100000000000001,,0.00045946730036378037
terreno,9.200000000000001,,0.0004103665525926654
terreno,9.3,,0.00037270484677626777
terreno,9.4,,0.0003451630433413181
terreno,9.5,,0.0003267675276698352
terreno,9.600000000000001,,0.00031686095515951623
terreno,9.700000000000001,,0.0003150823510154713
terreno,9.8,,0.0003213561351843816
terreno,9.9,,0.0003358897997070211
terreno,10.0,,0.0003591801196568545
terreno,10.100000000000001,,0.00039202792425651375
terreno,10.2,,0.00043556158580157066
terreno,10.3,,0.000491269493703725
terreno,10.400000000000002,,0.000561041860664521
terreno,10.5,,0.0006472222468457531
terreno,10.600000000000001,,0.0007526691723152255
terreno,10.7,,0.0008808281013017072
terreno,10.8,,0.0010358139038993722
terreno,10.900000000000002,,0.0012225036087347857
terreno,11.0,,0.0014466388282792007
terreno,11.100000000000001,,0.0017149366405346392
terreno,11.2,,0.002035206921793263
terreno,11.3,,0.0024164731252274375
terreno,11.400000000000002,,0.0028690922795701897
terreno,11.5,,0.003404868548270486
terreno,11.600000000000001,,0.004037153074278069
terreno,11.7,,0.004780921104891428
terreno,11.8,,0.0056528156535656975
terreno,11.900000000000002,,0.006671145370120878
terreno,12.0,,0.007855823070143637
terreno,12.100000000000001,,0.00922823078202365
terreno,12.2,,0.0108109975074318
terreno,12.3,,0.012627677471952233
terreno,12.400000000000002,,0.014702319753336534
terreno,12.5,,0.017058925020551827
terreno,12.600000000000001,,0.01972079175780961
terreno,12.7,,0.022709762634919205
terreno,12.8,,0.026045391206451836
terreno,12.900000000000002,,0.02974405917616613
terreno,13.0,,0.033818084077365446
terreno,13.100000000000001,,0.038274865223687435
terreno,13.200000000000003,,0.04311612094190341
terreno,13.3,,0.04833727128734364
terreno,13.400000000000002,,0.05392701686141438
terreno,13.5,,0.0598671557052881
terreno,13.600000000000001,,0.06613266687845909
terreno,13.700000000000003,,0.0726920722607062
terreno,13.8,,0.07950806894104723
terreno,13.900000000000002,,0.08653840526054385
terreno,14.0,,0.09373695623850486
terreno,14.100000000000001,,0.10105494059862398
terreno,14.200000000000003,,0.1084422132904136
terreno,14.3,,0.11584856495116387
terreno,14.400000000000002,,0.12322496309867005
terreno,14.5,,0.1305246782180558
terreno,14.600000000000001,,0.13770425002003522
terreno,14.700000000000003,,0.14472426343076472
terreno,14.8,,0.15154991871627535
terreno,14.900000000000002,,0.158151394117099
terreno,15.0,,0.16450401137076195
terreno,15.100000000000001,,0.1705882238351571
terreno,15.200000000000003,,0.17638945330410585
terreno,15.3,,0.1818978050891284
terreno,15.400000000000002,,0.18710769185346213
terreno,15.5,,0.19201739551436636
terreno,15.600000000000001,,0.19662859383621514
terreno,15.700000000000003,,0.2009458746716461
terreno,15.8,,0.2049762566627169
terreno,15.900000000000002,,0.20872873098891176
terreno,16.0,,0.21221383474157954
camino,0,2.0,0.4644462526347039
camino,1,2.0163909205887562,0.46390509068920965
camino,2,2.033016439571047,0.46334827781944155
camino,3,2.0498828777526383,0.46277515892592913
camino,4,2.0669967985725606,0.46218504346522354
camino,5,2.084365019850604,0.46157720312614486
camino,6,2.101994626196215,0.4609508693295187
camino,7,2.11989298211866,0.4603052305364372
camino,8,2.1380677458805324,0.4596394293487179
camino,9,2.1565268841389296,0.45895255938374474
camino,10,2.1752786874209002,0.4582436619042506
camino,11,2.1943317864820453,0.4575117221818303
camino,12,2.213695169599384,0.4567556655710398
camino,13,2.233378200851753,0.455974353268841
camino,14,2.2533906394430336,0.4551665777318647
camino,15,2.273742660125289,0.4543310577214966
camino,16,2.2944448747804236,0.4534664329441153
camino,17,2.31550835522006,0.45257125825093025
camino,18,2.3369446572638792,0.451643997358775
camino,19,2.35876584615651,0.4506830160499022
camino,20,2.3809845233819393,0.4496865748053155
camino,21,2.403613854932138,0.4486528208224615
camino,22,2.426667601082804,0.4475797793642288
camino,23,2.450160147723427,0.446465344382187
camino,24,2.4741065392808346,0.4453072683529172
camino,25,2.4985225132643643,0.4441031512622015
camino,26,2.5234245364461634,0.4428504286678856
camino,27,2.548829842670937,0.44154635876854864
camino,28,2.5747564722647542,0.4401880084019174
camino,29,2.6012233129810047,0.4387722378945451
camino,30,2.6282501423817206,0.43729568468297303
camino,31,2.655857671502463,0.4357547456269231
camino,32,2.684067589586537,0.43414555793762166
camino,33,2.712902609596839,0.4324639786499519
camino,34,2.7423865141179307,0.4307055625767886
camino,35,2.772544201143203,0.4288655386989003
camino,36,2.803401729097685,0.4269387849658657
camino,37,2.8349863602708907,0.42491980151463754
camino,38,2.8673266016197143,0.4228026823553181
camino,39,2.9004522416415535,0.42058108563165536
camino,40,2.934394381704029,0.4182482026407686
camino,41,2.9691854598402654,0.4157967258976304
camino,42,3.004859264566821,0.41321881666089777
camino,43,3.041450935743063,0.4105060725050442
camino,44,3.078996948853266,0.4076494957379962
camino,45,3.1175350783428435,0.4046394637335895
camino,46,3.157104334765252,0.40146570258549213
camino,47,3.1977448694854833,0.39811726590623203
camino,48,3.239497839532849,0.39458252110463604
camino,49,3.282405223900046,0.39084914608989013
camino,50,3.3265095811586805,0.38690414008095975
camino,51,3.3718537367320383,0.3827338530517744
camino,52,3.418480386587628,0.378324039311984
camino,53,3.466431602574075,0.37365994179210565
camino,54,3.515748223266807,0.36872641472962764
camino,55,3.5664691132057795,0.3635080935651046
camino,56,3.6186302730878412,0.3579896218342623
camino,57,3.6722637841945596,0.35215594550255397
camino,58,3.727396572580934,0.3459926852756989
camino,59,3.7840489829200212,0.3394865965897698
camino,60,3.842233159085252,0.33262612480531684
camino,61,3.9019512392922158,0.32540205909894376
camino,62,3.9631933885973933,0.31780828213825413
camino,63,4.0259357112307175,0.3098426033910582
camino,64,4.090138109640932,0.3015076516320196
camino,65,4.155742185523197,0.2928117870825074
camino,66,4.2226693086484355,0.2837699765558321
camino,67,4.290819008796763,0.27440455781299444
camino,68,4.360067869748396,0.2647458049529291
camino,69,4.430269115998397,0.2548321988931951
camino,70,4.501253075893571,0.2447103101041197
camino,71,4.5728286731807986,0.23443421847878837
camino,72,4.644786038980756,0.22406442943712604
camino,73,4.716900248992497,0.21366629472970894
camino,74,4.78893608342236,0.20330800546901315
camino,75,4.860653593186062,0.19305828431292837
camino,76,4.931814153488005,0.1829839518527163
camino,77,5.0021866140798545,0.17314756817543728
camino,78,5.071553129670145,0.16360534731145027
camino,79,5.139714281143192,0.15440550929049524
camino,80,5.206493174781262,0.14558717818067665
camino,81,5.271738318860053,0.13717986628400963
camino,82,5.335325204686592,0.12920351788816398
camino,83,5.397156641117619,0.12166903201879317
camino,84,5.457161990484165,0.11457914940605055
camino,85,5.515295519433395,0.1079295759621434
camino,86,5.571534108148601,0.10171022057902197
camino,87,5.625874559899961,0.09590644345986674
camino,88,5.678330728041517,0.09050023627411061
camino,89,5.72893063879035,0.08547128176468818
camino,90,5.777713743956579,0.0807978642221936
camino,91,5.824728394772413,0.0764576213836804
camino,92,5.870029590261394,0.07242814216386669
camino,93,5.913677023223815,0.06868742351402096
camino,94,5.955733424301827,0.0652142044872999
camino,95,5.99626318910079,0.061988197303828735
camino,96,6.035331263817645,0.058990234840589656
camino,97,6.073002259928845,0.05620235234244245
camino,98,6.109339766947503,0.05360781888301547
camino,99,6.144405832981784,0.051191131629204384
camino,100,6.178260584948849,0.048937983554270835
camino,101,6.210961963175575,0.04683521305662995
camino,102,6.242565548295143,0.044870742045702496
camino,103,6.27312446152734,0.04303350747012635
camino,104,6.3026893224263,0.04131338997263618
camino,105,6.331308250892371,0.039701142328811716
camino,106,6.35902690263164,0.038188319525791596
camino,107,6.385888529301405,0.03676721172348658
camino,108,6.411934056318699,0.03543078087912291
camino,109,6.4372021727602275,0.03417260147480068
camino,110,6.461729428979533,0.032986805540699264
camino,111,6.485550338545463,0.03186803199187074
camino,112,6.508697481898465,0.030811380176737884
camino,113,6.531201609758007,0.029812367456625417
camino,114,6.553091744822403,0.028866890587126246
camino,115,6.57439528070458,0.02797119064553654
camino,116,6.595138077363543,0.027121821237670166
camino,117,6.615344552537898,0.026315619717329562
camino,118,6.635037768878444,0.025549681159026272
camino,119,6.65423951662274,0.024821334836600824
camino,120,6.672970391764909,0.024128122975293462
camino,121,6.691249869756078,0.0234677815612088
camino,122,6.709096374830884,0.02283822300903815
camino,123,6.726527345098141,0.022237520505707473
camino,124,6.743559293562945,0.021663893863859342
camino,125,6.7602078652662945,0.02111569673448941
camino,126,6.7764878907390935,0.020591405042477574
camino,127,6.7924134359721995,0.020089606522102024
camino,128,6.807997849104427,0.019608991241886486
camino,129,6.823253804027389,0.019148343019315416
camino,130,6.838193341100591,0.018706531636112335
camino,131,6.852827905163115,0.01828250577396024
camino,132,6.867168381020024,0.017875286598826902
camino,133,6.881225126572753,0.01748396192950466
camino,134,6.8950080037535235,0.017107680932659748
camino,135,6.908526407414523,0.01674564929267799
camino,136,6.921789292313336,0.016397124809954807
camino,137,6.934805198327104,0.016061413386076966
camino,138,6.947582274019158,0.015737865358629696
camino,139,6.960128298673516,0.015425872152194275
camino,140,6.972450702904691,0.015124863215524639
camino,141,6.984556587942731,0.014834303217948566
camino,142,6.99645274368633,0.014553689480771025
camino,143,7.008145665610192,0.014282549621897631
camino,144,7.019641570606627,0.014020439394078047
camino,145,7.030946411835533,0.013766940699119833
camino,146,7.042065892651521,0.013521659762167982
camino,147,7.0530054796719215,0.013284225451706594
camino,148,7.063770415044732,0.013054287732338368
camino,149,7.074365727971235,0.012831516238649095
camino,150,7.084796245534029,0.012615598959589013
camino,151,7.095066602877475,0.012406241023808972
camino,152,7.105181252784142,0.012203163577295197
camino,153,7.115144474687666,0.012006102745458276
camino,154,7.124960383159484,0.011814808672562842
camino,155,7.1346329359041984,0.011629044632041827
camino,156,7.144165941295825,0.011448586201830329
camino,157,7.153563065484856,0.011273220499388422
camino,158,7.162827839103919,0.011102745471561561
camino,159,7.171963663597859,0.01093696923486259
camino,160,7.18097381720221,0.01077570946215001
camino,161,7.189861460592356,0.010618792812032223
camino,162,7.198629642224113,0.010466054397647256
camino,163,7.207281303385013,0.010317337291757612
camino,164,7.215819282974234,0.010172492065362661
camino,165,7.224246322027898,0.010031376357269207
camino,166,7.232565068005292,0.009893854472276892
camino,167,7.240778078850528,0.009759797005831393
camino,168,7.248887826843158,0.009629080493176784
camino,169,7.256896702250375,0.009501587081200327
camino,170,7.264807016792554,0.009377204221311119
camino,171,7.272621006933144,0.009255824381828063
camino,172,7.280340837003168,0.009137344778474919
camino,173,7.28796860216993,0.009021667121693003
camino,174,7.295506331258898,0.008908697379582841
camino,175,7.302955989437155,0.008798345555380374
camino,176,7.310319480766274,0.00869052547845772
camino,177,7.317598650631959,0.008585154607917268
camino,178,7.324795288057356,0.008482153847918393
camino,179,7.33191112790646,0.008381447373941925
camino,180,7.3389478529837024,0.008282962469257795
camino,181,7.345907096035357,0.008186629370915074
camino,182,7.3527904416581205,0.008092381124625634
camino,183,7.359599428119843,0.008000153447957622
camino,184,7.36633554909712,0.007909884601298605
camino,185,7.373000255334148,0.007821515266086647
camino,186,7.37959495622699,0.007734988429844241
camino,187,7.38612102133716,0.0076502492775829345
camino,188,7.392579781838182,0.007567245089177019
camino,189,7.398972531898592,0.007485925142333424
camino,190,7.405300530004623,0.007406240620809996
camino,191,7.411565000225639,0.0073281445275596956
camino,192,7.417767133425213,0.007251591602499319
camino,193,7.423908088420561,0.0071765382446224435
camino,194,7.4299889930929055,0.007102942438195339
camino,195,7.436010945451188,0.007030763682791823
camino,196,7.441975014651419,0.006959962926939694
camino,197,7.447882241973823,0.006890502505166047
camino,198,7.453733641759824,0.00682234607824329
camino,199,7.459530202310791,0.006755458576449909
camino,200,7.465272886750376,0.006689806145673017
mapa,-16.0,-16.0,0.5000067554631878
mapa,-16.0,-15.75,0.5000067586299353
mapa,-16.0,-15.5,0.5000067617979316
mapa,-16.0,-15.25,0.5000067649671722
mapa,-16.0,-15.0,0.5000067681376528
mapa,-16.0,-14.75,0.5000067713093691
mapa,-16.0,-14.5,0.5000067744823162
mapa,-16.0,-14.25,0.5000067776564898
mapa,-16.0,-14.0,0.5000067808318847
mapa,-16.0,-13.75,0.5000067840084961
mapa,-16.0,-13.5,0.500006787186319
mapa,-16.0,-13.25,0.5000067903653482
mapa,-16.0,-13.0,0.5000067935455785
mapa,-16.0,-12.75,0.5000067967270045
mapa,-16.0,-12.5,0.5000067999096205
mapa,-16.0,-12.25,0.5000068030934212
mapa,-16.0,-12.0,0.5000068062784004
mapa,-16.0,-11.75,0.5000068094645524
mapa,-16.0,-11.5,0.5000068126518713
mapa,-16.0,-11.25,0.5000068158403508
mapa,-16.0,-11.0,0.5000068190299842
mapa,-16.0,-10.75,0.5000068222207656
mapa,-16.0,-10.5,0.5000068254126881
mapa,-16.0,-10.25,0.5000068286057451
mapa,-16.0,-10.0,0.5000068317999296
mapa,-16.0,-9.75,0.5000068349952342
mapa,-16.0,-9.5,0.5000068381916523
mapa,-16.0,-9.25,0.5000068413891758
mapa,-16.0,-9.0,0.5000068445877976
mapa,-16.0,-8.75,0.50000684778751
mapa,-16.0,-8.5,0.5000068509883049
mapa,-16.0,-8.25,0.5000068541901743
mapa,-16.0,-8.0,0.5000068573931098
mapa,-16.0,-7.75,0.5000068605971032
mapa,-16.0,-7.5,0.5000068638021458
mapa,-16.0,-7.25,0.5000068670082285
mapa,-16.0,-7.0,0.5000068702153426
mapa,-16.0,-6.75,0.5000068734234788
mapa,-16.0,-6.5,0.5000068766326278
mapa,-16.0,-6.25,0.5000068798427797
mapa,-16.0,-6.0,0.5000068830539248
mapa,-16.0,-5.75,0.5000068862660532
mapa,-16.0,-5.5,0.5000068894791543
mapa,-16.0,-5.25,0.5000068926932177
mapa,-16.0,-5.0,0.500006895908233
mapa,-16.0,-4.75,0.5000068991241888
mapa,-16.0,-4.5,0.5000069023410743
mapa,-16.0,-4.25,0.5000069055588776
mapa,-16.0,-4.0,0.5000069087775874
mapa,-16.0,-3.75,0.5000069119971915
mapa,-16.0,-3.5,0.5000069152176778
mapa,-16.0,-3.25,0.5000069184390339
mapa,-16.0,-3.0,0.5000069216612469
mapa,-16.0,-2.75,0.500006924884304
mapa,-16.0,-2.5,0.5000069281081916
mapa,-16.0,-2.25,0.5000069313328963
mapa,-16.0,-2.0,0.5000069345584042
mapa,-16.0,-1.75,0.5000069377847012
mapa,-16.0,-1.5,0.5000069410117727
mapa,-16.0,-1.25,0.5000069442396039
mapa,-16.0,-1.0,0.5000069474681796
mapa,-16.0,-0.75,0.5000069506974847
mapa,-16.0,-0.5,0.5000069539275032
mapa,-16.0,-0.25,0.5000069571582191
mapa,-16.0,0.0,0.5000069603896158
mapa,-16.0,0.25,0.5000069636216765
mapa,-16.0,0.5,0.5000069668543843
mapa,-16.0,0.75,0.5000069700877213
mapa,-16.0,1.0,0.5000069733216699
mapa,-16.0,1.25,0.5000069765562116
mapa,-16.0,1.5,0.5000069797913281
mapa,-16.0,1.75,0.500006983027
mapa,-16.0,2.0,0.5000069862632078
mapa,-16.0,2.25,0.5000069894999318
mapa,-16.0,2.5,0.5000069927371517
mapa,-16.0,2.75,0.5000069959748467
mapa,-16.0,3.0,0.5000069992129955
mapa,-16.0,3.25,0.5000070024515767
mapa,-16.0,3.5,0.5000070056905682
mapa,-16.0,3.75,0.5000070089299472
mapa,-16.0,4.0,0.5000070121696911
mapa,-16.0,4.25,0.5000070154097763
mapa,-16.0,4.5,0.5000070186501785
mapa,-16.0,4.75,0.500007021890874
mapa,-16.0,5.0,0.5000070251318371
mapa,-16.0,5.25,0.5000070283730432
mapa,-16.0,5.5,0.5000070316144661
mapa,-16.0,5.75,0.5000070348560803
mapa,-16.0,6.0,0.5000070380978591
mapa,-16.0,6.25,0.5000070413397766
mapa,-16.0,6.5,0.5000070445818068
mapa,-16.0,6.75,0.5000070478239244
mapa,-16.0,7.0,0.5000070510661059
mapa,-16.0,7.25,0.5000070543083305
mapa,-16.0,7.5,0.5000070575505815
mapa,-16.0,7.75,0.5000070607928505
mapa,-16.0,8.0,0.5000070640351407
mapa,-16.0,8.25,0.5000070672774745
mapa,-16.0,8.5,0.5000070705199046
mapa,-16.0,8.75,0.5000070737625316
mapa,-16.0,9.0,0.5000070770055314
mapa,-16.0,9.25,0.5000070802491975
mapa,-16.0,9.5,0.5000070834940069
mapa,-16.0,9.75,0.5000070867407254
mapa,-16.0,10.0,0.500007089990568
mapa,-16.0,10.25,0.5000070932454539
mapa,-16.0,10.5,0.5000070965084012
mapa,-16.0,10.75,0.5000070997841455
mapa,-16.0,11.0,0.5000071030801045
mapa,-16.0,11.25,0.5000071064078861
mapa,-16.0,11.5,0.5000071097856432
mapa,-16.0,11.75,0.5000071132417503
mapa,-16.0,12.0,0.5000071168205465
mapa,-16.0,12.25,0.5000071205913056
mapa,-16.0,12.5,0.5000071246622402
mapa,-16.0,12.75,0.5000071292023734
mapa,-16.0,13.0,0.5000071344756913
mapa,-16.0,13.25,0.5000071408944642
mapa,-16.0,13.5,0.5000071491024971
mapa,-16.0,13.75,0.5000071601050882
mapa,-16.0,14.0,0.5000071754718757
mapa,-16.0,14.25,0.5000071976534
mapa,-16.0,14.5,0.5000072304750253
mapa,-16.0,14.75,0.5000072799073869
mapa,-16.0,15.0,0.5000073552677864
mapa,-16.0,15.25,0.5000074710928106
mapa,-16.0,15.5,0.5000076500556939
mapa,-16.0,15.75,0.500007927508367
mapa,-16.0,16.0,0.5000083585473075
mapa,-15.75,-16.0,0.5000069349711702
mapa,-15.75,-15.75,0.5000069382189574
mapa,-15.75,-15.5,0.5000069414679658
mapa,-15.75,-15.25,0.5000069447181896
mapa,-15.75,-15.0,0.5000069479696233
mapa,-15.75,-14.75,0.5000069512222609
mapa,-15.75,-14.5,0.5000069544760963
mapa,-15.75,-14.25,0.5000069577311235
mapa,-15.75,-14.0,0.5000069609873359
mapa,-15.75,-13.75,0.5000069642447271
mapa,-15.75,-13.5,0.5000069675032909
mapa,-15.75,-13.25,0.5000069707630201
mapa,-15.75,-13.0,0.5000069740239079
mapa,-15.75,-12.75,0.5000069772859475
mapa,-15.75,-12.5,0.5000069805491313
mapa,-15.75,-12.25,0.5000069838134521
mapa,-15.75,-12.0,0.5000069870789023
mapa,-15.75,-11.75,0.5000069903454745
mapa,-15.75,-11.5,0.5000069936131603
mapa,-15.75,-11.25,0.5000069968819518
mapa,-15.75,-11.0,0.5000070001518411
mapa,-15.75,-10.75,0.5000070034228193
mapa,-15.75,-10.5,0.5000070066948781
mapa,-15.75,-10.25,0.5000070099680085
mapa,-15.75,-10.0,0.5000070132422016
mapa,-15.75,-9.75,0.5000070165174482
mapa,-15.75,-9.5,0.500007019793739
mapa,-15.75,-9.25,0.500007023071064
mapa,-15.75,-9.0,0.5000070263494139
mapa,-15.75,-8.75,0.5000070296287782
mapa,-15.75,-8.5,0.5000070329091469
mapa,-15.75,-8.25,0.5000070361905096
mapa,-15.75,-8.0,0.5000070394728553
mapa,-15.75,-7.75,0.5000070427561732
mapa,-15.75,-7.5,0.5000070460404521
mapa,-15.75,-7.25,0.5000070493256807
mapa,-15.75,-7.0,0.5000070526118472
mapa,-15.75,-6.75,0.5000070558989396
mapa,-15.75,-6.5,0.5000070591869458
mapa,-15.75,-6.25,0.5000070624758534
mapa,-15.75,-6.0,0.5000070657656495
mapa,-15.75,-5.75,0.5000070690563212
mapa,-15.75,-5.5,0.5000070723478554
mapa,-15.75,-5.25,0.5000070756402382
mapa,-15.75,-5.0,0.5000070789334559
mapa,-15.75,-4.75,0.5000070822274942
mapa,-15.75,-4.5,0.5000070855223389
mapa,-15.75,-4.25,0.5000070888179751
mapa,-15.75,-4.0,0.5000070921143878
mapa,-15.75,-3.75,0.5000070954115612
mapa,-15.75,-3.5,0.50000709870948
mapa,-15.75,-3.25,0.5000071020081278
mapa,-15.75,-3.0,0.5000071053074885
mapa,-15.75,-2.75,0.5000071086075449
mapa,-15.75,-2.5,0.5000071119082803
mapa,-15.75,-2.25,0.5000071152096768
mapa,-15.75,-2.0,0.5000071185117168
mapa,-15.75,-1.75,0.5000071218143818
mapa,-15.75,-1.5,0.5000071251176533
mapa,-15.75,-1.25,0.5000071284215122
mapa,-15.75,-1.0,0.5000071317259394
mapa,-15.75,-0.75,0.5000071350309143
mapa,-15.75,-0.5,0.5000071383364171
mapa,-15.75,-0.25,0.5000071416424271
mapa,-15.75,0.0,0.500007144948923
mapa,-15.75,0.25,0.5000071482558832
mapa,-15.75,0.5,0.5000071515632857
mapa,-15.75,0.75,0.5000071548711078
mapa,-15.75,1.0,0.5000071581793268
mapa,-15.75,1.25,0.500007161487919
mapa,-15.75,1.5,0.5000071647968604
mapa,-15.75,1.75,0.5000071681061264
mapa,-15.75,2.0,0.5000071714156923
mapa,-15.75,2.25,0.5000071747255324
mapa,-15.75,2.5,0.5000071780356204
mapa,-15.75,2.75,0.50000718134593
mapa,-15.75,3.0,0.500007184656434
mapa,-15.75,3.25,0.5000071879671043
mapa,-15.75,3.5,0.5000071912779129
mapa,-15.75,3.75,0.5000071945888309
mapa,-15.75,4.0,0.5000071978998286
mapa,-15.75,4.25,0.500007201210876
mapa,-15.75,4.5,0.5000072045219424
mapa,-15.75,4.75,0.5000072078329965
mapa,-15.75,5.0,0.5000072111440066
mapa,-15.75,5.25,0.5000072144549399
mapa,-15.75,5.5,0.5000072177657641
mapa,-15.75,5.75,0.5000072210764459
mapa,-15.75,6.0,0.5000072243869522
mapa,-15.75,6.25,0.5000072276972496
mapa,-15.75,6.5,0.5000072310073062
mapa,-15.75,6.75,0.5000072343170907
mapa,-15.75,7.0,0.5000072376265754
mapa,-15.75,7.25,0.5000072409357366
mapa,-15.75,7.5,0.5000072442445589
mapa,-15.75,7.75,0.5000072475530393
mapa,-15.75,8.0,0.5000072508611951
mapa,-15.75,8.25,0.500007254169075
mapa,-15.75,8.5,0.5000072574767789
mapa,-15.75,8.75,0.500007260784485
mapa,-15.75,9.0,0.5000072640924959
mapa,-15.75,9.25,0.5000072674013084
mapa,-15.75,9.5,0.5000072707117229
mapa,-15.75,9.75,0.5000072740250149
mapa,-15.75,10.0,0.5000072773432022
mapa,-15.75,10.25,0.5000072806694631
mapa,-15.75,10.5,0.5000072840087877
mapa,-15.75,10.75,0.5000072873689979
mapa,-15.75,11.0,0.5000072907623383
mapa,-15.75,11.25,0.5000072942079615
mapa,-15.75,11.5,0.5000072977358095
mapa,-15.75,11.75,0.500007301392676
mapa,-15.75,12.0,0.5000073052516736
mapa,-15.75,12.25,0.5000073094270161
mapa,-15.75,12.5,0.5000073140971054
mapa,-15.75,12.75,0.5000073195405785
mapa,-15.75,13.0,0.5000073261925905
mapa,-15.75,13.25,0.5000073347326836
mapa,-15.75,13.5,0.5000073462219565
mapa,-15.75,13.75,0.5000073623171616
mapa,-15.75,14.0,0.5000073856048157
mapa,-15.75,14.25,0.5000074201224889
mapa,-15.75,14.5,0.5000074721719112
mapa,-15.75,14.75,0.5000075515868289
mapa,-15.75,15.0,0.5000076737091085
mapa,-15.75,15.25,0.5000078624670999
mapa,-15.75,15.5,0.500008155167928
mapa,-15.75,15.75,0.5000086099518061
mapa,-15.75,16.0,0.500009317375096
mapa,-15.5,-16.0,0.5000071192002614
mapa,-15.5,-15.75,0.5000071225304152
mapa,-15.5,-15.5,0.5000071258617453
mapa,-15.5,-15.25,0.5000071291942443
mapa,-15.5,-15.0,0.5000071325279045
mapa,-15.5,-14.75,0.5000071358627185
mapa,-15.5,-14.5,0.5000071391986781
mapa,-15.5,-14.25,0.5000071425357755
mapa,-15.5,-14.0,0.5000071458740024
mapa,-15.5,-13.75,0.5000071492133504
mapa,-15.5,-13.5,0.5000071525538108
mapa,-15.5,-13.25,0.5000071558953749
mapa,-15.5,-13.0,0.5000071592380337
mapa,-15.5,-12.75,0.5000071625817781
mapa,-15.5,-12.5,0.5000071659265986
mapa,-15.5,-12.25,0.5000071692724855
mapa,-15.5,-12.0,0.5000071726194293
mapa,-15.5,-11.75,0.5000071759674196
mapa,-15.5,-11.5,0.5000071793164464
mapa,-15.5,-11.25,0.5000071826664994
mapa,-15.5,-11.0,0.5000071860175674
mapa,-15.5,-10.75,0.5000071893696401
mapa,-15.5,-10.5,0.5000071927227058
mapa,-15.5,-10.25,0.5000071960767533
mapa,-15.5,-10.0,0.5000071994317709
mapa,-15.5,-9.75,0.5000072027877467
mapa,-15.5,-9.5,0.5000072061446685
mapa,-15.5,-9.25,0.5000072095025239
mapa,-15.5,-9.0,0.5000072128613002
mapa,-15.5,-8.75,0.5000072162209844
mapa,-15.5,-8.5,0.5000072195815632
mapa,-15.5,-8.25,0.500007222943023
mapa,-15.5,-8.0,0.5000072263053502
mapa,-15.5,-7.75,0.5000072296685305
mapa,-15.5,-7.5,0.5000072330325493
mapa,-15.5,-7.25,0.500007236397392
mapa,-15.5,-7.0,0.5000072397630435
mapa,-15.5,-6.75,0.5000072431294884
mapa,-15.5,-6.5,0.5000072464967109
mapa,-15.5,-6.25,0.500007249864695
mapa,-15.5,-6.0,0.5000072532334244
mapa,-15.5,-5.75,0.5000072566028821
mapa,-15.5,-5.5,0.5000072599730512
mapa,-15.5,-5.25,0.5000072633439139
mapa,-15.5,-5.0,0.5000072667154526
mapa,-15.5,-4.75,0.500007270087649
mapa,-15.5,-4.5,0.5000072734604846
mapa,-15.5,-4.25,0.5000072768339399
mapa,-15.5,-4.0,0.500007280207996
mapa,-15.5,-3.75,0.5000072835826328
mapa,-15.5,-3.5,0.50000728695783
mapa,-15.5,-3.25,0.500007290333567
mapa,-15.5,-3.0,0.5000072937098226
mapa,-15.5,-2.75,0.5000072970865752
mapa,-15.5,-2.5,0.5000073004638028
mapa,-15.5,-2.25,0.5000073038414828
mapa,-15.5,-2.0,0.5000073072195923
mapa,-15.5,-1.75,0.5000073105981078
mapa,-15.5,-1.5,0.5000073139770054
mapa,-15.5,-1.25,0.5000073173562605
mapa,-15.5,-1.0,0.500007320735848
mapa,-15.5,-0.75,0.5000073241157426
mapa,-15.5,-0.5,0.500007327495918
mapa,-15.5,-0.25,0.500007330876348
mapa,-15.5,0.0,0.500007334257005
mapa,-15.5,0.25,0.5000073376378614
mapa,-15.5,0.5,0.5000073410188889
mapa,-15.5,0.75,0.5000073444000586
mapa,-15.5,1.0,0.5000073477813408
mapa,-15.5,1.25,0.5000073511627057
mapa,-15.5,1.5,0.5000073545441219
mapa,-15.5,1.75,0.5000073579255586
mapa,-15.5,2.0,0.5000073613069834
mapa,-15.5,2.25,0.5000073646883637
mapa,-15.5,2.5,0.5000073680696657
mapa,-15.5,2.75,0.5000073714508557
mapa,-15.5,3.0,0.5000073748318985
mapa,-15.5,3.25,0.5000073782127588
mapa,-15.5,3.5,0.5000073815933999
mapa,-15.5,3.75,0.500007384973785
mapa,-15.5,4.0,0.5000073883538766
mapa,-15.5,4.25,0.5000073917336355
mapa,-15.5,4.5,0.5000073951130228
mapa,-15.5,4.75,0.5000073984919985
mapa,-15.5,5.0,0.5000074018705217
mapa,-15.5,5.25,0.5000074052485514
mapa,-15.5,5.5,0.5000074086260454
mapa,-15.5,5.75,0.5000074120029621
mapa,-15.5,6.0,0.5000074153792592
mapa,-15.5,6.25,0.5000074187548956
mapa,-15.5,6.5,0.5000074221298312
mapa,-15.5,6.75,0.5000074255040288
mapa,-15.5,7.0,0.500007428877456
mapa,-15.5,7.25,0.5000074322500885
mapa,-15.5,7.5,0.5000074356219152
mapa,-15.5,7.75,0.5000074389929461
mapa,-15.5,8.0,0.5000074423632246
mapa,-15.5,8.25,0.5000074457328473
mapa,-15.5,8.5,0.5000074491019938
mapa,-15.5,8.75,0.5000074524709747
mapa,-15.5,9.0,0.5000074558403051
mapa,-15.5,9.25,0.5000074592108208
mapa,-15.5,9.5,0.5000074625838588
mapa,-15.5,9.75,0.5000074659615394
mapa,-15.5,10.0,0.5000074693472075
mapa,-15.5,10.25,0.5000074727461205
mapa,-15.5,10.5,0.5000074761665249
mapa,-15.5,10.75,0.5000074796213345
mapa,-15.5,11.0,0.5000074831307559
mapa,-15.5,11.25,0.5000074867263833
mapa,-15.5,11.5,0.500007490457599
mapa,-15.5,11.75,0.5000074944015648
mapa,-15.5,12.0,0.5000074986788273
mapa,-15.5,12.25,0.500007503477686
mapa,-15.5,12.5,0.5000075090922397
mapa,-15.5,12.75,0.5000075159817957
mapa,-15.5,13.0,0.5000075248636153
mapa,-15.5,13.25,0.5000075368576917
mapa,-15.5,13.5,0.5000075537127212
mapa,-15.5,13.75,0.5000075781587363
mapa,-15.5,14.0,0.5000076144572733
mapa,-15.5,14.25,0.5000076692594968
mapa,-15.5,14.5,0.500007752944187
mapa,-15.5,14.75,0.5000078817030298
mapa,-15.5,15.0,0.5000080807888359
mapa,-15.5,15.25,0.5000083895717979
mapa,-15.5,15.5,0.50000886940351
mapa,-15.5,15.75,0.5000096158349183
mapa,-15.5,16.0,0.5000107775735478
mapa,-15.25,-16.0,0.5000073082642156
mapa,-15.25,-15.75,0.5000073116778736
mapa,-15.25,-15.5,0.5000073150926403
mapa,-15.25,-15.25,0.5000073185085063
mapa,-15.25,-15.0,0.5000073219254617
mapa,-15.25,-14.75,0.5000073253434967
mapa,-15.25,-14.5,0.5000073287626008
mapa,-15.25,-14.25,0.5000073321827638
mapa,-15.25,-14.0,0.5000073356039749
mapa,-15.25,-13.75,0.500007339026223
mapa,-15.25,-13.5,0.5000073424494973
mapa,-15.25,-13.25,0.5000073458737861
mapa,-15.25,-13.0,0.500007349299078
mapa,-15.25,-12.75,0.500007352725361
mapa,-15.25,-12.5,0.5000073561526229
mapa,-15.25,-12.25,0.5000073595808512
mapa,-15.25,-12.0,0.5000073630100335
mapa,-15.25,-11.75,0.5000073664401565
mapa,-15.25,-11.5,0.5000073698712071
mapa,-15.25,-11.25,0.5000073733031718
mapa,-15.25,-11.0,0.5000073767360367
mapa,-15.25,-10.75,0.5000073801697877
mapa,-15.25,-10.5,0.5000073836044104
mapa,-15.25,-10.25,0.50000738703989
mapa,-15.25,-10.0,0.5000073904762115
mapa,-15.25,-9.75,0.5000073939133595
mapa,-15.25,-9.5,0.5000073973513182
mapa,-15.25,-9.25,0.5000074007900717
mapa,-15.25,-9.0,0.5000074042296032
mapa,-15.25,-8.75,0.5000074076698966
mapa,-15.25,-8.5,0.5000074111109343
mapa,-15.25,-8.25,0.500007414552699
mapa,-15.25,-8.0,0.500007417995173
mapa,-15.25,-7.75,0.5000074214383377
mapa,-15.25,-7.5,0.5000074248821746
mapa,-15.25,-7.25,0.500007428326665
mapa,-15.25,-7.0,0.5000074317717891
mapa,-15.25,-6.75,0.5000074352175274
mapa,-15.25,-6.5,0.5000074386638593
mapa,-15.25,-6.25,0.5000074421107643
mapa,-15.25,-6.0,0.5000074455582213
mapa,-15.25,-5.75,0.5000074490062087
mapa,-15.25,-5.5,0.5000074524547045
mapa,-15.25,-5.25,0.500007455903686
mapa,-15.25,-5.0,0.5000074593531304
mapa,-15.25,-4.75,0.5000074628030143
mapa,-15.25,-4.5,0.5000074662533136
mapa,-15.25,-4.25,0.500007469704004
mapa,-15.25,-4.0,0.5000074731550603
mapa,-15.25,-3.75,0.5000074766064572
mapa,-15.25,-3.5,0.5000074800581686
mapa,-15.25,-3.25,0.5000074835101678
mapa,-15.25,-3.0,0.5000074869624277
mapa,-15.25,-2.75,0.5000074904149205
mapa,-15.25,-2.5,0.5000074938676181
mapa,-15.25,-2.25,0.5000074973204915
mapa,-15.25,-2.0,0.5000075007735112
mapa,-15.25,-1.75,0.5000075042266467
mapa,-15.25,-1.5,0.5000075076798678
mapa,-15.25,-1.25,0.5000075111331428
mapa,-15.25,-1.0,0.5000075145864395
mapa,-15.25,-0.75,0.5000075180397255
mapa,-15.25,-0.5,0.5000075214929671
mapa,-15.25,-0.25,0.5000075249461303
mapa,-15.25,0.0,0.5000075283991801
mapa,-15.25,0.25,0.500007531852081
mapa,-15.25,0.5,0.5000075353047967
mapa,-15.25,0.75,0.5000075387572901
mapa,-15.25,1.0,0.5000075422095233
mapa,-15.25,1.25,0.5000075456614576
mapa,-15.25,1.5,0.5000075491130536
mapa,-15.25,1.75,0.5000075525642711
mapa,-15.25,2.0,0.5000075560150691
mapa,-15.25,2.25,0.5000075594654051
mapa,-15.25,2.5,0.5000075629152366
mapa,-15.25,2.75,0.5000075663645199
mapa,-15.25,3.0,0.5000075698132103
mapa,-15.25,3.25,0.5000075732612621
mapa,-15.25,3.5,0.5000075767086289
mapa,-15.25,3.75,0.5000075801552635
mapa,-15.25,4.0,0.500007583601117
mapa,-15.25,4.25,0.5000075870461405
mapa,-15.25,4.5,0.5000075904902836
mapa,-15.25,4.75,0.500007593933495
mapa,-15.25,5.0,0.5000075973757232
mapa,-15.25,5.25,0.5000076008169151
mapa,-15.25,5.5,0.5000076042570182
mapa,-15.25,5.75,0.5000076076959789
mapa,-15.25,6.0,0.5000076111337446
mapa,-15.25,6.25,0.5000076145702638
mapa,-15.25,6.5,0.5000076180054881
mapa,-15.25,6.75,0.5000076214393735
mapa,-15.25,7.0,0.5000076248718847
mapa,-15.25,7.25,0.5000076283029997
mapa,-15.25,7.5,0.5000076317327191
mapa,-15.25,7.75,0.5000076351610782
mapa,-15.25,8.0,0.5000076385881682
mapa,-15.25,8.25,0.500007642014168
mapa,-15.25,8.5,0.5000076454393944
mapa,-15.25,8.75,0.5000076488643797
mapa,-15.25,9.0,0.5000076522899947
mapa,-15.25,9.25,0.5000076557176388
mapa,-15.25,9.5,0.5000076591495383
mapa,-15.25,9.75,0.5000076625892114
mapa,-15.25,10.0,0.5000076660421954
mapa,-15.25,10.25,0.5000076695171818
mapa,-15.25,10.5,0.5000076730277895
mapa,-15.25,10.75,0.5000076765953335
mapa,-15.25,11.0,0.50000768025315
mapa,-15.25,11.25,0.5000076840533505
mapa,-15.25,11.5,0.500007688077369
mapa,-15.25,11.75,0.5000076924524335
mapa,-15.25,12.0,0.5000076973772861
mapa,-15.25,12.25,0.5000077031623449
mapa,-15.25,12.5,0.500007710292407
mapa,-15.25,12.75,0.5000077195245424
mapa,-15.25,13.0,0.5000077320409041
mapa,-15.25,13.25,0.5000077496872304
mapa,-15.25,13.5,0.500007775345024
mapa,-15.25,13.75,0.5000078135121991
mapa,-15.25,14.0,0.5000078712087092
mapa,-15.25,14.25,0.5000079593885355
mapa,-15.25,14.5,0.5000080951401812
mapa,-15.25,14.75,0.5000083051140812
mapa,-15.25,15.0,0.5000086308573019
mapa,-15.25,15.25,0.5000091371096507
mapa,-15.25,15.5,0.500009924691072
mapa,-15.25,15.75,0.5000111504939211
mapa,-15.25,16.0,0.5000130584440254
mapa,-15.0,-16.0,0.500007502276756
mapa,-15.0,-15.75,0.500007505774799
mapa,-15.0,-15.5,0.5000075092738547
mapa,-15.0,-15.25,0.5000075127739103
mapa,-15.0,-15.0,0.5000075162749535
mapa,-15.0,-14.75,0.5000075197769711
mapa,-15.0,-14.5,0.5000075232799499
mapa,-15.0,-14.25,0.5000075267838765
mapa,-15.0,-14.0,0.5000075302887369
mapa,-15.0,-13.75,0.5000075337945171
mapa,-15.0,-13.5,0.5000075373012027
mapa,-15.0,-13.25,0.500007540808779
mapa,-15.0,-13.0,0.5000075443172309
mapa,-15.0,-12.75,0.500007547826543
mapa,-15.0,-12.5,0.5000075513366997
mapa,-15.0,-12.25,0.5000075548476848
mapa,-15.0,-12.0,0.5000075583594821
mapa,-15.0,-11.75,0.5000075618720747
mapa,-15.0,-11.5,0.5000075653854457
mapa,-15.0,-11.25,0.5000075688995775
mapa,-15.0,-11.0,0.5000075724144524
mapa,-15.0,-10.75,0.500007575930052
mapa,-15.0,-10.5,0.5000075794463579
mapa,-15.0,-10.25,0.5000075829633509
mapa,-15.0,-10.0,0.5000075864810117
mapa,-15.0,-9.75,0.5000075899993206
mapa,-15.0,-9.5,0.5000075935182572
mapa,-15.0,-9.25,0.5000075970378008
mapa,-15.0,-9.0,0.5000076005579306
mapa,-15.0,-8.75,0.5000076040786245
mapa,-15.0,-8.5,0.5000076075998612
mapa,-15.0,-8.25,0.5000076111216176
mapa,-15.0,-8.0,0.500007614643871
mapa,-15.0,-7.75,0.500007618166598
mapa,-15.0,-7.5,0.5000076216897745
mapa,-15.0,-7.25,0.5000076252133762
mapa,-15.0,-7.0,0.500007628737378
mapa,-15.0,-6.75,0.5000076322617546
mapa,-15.0,-6.5,0.5000076357864798
mapa,-15.0,-6.25,0.5000076393115273
mapa,-15.0,-6.0,0.5000076428368695
mapa,-15.0,-5.75,0.5000076463624791
mapa,-15.0,-5.5,0.5000076498883275
mapa,-15.0,-5.25,0.5000076534143861
mapa,-15.0,-5.0,0.5000076569406253
mapa,-15.0,-4.75,0.5000076604670148
mapa,-15.0,-4.5,0.5000076639935241
mapa,-15.0,-4.25,0.5000076675201217
mapa,-15.0,-4.0,0.5000076710467756
mapa,-15.0,-3.75,0.500007674573453
mapa,-15.0,-3.5,0.5000076781001204
mapa,-15.0,-3.25,0.5000076816267438
mapa,-15.0,-3.0,0.5000076851532884
mapa,-15.0,-2.75,0.5000076886797186
mapa,-15.0,-2.5,0.5000076922059981
mapa,-15.0,-2.25,0.5000076957320897
mapa,-15.0,-2.0,0.5000076992579559
mapa,-15.0,-1.75,0.5000077027835576
mapa,-15.0,-1.5,0.5000077063088556
mapa,-15.0,-1.25,0.5000077098338098
mapa,-15.0,-1.0,0.5000077133583788
mapa,-15.0,-0.75,0.5000077168825208
mapa,-15.0,-0.5,0.5000077204061929
mapa,-15.0,-0.25,0.5000077239293514
mapa,-15.0,0.0,0.5000077274519514
mapa,-15.0,0.25,0.5000077309739479
mapa,-15.0,0.5,0.5000077344952938
mapa,-15.0,0.75,0.5000077380159418
mapa,-15.0,1.0,0.5000077415358435
mapa,-15.0,1.25,0.5000077450549494
mapa,-15.0,1.5,0.5000077485732087
mapa,-15.0,1.75,0.5000077520905701
mapa,-15.0,2.0,0.5000077556069809
mapa,-15.0,2.25,0.5000077591223873
mapa,-15.0,2.5,0.5000077626367344
mapa,-15.0,2.75,0.5000077661499662
mapa,-15.0,3.0,0.5000077696620259
mapa,-15.0,3.25,0.5000077731728548
mapa,-15.0,3.5,0.5000077766823936
mapa,-15.0,3.75,0.5000077801905815
mapa,-15.0,4.0,0.5000077836973565
mapa,-15.0,4.25,0.500007787202656
mapa,-15.0,4.5,0.5000077907064154
mapa,-15.0,4.75,0.5000077942085699
mapa,-15.0,5.0,0.5000077977090529
mapa,-15.0,5.25,0.5000078012077976
mapa,-15.0,5.5,0.5000078047047372
mapa,-15.0,5.75,0.5000078081998044
mapa,-15.0,6.0,0.5000078116929336
mapa,-15.0,6.25,0.5000078151840616
mapa,-15.0,6.5,0.5000078186731302
mapa,-15.0,6.75,0.5000078221600895
mapa,-15.0,7.0,0.5000078256449044
mapa,-15.0,7.25,0.5000078291275624
mapa,-15.0,7.5,0.5000078326080877
mapa,-15.0,7.75,0.5000078360865634
mapa,-15.0,8.0,0.500007839563165
mapa,-15.0,8.25,0.5000078430382126
mapa,-15.0,8.5,0.5000078465122543
mapa,-15.0,8.75,0.5000078499861946
mapa,-15.0,9.0,0.5000078534614963
mapa,-15.0,9.25,0.5000078569404942
mapa,-15.0,9.5,0.5000078604268866
mapa,-15.0,9.75,0.500007863926503
mapa,-15.0,10.0,0.5000078674485017
mapa,-15.0,10.25,0.5000078710072418
mapa,-15.0,10.5,0.5000078746252059
mapa,-15.0,10.75,0.5000078783375653
mapa,-15.0,11.0,0.5000078821993087
mapa,-15.0,11.25,0.5000078862963759
mapa,-15.0,11.5,0.5000078907630437
mapa,-15.0,11.75,0.5000078958090745
mapa,-15.0,12.0,0.5000079017621059
mapa,-15.0,12.25,0.5000079091338371
mapa,-15.0,12.5,0.5000079187233526
mapa,-15.0,12.75,0.5000079317784104
mapa,-15.0,13.0,0.5000079502471699
mapa,-15.0,13.25,0.5000079771709994
mapa,-15.0,13.5,0.500008017297288
mapa,-15.0,13.75,0.5000080780352022
mapa,-15.0,14.0,0.5000081709457589
mapa,-15.0,14.25,0.5000083140638664
mapa,-15.0,14.5,0.5000085355147778
mapa,-15.0,14.75,0.5000088791424904
mapa,-15.0,15.0,0.5000094132615508
mapa,-15.0,15.25,0.5000102442503014
mapa,-15.0,15.5,0.5000115376341863
mapa,-15.0,15.75,0.5000135507287716
mapa,-15.0,16.0,0.5000166830692145
mapa,-14.75,-16.0,0.5000077013507416
mapa,-14.75,-15.75,0.500007704933709
mapa,-14.75,-15.5,0.5000077085175554
mapa,-14.75,-15.25,0.5000077121022648
mapa,-14.75,-15.0,0.5000077156878209
mapa,-14.75,-14.75,0.5000077192742067
mapa,-14.75,-14.5,0.5000077228614055
mapa,-14.75,-14.25,0.5000077264493996
mapa,-14.75,-14.0,0.5000077300381714
mapa,-14.75,-13.75,0.5000077336277027
mapa,-14.75,-13.5,0.5000077372179745
mapa,-14.75,-13.25,0.5000077408089685
mapa,-14.75,-13.0,0.5000077444006648
mapa,-14.75,-12.75,0.5000077479930436
mapa,-14.75,-12.5,0.500007751586085
mapa,-14.75,-12.25,0.5000077551797681
mapa,-14.75,-12.0,0.5000077587740719
mapa,-14.75,-11.75,0.5000077623689749
mapa,-14.75,-11.5,0.5000077659644552
mapa,-14.75,-11.25,0.5000077695604901
mapa,-14.75,-11.0,0.5000077731570567
mapa,-14.75,-10.75,0.5000077767541317
mapa,-14.75,-10.5,0.5000077803516911
mapa,-14.75,-10.25,0.5000077839497106
mapa,-14.75,-10.0,0.500007787548165
mapa,-14.75,-9.75,0.5000077911470291
mapa,-14.75,-9.5,0.5000077947462767
mapa,-14.75,-9.25,0.5000077983458814
mapa,-14.75,-9.0,0.5000078019458158
mapa,-14.75,-8.75,0.5000078055460526
mapa,-14.75,-8.5,0.5000078091465634
mapa,-14.75,-8.25,0.5000078127473191
mapa,-14.75,-8.0,0.5000078163482904
mapa,-14.75,-7.75,0.5000078199494473
mapa,-14.75,-7.5,0.5000078235507588
mapa,-14.75,-7.25,0.5000078271521938
mapa,-14.75,-7.0,0.5000078307537201
mapa,-14.75,-6.75,0.500007834355305
mapa,-14.75,-6.5,0.5000078379569153
mapa,-14.75,-6.25,0.5000078415585165
mapa,-14.75,-6.0,0.5000078451600742
mapa,-14.75,-5.75,0.5000078487615526
mapa,-14.75,-5.5,0.5000078523629155
mapa,-14.75,-5.25,0.5000078559641259
mapa,-14.75,-5.0,0.5000078595651458
mapa,-14.75,-4.75,0.5000078631659368
mapa,-14.75,-4.5,0.5000078667664594
mapa,-14.75,-4.25,0.5000078703666733
mapa,-14.75,-4.0,0.5000078739665375
mapa,-14.75,-3.75,0.50000787756601
mapa,-14.75,-3.5,0.5000078811650479
mapa,-14.75,-3.25,0.5000078847636077
mapa,-14.75,-3.0,0.5000078883616446
mapa,-14.75,-2.75,0.5000078919591131
mapa,-14.75,-2.5,0.5000078955559666
mapa,-14.75,-2.25,0.5000078991521577
mapa,-14.75,-2.0,0.5000079027476378
mapa,-14.75,-1.75,0.5000079063423579
mapa,-14.75,-1.5,0.5000079099362669
mapa,-14.75,-1.25,0.5000079135293134
mapa,-14.75,-1.0,0.5000079171214449
mapa,-14.75,-0.75,0.5000079207126077
mapa,-14.75,-0.5,0.5000079243027468
mapa,-14.75,-0.25,0.5000079278918061
mapa,-14.75,0.0,0.500007931479729
mapa,-14.75,0.25,0.5000079350664564
mapa,-14.75,0.5,0.5000079386519293
mapa,-14.75,0.75,0.5000079422360867
mapa,-14.75,1.0,0.5000079458188665
mapa,-14.75,1.25,0.5000079494002055
mapa,-14.75,1.5,0.5000079529800391
mapa,-14.75,1.75,0.5000079565583011
mapa,-14.75,2.0,0.5000079601349242
mapa,-14.75,2.25,0.5000079637098397
mapa,-14.75,2.5,0.5000079672829775
mapa,-14.75,2.75,0.5000079708542657
mapa,-14.75,3.0,0.5000079744236317
mapa,-14.75,3.25,0.5000079779910004
mapa,-14.75,3.5,0.5000079815562962
mapa,-14.75,3.75,0.5000079851194414
mapa,-14.75,4.0,0.5000079886803568
mapa,-14.75,4.25,0.5000079922389622
mapa,-14.75,4.5,0.5000079957951754
mapa,-14.75,4.75,0.5000079993489135
mapa,-14.75,5.0,0.5000080029000925
mapa,-14.75,5.25,0.5000080064486273
mapa,-14.75,5.5,0.5000080099944334
mapa,-14.75,5.75,0.5000080135374269
mapa,-14.75,6.0,0.5000080170775264
mapa,-14.75,6.25,0.5000080206146555
mapa,-14.75,6.5,0.5000080241487466
mapa,-14.75,6.75,0.5000080276797463
mapa,-14.75,7.0,0.5000080312076258
mapa,-14.75,7.25,0.5000080347323945
mapa,-14.75,7.5,0.5000080382541238
mapa,-14.75,7.75,0.5000080417729809
mapa,-14.75,8.0,0.5000080452892874
mapa,-14.75,8.25,0.5000080488036042
mapa,-14.75,8.5,0.5000080523168678
mapa,-14.75,8.75,0.5000080558306039
mapa,-14.75,9.0,0.5000080593472581
mapa,-14.75,9.25,0.5000080628707155
mapa,-14.75,9.5,0.5000080664071094
mapa,-14.75,9.75,0.5000080699660875
mapa,-14.75,10.0,0.5000080735627856
mapa,-14.75,10.25,0.5000080772209153
mapa,-14.75,10.5,0.50000808097758
mapa,-14.75,10.75,0.5000080848908016
mapa,-14.75,11.0,0.5000080890512716
mapa,-14.75,11.25,0.5000080936007023
mapa,-14.75,11.5,0.5000080987604831
mapa,-14.75,11.75,0.500008104876424
mapa,-14.75,12.0,0.500008112488614
mapa,-14.75,12.25,0.5000081224404792
mapa,-14.75,12.5,0.5000081360490183
mapa,-14.75,12.75,0.5000081553704878
mapa,-14.75,13.0,0.5000081836149811
mapa,-14.75,13.25,0.5000082257931838
mapa,-14.75,13.5,0.5000082897250274
mapa,-14.75,13.75,0.5000083876121559
mapa,-14.75,14.0,0.5000085384882066
mapa,-14.75,14.25,0.5000087720346928
mapa,-14.75,14.5,0.5000091345191963
mapa,-14.75,14.75,0.5000096980277458
mapa,-14.75,15.0,0.5000105748022783
mapa,-14.75,15.25,0.5000119394739484
mapa,-14.75,15.5,0.5000140634783644
mapa,-14.75,15.75,0.5000173682068197
mapa,-14.75,16.0,0.5000225068605942
mapa,-14.5,-16.0,0.5000079055970834
mapa,-14.5,-15.75,0.5000079092650627
mapa,-14.5,-15.5,0.5000079129337397
mapa,-14.5,-15.25,0.500007916603094
mapa,-14.5,-15.0,0.5000079202731043
mapa,-14.5,-14.75,0.5000079239437492
mapa,-14.5,-14.5,0.5000079276150069
mapa,-14.5,-14.25,0.5000079312868546
mapa,-14.5,-14.0,0.5000079349592697
mapa,-14.5,-13.75,0.5000079386322287
mapa,-14.5,-13.5,0.5000079423057076
mapa,-14.5,-13.25,0.500007945979682
mapa,-14.5,-13.0,0.5000079496541271
mapa,-14.5,-12.75,0.5000079533290174
mapa,-14.5,-12.5,0.5000079570043268
mapa,-14.5,-12.25,0.500007960680029
mapa,-14.5,-12.0,0.5000079643560965
mapa,-14.5,-11.75,0.5000079680325021
mapa,-14.5,-11.5,0.5000079717092173
mapa,-14.5,-11.25,0.5000079753862132
mapa,-14.5,-11.0,0.5000079790634604
mapa,-14.5,-10.75,0.500007982740929
mapa,-14.5,-10.5,0.500007986418588
mapa,-14.5,-10.25,0.5000079900964063
mapa,-14.5,-10.0,0.5000079937743516
mapa,-14.5,-9.75,0.5000079974523913
mapa,-14.5,-9.5,0.5000080011304922
mapa,-14.5,-9.25,0.5000080048086202
mapa,-14.5,-9.0,0.5000080084867402
mapa,-14.5,-8.75,0.5000080121648169
mapa,-14.5,-8.5,0.5000080158428142
mapa,-14.5,-8.25,0.5000080195206948
mapa,-14.5,-8.0,0.5000080231984212
mapa,-14.5,-7.75,0.5000080268759544
mapa,-14.5,-7.5,0.500008030553255
mapa,-14.5,-7.25,0.5000080342302833
mapa,-14.5,-7.0,0.5000080379069978
mapa,-14.5,-6.75,0.5000080415833568
mapa,-14.5,-6.5,0.5000080452593172
mapa,-14.5,-6.25,0.5000080489348355
mapa,-14.5,-6.0,0.500008052609867
mapa,-14.5,-5.75,0.5000080562843664
mapa,-14.5,-5.5,0.500008059958287
mapa,-14.5,-5.25,0.5000080636315813
mapa,-14.5,-5.0,0.5000080673042012
mapa,-14.5,-4.75,0.5000080709760968
mapa,-14.5,-4.5,0.5000080746472177
mapa,-14.5,-4.25,0.5000080783175127
mapa,-14.5,-4.0,0.5000080819869288
mapa,-14.5,-3.75,0.5000080856554124
mapa,-14.5,-3.5,0.5000080893229089
mapa,-14.5,-3.25,0.500008092989362
mapa,-14.5,-3.0,0.5000080966547147
mapa,-14.5,-2.75,0.5000081003189087
mapa,-14.5,-2.5,0.5000081039818844
mapa,-14.5,-2.25,0.5000081076435813
mapa,-14.5,-2.0,0.500008111303937
mapa,-14.5,-1.75,0.5000081149628884
mapa,-14.5,-1.5,0.5000081186203709
mapa,-14.5,-1.25,0.5000081222763183
mapa,-14.5,-1.0,0.5000081259306635
mapa,-14.5,-0.75,0.5000081295833375
mapa,-14.5,-0.5,0.5000081332342704
mapa,-14.5,-0.25,0.5000081368833904
mapa,-14.5,0.0,0.5000081405306245
mapa,-14.5,0.25,0.500008144175898
mapa,-14.5,0.5,0.5000081478191347
mapa,-14.5,0.75,0.500008151460257
mapa,-14.5,1.0,0.5000081550991856
mapa,-14.5,1.25,0.5000081587358393
mapa,-14.5,1.5,0.5000081623701352
mapa,-14.5,1.75,0.5000081660019896
mapa,-14.5,2.0,0.5000081696313158
mapa,-14.5,2.25,0.500008173258026
mapa,-14.5,2.5,0.5000081768820309
mapa,-14.5,2.75,0.5000081805032384
mapa,-14.5,3.0,0.5000081841215555
mapa,-14.5,3.25,0.5000081877368866
mapa,-14.5,3.5,0.5000081913491349
mapa,-14.5,3.75,0.500008194958201
mapa,-14.5,4.0,0.5000081985639844
mapa,-14.5,4.25,0.500008202166382
mapa,-14.5,4.5,0.5000082057652898
mapa,-14.5,4.75,0.500008209360602
mapa,-14.5,5.0,0.5000082129522114
mapa,-14.5,5.25,0.5000082165400118
mapa,-14.5,5.5,0.5000082201238959
mapa,-14.5,5.75,0.5000082237037597
mapa,-14.5,6.0,0.500008227279504
mapa,-14.5,6.25,0.5000082308510378
mapa,-14.5,6.5,0.5000082344182859
mapa,-14.5,6.75,0.5000082379811975
mapa,-14.5,7.0,0.5000082415397626
mapa,-14.5,7.25,0.5000082450940351
mapa,-14.5,7.5,0.5000082486441714
mapa,-14.5,7.75,0.5000082521904885
mapa,-14.5,8.0,0.5000082557335565
mapa,-14.5,8.25,0.5000082592743419
mapa,-14.5,8.5,0.5000082628144317
mapa,-14.5,8.75,0.5000082663563844
mapa,-14.5,9.0,0.5000082699042766
mapa,-14.5,9.25,0.5000082734645583
mapa,-14.5,9.5,0.5000082770473879
mapa,-14.5,9.75,0.5000082806687175
mapa,-14.5,10.0,0.5000082843535489
mapa,-14.5,10.25,0.5000082881410208
mapa,-14.5,10.5,0.5000082920923511
mapa,-14.5,10.75,0.5000082963032412
mapa,-14.5,11.0,0.5000083009232464
mapa,-14.5,11.25,0.5000083061860235
mapa,-14.5,11.5,0.5000083124565572
mapa,-14.5,11.75,0.5000083203048965
mapa,-14.5,12.0,0.5000083306212646
mapa,-14.5,12.25,0.500008344795736
mapa,-14.5,12.5,0.5000083649986543
mapa,-14.5,12.75,0.500008394618187
mapa,-14.5,13.0,0.5000084389429007
mapa,-14.5,13.25,0.500008506226235
mapa,-14.5,13.5,0.5000086093459067
mapa,-14.5,13.75,0.5000087683894896
mapa,-14.5,14.0,0.5000090146806822
mapa,-14.5,14.25,0.5000093970442583
mapa,-14.5,14.5,0.5000099915452446
mapa,-14.5,14.75,0.5000109166110234
mapa,-14.5,15.0,0.5000123564767481
mapa,-14.5,15.25,0.5000145974678112
mapa,-14.5,15.5,0.5000180840174029
mapa,-14.5,15.75,0.5000235049013371
mapa,-14.5,16.0,0.5000319255039392
mapa,-14.25,-16.0,0.5000081151233393
mapa,-14.25,-15.75,0.5000081188758261
mapa,-14.25,-15.5,0.5000081226287685
mapa,-14.25,-15.25,0.5000081263821398
mapa,-14.25,-15.0,0.500008130135913
mapa,-14.25,-14.75,0.5000081338900606
mapa,-14.25,-14.5,0.5000081376445542
mapa,-14.25,-14.25,0.5000081413993649
mapa,-14.25,-14.0,0.5000081451544636
mapa,-14.25,-13.75,0.5000081489098198
mapa,-14.25,-13.5,0.5000081526654032
mapa,-14.25,-13.25,0.5000081564211822
mapa,-14.25,-13.0,0.5000081601771249
mapa,-14.25,-12.75,0.5000081639331986
mapa,-14.25,-12.5,0.50000816768937
mapa,-14.25,-12.25,0.5000081714456048
mapa,-14.25,-12.0,0.5000081752018688
mapa,-14.25,-11.75,0.5000081789581259
mapa,-14.25,-11.5,0.5000081827143401
mapa,-14.25,-11.25,0.5000081864704744
mapa,-14.25,-11.0,0.500008190226491
mapa,-14.25,-10.75,0.5000081939823513
mapa,-14.25,-10.5,0.500008197738016
mapa,-14.25,-10.25,0.5000082014934448
mapa,-14.25,-10.0,0.5000082052485967
mapa,-14.25,-9.75,0.5000082090034298
mapa,-14.25,-9.5,0.5000082127579013
mapa,-14.25,-9.25,0.5000082165119675
mapa,-14.25,-9.0,0.5000082202655839
mapa,-14.25,-8.75,0.5000082240187049
mapa,-14.25,-8.5,0.5000082277712841
mapa,-14.25,-8.25,0.5000082315232739
mapa,-14.25,-8.0,0.5000082352746262
mapa,-14.25,-7.75,0.5000082390252912
mapa,-14.25,-7.5,0.5000082427752187
mapa,-14.25,-7.25,0.500008246524357
mapa,-14.25,-7.0,0.5000082502726536
mapa,-14.25,-6.75,0.5000082540200549
mapa,-14.25,-6.5,0.5000082577665059
mapa,-14.25,-6.25,0.5000082615119508
mapa,-14.25,-6.0,0.5000082652563325
mapa,-14.25,-5.75,0.5000082689995925
mapa,-14.25,-5.5,0.5000082727416716
mapa,-14.25,-5.25,0.5000082764825088
mapa,-14.25,-5.0,0.5000082802220422
mapa,-14.25,-4.75,0.5000082839602086
mapa,-14.25,-4.5,0.5000082876969432
mapa,-14.25,-4.25,0.5000082914321801
mapa,-14.25,-4.0,0.500008295165852
mapa,-14.25,-3.75,0.5000082988978903
mapa,-14.25,-3.5,0.5000083026282247
mapa,-14.25,-3.25,0.5000083063567837
mapa,-14.25,-3.0,0.5000083100834941
mapa,-14.25,-2.75,0.5000083138082815
mapa,-14.25,-2.5,0.5000083175310696
mapa,-14.25,-2.25,0.5000083212517806
mapa,-14.25,-2.0,0.5000083249703353
mapa,-14.25,-1.75,0.5000083286866528
mapa,-14.25,-1.5,0.5000083324006503
mapa,-14.25,-1.25,0.5000083361122435
mapa,-14.25,-1.0,0.5000083398213463
mapa,-14.25,-0.75,0.5000083435278707
mapa,-14.25,-0.5,0.500008347231727
mapa,-14.25,-0.25,0.5000083509328238
mapa,-14.25,0.0,0.5000083546310675
mapa,-14.25,0.25,0.5000083583263628
mapa,-14.25,0.5,0.5000083620186121
mapa,-14.25,0.75,0.5000083657077165
mapa,-14.25,1.0,0.500008369393574
mapa,-14.25,1.25,0.5000083730760813
mapa,-14.25,1.5,0.5000083767551329
mapa,-14.25,1.75,0.5000083804306207
mapa,-14.25,2.0,0.5000083841024346
mapa,-14.25,2.25,0.5000083877704627
mapa,-14.25,2.5,0.5000083914345901
mapa,-14.25,2.75,0.5000083950946997
mapa,-14.25,3.0,0.5000083987506725
mapa,-14.25,3.25,0.5000084024023866
mapa,-14.25,3.5,0.5000084060497181
mapa,-14.25,3.75,0.5000084096925406
mapa,-14.25,4.0,0.500008413330725
mapa,-14.25,4.25,0.5000084169641408
mapa,-14.25,4.5,0.5000084205926553
mapa,-14.25,4.75,0.5000084242161338
mapa,-14.25,5.0,0.5000084278344417
mapa,-14.25,5.25,0.5000084314474438
mapa,-14.25,5.5,0.5000084350550072
mapa,-14.25,5.75,0.5000084386570035
mapa,-14.25,6.0,0.5000084422533133
mapa,-14.25,6.25,0.5000084458438321
mapa,-14.25,6.5,0.5000084494284821
mapa,-14.25,6.75,0.5000084530072267
mapa,-14.25,7.0,0.5000084565800974
mapa,-14.25,7.25,0.5000084601472324
mapa,-14.25,7.5,0.5000084637089398
mapa,-14.25,7.75,0.5000084672657936
mapa,-14.25,8.0,0.5000084708187857
mapa,-14.25,8.25,0.500008474369563
mapa,-14.25,8.5,0.5000084779207964
mapa,-14.25,8.75,0.5000084814767594
mapa,-14.25,9.0,0.5000084850442297
mapa,-14.25,9.25,0.5000084886338992
mapa,-14.25,9.5,0.5000084922625742
mapa,-14.25,9.75,0.5000084959566129
mapa,-14.25,10.0,0.5000084997572956
mapa,-14.25,10.25,0.5000085037292064
mapa,-14.25,10.5,0.5000085079733286
mapa,-14.25,10.75,0.5000085126474889
mapa,-14.25,11.0,0.5000085179982852
mapa,-14.25,11.25,0.5000085244109342
mapa,-14.25,11.5,0.5000085324871013
mapa,-14.25,11.75,0.5000085431663955
mapa,-14.25,12.0,0.5000085579160143
mapa,-14.25,12.25,0.5000085790267088
mapa,-14.25,12.5,0.5000086100745853
mapa,-14.25,12.75,0.5000086566414818
mapa,-14.25,13.0,0.5000087274383453
mapa,-14.25,13.25,0.5000088360563656
mapa,-14.25,13.5,0.5000090036953044
mapa,-14.25,13.75,0.5000092634116965
mapa,-14.25,14.0,0.5000096667284504
mapa,-14.25,14.25,0.5000102939084654
mapa,-14.25,14.5,0.5000112699039685
mapa,-14.25,14.75,0.5000127890794488
mapa,-14.25,15.0,0.5000151534613577
mapa,-14.25,15.25,0.5000188317740455
mapa,-14.25,15.5,0.5000245502846619
mapa,-14.25,15.75,0.5000334320696246
mapa,-14.25,16.0,0.5000472095016486
mapa,-14.0,-16.0,0.5000083300318999
mapa,-14.0,-15.75,0.5000083338676191
mapa,-14.0,-15.5,0.500008337703473
mapa,-14.0,-15.25,0.5000083415394281
mapa,-14.0,-15.0,0.5000083453754492
mapa,-14.0,-14.75,0.5000083492115012
mapa,-14.0,-14.5,0.5000083530475476
mapa,-14.0,-14.25,0.5000083568835514
mapa,-14.0,-14.0,0.5000083607194752
mapa,-14.0,-13.75,0.50000836455528
mapa,-14.0,-13.5,0.5000083683909267
mapa,-14.0,-13.25,0.5000083722263751
mapa,-14.0,-13.0,0.500008376061584
mapa,-14.0,-12.75,0.5000083798965117
mapa,-14.0,-12.5,0.5000083837311153
mapa,-14.0,-12.25,0.5000083875653514
mapa,-14.0,-12.0,0.5000083913991752
mapa,-14.0,-11.75,0.5000083952325411
mapa,-14.0,-11.5,0.500008399065403
mapa,-14.0,-11.25,0.5000084028977134
mapa,-14.0,-11.0,0.5000084067294237
mapa,-14.0,-10.75,0.5000084105604845
mapa,-14.0,-10.5,0.5000084143908455
mapa,-14.0,-10.25,0.5000084182204553
mapa,-14.0,-10.0,0.5000084220492611
mapa,-14.0,-9.75,0.5000084258772092
mapa,-14.0,-9.5,0.5000084297042451
mapa,-14.0,-9.25,0.5000084335303125
mapa,-14.0,-9.0,0.5000084373553548
mapa,-14.0,-8.75,0.5000084411793133
mapa,-14.0,-8.5,0.5000084450021288
mapa,-14.0,-8.25,0.5000084488237404
mapa,-14.0,-8.0,0.5000084526440862
mapa,-14.0,-7.75,0.5000084564631029
mapa,-14.0,-7.5,0.5000084602807258
mapa,-14.0,-7.25,0.5000084640968891
mapa,-14.0,-7.0,0.5000084679115256
mapa,-14.0,-6.75,0.5000084717245665
mapa,-14.0,-6.5,0.5000084755359416
mapa,-14.0,-6.25,0.5000084793455796
mapa,-14.0,-6.0,0.5000084831534071
mapa,-14.0,-5.75,0.5000084869593496
mapa,-14.0,-5.5,0.5000084907633312
mapa,-14.0,-5.25,0.5000084945652741
mapa,-14.0,-5.0,0.5000084983650988
mapa,-14.0,-4.75,0.5000085021627245
mapa,-14.0,-4.5,0.5000085059580687
mapa,-14.0,-4.25,0.5000085097510468
mapa,-14.0,-4.0,0.500008513541573
mapa,-14.0,-3.75,0.5000085173295592
mapa,-14.0,-3.5,0.5000085211149159
mapa,-14.0,-3.25,0.5000085248975513
mapa,-14.0,-3.0,0.5000085286773722
mapa,-14.0,-2.75,0.5000085324542831
mapa,-14.0,-2.5,0.5000085362281868
mapa,-14.0,-2.25,0.5000085399989836
mapa,-14.0,-2.0,0.5000085437665726
mapa,-14.0,-1.75,0.5000085475308499
mapa,-14.0,-1.5,0.5000085512917101
mapa,-14.0,-1.25,0.5000085550490452
mapa,-14.0,-1.0,0.5000085588027452
mapa,-14.0,-0.75,0.5000085625526977
mapa,-14.0,-0.5,0.5000085662987881
mapa,-14.0,-0.25,0.5000085700408994
mapa,-14.0,0.0,0.5000085737789122
mapa,-14.0,0.25,0.5000085775127046
mapa,-14.0,0.5,0.5000085812421521
mapa,-14.0,0.75,0.5000085849671277
mapa,-14.0,1.0,0.500008588687502
mapa,-14.0,1.25,0.5000085924031424
mapa,-14.0,1.5,0.5000085961139141
mapa,-14.0,1.75,0.5000085998196796
mapa,-14.0,2.0,0.5000086035202979
mapa,-14.0,2.25,0.5000086072156256
mapa,-14.0,2.5,0.5000086109055163
mapa,-14.0,2.75,0.5000086145898207
mapa,-14.0,3.0,0.5000086182683865
mapa,-14.0,3.25,0.5000086219410582
mapa,-14.0,3.5,0.5000086256076777
mapa,-14.0,3.75,0.5000086292680836
mapa,-14.0,4.0,0.5000086329221118
mapa,-14.0,4.25,0.5000086365695958
mapa,-14.0,4.5,0.500008640210367
mapa,-14.0,4.75,0.5000086438442549
mapa,-14.0,5.0,0.5000086474710893
mapa,-14.0,5.25,0.500008651090701
mapa,-14.0,5.5,0.5000086547029253
mapa,-14.0,5.75,0.5000086583076062
mapa,-14.0,6.0,0.5000086619046031
mapa,-14.0,6.25,0.5000086654938024
mapa,-14.0,6.5,0.5000086690751341
mapa,-14.0,6.75,0.5000086726485988
mapa,-14.0,7.0,0.5000086762143097
mapa,-14.0,7.25,0.5000086797725579
mapa,-14.0,7.5,0.5000086833239149
mapa,-14.0,7.75,0.5000086868693927
mapa,-14.0,8.0,0.5000086904106937
mapa,-14.0,8.25,0.5000086939506008
mapa,-14.0,8.5,0.5000086974935873
mapa,-14.0,8.75,0.5000087010467701
mapa,-14.0,9.0,0.5000087046213952
mapa,-14.0,9.25,0.5000087082351633
mapa,-14.0,9.5,0.5000087119158566
mapa,-14.0,9.75,0.5000087157070068
mapa,-14.0,10.0,0.5000087196767437
mapa,-14.0,10.25,0.5000087239316163
mapa,-14.0,10.5,0.5000087286381742
mapa,-14.0,10.75,0.5000087340566652
mapa,-14.0,11.0,0.5000087405936531
mapa,-14.0,11.25,0.5000087488841644
mapa,-14.0,11.5,0.5000087599199257
mapa,-14.0,11.75,0.500008775249527
mapa,-14.0,12.0,0.5000087972907948
mapa,-14.0,12.25,0.5000088298181838
mapa,-14.0,12.5,0.5000088787230437
mapa,-14.0,12.75,0.5000089531991521
mapa,-14.0,13.0,0.5000090675906358
mapa,-14.0,13.25,0.5000092442709044
mapa,-14.0,13.5,0.5000095181249663
mapa,-14.0,13.75,0.5000099435225409
mapa,-14.0,14.0,0.5000106051552484
mapa,-14.0,14.25,0.5000116348580605
mapa,-14.0,14.5,0.5000132376786329
mapa,-14.0,14.75,0.5000157321994889
mapa,-14.0,15.0,0.5000196127522367
mapa,-14.0,15.25,0.5000256451137132
mapa,-14.0,15.5,0.500035013133378
mapa,-14.0,15.75,0.5000495423052794
mapa,-14.0,16.0,0.5000720385731414
mapa,-13.75,-16.0,0.5000085504176505
mapa,-13.75,-15.75,0.5000085543343264
mapa,-13.75,-15.5,0.5000085582507168
mapa,-13.75,-15.25,0.5000085621667777
mapa,-13.75,-15.0,0.5000085660824647
mapa,-13.75,-14.75,0.5000085699977326
mapa,-13.75,-14.5,0.5000085739125346
mapa,-13.75,-14.25,0.5000085778268235
mapa,-13.75,-14.0,0.5000085817405509
mapa,-13.75,-13.75,0.5000085856536673
mapa,-13.75,-13.5,0.5000085895661225
mapa,-13.75,-13.25,0.5000085934778649
mapa,-13.75,-13.0,0.5000085973888417
mapa,-13.75,-12.75,0.5000086012989997
mapa,-13.75,-12.5,0.5000086052082839
mapa,-13.75,-12.25,0.5000086091166386
mapa,-13.75,-12.0,0.5000086130240065
mapa,-13.75,-11.75,0.5000086169303294
mapa,-13.75,-11.5,0.5000086208355479
mapa,-13.75,-11.25,0.5000086247396013
mapa,-13.75,-11.0,0.5000086286424276
mapa,-13.75,-10.75,0.5000086325439635
mapa,-13.75,-10.5,0.5000086364441446
mapa,-13.75,-10.25,0.5000086403429049
mapa,-13.75,-10.0,0.5000086442401772
mapa,-13.75,-9.75,0.5000086481358927
mapa,-13.75,-9.5,0.5000086520299815
mapa,-13.75,-9.25,0.5000086559223718
mapa,-13.75,-9.0,0.5000086598129907
mapa,-13.75,-8.75,0.5000086637017637
mapa,-13.75,-8.5,0.5000086675886146
mapa,-13.75,-8.25,0.5000086714734658
mapa,-13.75,-8.0,0.500008675356238
mapa,-13.75,-7.75,0.5000086792368503
mapa,-13.75,-7.5,0.5000086831152201
mapa,-13.75,-7.25,0.500008686991263
mapa,-13.75,-7.0,0.5000086908648931
mapa,-13.75,-6.75,0.5000086947360223
mapa,-13.75,-6.5,0.5000086986045612
mapa,-13.75,-6.25,0.5000087024704182
mapa,-13.75,-6.0,0.5000087063334998
mapa,-13.75,-5.75,0.5000087101937108
mapa,-13.75,-5.5,0.5000087140509539
mapa,-13.75,-5.25,0.5000087179051296
mapa,-13.75,-5.0,0.5000087217561366
mapa,-13.75,-4.75,0.5000087256038714
mapa,-13.75,-4.5,0.5000087294482285
mapa,-13.75,-4.25,0.5000087332891
mapa,-13.75,-4.0,0.5000087371263758
mapa,-13.75,-3.75,0.5000087409599439
mapa,-13.75,-3.5,0.5000087447896893
mapa,-13.75,-3.25,0.500008748615495
mapa,-13.75,-3.0,0.500008752437242
mapa,-13.75,-2.75,0.5000087562548081
mapa,-13.75,-2.5,0.5000087600680689
mapa,-13.75,-2.25,0.5000087638768977
mapa,-13.75,-2.0,0.5000087676811649
mapa,-13.75,-1.75,0.5000087714807379
mapa,-13.75,-1.5,0.5000087752754819
mapa,-13.75,-1.25,0.5000087790652594
mapa,-13.75,-1.0,0.5000087828499293
mapa,-13.75,-0.75,0.5000087866293486
mapa,-13.75,-0.5,0.5000087904033704
mapa,-13.75,-0.25,0.5000087941718454
mapa,-13.75,0.0,0.5000087979346212
mapa,-13.75,0.25,0.5000088016915418
mapa,-13.75,0.5,0.5000088054424484
mapa,-13.75,0.75,0.5000088091871787
mapa,-13.75,1.0,0.5000088129255674
mapa,-13.75,1.25,0.5000088166574455
mapa,-13.75,1.5,0.5000088203826403
mapa,-13.75,1.75,0.5000088241009762
mapa,-13.75,2.0,0.5000088278122734
mapa,-13.75,2.25,0.5000088315163489
mapa,-13.75,2.5,0.5000088352130156
mapa,-13.75,2.75,0.5000088389020829
mapa,-13.75,3.0,0.5000088425833563
mapa,-13.75,3.25,0.5000088462566377
mapa,-13.75,3.5,0.5000088499217249
mapa,-13.75,3.75,0.5000088535784126
mapa,-13.75,4.0,0.5000088572264919
mapa,-13.75,4.25,0.5000088608657508
mapa,-13.75,4.5,0.5000088644959754
mapa,-13.75,4.75,0.5000088681169504
mapa,-13.75,5.0,0.5000088717284619
mapa,-13.75,5.25,0.5000088753302989
mapa,-13.75,5.5,0.5000088789222596
mapa,-13.75,5.75,0.500008882504158
mapa,-13.75,6.0,0.5000088860758346
mapa,-13.75,6.25,0.5000088896371763
mapa,-13.75,6.5,0.5000088931881429
mapa,-13.75,6.75,0.5000088967288128
mapa,-13.75,7.0,0.5000089002594509
mapa,-13.75,7.25,0.5000089037806177
mapa,-13.75,7.5,0.5000089072933376
mapa,-13.75,7.75,0.5000089107993624
mapa,-13.75,8.0,0.5000089143015841
mapa,-13.75,8.25,0.500008917804678
mapa,-13.75,8.5,0.5000089213161083
mapa,-13.75,8.75,0.5000089248476977
mapa,-13.75,9.0,0.5000089284180801
mapa,-13.75,9.25,0.5000089320565311
mapa,-13.75,9.5,0.5000089358089483
mapa,-13.75,9.75,0.500008939747194
mapa,-13.75,10.0,0.5000089439836812
mapa,-13.75,10.25,0.500008948694155
mapa,-13.75,10.5,0.5000089541532607
mapa,-13.75,10.75,0.5000089607900827
mapa,-13.75,11.0,0.5000089692748485
mapa,-13.75,11.25,0.5000089806542837
mapa,-13.75,11.5,0.5000089965628732
mapa,-13.75,11.75,0.5000090195525553
mapa,-13.75,12.0,0.5000090536071157
mapa,-13.75,12.25,0.5000091049445518
mapa,-13.75,12.5,0.5000091832681931
mapa,-13.75,12.75,0.5000093037167436
mapa,-13.75,13.0,0.5000094899021045
mapa,-13.75,13.25,0.5000097786386538
mapa,-13.75,13.5,0.500010227299753
mapa,-13.75,13.75,0.5000109252492163
mapa,-13.75,14.0,0.5000120115821548
mapa,-13.75,14.25,0.5000137026132416
mapa,-13.75,14.5,0.5000163343821431
mapa,-13.75,14.75,0.5000204282141575
mapa,-13.75,15.0,0.5000267915209442
mapa,-13.75,15.25,0.500036672166883
mapa,-13.75,15.5,0.5000519936830864
mapa,-13.75,15.75,0.5000757114131199
mapa,-13.75,16.0,0.5001123474739635
mapa,-13.5,-16.0,0.5000087763649654
mapa,-13.5,-15.75,0.5000087803590301
mapa,-13.5,-15.5,0.5000087843522605
mapa,-13.5,-15.25,0.5000087883446005
mapa,-13.5,-15.0,0.5000087923359933
mapa,-13.5,-14.75,0.5000087963263806
mapa,-13.5,-14.5,0.5000088003157032
mapa,-13.5,-14.25,0.5000088043038998
mapa,-13.5,-14.0,0.5000088082909092
mapa,-13.5,-13.75,0.5000088122766676
mapa,-13.5,-13.5,0.5000088162611108
mapa,-13.5,-13.25,0.5000088202441728
mapa,-13.5,-13.0,0.5000088242257864
mapa,-13.5,-12.75,0.500008828205883
mapa,-13.5,-12.5,0.5000088321843922
mapa,-13.5,-12.25,0.500008836161243
mapa,-13.5,-12.0,0.5000088401363619
mapa,-13.5,-11.75,0.5000088441096748
mapa,-13.5,-11.5,0.5000088480811055
mapa,-13.5,-11.25,0.5000088520505761
mapa,-13.5,-11.0,0.5000088560180076
mapa,-13.5,-10.75,0.500008859983319
mapa,-13.5,-10.5,0.5000088639464277
mapa,-13.5,-10.25,0.5000088679072497
mapa,-13.5,-10.0,0.5000088718656986
mapa,-13.5,-9.75,0.5000088758216867
mapa,-13.5,-9.5,0.5000088797751245
mapa,-13.5,-9.25,0.5000088837259203
mapa,-13.5,-9.0,0.500008887673981
mapa,-13.5,-8.75,0.5000088916192109
mapa,-13.5,-8.5,0.5000088955615131
mapa,-13.5,-8.25,0.5000088995007881
mapa,-13.5,-8.0,0.5000089034369345
mapa,-13.5,-7.75,0.5000089073698489
mapa,-13.5,-7.5,0.5000089112994259
mapa,-13.5,-7.25,0.5000089152255573
mapa,-13.5,-7.0,0.5000089191481336
mapa,-13.5,-6.75,0.5000089230670421
mapa,-13.5,-6.5,0.5000089269821686
mapa,-13.5,-6.25,0.5000089308933957
mapa,-13.5,-6.0,0.5000089348006045
mapa,-13.5,-5.75,0.5000089387036728
mapa,-13.5,-5.5,0.5000089426024763
mapa,-13.5,-5.25,0.5000089464968882
mapa,-13.5,-5.0,0.5000089503867788
mapa,-13.5,-4.75,0.5000089542720162
mapa,-13.5,-4.5,0.500008958152465
mapa,-13.5,-4.25,0.500008962027988
mapa,-13.5,-4.0,0.500008965898444
mapa,-13.5,-3.75,0.50000896976369
mapa,-13.5,-3.5,0.5000089736235793
mapa,-13.5,-3.25,0.5000089774779626
mapa,-13.5,-3.0,0.5000089813266874
mapa,-13.5,-2.75,0.5000089851695977
mapa,-13.5,-2.5,0.5000089890065349
mapa,-13.5,-2.25,0.500008992837337
mapa,-13.5,-2.0,0.500008996661838
mapa,-13.5,-1.75,0.5000090004798694
mapa,-13.5,-1.5,0.5000090042912584
mapa,-13.5,-1.25,0.5000090080958294
mapa,-13.5,-1.0,0.5000090118934027
mapa,-13.5,-0.75,0.500009015683795
mapa,-13.5,-0.5,0.5000090194668192
mapa,-13.5,-0.25,0.5000090232422845
mapa,-13.5,0.0,0.5000090270099959
mapa,-13.5,0.25,0.5000090307697548
mapa,-13.5,0.5,0.5000090345213579
mapa,-13.5,0.75,0.5000090382645983
mapa,-13.5,1.0,0.5000090419992647
mapa,-13.5,1.25,0.5000090457251412
mapa,-13.5,1.5,0.5000090494420076
mapa,-13.5,1.75,0.5000090531496396
mapa,-13.5,2.0,0.5000090568478077
mapa,-13.5,2.25,0.500009060536278
mapa,-13.5,2.5,0.5000090642148121
mapa,-13.5,2.75,0.5000090678831662
mapa,-13.5,3.0,0.5000090715410928
mapa,-13.5,3.25,0.5000090751883386
mapa,-13.5,3.5,0.5000090788246465
mapa,-13.5,3.75,0.5000090824497543
mapa,-13.5,4.0,0.5000090860633966
mapa,-13.5,4.25,0.5000090896653042
mapa,-13.5,4.5,0.5000090932552061
mapa,-13.5,4.75,0.5000090968328318
mapa,-13.5,5.0,0.5000091003979128
mapa,-13.5,5.25,0.5000091039501894
mapa,-13.5,5.5,0.5000091074894174
mapa,-13.5,5.75,0.5000091110153803
mapa,-13.5,6.0,0.5000091145279089
mapa,-13.5,6.25,0.5000091180269103
mapa,-13.5,6.5,0.5000091215124154
mapa,-13.5,6.75,0.5000091249846514
mapa,-13.5,7.0,0.500009128444156
mapa,-13.5,7.25,0.5000091318919555
mapa,-13.5,7.5,0.5000091353298433
mapa,-13.5,7.75,0.5000091387608148
mapa,-13.5,8.0,0.5000091421897467
mapa,-13.5,8.25,0.5000091456244583
mapa,-13.5,8.5,0.5000091490773686
mapa,-13.5,8.75,0.5000091525680846
mapa,-13.5,9.0,0.5000091561274449
mapa,-13.5,9.25,0.5000091598038323
mapa,-13.5,9.5,0.5000091636730345
mapa,-13.5,9.75,0.500009167853642
mapa,-13.5,10.0,0.5000091725310919
mapa,-13.5,10.25,0.5000091779952127
mapa,-13.5,10.5,0.5000091846988447
mapa,-13.5,10.75,0.5000091933493569
mapa,-13.5,11.0,0.5000092050515095
mapa,-13.5,11.25,0.5000092215304343
mapa,-13.5,11.5,0.5000092454796021
mapa,-13.5,11.75,0.5000092811037188
mapa,-13.5,12.0,0.5000093349655107
mapa,-13.5,12.25,0.5000094173060523
mapa,-13.5,12.5,0.5000095441025609
mapa,-13.5,12.75,0.5000097402738434
mapa,-13.5,13.0,0.5000100446700882
mapa,-13.5,13.25,0.5000105178337287
mapa,-13.5,13.5,0.5000112540575539
mapa,-13.5,13.75,0.5000124000947553
mapa,-13.5,14.0,0.500014184142501
mapa,-13.5,14.25,0.5000169606471647
mapa,-13.5,14.5,0.5000212793881792
mapa,-13.5,14.75,0.5000279916494383
mapa,-13.5,15.0,0.5000384127211519
mapa,-13.5,15.25,0.5000545693392413
mapa,-13.5,15.5,0.5000795740154445
mapa,-13.5,15.75,0.500118186692578
mapa,-13.5,16.0,0.5001776487229022
mapa,-13.25,-16.0,0.50000900794385
mapa,-13.25,-15.75,0.5000090120100688
mapa,-13.25,-15.5,0.5000090160747409
mapa,-13.25,-15.25,0.5000090201377948
mapa,-13.25,-15.0,0.5000090241991577
mapa,-13.25,-14.75,0.500009028258755
mapa,-13.25,-14.5,0.5000090323165105
mapa,-13.25,-14.25,0.5000090363723467
mapa,-13.25,-14.0,0.5000090404261844
mapa,-13.25,-13.75,0.5000090444779428
mapa,-13.25,-13.5,0.5000090485275392
mapa,-13.25,-13.25,0.5000090525748895
mapa,-13.25,-13.0,0.5000090566199075
mapa,-13.25,-12.75,0.5000090606625054
mapa,-13.25,-12.5,0.5000090647025938
mapa,-13.25,-12.25,0.500009068740081
mapa,-13.25,-12.0,0.5000090727748739
mapa,-13.25,-11.75,0.5000090768068771
mapa,-13.25,-11.5,0.5000090808359933
mapa,-13.25,-11.25,0.5000090848621233
mapa,-13.25,-11.0,0.5000090888851657
mapa,-13.25,-10.75,0.5000090929050172
mapa,-13.25,-10.5,0.500009096921572
mapa,-13.25,-10.25,0.5000091009347227
mapa,-13.25,-10.0,0.5000091049443591
mapa,-13.25,-9.75,0.5000091089503689
mapa,-13.25,-9.5,0.5000091129526378
mapa,-13.25,-9.25,0.5000091169510485
mapa,-13.25,-9.0,0.500009120945482
mapa,-13.25,-8.75,0.5000091249358165
mapa,-13.25,-8.5,0.5000091289219273
mapa,-13.25,-8.25,0.5000091329036878
mapa,-13.25,-8.0,0.5000091368809685
mapa,-13.25,-7.75,0.500009140853637
mapa,-13.25,-7.5,0.5000091448215587
mapa,-13.25,-7.25,0.5000091487845956
mapa,-13.25,-7.0,0.5000091527426073
mapa,-13.25,-6.75,0.5000091566954503
mapa,-13.25,-6.5,0.5000091606429782
mapa,-13.25,-6.25,0.5000091645850417
mapa,-13.25,-6.0,0.5000091685214881
mapa,-13.25,-5.75,0.500009172452162
mapa,-13.25,-5.5,0.5000091763769043
mapa,-13.25,-5.25,0.5000091802955531
mapa,-13.25,-5.0,0.5000091842079426
mapa,-13.25,-4.75,0.5000091881139043
mapa,-13.25,-4.5,0.5000091920132654
mapa,-13.25,-4.25,0.5000091959058504
mapa,-13.25,-4.0,0.5000091997914794
mapa,-13.25,-3.75,0.5000092036699695
mapa,-13.25,-3.5,0.5000092075411334
mapa,-13.25,-3.25,0.5000092114047804
mapa,-13.25,-3.0,0.5000092152607154
mapa,-13.25,-2.75,0.50000921910874
mapa,-13.25,-2.5,0.500009222948651
mapa,-13.25,-2.25,0.5000092267802414
mapa,-13.25,-2.0,0.5000092306032999
mapa,-13.25,-1.75,0.5000092344176106
mapa,-13.25,-1.5,0.5000092382229536
mapa,-13.25,-1.25,0.500009242019104
mapa,-13.25,-1.0,0.5000092458058326
mapa,-13.25,-0.75,0.5000092495829054
mapa,-13.25,-0.5,0.5000092533500835
mapa,-13.25,-0.25,0.5000092571071234
mapa,-13.25,0.0,0.5000092608537757
mapa,-13.25,0.25,0.5000092645897872
mapa,-13.25,0.5,0.5000092683148984
mapa,-13.25,0.75,0.500009272028845
mapa,-13.25,1.0,0.500009275731357
mapa,-13.25,1.25,0.5000092794221594
mapa,-13.25,1.5,0.5000092831009707
mapa,-13.25,1.75,0.5000092867675046
mapa,-13.25,2.0,0.500009290421468
mapa,-13.25,2.25,0.5000092940625628
mapa,-13.25,2.5,0.5000092976904843
mapa,-13.25,2.75,0.500009301304922
mapa,-13.25,3.0,0.5000093049055596
mapa,-13.25,3.25,0.5000093084920747
mapa,-13.25,3.5,0.5000093120641392
mapa,-13.25,3.75,0.5000093156214201
mapa,-13.25,4.0,0.5000093191635796
mapa,-13.25,4.25,0.5000093226902769
mapa,-13.25,4.5,0.5000093262011699
mapa,-13.25,4.75,0.5000093296959186
mapa,-13.25,5.0,0.5000093331741903
mapa,-13.25,5.25,0.5000093366356678
mapa,-13.25,5.5,0.500009340080062
mapa,-13.25,5.75,0.500009343507132
mapa,-13.25,6.0,0.5000093469167167
mapa,-13.25,6.25,0.5000093503087841
mapa,-13.25,6.5,0.5000093536835084
mapa,-13.25,6.75,0.5000093570413898
mapa,-13.25,7.0,0.5000093603834429
mapa,-13.25,7.25,0.500009363711491
mapa,-13.25,7.5,0.5000093670286242
mapa,-13.25,7.75,0.5000093703399177
mapa,-13.25,8.0,0.5000093736535502
mapa,-13.25,8.25,0.5000093769825551
mapa,-13.25,8.5,0.5000093803475514
mapa,-13.25,8.75,0.5000093837810112
mapa,-13.25,9.0,0.5000093873339245
mapa,-13.25,9.25,0.5000093910862068
mapa,-13.25,9.5,0.5000093951629512
mapa,-13.25,9.75,0.5000093997598085
mapa,-13.25,10.0,0.5000094051826159
mapa,-13.25,10.25,0.5000094119092705
mapa,-13.25,10.5,0.5000094206863259
mapa,-13.25,10.75,0.5000094326797798
mapa,-13.25,11.0,0.5000094497104197
mapa,-13.25,11.25,0.5000094746210791
mapa,-13.25,11.5,0.5000095118496094
mapa,-13.25,11.75,0.5000095683225433
mapa,-13.25,12.0,0.5000096548484491
mapa,-13.25,12.25,0.5000097882894119
mapa,-13.25,12.5,0.5000099949433244
mapa,-13.25,12.75,0.5000103158084733
mapa,-13.25,13.0,0.5000108147708604
mapa,-13.25,13.25,0.5000115913230584
mapa,-13.25,13.5,0.5000128002959325
mapa,-13.25,13.75,0.5000146824179362
mapa,-13.25,14.0,0.5000176115427752
mapa,-13.25,14.25,0.5000221674423335
mapa,-13.25,14.5,0.5000292476281911
mapa,-13.25,14.75,0.5000402384048157
mapa,-13.25,15.0,0.5000572751449907
mapa,-13.25,15.25,0.500083635685443
mapa,-13.25,15.5,0.500124329918466
mapa,-13.25,15.75,0.5001869739881858
mapa,-13.25,16.0,0.5002830688372235
mapa,-13.0,-16.0,0.5000092452049931
mapa,-13.0,-15.75,0.5000092493359878
mapa,-13.0,-15.5,0.5000092534645144
mapa,-13.0,-15.25,0.5000092575904818
mapa,-13.0,-15.0,0.5000092617137962
mapa,-13.0,-14.75,0.5000092658343627
mapa,-13.0,-14.5,0.500009269952084
mapa,-13.0,-14.25,0.5000092740668608
mapa,-13.0,-14.0,0.5000092781785918
mapa,-13.0,-13.75,0.5000092822871738
mapa,-13.0,-13.5,0.5000092863925009
mapa,-13.0,-13.25,0.5000092904944657
mapa,-13.0,-13.0,0.5000092945929582
mapa,-13.0,-12.75,0.5000092986878659
mapa,-13.0,-12.5,0.5000093027790747
mapa,-13.0,-12.25,0.5000093068664675
mapa,-13.0,-12.0,0.5000093109499251
mapa,-13.0,-11.75,0.5000093150293254
mapa,-13.0,-11.5,0.5000093191045445
mapa,-13.0,-11.25,0.5000093231754552
mapa,-13.0,-11.0,0.5000093272419284
mapa,-13.0,-10.75,0.5000093313038315
mapa,-13.0,-10.5,0.50000933536103
mapa,-13.0,-10.25,0.500009339413386
mapa,-13.0,-10.0,0.500009343460759
mapa,-13.0,-9.75,0.5000093475030059
mapa,-13.0,-9.5,0.5000093515399797
mapa,-13.0,-9.25,0.5000093555715317
mapa,-13.0,-9.0,0.500009359597509
mapa,-13.0,-8.75,0.5000093636177562
mapa,-13.0,-8.5,0.5000093676321143
mapa,-13.0,-8.25,0.5000093716404214
mapa,-13.0,-8.0,0.5000093756425118
mapa,-13.0,-7.75,0.5000093796382169
mapa,-13.0,-7.5,0.5000093836273642
mapa,-13.0,-7.25,0.500009387609778
mapa,-13.0,-7.0,0.5000093915852786
mapa,-13.0,-6.75,0.5000093955536828
mapa,-13.0,-6.5,0.5000093995148038
mapa,-13.0,-6.25,0.5000094034684507
mapa,-13.0,-6.0,0.5000094074144285
mapa,-13.0,-5.75,0.5000094113525387
mapa,-13.0,-5.5,0.5000094152825783
mapa,-13.0,-5.25,0.5000094192043403
mapa,-13.0,-5.0,0.5000094231176133
mapa,-13.0,-4.75,0.5000094270221818
mapa,-13.0,-4.5,0.5000094309178256
mapa,-13.0,-4.25,0.5000094348043198
mapa,-13.0,-4.0,0.5000094386814355
mapa,-13.0,-3.75,0.5000094425489386
mapa,-13.0,-3.5,0.5000094464065905
mapa,-13.0,-3.25,0.500009450254147
mapa,-13.0,-3.0,0.5000094540913598
mapa,-13.0,-2.75,0.5000094579179749
mapa,-13.0,-2.5,0.5000094617337332
mapa,-13.0,-2.25,0.5000094655383702
mapa,-13.0,-2.0,0.5000094693316164
mapa,-13.0,-1.75,0.5000094731131961
mapa,-13.0,-1.5,0.5000094768828284
mapa,-13.0,-1.25,0.5000094806402264
mapa,-13.0,-1.0,0.5000094843850973
mapa,-13.0,-0.75,0.5000094881171424
mapa,-13.0,-0.5,0.500009491836057
mapa,-13.0,-0.25,0.5000094955415296
mapa,-13.0,0.0,0.5000094992332427
mapa,-13.0,0.25,0.5000095029108724
mapa,-13.0,0.5,0.5000095065740877
mapa,-13.0,0.75,0.5000095102225515
mapa,-13.0,1.0,0.5000095138559189
mapa,-13.0,1.25,0.5000095174738385
mapa,-13.0,1.5,0.5000095210759518
mapa,-13.0,1.75,0.5000095246618926
mapa,-13.0,2.0,0.5000095282312875
mapa,-13.0,2.25,0.500009531783756
mapa,-13.0,2.5,0.5000095353189092
mapa,-13.0,2.75,0.5000095388363511
mapa,-13.0,3.0,0.5000095423356785
mapa,-13.0,3.25,0.5000095458164805
mapa,-13.0,3.5,0.5000095492783394
mapa,-13.0,3.75,0.5000095527208319
mapa,-13.0,4.0,0.5000095561435294
mapa,-13.0,4.25,0.500009559546001
mapa,-13.0,4.5,0.5000095629278161
mapa,-13.0,4.75,0.5000095662885511
mapa,-13.0,5.0,0.5000095696277963
mapa,-13.0,5.25,0.5000095729451709
mapa,-13.0,5.5,0.5000095762403431
mapa,-13.0,5.75,0.500009579513064
mapa,-13.0,6.0,0.5000095827632189
mapa,-13.0,6.25,0.5000095859909095
mapa,-13.0,6.5,0.5000095891965796
mapa,-13.0,6.75,0.5000095923812148
mapa,-13.0,7.0,0.5000095955466518
mapa,-13.0,7.25,0.5000095986960635
mapa,-13.0,7.5,0.5000096018347155
mapa,-13.0,7.75,0.5000096049711485
mapa,-13.0,8.0,0.5000096081190247
mapa,-13.0,8.25,0.5000096113000115
mapa,-13.0,8.5,0.5000096145482866
mapa,-13.0,8.75,0.5000096179175714
mapa,-13.0,9.0,0.5000096214921174
mapa,-13.0,9.25,0.500009625403861
mapa,-13.0,9.5,0.5000096298592124
mapa,-13.0,9.75,0.5000096351808841
mapa,-13.0,10.0,0.5000096418731994
mapa,-13.0,10.25,0.5000096507240483
mapa,-13.0,10.5,0.5000096629640408
mapa,-13.0,10.75,0.5000096805149027
mapa,-13.0,11.0,0.500009706377089
mapa,-13.0,11.25,0.5000097452344945
mapa,-13.0,11.5,0.5000098043975857
mapa,-13.0,11.75,0.5000098952738108
mapa,-13.0,12.0,0.500010035659032
mapa,-13.0,12.25,0.5000102533063764
mapa,-13.0,12.5,0.5000105914806839
mapa,-13.0,12.75,0.5000111175955794
mapa,-13.0,13.0,0.5000119366290166
mapa,-13.0,13.25,0.5000132119319423
mapa,-13.0,13.5,0.5000151974479772
mapa,-13.0,13.75,0.5000182874925366
mapa,-13.0,14.0,0.5000230934502037
mapa,-13.0,14.25,0.5000305615397752
mapa,-13.0,14.5,0.5000421528548111
mapa,-13.0,14.75,0.5000601171141607
mapa,-13.0,15.0,0.5000879060429866
mapa,-13.0,15.25,0.50013079219306
mapa,-13.0,15.5,0.5001967851128428
mapa,-13.0,15.75,0.5002979687333489
mapa,-13.0,16.0,0.5004524185029753
mapa,-12.75,-16.0,0.5000094881734329
mapa,-12.75,-15.75,0.5000094923590723
mapa,-12.75,-15.5,0.5000094965410554
mapa,-12.75,-15.25,0.5000095007192654
mapa,-12.75,-15.0,0.500009504893583
mapa,-12.75,-14.75,0.5000095090638863
mapa,-12.75,-14.5,0.5000095132300513
mapa,-12.75,-14.25,0.500009517391951
mapa,-12.75,-14.0,0.5000095215494559
mapa,-12.75,-13.75,0.500009525702434
mapa,-12.75,-13.5,0.5000095298507503
mapa,-12.75,-13.25,0.5000095339942675
mapa,-12.75,-13.0,0.5000095381328447
mapa,-12.75,-12.75,0.5000095422663388
mapa,-12.75,-12.5,0.5000095463946033
mapa,-12.75,-12.25,0.500009550517489
mapa,-12.75,-12.0,0.5000095546348433
mapa,-12.75,-11.75,0.5000095587465108
mapa,-12.75,-11.5,0.5000095628523327
mapa,-12.75,-11.25,0.5000095669521467
mapa,-12.75,-11.0,0.5000095710457877
mapa,-12.75,-10.75,0.5000095751330866
mapa,-12.75,-10.5,0.5000095792138712
mapa,-12.75,-10.25,0.5000095832879659
mapa,-12.75,-10.0,0.500009587355191
mapa,-12.75,-9.75,0.5000095914153633
mapa,-12.75,-9.5,0.5000095954682959
mapa,-12.75,-9.25,0.500009599513798
mapa,-12.75,-9.0,0.5000096035516749
mapa,-12.75,-8.75,0.500009607581728
mapa,-12.75,-8.5,0.500009611603754
mapa,-12.75,-8.25,0.5000096156175464
mapa,-12.75,-8.0,0.5000096196228938
mapa,-12.75,-7.75,0.5000096236195803
mapa,-12.75,-7.5,0.5000096276073861
mapa,-12.75,-7.25,0.5000096315860867
mapa,-12.75,-7.0,0.5000096355554525
mapa,-12.75,-6.75,0.50000963951525
mapa,-12.75,-6.5,0.50000964346524
mapa,-12.75,-6.25,0.5000096474051792
mapa,-12.75,-6.0,0.5000096513348186
mapa,-12.75,-5.75,0.5000096552539047
mapa,-12.75,-5.5,0.5000096591621783
mapa,-12.75,-5.25,0.5000096630593751
mapa,-12.75,-5.0,0.5000096669452253
mapa,-12.75,-4.75,0.5000096708194535
mapa,-12.75,-4.5,0.5000096746817788
mapa,-12.75,-4.25,0.5000096785319144
mapa,-12.75,-4.0,0.5000096823695674
mapa,-12.75,-3.75,0.5000096861944392
mapa,-12.75,-3.5,0.5000096900062251
mapa,-12.75,-3.25,0.5000096938046139
mapa,-12.75,-3.0,0.500009697589288
mapa,-12.75,-2.75,0.5000097013599235
mapa,-12.75,-2.5,0.5000097051161896
mapa,-12.75,-2.25,0.5000097088577486
mapa,-12.75,-2.0,0.5000097125842563
mapa,-12.75,-1.75,0.5000097162953613
mapa,-12.75,-1.5,0.5000097199907044
mapa,-12.75,-1.25,0.5000097236699198
mapa,-12.75,-1.0,0.5000097273326337
mapa,-12.75,-0.75,0.5000097309784651
mapa,-12.75,-0.5,0.5000097346070242
mapa,-12.75,-0.25,0.5000097382179145
mapa,-12.75,0.0,0.5000097418107301
mapa,-12.75,0.25,0.5000097453850578
mapa,-12.75,0.5,0.5000097489404752
mapa,-12.75,0.75,0.5000097524765517
mapa,-12.75,1.0,0.5000097559928475
mapa,-12.75,1.25,0.5000097594889142
mapa,-12.75,1.5,0.500009762964294
mapa,-12.75,1.75,0.5000097664185199
mapa,-12.75,2.0,0.5000097698511152
mapa,-12.75,2.25,0.5000097732615946
mapa,-12.75,2.5,0.5000097766494621
mapa,-12.75,2.75,0.5000097800142129
mapa,-12.75,3.0,0.500009783355333
mapa,-12.75,3.25,0.5000097866722989
mapa,-12.75,3.5,0.5000097899645798
mapa,-12.75,3.75,0.5000097932316377
mapa,-12.75,4.0,0.5000097964729303
mapa,-12.75,4.25,0.5000097996879137
mapa,-12.75,4.5,0.5000098028760498
mapa,-12.75,4.75,0.5000098060368132
mapa,-12.75,5.0,0.5000098091697068
mapa,-12.75,5.25,0.5000098122742839
mapa,-12.75,5.5,0.5000098153501829
mapa,-12.75,5.75,0.5000098183971817
mapa,-12.75,6.0,0.5000098214152849
mapa,-12.75,6.25,0.5000098244048561
mapa,-12.75,6.5,0.5000098273668282
mapa,-12.75,6.75,0.5000098303030308
mapa,-12.75,7.0,0.5000098332167017
mapa,-12.75,7.25,0.5000098361132849
mapa,-12.75,7.5,0.5000098390016793
mapa,-12.75,7.75,0.5000098418961876
mapa,-12.75,8.0,0.5000098448195599
mapa,-12.75,8.25,0.5000098478077492
mapa,-12.75,8.5,0.5000098509173346
mapa,-12.75,8.75,0.5000098542371193
mapa,-12.75,9.0,0.5000098579062366
mapa,-12.75,9.25,0.5000098621424265
mapa,-12.75,9.5,0.5000098672861868
mapa,-12.75,9.75,0.5000098738697056
mapa,-12.75,10.0,0.5000098827244759
mapa,-12.75,10.25,0.5000098951492754
mapa,-12.75,10.5,0.5000099131723389
mapa,-12.75,10.75,0.500009939960452
mapa,-12.75,11.0,0.5000099804571586
mapa,-12.75,11.25,0.5000100423780938
mapa,-12.75,11.5,0.5000101377626998
mapa,-12.75,11.75,0.5000102853922151
mapa,-12.75,12.0,0.5000105145553383
mapa,-12.75,12.25,0.500010870908418
mapa,-12.75,12.5,0.5000114255868352
mapa,-12.75,12.75,0.5000122893551069
mapa,-12.75,13.0,0.5000136345507116
mapa,-12.75,13.25,0.500015729053278
mapa,-12.75,13.5,0.5000189887508968
mapa,-12.75,13.75,0.5000240583472854
mapa,-12.75,14.0,0.5000319353784066
mapa,-12.75,14.25,0.500044159697451
mapa,-12.75,14.5,0.5000631013691005
mapa,-12.75,14.75,0.5000923949959156
mapa,-12.75,15.0,0.5001375891112441
mapa,-12.75,15.25,0.5002071061402922
mapa,-12.75,15.5,0.5003136409619013
mapa,-12.75,15.75,0.5004761606578921
mapa,-12.75,16.0,0.5007226950030941
mapa,-12.5,-16.0,0.5000097368404474
mapa,-12.5,-15.75,0.5000097410670702
mapa,-12.5,-15.5,0.5000097452885075
mapa,-12.5,-15.25,0.5000097495046102
mapa,-12.5,-15.0,0.5000097537152255
mapa,-12.5,-14.75,0.5000097579201982
mapa,-12.5,-14.5,0.5000097621193694
mapa,-12.5,-14.25,0.5000097663125771
mapa,-12.5,-14.0,0.5000097704996559
mapa,-12.5,-13.75,0.5000097746804371
mapa,-12.5,-13.5,0.5000097788547484
mapa,-12.5,-13.25,0.5000097830224138
mapa,-12.5,-13.0,0.5000097871832543
mapa,-12.5,-12.75,0.5000097913370863
mapa,-12.5,-12.5,0.5000097954837233
mapa,-12.5,-12.25,0.5000097996229741
mapa,-12.5,-12.0,0.5000098037546444
mapa,-12.5,-11.75,0.5000098078785353
mapa,-12.5,-11.5,0.5000098119944443
mapa,-12.5,-11.25,0.5000098161021638
mapa,-12.5,-11.0,0.5000098202014831
mapa,-12.5,-10.75,0.5000098242921867
mapa,-12.5,-10.5,0.500009828374054
mapa,-12.5,-10.25,0.500009832446861
mapa,-12.5,-10.0,0.5000098365103783
mapa,-12.5,-9.75,0.5000098405643719
mapa,-12.5,-9.5,0.5000098446086033
mapa,-12.5,-9.25,0.5000098486428288
mapa,-12.5,-9.0,0.5000098526667998
mapa,-12.5,-8.75,0.5000098566802624
mapa,-12.5,-8.5,0.5000098606829577
mapa,-12.5,-8.25,0.5000098646746214
mapa,-12.5,-8.0,0.5000098686549838
mapa,-12.5,-7.75,0.5000098726237694
mapa,-12.5,-7.5,0.5000098765806976
mapa,-12.5,-7.25,0.5000098805254813
mapa,-12.5,-7.0,0.5000098844578281
mapa,-12.5,-6.75,0.5000098883774392
mapa,-12.5,-6.5,0.5000098922840099
mapa,-12.5,-6.25,0.500009896177229
mapa,-12.5,-6.0,0.5000099000567793
mapa,-12.5,-5.75,0.5000099039223365
mapa,-12.5,-5.5,0.50000990777357
mapa,-12.5,-5.25,0.5000099116101424
mapa,-12.5,-5.0,0.5000099154317095
mapa,-12.5,-4.75,0.5000099192379195
mapa,-12.5,-4.5,0.5000099230284138
mapa,-12.5,-4.25,0.5000099268028264
mapa,-12.5,-4.0,0.5000099305607837
mapa,-12.5,-3.75,0.5000099343019043
mapa,-12.5,-3.5,0.5000099380257992
mapa,-12.5,-3.25,0.5000099417320714
mapa,-12.5,-3.0,0.5000099454203153
mapa,-12.5,-2.75,0.5000099490901174
mapa,-12.5,-2.5,0.500009952741056
mapa,-12.5,-2.25,0.5000099563726996
mapa,-12.5,-2.0,0.5000099599846093
mapa,-12.5,-1.75,0.500009963576336
mapa,-12.5,-1.5,0.5000099671474219
mapa,-12.5,-1.25,0.5000099706973998
mapa,-12.5,-1.0,0.5000099742257927
mapa,-12.5,-0.75,0.5000099777321141
mapa,-12.5,-0.5,0.5000099812158673
mapa,-12.5,-0.25,0.5000099846765452
mapa,-12.5,0.0,0.5000099881136307
mapa,-12.5,0.25,0.500009991526596
mapa,-12.5,0.5,0.5000099949149024
mapa,-12.5,0.75,0.500009998278
mapa,-12.5,1.0,0.5000100016153278
mapa,-12.5,1.25,0.5000100049263136
mapa,-12.5,1.5,0.5000100082103733
mapa,-12.5,1.75,0.500010011466911
mapa,-12.5,2.0,0.5000100146953189
mapa,-12.5,2.25,0.5000100178949773
mapa,-12.5,2.5,0.5000100210652543
mapa,-12.5,2.75,0.5000100242055064
mapa,-12.5,3.0,0.5000100273150786
mapa,-12.5,3.25,0.5000100303933052
mapa,-12.5,3.5,0.5000100334395113
mapa,-12.5,3.75,0.5000100364530151
mapa,-12.5,4.0,0.5000100394331313
mapa,-12.5,4.25,0.5000100423791775
mapa,-12.5,4.5,0.5000100452904831
mapa,-12.5,4.75,0.500010048166405
mapa,-12.5,5.0,0.5000100510063505
mapa,-12.5,5.25,0.5000100538098142
mapa,-12.5,5.5,0.5000100565764365
mapa,-12.5,5.75,0.5000100593060927
mapa,-12.5,6.0,0.5000100619990356
mapa,-12.5,6.25,0.5000100646561165
mapa,-12.5,6.5,0.5000100672791297
mapa,-12.5,6.75,0.5000100698713531
mapa,-12.5,7.0,0.5000100724383912
mapa,-12.5,7.25,0.5000100749894919
mapa,-12.5,7.5,0.5000100775396044
mapa,-12.5,7.75,0.5000100801125911
mapa,-12.5,8.0,0.5000100827462478
mapa,-12.5,8.25,0.5000100855001395
mapa,-12.5,8.5,0.5000100884678408
mapa,-12.5,8.75,0.500010091796049
mapa,-12.5,9.0,0.50001009571443
mapa,-12.5,9.25,0.50001010058222
mapa,-12.5,9.5,0.500010106960984
mapa,-12.5,9.75,0.5000101157282016
mapa,-12.5,10.0,0.5000101282545659
mapa,-12.5,10.25,0.5000101466806903
mapa,-12.5,10.5,0.5000101743488764
mapa,-12.5,10.75,0.5000102164766687
mapa,-12.5,11.0,0.5000102812072704
mapa,-12.5,11.25,0.5000103812470542
mapa,-12.5,11.5,0.5000105364170718
mapa,-12.5,11.75,0.5000107776263444
mapa,-12.5,12.0,0.5000111530545401
mapa,-12.5,12.25,0.5000117377635533
mapa,-12.5,12.5,0.5000126486220738
mapa,-12.5,12.75,0.5000140674458917
mapa,-12.5,13.0,0.5000162768104117
mapa,-12.5,13.25,0.5000197153469288
mapa,-12.5,13.5,0.5000250628753912
mapa,-12.5,13.75,0.5000333709959366
mapa,-12.5,14.0,0.5000462624973613
mapa,-12.5,14.25,0.5000662340945083
mapa,-12.5,14.5,0.5000971127014558
mapa,-12.5,14.75,0.5001447367939764
mapa,-12.5,15.0,0.5002179620407919
mapa,-12.5,15.25,0.5003301234394412
mapa,-12.5,15.5,0.500501120497964
mapa,-12.5,15.75,0.5007603169555624
mapa,-12.5,16.0,0.5011504406289599
mapa,-12.25,-16.0,0.5000099911531863
mapa,-12.25,-15.75,0.5000099954026088
mapa,-12.25,-15.5,0.5000099996448814
mapa,-12.25,-15.25,0.5000100038798133
mapa,-12.25,-15.0,0.5000100081072101
mapa,-12.25,-14.75,0.500010012326873
mapa,-12.25,-14.5,0.5000100165385993
mapa,-12.25,-14.25,0.500010020742182
mapa,-12.25,-14.0,0.5000100249374102
mapa,-12.25,-13.75,0.500010029124068
mapa,-12.25,-13.5,0.5000100333019354
mapa,-12.25,-13.25,0.5000100374707882
mapa,-12.25,-13.0,0.5000100416303971
mapa,-12.25,-12.75,0.5000100457805281
mapa,-12.25,-12.5,0.5000100499209428
mapa,-12.25,-12.25,0.5000100540513974
mapa,-12.25,-12.0,0.5000100581716435
mapa,-12.25,-11.75,0.5000100622814272
mapa,-12.25,-11.5,0.5000100663804897
mapa,-12.25,-11.25,0.5000100704685666
mapa,-12.25,-11.0,0.5000100745453884
mapa,-12.25,-10.75,0.5000100786106798
mapa,-12.25,-10.5,0.5000100826641597
mapa,-12.25,-10.25,0.5000100867055416
mapa,-12.25,-10.0,0.5000100907345328
mapa,-12.25,-9.75,0.5000100947508347
mapa,-12.25,-9.5,0.5000100987541427
mapa,-12.25,-9.25,0.5000101027441457
mapa,-12.25,-9.0,0.500010106720526
mapa,-12.25,-8.75,0.5000101106829602
mapa,-12.25,-8.5,0.5000101146311173
mapa,-12.25,-8.25,0.50001011856466
mapa,-12.25,-8.0,0.5000101224832441
mapa,-12.25,-7.75,0.5000101263865178
mapa,-12.25,-7.5,0.5000101302741229
mapa,-12.25,-7.25,0.5000101341456932
mapa,-12.25,-7.0,0.500010138000855
mapa,-12.25,-6.75,0.5000101418392273
mapa,-12.25,-6.5,0.5000101456604209
mapa,-12.25,-6.25,0.500010149464039
mapa,-12.25,-6.0,0.5000101532496761
mapa,-12.25,-5.75,0.5000101570169188
mapa,-12.25,-5.5,0.5000101607653449
mapa,-12.25,-5.25,0.5000101644945238
mapa,-12.25,-5.0,0.5000101682040162
mapa,-12.25,-4.75,0.5000101718933732
mapa,-12.25,-4.5,0.5000101755621369
mapa,-12.25,-4.25,0.5000101792098405
mapa,-12.25,-4.0,0.5000101828360067
mapa,-12.25,-3.75,0.5000101864401492
mapa,-12.25,-3.5,0.5000101900217713
mapa,-12.25,-3.25,0.5000101935803661
mapa,-12.25,-3.0,0.5000101971154166
mapa,-12.25,-2.75,0.5000102006263948
mapa,-12.25,-2.5,0.500010204112762
mapa,-12.25,-2.25,0.5000102075739685
mapa,-12.25,-2.0,0.5000102110094533
mapa,-12.25,-1.75,0.5000102144186439
mapa,-12.25,-1.5,0.5000102178009559
mapa,-12.25,-1.25,0.5000102211557927
mapa,-12.25,-1.0,0.5000102244825463
mapa,-12.25,-0.75,0.5000102277805953
mapa,-12.25,-0.5,0.5000102310493059
mapa,-12.25,-0.25,0.5000102342880314
mapa,-12.25,0.0,0.5000102374961116
mapa,-12.25,0.25,0.500010240672873
mapa,-12.25,0.5,0.5000102438176283
mapa,-12.25,0.75,0.5000102469296759
mapa,-12.25,1.0,0.5000102500083
mapa,-12.25,1.25,0.5000102530527702
mapa,-12.25,1.5,0.5000102560623417
mapa,-12.25,1.75,0.5000102590362542
mapa,-12.25,2.0,0.5000102619737323
mapa,-12.25,2.25,0.5000102648739861
mapa,-12.25,2.5,0.5000102677362098
mapa,-12.25,2.75,0.5000102705595837
mapa,-12.25,3.0,0.5000102733432739
mapa,-12.25,3.25,0.500010276086434
mapa,-12.25,3.5,0.5000102787882077
mapa,-12.25,3.75,0.5000102814477322
mapa,-12.25,4.0,0.5000102840641447
mapa,-12.25,4.25,0.5000102866365925
mapa,-12.25,4.5,0.5000102891642484
mapa,-12.25,4.75,0.5000102916463353
mapa,-12.25,5.0,0.5000102940821658
mapa,-12.25,5.25,0.5000102964712022
mapa,-12.25,5.5,0.5000102988131527
mapa,-12.25,5.75,0.5000103011081202
mapa,-12.25,6.0,0.5000103033568353
mapa,-12.25,6.25,0.5000103055610217
mapa,-12.25,6.5,0.5000103077239648
mapa,-12.25,6.75,0.5000103098514026
mapa,-12.25,7.0,0.5000103119529155
mapa,-12.25,7.25,0.5000103140440973
mapa,-12.25,7.5,0.500010316149948
mapa,-12.25,7.75,0.500010318310169
mapa,-12.25,8.0,0.5000103205874377
mapa,-12.25,8.25,0.5000103230803252
mapa,-12.25,8.5,0.500010325943472
mapa,-12.25,8.75,0.5000103294190896
mapa,-12.25,9.0,0.5000103338861508
mapa,-12.25,9.25,0.5000103399371848
mapa,-12.25,9.5,0.500010348498166
mapa,-12.25,9.75,0.5000103610156463
mapa,-12.25,10.0,0.5000103797488058
mapa,-12.25,10.25,0.5000104082251463
mapa,-12.25,10.5,0.500010451951348
mapa,-12.25,10.75,0.5000105195218127
mapa,-12.25,11.0,0.5000106243466973
mapa,-12.25,11.25,0.5000107873442959
mapa,-12.25,11.5,0.5000110411333578
mapa,-12.25,11.75,0.5000114365559091
mapa,-12.25,12.0,0.5000120528163131
mapa,-12.25,12.25,0.5000130132223556
mapa,-12.25,12.5,0.5000145095866061
mapa,-12.25,12.75,0.5000168399810053
mapa,-12.25,13.0,0.500020467013277
mapa,-12.25,13.25,0.5000261075120487
mapa,-12.25,13.5,0.5000348700326659
mapa,-12.25,13.75,0.5000484646911239
mapa,-12.25,14.0,0.5000695214759223
mapa,-12.25,14.25,0.5001020695123611
mapa,-12.25,14.5,0.500152251845804
mapa,-12.25,14.75,0.5002293786849781
mapa,-12.25,15.0,0.5003474555702826
mapa,-12.25,15.25,0.5005273568381187
mapa,-12.25,15.5,0.50079983738036
mapa,-12.25,15.75,0.5012095638653544
mapa,-12.25,16.0,0.5018202604488606
mapa,-12.0,-16.0,0.5000102510014168
mapa,-12.0,-15.75,0.5000102552496661
mapa,-12.0,-15.5,0.5000102594882458
mapa,-12.0,-15.25,0.5000102637169123
mapa,-12.0,-15.0,0.5000102679354169
mapa,-12.0,-14.75,0.5000102721435062
mapa,-12.0,-14.5,0.5000102763409211
mapa,-12.0,-14.25,0.5000102805273976
mapa,-12.0,-14.0,0.500010284702666
mapa,-12.0,-13.75,0.5000102888664508
mapa,-12.0,-13.5,0.5000102930184714
mapa,-12.0,-13.25,0.5000102971584413
mapa,-12.0,-13.0,0.5000103012860677
mapa,-12.0,-12.75,0.5000103054010521
mapa,-12.0,-12.5,0.5000103095030898
mapa,-12.0,-12.25,0.5000103135918699
mapa,-12.0,-12.0,0.5000103176670749
mapa,-12.0,-11.75,0.5000103217283812
mapa,-12.0,-11.5,0.500010325775458
mapa,-12.0,-11.25,0.5000103298079679
mapa,-12.0,-11.0,0.5000103338255667
mapa,-12.0,-10.75,0.5000103378279032
mapa,-12.0,-10.5,0.5000103418146186
mapa,-12.0,-10.25,0.500010345785347
mapa,-12.0,-10.0,0.500010349739715
mapa,-12.0,-9.75,0.5000103536773413
mapa,-12.0,-9.5,0.500010357597837
mapa,-12.0,-9.25,0.5000103615008051
mapa,-12.0,-9.0,0.5000103653858404
mapa,-12.0,-8.75,0.5000103692525295
mapa,-12.0,-8.5,0.5000103731004503
mapa,-12.0,-8.25,0.5000103769291724
mapa,-12.0,-8.0,0.500010380738256
mapa,-12.0,-7.75,0.5000103845272528
mapa,-12.0,-7.5,0.5000103882957048
mapa,-12.0,-7.25,0.5000103920431451
mapa,-12.0,-7.0,0.5000103957690969
mapa,-12.0,-6.75,0.5000103994730737
mapa,-12.0,-6.5,0.5000104031545788
mapa,-12.0,-6.25,0.5000104068131057
mapa,-12.0,-6.0,0.500010410448137
mapa,-12.0,-5.75,0.5000104140591451
mapa,-12.0,-5.5,0.5000104176455913
mapa,-12.0,-5.25,0.5000104212069261
mapa,-12.0,-5.0,0.5000104247425882
mapa,-12.0,-4.75,0.5000104282520054
mapa,-12.0,-4.5,0.5000104317345935
mapa,-12.0,-4.25,0.5000104351897561
mapa,-12.0,-4.0,0.5000104386168847
mapa,-12.0,-3.75,0.5000104420153584
mapa,-12.0,-3.5,0.5000104453845434
mapa,-12.0,-3.25,0.5000104487237932
mapa,-12.0,-3.0,0.5000104520324474
mapa,-12.0,-2.75,0.5000104553098328
mapa,-12.0,-2.5,0.5000104585552618
mapa,-12.0,-2.25,0.5000104617680329
mapa,-12.0,-2.0,0.5000104649474301
mapa,-12.0,-1.75,0.500010468092723
mapa,-12.0,-1.5,0.5000104712031658
mapa,-12.0,-1.25,0.5000104742779975
mapa,-12.0,-1.0,0.5000104773164419
mapa,-12.0,-0.75,0.5000104803177062
mapa,-12.0,-0.5,0.500010483280982
mapa,-12.0,-0.25,0.5000104862054437
mapa,-12.0,0.0,0.5000104890902494
mapa,-12.0,0.25,0.5000104919345391
mapa,-12.0,0.5,0.5000104947374362
mapa,-12.0,0.75,0.5000104974980455
mapa,-12.0,1.0,0.5000105002154539
mapa,-12.0,1.25,0.5000105028887295
mapa,-12.0,1.5,0.5000105055169219
mapa,-12.0,1.75,0.5000105080990619
mapa,-12.0,2.0,0.5000105106341604
mapa,-12.0,2.25,0.50001051312121
mapa,-12.0,2.5,0.5000105155591845
mapa,-12.0,2.75,0.5000105179470399
mapa,-12.0,3.0,0.5000105202837152
mapa,-12.0,3.25,0.5000105225681357
mapa,-12.0,3.5,0.5000105247992166
mapa,-12.0,3.75,0.5000105269758689
mapa,-12.0,4.0,0.5000105290970115
mapa,-12.0,4.25,0.5000105311615854
mapa,-12.0,4.5,0.5000105331685818
mapa,-12.0,4.75,0.500010535117082
mapa,-12.0,5.0,0.5000105370063216
mapa,-12.0,5.25,0.5000105388357918
mapa,-12.0,5.5,0.500010540605396
mapa,-12.0,5.75,0.5000105423156962
mapa,-12.0,6.0,0.5000105439682981
mapa,-12.0,6.25,0.5000105455664524
mapa,-12.0,6.5,0.5000105471159932
mapa,-12.0,6.75,0.5000105486268059
mapa,-12.0,7.0,0.5000105501151195
mapa,-12.0,7.25,0.5000105516070861
mapa,-12.0,7.5,0.5000105531443715
mapa,-12.0,7.75,0.5000105547928887
mapa,-12.0,8.0,0.500010556656433
mapa,-12.0,8.25,0.5000105588979773
mapa,-12.0,8.5,0.5000105617729238
mapa,-12.0,8.75,0.5000105656810238
mapa,-12.0,9.0,0.5000105712474349
mapa,-12.0,9.25,0.500010579449262
mapa,-12.0,9.5,0.5000105918130691
mapa,-12.0,9.75,0.5000106107231205
mapa,-12.0,10.0,0.5000106399023265
mapa,-12.0,10.25,0.5000106851624652
mapa,-12.0,10.5,0.50001075557406
mapa,-12.0,10.75,0.5000108652899289
mapa,-12.0,11.0,0.5000110363861919
mapa,-12.0,11.25,0.5000113032856375
mapa,-12.0,11.5,0.5000117196393066
mapa,-12.0,11.75,0.5000123690217928
mapa,-12.0,12.0,0.500013381533146
mapa,-12.0,12.25,0.5000149595292975
mapa,-12.0,12.5,0.5000174174226543
mapa,-12.0,12.75,0.5000212430965716
mapa,-12.0,13.0,0.5000271923810863
mapa,-12.0,13.25,0.5000364338291042
mapa,-12.0,13.5,0.5000507695016783
mapa,-12.0,13.75,0.5000729696188615
mapa,-12.0,14.0,0.5001072759036914
mapa,-12.0,14.25,0.5001601512931099
mapa,-12.0,14.5,0.5002413827983254
mapa,-12.0,14.75,0.5003656782224446
mapa,-12.0,15.0,0.5005549307841403
mapa,-12.0,15.25,0.5008413456661608
mapa,-12.0,15.5,0.5012716041667625
mapa,-12.0,15.75,0.5019121423361702
mapa,-12.0,16.0,0.5028553805464843
mapa,-11.75,-16.0,0.5000105162005875
mapa,-11.75,-15.75,0.5000105204162867
mapa,-11.75,-15.5,0.5000105246190875
mapa,-11.75,-15.25,0.500010528808679
mapa,-11.75,-15.0,0.5000105329847437
mapa,-11.75,-14.75,0.5000105371469582
mapa,-11.75,-14.5,0.5000105412949916
mapa,-11.75,-14.25,0.5000105454285065
mapa,-11.75,-14.0,0.5000105495471592
mapa,-11.75,-13.75,0.5000105536505979
mapa,-11.75,-13.5,0.5000105577384644
mapa,-11.75,-13.25,0.5000105618103925
mapa,-11.75,-13.0,0.500010565866009
mapa,-11.75,-12.75,0.5000105699049328
mapa,-11.75,-12.5,0.5000105739267748
mapa,-11.75,-12.25,0.5000105779311381
mapa,-11.75,-12.0,0.5000105819176178
mapa,-11.75,-11.75,0.5000105858858004
mapa,-11.75,-11.5,0.5000105898352638
mapa,-11.75,-11.25,0.5000105937655777
mapa,-11.75,-11.0,0.5000105976763024
mapa,-11.75,-10.75,0.5000106015669896
mapa,-11.75,-10.5,0.5000106054371818
mapa,-11.75,-10.25,0.5000106092864115
mapa,-11.75,-10.0,0.5000106131142023
mapa,-11.75,-9.75,0.5000106169200677
mapa,-11.75,-9.5,0.5000106207035111
mapa,-11.75,-9.25,0.500010624464026
mapa,-11.75,-9.0,0.5000106282010953
mapa,-11.75,-8.75,0.5000106319141913
mapa,-11.75,-8.5,0.5000106356027754
mapa,-11.75,-8.25,0.500010639266298
mapa,-11.75,-8.0,0.5000106429041983
mapa,-11.75,-7.75,0.500010646515904
mapa,-11.75,-7.5,0.5000106501008306
mapa,-11.75,-7.25,0.5000106536583824
mapa,-11.75,-7.0,0.5000106571879505
mapa,-11.75,-6.75,0.5000106606889143
mapa,-11.75,-6.5,0.5000106641606401
mapa,-11.75,-6.25,0.5000106676024814
mapa,-11.75,-6.0,0.500010671013778
mapa,-11.75,-5.75,0.5000106743938566
mapa,-11.75,-5.5,0.5000106777420299
mapa,-11.75,-5.25,0.5000106810575963
mapa,-11.75,-5.0,0.5000106843398402
mapa,-11.75,-4.75,0.5000106875880308
mapa,-11.75,-4.5,0.5000106908014229
mapa,-11.75,-4.25,0.5000106939792555
mapa,-11.75,-4.0,0.5000106971207521
mapa,-11.75,-3.75,0.5000107002251204
mapa,-11.75,-3.5,0.5000107032915517
mapa,-11.75,-3.25,0.500010706319221
mapa,-11.75,-3.0,0.5000107093072858
mapa,-11.75,-2.75,0.5000107122548867
mapa,-11.75,-2.5,0.5000107151611467
mapa,-11.75,-2.25,0.5000107180251705
mapa,-11.75,-2.0,0.500010720846045
mapa,-11.75,-1.75,0.5000107236228374
mapa,-11.75,-1.5,0.5000107263545969
mapa,-11.75,-1.25,0.5000107290403522
mapa,-11.75,-1.0,0.5000107316791128
mapa,-11.75,-0.75,0.5000107342698672
mapa,-11.75,-0.5,0.5000107368115838
mapa,-11.75,-0.25,0.5000107393032096
mapa,-11.75,0.0,0.5000107417436699
mapa,-11.75,0.25,0.5000107441318682
mapa,-11.75,0.5,0.5000107464666856
mapa,-11.75,0.75,0.5000107487469801
mapa,-11.75,1.0,0.5000107509715869
mapa,-11.75,1.25,0.5000107531393173
mapa,-11.75,1.5,0.500010755248959
mapa,-11.75,1.75,0.5000107572992756
mapa,-11.75,2.0,0.5000107592890065
mapa,-11.75,2.25,0.5000107612168678
mapa,-11.75,2.5,0.5000107630815523
mapa,-11.75,2.75,0.5000107648817311
mapa,-11.75,3.0,0.5000107666160563
mapa,-11.75,3.25,0.5000107682831645
mapa,-11.75,3.5,0.5000107698816846
mapa,-11.75,3.75,0.5000107714102479
mapa,-11.75,4.0,0.5000107728675055
mapa,-11.75,4.25,0.500010774252156
mapa,-11.75,4.5,0.5000107755629886
mapa,-11.75,4.75,0.5000107767989505
mapa,-11.75,5.0,0.5000107779592531
mapa,-11.75,5.25,0.5000107790435384
mapa,-11.75,5.5,0.5000107800521384
mapa,-11.75,5.75,0.500010780986481
mapa,-11.75,6.0,0.5000107818497248
mapa,-11.75,6.25,0.5000107826477503
mapa,-11.75,6.5,0.5000107833907087
mapa,-11.75,6.75,0.500010784095441
mapa,-11.75,7.0,0.5000107847892562
mapa,-11.75,7.25,0.5000107855158341
mapa,-11.75,7.5,0.5000107863444407
mapa,-11.75,7.75,0.5000107873843231
mapa,-11.75,8.0,0.5000107888071854
mapa,-11.75,8.25,0.5000107908822875
mapa,-11.75,8.5,0.5000107940312458
mapa,-11.75,8.75,0.5000107989135901
mapa,-11.75,9.0,0.5000108065603236
mapa,-11.75,9.25,0.5000108185823902
mapa,-11.75,9.5,0.5000108374960038
mapa,-11.75,9.75,0.500010867230243
mapa,-11.75,10.0,0.5000109139188119
mapa,-11.75,10.25,0.5000109871346425
mapa,-11.75,10.5,0.5000111018142217
mapa,-11.75,10.75,0.5000112812554006
mapa,-11.75,11.0,0.5000115617844911
mapa,-11.75,11.25,0.5000120000162368
mapa,-11.75,11.5,0.5000126841356655
mapa,-11.75,11.75,0.5000137514074843
mapa,-11.75,12.0,0.5000154153071877
mapa,-11.75,12.25,0.5000180074770314
mapa,-11.75,12.5,0.5000220424446421
mapa,-11.75,12.75,0.5000283171396437
mapa,-11.75,13.0,0.500038063313818
mapa,-11.75,13.25,0.5000531798285329
mapa,-11.75,13.5,0.5000765844435777
mapa,-11.75,13.75,0.5001127423751006
mapa,-11.75,14.0,0.5001684524978737
mapa,-11.75,14.25,0.5002540018912085
mapa,-11.75,14.5,0.5003848336792893
mapa,-11.75,14.75,0.5005839057104117
mapa,-11.75,15.0,0.5008849345714809
mapa,-11.75,15.25,0.5013366939691383
mapa,-11.75,15.5,0.5020084241464442
mapa,-11.75,15.75,0.5029961465374098
mapa,-11.75,16.0,0.5044291945125526
mapa,-11.5,-16.0,0.5000107864701966
mapa,-11.5,-15.75,0.5000107906125031
mapa,-11.5,-15.5,0.5000107947377775
mapa,-11.5,-15.25,0.5000107988456233
mapa,-11.5,-15.0,0.5000108029356353
mapa,-11.5,-14.75,0.5000108070074003
mapa,-11.5,-14.5,0.5000108110604962
mapa,-11.5,-14.25,0.5000108150944927
mapa,-11.5,-14.0,0.5000108191089504
mapa,-11.5,-13.75,0.5000108231034208
mapa,-11.5,-13.5,0.5000108270774464
mapa,-11.5,-13.25,0.5000108310305601
mapa,-11.5,-13.0,0.5000108349622854
mapa,-11.5,-12.75,0.5000108388721358
mapa,-11.5,-12.5,0.5000108427596149
mapa,-11.5,-12.25,0.5000108466242161
mapa,-11.5,-12.0,0.5000108504654227
mapa,-11.5,-11.75,0.5000108542827068
mapa,-11.5,-11.5,0.5000108580755298
mapa,-11.5,-11.25,0.5000108618433423
mapa,-11.5,-11.0,0.5000108655855837
mapa,-11.5,-10.75,0.5000108693016816
mapa,-11.5,-10.5,0.5000108729910517
mapa,-11.5,-10.25,0.5000108766530982
mapa,-11.5,-10.0,0.5000108802872125
mapa,-11.5,-9.75,0.500010883892774
mapa,-11.5,-9.5,0.5000108874691492
mapa,-11.5,-9.25,0.5000108910156914
mapa,-11.5,-9.0,0.5000108945317407
mapa,-11.5,-8.75,0.5000108980166238
mapa,-11.5,-8.5,0.5000109014696535
mapa,-11.5,-8.25,0.5000109048901284
mapa,-11.5,-8.0,0.500010908277333
mapa,-11.5,-7.75,0.5000109116305365
mapa,-11.5,-7.5,0.5000109149489936
mapa,-11.5,-7.25,0.5000109182319438
mapa,-11.5,-7.0,0.5000109214786105
mapa,-11.5,-6.75,0.5000109246882014
mapa,-11.5,-6.5,0.5000109278599083
mapa,-11.5,-6.25,0.5000109309929057
mapa,-11.5,-6.0,0.5000109340863517
mapa,-11.5,-5.75,0.5000109371393868
mapa,-11.5,-5.5,0.5000109401511343
mapa,-11.5,-5.25,0.5000109431206988
mapa,-11.5,-5.0,0.5000109460471672
mapa,-11.5,-4.75,0.5000109489296073
mapa,-11.5,-4.5,0.5000109517670678
mapa,-11.5,-4.25,0.500010954558578
mapa,-11.5,-4.0,0.5000109573031472
mapa,-11.5,-3.75,0.5000109599997642
mapa,-11.5,-3.5,0.5000109626473974
mapa,-11.5,-3.25,0.5000109652449939
mapa,-11.5,-3.0,0.500010967791479
mapa,-11.5,-2.75,0.500010970285756
mapa,-11.5,-2.5,0.5000109727267061
mapa,-11.5,-2.25,0.5000109751131873
mapa,-11.5,-2.0,0.5000109774440334
mapa,-11.5,-1.75,0.5000109797180556
mapa,-11.5,-1.5,0.5000109819340399
mapa,-11.5,-1.25,0.5000109840907476
mapa,-11.5,-1.0,0.5000109861869145
mapa,-11.5,-0.75,0.5000109882212505
mapa,-11.5,-0.5,0.5000109901924392
mapa,-11.5,-0.25,0.5000109920991374
mapa,-11.5,0.0,0.5000109939399736
mapa,-11.5,0.25,0.5000109957135491
mapa,-11.5,0.5,0.5000109974184365
mapa,-11.5,0.75,0.5000109990531788
mapa,-11.5,1.0,0.5000110006162903
mapa,-11.5,1.25,0.5000110021062548
mapa,-11.5,1.5,0.5000110035215264
mapa,-11.5,1.75,0.5000110048605281
mapa,-11.5,2.0,0.5000110061216536
mapa,-11.5,2.25,0.500011007303267
mapa,-11.5,2.5,0.5000110084037039
mapa,-11.5,2.75,0.5000110094212749
mapa,-11.5,3.0,0.5000110103542684
mapa,-11.5,3.25,0.5000110112009593
mapa,-11.5,3.5,0.5000110119596192
mapa,-11.5,3.75,0.5000110126285348
mapa,-11.5,4.0,0.5000110132060371
mapa,-11.5,4.25,0.5000110136905468
mapa,-11.5,4.5,0.5000110140806446
mapa,-11.5,4.75,0.5000110143751847
mapa,-11.5,5.0,0.5000110145734689
mapa,-11.5,5.25,0.5000110146755203
mapa,-11.5,5.5,0.5000110146825129
mapa,-11.5,5.75,0.5000110145974405
mapa,-11.5,6.0,0.5000110144261626
mapa,-11.5,6.25,0.5000110141790397
mapa,-11.5,6.5,0.5000110138734868
mapa,-11.5,6.75,0.5000110135379611
mapa,-11.5,7.0,0.5000110132181914
mapa,-11.5,7.25,0.5000110129869073
mapa,-11.5,7.5,0.5000110129590312
mapa,-11.5,7.75,0.5000110133154037
mapa,-11.5,8.0,0.5000110143398299
mapa,-11.5,8.25,0.5000110164769219
mapa,-11.5,8.5,0.5000110204224043
mapa,-11.5,8.75,0.500011027264083
mapa,-11.5,9.0,0.5000110387018746
mapa,-11.5,9.25,0.5000110573911702
mapa,-11.5,9.5,0.5000110874785526
mapa,-11.5,9.75,0.5000111354373942
mapa,-11.5,10.0,0.5000112113707551
mapa,-11.5,10.25,0.5000113310420423
mapa,-11.5,10.5,0.5000115190382463
mapa,-11.5,10.75,0.5000118136941365
mapa,-11.5,11.0,0.5000122747513126
mapa,-11.5,11.25,0.5000129952585519
mapa,-11.5,11.5,0.500014120037872
mapa,-11.5,11.75,0.5000158742917289
mapa,-11.5,12.0,0.5000186078294676
mapa,-11.5,12.25,0.500022863264687
mapa,-11.5,12.5,0.5000294808356476
mapa,-11.5,12.75,0.5000397588612953
mapa,-11.5,13.0,0.5000556981076028
mapa,-11.5,13.25,0.5000803715491173
mapa,-11.5,13.5,0.5001184793222156
mapa,-11.5,13.75,0.5001771730404083
mapa,-11.5,14.0,0.5002672641578995
mapa,-11.5,14.25,0.500404965560036
mapa,-11.5,14.5,0.5006143472062304
mapa,-11.5,14.75,0.5009307001974613
mapa,-11.5,15.0,0.5014049703997069
mapa,-11.5,15.25,0.5021092958850943
mapa,-11.5,15.5,0.5031433968708958
mapa,-11.5,15.75,0.5046410526558224
mapa,-11.5,16.0,0.5067751227868175
mapa,-11.25,-16.0,0.5000110614061701
mapa,-11.25,-15.75,0.5000110654221449
mapa,-11.25,-15.5,0.5000110694158
mapa,-11.25,-15.25,0.5000110733866289
mapa,-11.25,-15.0,0.5000110773341148
mapa,-11.25,-14.75,0.5000110812577299
mapa,-11.25,-14.5,0.500011085156936
mapa,-11.25,-14.25,0.5000110890311836
mapa,-11.25,-14.0,0.5000110928799121
mapa,-11.25,-13.75,0.5000110967025491
mapa,-11.25,-13.5,0.5000111004985106
mapa,-11.25,-13.25,0.5000111042672006
mapa,-11.25,-13.0,0.500011108008011
mapa,-11.25,-12.75,0.500011111720321
mapa,-11.25,-12.5,0.500011115403497
mapa,-11.25,-12.25,0.5000111190568927
mapa,-11.25,-12.0,0.5000111226798483
mapa,-11.25,-11.75,0.5000111262716904
mapa,-11.25,-11.5,0.5000111298317321
mapa,-11.25,-11.25,0.5000111333592719
mapa,-11.25,-11.0,0.5000111368535943
mapa,-11.25,-10.75,0.5000111403139689
mapa,-11.25,-10.5,0.5000111437396504
mapa,-11.25,-10.25,0.5000111471298784
mapa,-11.25,-10.0,0.5000111504838762
mapa,-11.25,-9.75,0.500011153800852
mapa,-11.25,-9.5,0.5000111570799972
mapa,-11.25,-9.25,0.5000111603204869
mapa,-11.25,-9.0,0.5000111635214788
mapa,-11.25,-8.75,0.500011166682114
mapa,-11.25,-8.5,0.5000111698015155
mapa,-11.25,-8.25,0.5000111728787884
mapa,-11.25,-8.0,0.5000111759130194
mapa,-11.25,-7.75,0.5000111789032765
mapa,-11.25,-7.5,0.5000111818486086
mapa,-11.25,-7.25,0.5000111847480451
mapa,-11.25,-7.0,0.5000111876005953
mapa,-11.25,-6.75,0.5000111904052484
mapa,-11.25,-6.5,0.5000111931609728
mapa,-11.25,-6.25,0.5000111958667155
mapa,-11.25,-6.0,0.5000111985214022
mapa,-11.25,-5.75,0.5000112011239364
mapa,-11.25,-5.5,0.500011203673199
mapa,-11.25,-5.25,0.5000112061680483
mapa,-11.25,-5.0,0.5000112086073187
mapa,-11.25,-4.75,0.5000112109898212
mapa,-11.25,-4.5,0.5000112133143417
mapa,-11.25,-4.25,0.5000112155796419
mapa,-11.25,-4.0,0.5000112177844578
mapa,-11.25,-3.75,0.5000112199274993
mapa,-11.25,-3.5,0.5000112220074502
mapa,-11.25,-3.25,0.5000112240229668
mapa,-11.25,-3.0,0.5000112259726782
mapa,-11.25,-2.75,0.5000112278551856
mapa,-11.25,-2.5,0.500011229669061
mapa,-11.25,-2.25,0.500011231412847
mapa,-11.25,-2.0,0.500011233085057
mapa,-11.25,-1.75,0.5000112346841733
mapa,-11.25,-1.5,0.5000112362086474
mapa,-11.25,-1.25,0.5000112376568988
mapa,-11.25,-1.0,0.5000112390273148
mapa,-11.25,-0.75,0.5000112403182496
mapa,-11.25,-0.5,0.5000112415280236
mapa,-11.25,-0.25,0.5000112426549227
mapa,-11.25,0.0,0.5000112436971981
mapa,-11.25,0.25,0.5000112446530649
mapa,-11.25,0.5,0.5000112455207022
mapa,-11.25,0.75,0.5000112462982517
mapa,-11.25,1.0,0.5000112469838183
mapa,-11.25,1.25,0.5000112475754681
mapa,-11.25,1.5,0.5000112480712298
mapa,-11.25,1.75,0.5000112484690936
mapa,-11.25,2.0,0.5000112487670122
mapa,-11.25,2.25,0.5000112489629024
mapa,-11.25,2.5,0.5000112490546469
mapa,-11.25,2.75,0.5000112490400991
mapa,-11.25,3.0,0.5000112489170903
mapa,-11.25,3.25,0.5000112486834418
mapa,-11.25,3.5,0.5000112483369834
mapa,-11.25,3.75,0.5000112478755842
mapa,-11.25,4.0,0.5000112472972
mapa,-11.25,4.25,0.5000112465999491
mapa,-11.25,4.5,0.5000112457822291
mapa,-11.25,4.75,0.5000112448429025
mapa,-11.25,5.0,0.5000112437815857
mapa,-11.25,5.25,0.5000112425991006
mapa,-11.25,5.5,0.5000112412981815
mapa,-11.25,5.75,0.5000112398845797
mapa,-11.25,6.0,0.5000112383687884
mapa,-11.25,6.25,0.5000112367687369
mapa,-11.25,6.5,0.5000112351140025
mapa,-11.25,6.75,0.5000112334523832
mapa,-11.25,7.0,0.5000112318601678
mapa,-11.25,7.25,0.5000112304581713
mapa,-11.25,7.5,0.5000112294367782
mapa,-11.25,7.75,0.5000112290950441
mapa,-11.25,8.0,0.5000112299017497
mapa,-11.25,8.25,0.5000112325907166
mapa,-11.25,8.5,0.5000112383095968
mapa,-11.25,8.75,0.5000112488521052
mapa,-11.25,9.0,0.5000112670204152
mapa,-11.25,9.25,0.5000112971905547
mapa,-11.25,9.5,0.5000113461942646
mapa,-11.25,9.75,0.5000114246939598
mapa,-11.25,10.0,0.5000115493255822
mapa,-11.25,10.25,0.5000117460363582
mapa,-11.25,10.5,0.5000120552801931
mapa,-11.25,10.75,0.5000125400976158
mapa,-11.25,11.0,0.5000132986682884
mapa,-11.25,11.25,0.5000144837855354
mapa,-11.25,11.5,0.5000163330190314
mapa,-11.25,11.75,0.5000192153328363
mapa,-11.25,12.0,0.5000237029450938
mapa,-11.25,12.25,0.5000306817283089
mapa,-11.25,12.5,0.5000415201122344
mapa,-11.25,12.75,0.5000583261329286
mapa,-11.25,13.0,0.5000843360388042
mapa,-11.25,13.25,0.5001244968690705
mapa,-11.25,13.5,0.5001863305628821
mapa,-11.25,13.75,0.5002811983361478
mapa,-11.25,14.0,0.5004261187006112
mapa,-11.25,14.25,0.5006463229819311
mapa,-11.25,14.5,0.5009787419192077
mapa,-11.25,14.75,0.5014765752246525
mapa,-11.25,15.0,0.5022149536344727
mapa,-11.25,15.25,0.5032973932114624
mapa,-11.25,15.5,0.5048621960456019
mapa,-11.25,15.75,0.5070871443615322
mapa,-11.25,16.0,0.5101898659995309
mapa,-11.0,-16.0,0.5000113404455948
mapa,-11.0,-15.75,0.500011344266848
mapa,-11.0,-15.5,0.5000113480590208
mapa,-11.0,-15.25,0.5000113518214667
mapa,-11.0,-15.0,0.5000113555535262
mapa,-11.0,-14.75,0.500011359254526
mapa,-11.0,-14.5,0.5000113629237791
mapa,-11.0,-14.25,0.5000113665605844
mapa,-11.0,-14.0,0.5000113701642261
mapa,-11.0,-13.75,0.5000113737339744
mapa,-11.0,-13.5,0.5000113772690837
mapa,-11.0,-13.25,0.5000113807687937
mapa,-11.0,-13.0,0.5000113842323282
mapa,-11.0,-12.75,0.500011387658895
mapa,-11.0,-12.5,0.5000113910476858
mapa,-11.0,-12.25,0.5000113943978758
mapa,-11.0,-12.0,0.500011397708623
mapa,-11.0,-11.75,0.5000114009790684
mapa,-11.0,-11.5,0.500011404208335
mapa,-11.0,-11.25,0.5000114073955283
mapa,-11.0,-11.0,0.5000114105397349
mapa,-11.0,-10.75,0.5000114136400229
mapa,-11.0,-10.5,0.5000114166954417
mapa,-11.0,-10.25,0.5000114197050203
mapa,-11.0,-10.0,0.5000114226677683
mapa,-11.0,-9.75,0.5000114255826753
mapa,-11.0,-9.5,0.5000114284487094
mapa,-11.0,-9.25,0.5000114312648178
mapa,-11.0,-9.0,0.5000114340299268
mapa,-11.0,-8.75,0.5000114367429395
mapa,-11.0,-8.5,0.5000114394027373
mapa,-11.0,-8.25,0.5000114420081782
mapa,-11.0,-8.0,0.5000114445580972
mapa,-11.0,-7.75,0.5000114470513051
mapa,-11.0,-7.5,0.5000114494865883
mapa,-11.0,-7.25,0.5000114518627083
mapa,-11.0,-7.0,0.5000114541784014
mapa,-11.0,-6.75,0.5000114564323779
mapa,-11.0,-6.5,0.5000114586233211
mapa,-11.0,-6.25,0.5000114607498881
mapa,-11.0,-6.0,0.5000114628107081
mapa,-11.0,-5.75,0.500011464804382
mapa,-11.0,-5.5,0.5000114667294822
mapa,-11.0,-5.25,0.5000114685845518
mapa,-11.0,-5.0,0.500011470368104
mapa,-11.0,-4.75,0.5000114720786214
mapa,-11.0,-4.5,0.5000114737145556
mapa,-11.0,-4.25,0.5000114752743263
mapa,-11.0,-4.0,0.5000114767563208
mapa,-11.0,-3.75,0.5000114781588937
mapa,-11.0,-3.5,0.5000114794803652
mapa,-11.0,-3.25,0.5000114807190214
mapa,-11.0,-3.0,0.5000114818731132
mapa,-11.0,-2.75,0.5000114829408557
mapa,-11.0,-2.5,0.5000114839204272
mapa,-11.0,-2.25,0.5000114848099689
mapa,-11.0,-2.0,0.5000114856075838
mapa,-11.0,-1.75,0.5000114863113354
mapa,-11.0,-1.5,0.5000114869192487
mapa,-11.0,-1.25,0.5000114874293068
mapa,-11.0,-1.0,0.5000114878394528
mapa,-11.0,-0.75,0.5000114881475867
mapa,-11.0,-0.5,0.5000114883515657
mapa,-11.0,-0.25,0.5000114884492037
mapa,-11.0,0.0,0.5000114884382691
mapa,-11.0,0.25,0.5000114883164856
mapa,-11.0,0.5,0.5000114880815297
mapa,-11.0,0.75,0.5000114877310319
mapa,-11.0,1.0,0.5000114872625745
mapa,-11.0,1.25,0.5000114866736918
mapa,-11.0,1.5,0.5000114859618704
mapa,-11.0,1.75,0.5000114851245491
mapa,-11.0,2.0,0.5000114841591198
mapa,-11.0,2.25,0.5000114830629312
mapa,-11.0,2.5,0.5000114818332917
mapa,-11.0,2.75,0.5000114804674783
mapa,-11.0,3.0,0.5000114789627478
mapa,-11.0,3.25,0.5000114773163573
mapa,-11.0,3.5,0.5000114755255964
mapa,-11.0,3.75,0.5000114735878364
mapa,-11.0,4.0,0.5000114715006101
mapa,-11.0,4.25,0.5000114692617359
mapa,-11.0,4.5,0.500011466869513
mapa,-11.0,4.75,0.5000114643230253
mapa,-11.0,5.0,0.5000114616226194
mapa,-11.0,5.25,0.5000114587706499
mapa,-11.0,5.5,0.5000114557726446
mapa,-11.0,5.75,0.5000114526391256
mapa,-11.0,6.0,0.5000114493884534
mapa,-11.0,6.25,0.5000114460512712
mapa,-11.0,6.5,0.5000114426774436
mapa,-11.0,6.75,0.500011439346896
mapa,-11.0,7.0,0.5000114361865414
mapa,-11.0,7.25,0.5000114333967124
mapa,-11.0,7.5,0.5000114312924344
mapa,-11.0,7.75,0.5000114303678681
mapa,-11.0,8.0,0.5000114313969134
mapa,-11.0,8.25,0.5000114355902546
mapa,-11.0,8.5,0.500011444840469
mapa,-11.0,8.75,0.5000114621045104
mapa,-11.0,9.0,0.5000114920004262
mapa,-11.0,9.25,0.5000115417380295
mapa,-11.0,9.5,0.5000116225699028
mapa,-11.0,9.75,0.5000117520526236
mapa,-11.0,10.0,0.5000119575686348
mapa,-11.0,10.25,0.5000122818077081
mapa,-11.0,10.5,0.5000127912907752
mapa,-11.0,10.75,0.5000135896100778
mapa,-11.0,11.0,0.5000148379667305
mapa,-11.0,11.25,0.5000167869724909
mapa,-11.0,11.5,0.5000198257867963
mapa,-11.0,11.75,0.500024557831779
mapa,-11.0,12.0,0.5000319170623199
mapa,-11.0,12.25,0.5000433457467549
mapa,-11.0,12.5,0.5000610648305976
mapa,-11.0,12.75,0.5000884822972748
mapa,-11.0,13.0,0.5001308046515354
mapa,-11.0,13.25,0.5001959425633747
mapa,-11.0,13.5,0.500295833516884
mapa,-11.0,13.75,0.5004483389841433
mapa,-11.0,14.0,0.5006799027238463
mapa,-11.0,14.25,0.5010291622643641
mapa,-11.0,14.5,0.5015516547409246
mapa,-11.0,14.75,0.5023255994320923
mapa,-11.0,15.0,0.503458404323711
mapa,-11.0,15.25,0.5050929665020328
mapa,-11.0,15.5,0.5074120004954084
mapa,-11.0,15.75,0.5106376568512936
mapa,-11.0,16.0,0.5150229502616597
mapa,-10.75,-16.0,0.5000116228217032
mapa,-10.75,-15.75,0.5000116263601125
mapa,-10.75,-15.5,0.5000116298608015
mapa,-10.75,-15.25,0.5000116333229453
mapa,-10.75,-15.0,0.5000116367457021
mapa,-10.75,-14.75,0.5000116401282131
mapa,-10.75,-14.5,0.5000116434696011
mapa,-10.75,-14.25,0.5000116467689721
mapa,-10.75,-14.0,0.5000116500254126
mapa,-10.75,-13.75,0.500011653237991
mapa,-10.75,-13.5,0.5000116564057564
mapa,-10.75,-13.25,0.5000116595277384
mapa,-10.75,-13.0,0.5000116626029466
mapa,-10.75,-12.75,0.5000116656303704
mapa,-10.75,-12.5,0.5000116686089784
mapa,-10.75,-12.25,0.5000116715377179
mapa,-10.75,-12.0,0.5000116744155149
mapa,-10.75,-11.75,0.5000116772412732
mapa,-10.75,-11.5,0.500011680013874
mapa,-10.75,-11.25,0.5000116827321757
mapa,-10.75,-11.0,0.500011685395013
mapa,-10.75,-10.75,0.5000116880011972
mapa,-10.75,-10.5,0.5000116905495148
mapa,-10.75,-10.25,0.5000116930387275
mapa,-10.75,-10.0,0.5000116954675715
mapa,-10.75,-9.75,0.5000116978347573
mapa,-10.75,-9.5,0.5000117001389688
mapa,-10.75,-9.25,0.5000117023788626
mapa,-10.75,-9.0,0.5000117045530685
mapa,-10.75,-8.75,0.5000117066601875
mapa,-10.75,-8.5,0.5000117086987921
mapa,-10.75,-8.25,0.5000117106674256
mapa,-10.75,-8.0,0.5000117125646013
mapa,-10.75,-7.75,0.5000117143888021
mapa,-10.75,-7.5,0.5000117161384796
mapa,-10.75,-7.25,0.5000117178120539
mapa,-10.75,-7.0,0.5000117194079126
mapa,-10.75,-6.75,0.5000117209244098
mapa,-10.75,-6.5,0.5000117223598666
mapa,-10.75,-6.25,0.5000117237125692
mapa,-10.75,-6.0,0.5000117249807684
mapa,-10.75,-5.75,0.5000117261626797
mapa,-10.75,-5.5,0.5000117272564817
mapa,-10.75,-5.25,0.5000117282603157
mapa,-10.75,-5.0,0.5000117291722848
mapa,-10.75,-4.75,0.5000117299904528
mapa,-10.75,-4.5,0.5000117307128447
mapa,-10.75,-4.25,0.5000117313374445
mapa,-10.75,-4.0,0.5000117318621944
mapa,-10.75,-3.75,0.5000117322849953
mapa,-10.75,-3.5,0.5000117326037041
mapa,-10.75,-3.25,0.5000117328161346
mapa,-10.75,-3.0,0.5000117329200554
mapa,-10.75,-2.75,0.500011732913189
mapa,-10.75,-2.5,0.5000117327932116
mapa,-10.75,-2.25,0.5000117325577518
mapa,-10.75,-2.0,0.5000117322043891
mapa,-10.75,-1.75,0.500011731730654
mapa,-10.75,-1.5,0.5000117311340261
mapa,-10.75,-1.25,0.5000117304119328
mapa,-10.75,-1.0,0.5000117295617498
mapa,-10.75,-0.75,0.500011728580798
mapa,-10.75,-0.5,0.5000117274663446
mapa,-10.75,-0.25,0.5000117262155997
mapa,-10.75,0.0,0.5000117248257175
mapa,-10.75,0.25,0.5000117232937938
mapa,-10.75,0.5,0.5000117216168655
mapa,-10.75,0.75,0.5000117197919101
mapa,-10.75,1.0,0.5000117178158442
mapa,-10.75,1.25,0.5000117156855246
mapa,-10.75,1.5,0.5000117133977472
mapa,-10.75,1.75,0.5000117109492487
mapa,-10.75,2.0,0.5000117083367089
mapa,-10.75,2.25,0.5000117055567556
mapa,-10.75,2.5,0.500011702605971
mapa,-10.75,2.75,0.5000116994809062
mapa,-10.75,3.0,0.5000116961781007
mapa,-10.75,3.25,0.5000116926941166
mapa,-10.75,3.5,0.5000116890255906
mapa,-10.75,3.75,0.5000116851693178
mapa,-10.75,4.0,0.5000116811223827
mapa,-10.75,4.25,0.500011676882364
mapa,-10.75,4.5,0.5000116724476567
mapa,-10.75,4.75,0.5000116678179752
mapa,-10.75,5.0,0.50001166299514
mapa,-10.75,5.25,0.5000116579843076
mapa,-10.75,5.5,0.5000116527958922
mapa,-10.75,5.75,0.5000116474485683
mapa,-10.75,6.0,0.5000116419739596
mapa,-10.75,6.25,0.5000116364239652
mapa,-10.75,6.5,0.5000116308821995
mapa,-10.75,6.75,0.5000116254818578
mapa,-10.75,7.0,0.5000116204336176
mapa,-10.75,7.25,0.5000116160692011
mapa,-10.75,7.5,0.5000116129093947
mapa,-10.75,7.75,0.5000116117702352
mapa,-10.75,8.0,0.5000116139287674
mapa,-10.75,8.25,0.5000116213817416
mapa,-10.75,8.5,0.5000116372492985
mapa,-10.75,8.75,0.5000116664047378
mapa,-10.75,9.0,0.5000117164567031
mapa,-10.75,9.25,0.5000117992804213
mapa,-10.75,9.5,0.5000119334038204
mapa,-10.75,9.75,0.500012147723633
mapa,-10.75,10.0,0.5000124872886006
mapa,-10.75,10.25,0.5000130222914343
mapa,-10.75,10.5,0.5000138620339907
mapa,-10.75,10.75,0.500015176585345
mapa,-10.75,11.0,0.5000172303106446
mapa,-10.75,11.25,0.5000204336611949
mapa,-10.75,11.5,0.5000254229476291
mapa,-10.75,11.75,0.5000331827841122
mapa,-10.75,12.0,0.5000452331986585
mapa,-10.75,12.25,0.5000639139727535
mapa,-10.75,12.5,0.5000928137067179
mapa,-10.75,12.75,0.5001374115391567
mapa,-10.75,13.0,0.5002060261276331
mapa,-10.75,13.25,0.5003111988909507
mapa,-10.75,13.5,0.5004716731077175
mapa,-10.75,13.75,0.5007151578843791
mapa,-10.75,14.0,0.5010820667247778
mapa,-10.75,14.25,0.5016303595974886
mapa,-10.75,14.5,0.5024414410721063
mapa,-10.75,14.75,0.5036267058001375
mapa,-10.75,15.0,0.5053337128401357
mapa,-10.75,15.25,0.5077501077540534
mapa,-10.75,15.5,0.5111024420667462
mapa,-10.75,15.75,0.5156463636370331
mapa,-10.75,16.0,0.5216449513688153
mapa,-10.5,-16.0,0.5000119075064192
mapa,-10.5,-15.75,0.5000119106486693
mapa,-10.5,-15.5,0.5000119137421616
mapa,-10.5,-15.25,0.5000119167858437
mapa,-10.5,-15.0,0.5000119197786412
mapa,-10.5,-14.75,0.5000119227194585
mapa,-10.5,-14.5,0.5000119256071767
mapa,-10.5,-14.25,0.5000119284406543
mapa,-10.5,-14.0,0.5000119312187266
mapa,-10.5,-13.75,0.5000119339402045
mapa,-10.5,-13.5,0.5000119366038748
mapa,-10.5,-13.25,0.5000119392084994
mapa,-10.5,-13.0,0.5000119417528146
mapa,-10.5,-12.75,0.5000119442355311
mapa,-10.5,-12.5,0.5000119466553328
mapa,-10.5,-12.25,0.5000119490108769
mapa,-10.5,-12.0,0.5000119513007928
mapa,-10.5,-11.75,0.500011953523682
mapa,-10.5,-11.5,0.5000119556781171
mapa,-10.5,-11.25,0.5000119577626414
mapa,-10.5,-11.0,0.5000119597757686
mapa,-10.5,-10.75,0.5000119617159817
mapa,-10.5,-10.5,0.5000119635817325
mapa,-10.5,-10.25,0.5000119653714412
mapa,-10.5,-10.0,0.5000119670834957
mapa,-10.5,-9.75,0.5000119687162503
mapa,-10.5,-9.5,0.5000119702680261
mapa,-10.5,-9.25,0.5000119717371097
mapa,-10.5,-9.0,0.500011973121752
mapa,-10.5,-8.75,0.5000119744201688
mapa,-10.5,-8.5,0.5000119756305388
mapa,-10.5,-8.25,0.5000119767510034
mapa,-10.5,-8.0,0.500011977779666
mapa,-10.5,-7.75,0.500011978714591
mapa,-10.5,-7.5,0.5000119795538033
mapa,-10.5,-7.25,0.5000119802952868
mapa,-10.5,-7.0,0.5000119809369847
mapa,-10.5,-6.75,0.5000119814767974
mapa,-10.5,-6.5,0.5000119819125826
mapa,-10.5,-6.25,0.500011982242154
mapa,-10.5,-6.0,0.5000119824632803
mapa,-10.5,-5.75,0.5000119825736847
mapa,-10.5,-5.5,0.5000119825710436
mapa,-10.5,-5.25,0.5000119824529855
mapa,-10.5,-5.0,0.5000119822170905
mapa,-10.5,-4.75,0.5000119818608891
mapa,-10.5,-4.5,0.5000119813818611
mapa,-10.5,-4.25,0.5000119807774346
mapa,-10.5,-4.0,0.5000119800449847
mapa,-10.5,-3.75,0.5000119791818332
mapa,-10.5,-3.5,0.5000119781852465
mapa,-10.5,-3.25,0.5000119770524352
mapa,-10.5,-3.0,0.5000119757805525
mapa,-10.5,-2.75,0.5000119743666933
mapa,-10.5,-2.5,0.5000119728078932
mapa,-10.5,-2.25,0.5000119711011266
mapa,-10.5,-2.0,0.5000119692433059
mapa,-10.5,-1.75,0.5000119672312806
mapa,-10.5,-1.5,0.5000119650618352
mapa,-10.5,-1.25,0.5000119627316884
mapa,-10.5,-1.0,0.5000119602374918
mapa,-10.5,-0.75,0.5000119575758285
mapa,-10.5,-0.5,0.5000119547432116
mapa,-10.5,-0.25,0.5000119517360829
mapa,-10.5,0.0,0.5000119485508115
mapa,-10.5,0.25,0.5000119451836939
mapa,-10.5,0.5,0.5000119416309502
mapa,-10.5,0.75,0.5000119378887259
mapa,-10.5,1.0,0.5000119339530898
mapa,-10.5,1.25,0.5000119298200344
mapa,-10.5,1.5,0.5000119254854768
mapa,-10.5,1.75,0.5000119209452614
mapa,-10.5,2.0,0.5000119161951633
mapa,-10.5,2.25,0.5000119112308968
mapa,-10.5,2.5,0.5000119060481293
mapa,-10.5,2.75,0.5000119006425011
mapa,-10.5,3.0,0.500011895009663
mapa,-10.5,3.25,0.5000118891453288
mapa,-10.5,3.5,0.5000118830453648
mapa,-10.5,3.75,0.5000118767059273
mapa,-10.5,4.0,0.5000118701236789
mapa,-10.5,4.25,0.5000118632961272
mapa,-10.5,4.5,0.5000118562221567
mapa,-10.5,4.75,0.5000118489028579
mapa,-10.5,5.0,0.5000118413428257
mapa,-10.5,5.25,0.500011833552188
mapa,-10.5,5.5,0.5000118255497731
mapa,-10.5,5.75,0.5000118173680603
mapa,-10.5,6.0,0.500011809060912
mapa,-10.5,6.25,0.5000118007156483
mapa,-10.5,6.5,0.5000117924719051
mapa,-10.5,6.75,0.5000117845510829
mapa,-10.5,7.0,0.5000117773023286
mapa,-10.5,7.25,0.5000117712743289
mapa,-10.5,7.5,0.500011767327389
mapa,-10.5,7.75,0.5000117668083827
mapa,-10.5,8.0,0.5000117718237969
mapa,-10.5,8.25,0.5000117856657863
mapa,-10.5,8.5,0.5000118134768237
mapa,-10.5,8.75,0.5000118632862423
mapa,-10.5,9.0,0.500011947626138
mapa,-10.5,9.25,0.5000120860492547
mapa,-10.5,9.5,0.5000123090499904
mapa,-10.5,9.75,0.500012664165873
mapa,-10.5,10.0,0.5000132254632017
mapa,-10.5,10.25,0.5000141082666426
mapa,-10.5,10.5,0.5000154919983512
mapa,-10.5,10.75,0.5000176555265452
mapa,-10.5,11.0,0.5000210317496437
mapa,-10.5,11.25,0.5000262916407707
mapa,-10.5,11.5,0.5000344731856109
mapa,-10.5,11.75,0.5000471782958844
mapa,-10.5,12.0,0.500066871816551
mapa,-10.5,12.25,0.5000973322868775
mapa,-10.5,12.5,0.5001443252796597
mapa,-10.5,12.75,0.5002165975824681
mapa,-10.5,13.0,0.5003273234164732
mapa,-10.5,13.25,0.5004961682686387
mapa,-10.5,13.5,0.5007521613900239
mapa,-10.5,13.75,0.5011375634835898
mapa,-10.5,14.0,0.5017128445277442
mapa,-10.5,14.25,0.5025626918110362
mapa,-10.5,14.5,0.503802579682914
mapa,-10.5,14.75,0.5055847903232598
mapa,-10.5,15.0,0.5081018873787692
mapa,-10.5,15.25,0.5115846832984645
mapa,-10.5,15.5,0.5162911423361801
mapa,-10.5,15.75,0.5224831342474062
mapa,-10.5,16.0,0.5303902500967766
mapa,-10.25,-16.0,0.5000121931370378
mapa,-10.25,-15.75,0.5000121957376538
mapa,-10.25,-15.5,0.5000121982754157
mapa,-10.25,-15.25,0.5000122007489806
mapa,-10.25,-15.0,0.5000122031569784
mapa,-10.25,-14.75,0.5000122054980103
mapa,-10.25,-14.5,0.5000122077706495
mapa,-10.25,-14.25,0.5000122099734395
mapa,-10.25,-14.0,0.500012212104894
mapa,-10.25,-13.75,0.500012214163496
mapa,-10.25,-13.5,0.5000122161476976
mapa,-10.25,-13.25,0.5000122180559196
mapa,-10.25,-13.0,0.5000122198865493
mapa,-10.25,-12.75,0.5000122216379419
mapa,-10.25,-12.5,0.5000122233084182
mapa,-10.25,-12.25,0.5000122248962652
mapa,-10.25,-12.0,0.5000122263997342
mapa,-10.25,-11.75,0.5000122278170408
mapa,-10.25,-11.5,0.5000122291463641
mapa,-10.25,-11.25,0.5000122303858459
mapa,-10.25,-11.0,0.5000122315335894
mapa,-10.25,-10.75,0.5000122325876596
mapa,-10.25,-10.5,0.5000122335460813
mapa,-10.25,-10.25,0.5000122344068388
mapa,-10.25,-10.0,0.5000122351678756
mapa,-10.25,-9.75,0.5000122358270923
mapa,-10.25,-9.5,0.5000122363823467
mapa,-10.25,-9.25,0.5000122368314529
mapa,-10.25,-9.0,0.5000122371721798
mapa,-10.25,-8.75,0.5000122374022509
mapa,-10.25,-8.5,0.5000122375193425
mapa,-10.25,-8.25,0.500012237521084
mapa,-10.25,-8.0,0.5000122374050555
mapa,-10.25,-7.75,0.5000122371687875
mapa,-10.25,-7.5,0.5000122368097604
mapa,-10.25,-7.25,0.5000122363254024
mapa,-10.25,-7.0,0.5000122357130891
mapa,-10.25,-6.75,0.5000122349701424
mapa,-10.25,-6.5,0.500012234093829
mapa,-10.25,-6.25,0.50001223308136
mapa,-10.25,-6.0,0.5000122319298888
mapa,-10.25,-5.75,0.5000122306365107
mapa,-10.25,-5.5,0.5000122291982614
mapa,-10.25,-5.25,0.5000122276121156
mapa,-10.25,-5.0,0.5000122258749865
mapa,-10.25,-4.75,0.5000122239837232
mapa,-10.25,-4.5,0.500012221935111
mapa,-10.25,-4.25,0.5000122197258686
mapa,-10.25,-4.0,0.5000122173526478
mapa,-10.25,-3.75,0.5000122148120317
mapa,-10.25,-3.5,0.500012212100533
mapa,-10.25,-3.25,0.5000122092145934
mapa,-10.25,-3.0,0.5000122061505814
mapa,-10.25,-2.75,0.5000122029047908
mapa,-10.25,-2.5,0.5000121994734398
mapa,-10.25,-2.25,0.5000121958526689
mapa,-10.25,-2.0,0.5000121920385391
mapa,-10.25,-1.75,0.5000121880270314
mapa,-10.25,-1.5,0.500012183814044
mapa,-10.25,-1.25,0.5000121793953909
mapa,-10.25,-1.0,0.5000121747668009
mapa,-10.25,-0.75,0.500012169923915
mapa,-10.25,-0.5,0.5000121648622851
mapa,-10.25,-0.25,0.5000121595773729
mapa,-10.25,0.0,0.500012154064547
mapa,-10.25,0.25,0.500012148319083
mapa,-10.25,0.5,0.5000121423361612
mapa,-10.25,0.75,0.5000121361108657
mapa,-10.25,1.0,0.5000121296381849
mapa,-10.25,1.25,0.5000121229130112
mapa,-10.25,1.5,0.5000121159301437
mapa,-10.25,1.75,0.5000121086842919
mapa,-10.25,2.0,0.5000121011700847
mapa,-10.25,2.25,0.5000120933820826
mapa,-10.25,2.5,0.5000120853148018
mapa,-10.25,2.75,0.5000120769627493
mapa,-10.25,3.0,0.5000120683204817
mapa,-10.25,3.25,0.5000120593826973
mapa,-10.25,3.5,0.5000120501443811
mapa,-10.25,3.75,0.5000120406010327
mapa,-10.25,4.0,0.5000120307490242
mapa,-10.25,4.25,0.5000120205861601
mapa,-10.25,4.5,0.5000120101125533
mapa,-10.25,4.75,0.5000119993319937
mapa,-10.25,5.0,0.50001198825409
mapa,-10.25,5.25,0.5000119768976125
mapa,-10.25,5.5,0.5000119652957188
mapa,-10.25,5.75,0.5000119535041134
mapa,-10.25,6.0,0.5000119416137934
mapa,-10.25,6.25,0.5000119297709533
mapa,-10.25,6.5,0.5000119182080682
mapa,-10.25,6.75,0.5000119072924275
mapa,-10.25,7.0,0.5000118976019124
mapa,-10.25,7.25,0.5000118900432935
mapa,-10.25,7.5,0.500011886036884
mapa,-10.25,7.75,0.5000118878047227
mapa,-10.25,8.0,0.5000118988202401
mapa,-10.25,8.25,0.5000119245097171
mapa,-10.25,8.5,0.5000119733461874
mapa,-10.25,8.75,0.5000120585546708
mapa,-10.25,9.0,0.5000122007690808
mapa,-10.25,9.25,0.5000124321693855
mapa,-10.25,9.5,0.5000128029187827
mapa,-10.25,9.75,0.5000133911699532
mapa,-10.25,10.0,0.5000143186005885
mapa,-10.25,10.25,0.5000157744973179
mapa,-10.25,10.5,0.5000180530215109
mapa,-10.25,10.75,0.5000216107357787
mapa,-10.25,11.0,0.5000271551438233
mapa,-10.25,11.25,0.5000357804572836
mapa,-10.25,11.5,0.5000491748085942
mapa,-10.25,11.75,0.5000699346491163
mapa,-10.25,12.0,0.5001020382395029
mapa,-10.25,12.25,0.5001515520464186
mapa,-10.25,12.5,0.5002276720507003
mapa,-10.25,12.75,0.5003442353863636
mapa,-10.25,13.0,0.5005218717492497
mapa,-10.25,13.25,0.5007909872458685
mapa,-10.25,13.5,0.5011957630356842
mapa,-10.25,13.75,0.5017992679703305
mapa,-10.25,14.0,0.502689569954131
mapa,-10.25,14.25,0.5039863139551403
mapa,-10.25,14.5,0.5058465599718996
mapa,-10.25,14.75,0.5084677643121235
mapa,-10.25,15.0,0.5120848412103174
mapa,-10.25,15.25,0.5169577308215616
mapa,-10.25,15.5,0.5233465576253176
mapa,-10.25,15.75,0.5314740144559564
mapa,-10.25,16.0,0.5414791653875748
mapa,-10.0,-16.0,0.5000124779226661
mapa,-10.0,-15.75,0.5000124797951259
mapa,-10.0,-15.5,0.5000124815867331
mapa,-10.0,-15.25,0.5000124832957747
mapa,-10.0,-15.0,0.5000124849205025
mapa,-10.0,-14.75,0.5000124864591323
mapa,-10.0,-14.5,0.5000124879098432
mapa,-10.0,-14.25,0.5000124892707772
mapa,-10.0,-14.0,0.500012490540038
mapa,-10.0,-13.75,0.5000124917156904
mapa,-10.0,-13.5,0.5000124927957598
mapa,-10.0,-13.25,0.5000124937782305
mapa,-10.0,-13.0,0.5000124946610462
mapa,-10.0,-12.75,0.5000124954421079
mapa,-10.0,-12.5,0.5000124961192736
mapa,-10.0,-12.25,0.5000124966903575
mapa,-10.0,-12.0,0.500012497153129
mapa,-10.0,-11.75,0.5000124975053116
mapa,-10.0,-11.5,0.5000124977445821
mapa,-10.0,-11.25,0.5000124978685698
mapa,-10.0,-11.0,0.5000124978748554
mapa,-10.0,-10.75,0.5000124977609696
mapa,-10.0,-10.5,0.5000124975243928
mapa,-10.0,-10.25,0.5000124971625539
mapa,-10.0,-10.0,0.5000124966728287
mapa,-10.0,-9.75,0.5000124960525392
mapa,-10.0,-9.5,0.5000124952989525
mapa,-10.0,-9.25,0.5000124944092801
mapa,-10.0,-9.0,0.5000124933806755
mapa,-10.0,-8.75,0.5000124922102345
mapa,-10.0,-8.5,0.5000124908949931
mapa,-10.0,-8.25,0.5000124894319264
mapa,-10.0,-8.0,0.5000124878179476
mapa,-10.0,-7.75,0.5000124860499067
mapa,-10.0,-7.5,0.5000124841245888
mapa,-10.0,-7.25,0.5000124820387133
mapa,-10.0,-7.0,0.5000124797889323
mapa,-10.0,-6.75,0.5000124773718292
mapa,-10.0,-6.5,0.5000124747839172
mapa,-10.0,-6.25,0.5000124720216382
mapa,-10.0,-6.0,0.5000124690813612
mapa,-10.0,-5.75,0.5000124659593804
mapa,-10.0,-5.5,0.5000124626519145
mapa,-10.0,-5.25,0.500012459155104
mapa,-10.0,-5.0,0.5000124554650107
mapa,-10.0,-4.75,0.5000124515776158
mapa,-10.0,-4.5,0.5000124474888177
mapa,-10.0,-4.25,0.5000124431944308
mapa,-10.0,-4.0,0.500012438690184
mapa,-10.0,-3.75,0.5000124339717178
mapa,-10.0,-3.5,0.5000124290345842
mapa,-10.0,-3.25,0.5000124238742436
mapa,-10.0,-3.0,0.5000124184860634
mapa,-10.0,-2.75,0.500012412865316
mapa,-10.0,-2.5,0.5000124070071764
mapa,-10.0,-2.25,0.5000124009067218
mapa,-10.0,-2.0,0.5000123945589272
mapa,-10.0,-1.75,0.5000123879586655
mapa,-10.0,-1.5,0.5000123811007046
mapa,-10.0,-1.25,0.5000123739797042
mapa,-10.0,-1.0,0.5000123665902161
mapa,-10.0,-0.75,0.5000123589266798
mapa,-10.0,-0.5,0.5000123509834217
mapa,-10.0,-0.25,0.5000123427546523
mapa,-10.0,0.0,0.5000123342344651
mapa,-10.0,0.25,0.5000123254168343
mapa,-10.0,0.5,0.5000123162956134
mapa,-10.0,0.75,0.5000123068645352
mapa,-10.0,1.0,0.500012297117211
mapa,-10.0,1.25,0.5000122870471332
mapa,-10.0,1.5,0.5000122766476792
mapa,-10.0,1.75,0.5000122659121192
mapa,-10.0,2.0,0.5000122548336305
mapa,-10.0,2.25,0.5000122434053204
mapa,-10.0,2.5,0.5000122316202645
mapa,-10.0,2.75,0.500012219471568
mapa,-10.0,3.0,0.5000122069524611
mapa,-10.0,3.25,0.5000121940564531
mapa,-10.0,3.5,0.5000121807775725
mapa,-10.0,3.75,0.5000121671107429
mapa,-10.0,4.0,0.5000121530523748
mapa,-10.0,4.25,0.5000121386012888
mapa,-10.0,4.5,0.5000121237601608
mapa,-10.0,4.75,0.500012108537781
mapa,-10.0,5.0,0.500012092952583
mapa,-10.0,5.25,0.5000120770381578
mapa,-10.0,5.5,0.5000120608518676
mapa,-10.0,5.75,0.5000120444882972
mapa,-10.0,6.0,0.500012028100265
mapa,-10.0,6.25,0.5000120119316299
mapa,-10.0,6.5,0.5000119963685196
mapa,-10.0,6.75,0.5000119820193121
mapa,-10.0,7.0,0.5000119698394977
mapa,-10.0,7.25,0.5000119613265723
mapa,-10.0,7.5,0.5000119588241981
mapa,-10.0,7.75,0.5000119659967862
mapa,-10.0,8.0,0.5000119885697999
mapa,-10.0,8.25,0.5000120354841843
mapa,-10.0,8.5,0.5000121206958568
mapa,-10.0,8.75,0.500012265979286
mapa,-10.0,9.0,0.5000125052926753
mapa,-10.0,9.25,0.5000128915692117
mapa,-10.0,9.5,0.5000135072723193
mapa,-10.0,9.75,0.5000144807808529
mapa,-10.0,10.0,0.5000160117849769
mapa,-10.0,10.25,0.5000184105718237
mapa,-10.0,10.5,0.5000221586503376
mapa,-10.0,10.75,0.5000280020218322
mapa,-10.0,11.0,0.5000370941277242
mapa,-10.0,11.25,0.5000512138816687
mapa,-10.0,11.5,0.5000730962148349
mapa,-10.0,11.75,0.5001069293730962
mapa,-10.0,12.0,0.5001590958642573
mapa,-10.0,12.25,0.5002392628825264
mapa,-10.0,12.5,0.5003619618703077
mapa,-10.0,12.75,0.5005488303740913
mapa,-10.0,13.0,0.5008317100097409
mapa,-10.0,13.25,0.5012567776739437
mapa,-10.0,13.5,0.5018897915499126
mapa,-10.0,13.75,0.5028222982930028
mapa,-10.0,14.0,0.5041782018712171
mapa,-10.0,14.25,0.5061193876967076
mapa,-10.0,14.5,0.5088481660329881
mapa,-10.0,14.75,0.5126033739412134
mapa,-10.0,15.0,0.5176465630106065
mapa,-10.0,15.25,0.5242355544609152
mapa,-10.0,15.5,0.5325854517937145
mapa,-10.0,15.75,0.5428219531662043
mapa,-10.0,16.0,0.5549371361836251
mapa,-9.75,-16.0,0.500012759524844
mapa,-9.75,-15.75,0.5000127604302417
mapa,-9.75,-15.5,0.5000127612318107
mapa,-9.75,-15.25,0.5000127619273654
mapa,-9.75,-15.0,0.5000127625146754
mapa,-9.75,-14.75,0.5000127629914645
mapa,-9.75,-14.5,0.5000127633554097
mapa,-9.75,-14.25,0.5000127636041406
mapa,-9.75,-14.0,0.5000127637352381
mapa,-9.75,-13.75,0.5000127637462334
mapa,-9.75,-13.5,0.5000127636346069
mapa,-9.75,-13.25,0.500012763397788
mapa,-9.75,-13.0,0.5000127630331523
mapa,-9.75,-12.75,0.5000127625380226
mapa,-9.75,-12.5,0.5000127619096665
mapa,-9.75,-12.25,0.500012761145295
mapa,-9.75,-12.0,0.5000127602420626
mapa,-9.75,-11.75,0.5000127591970652
mapa,-9.75,-11.5,0.500012758007339
mapa,-9.75,-11.25,0.5000127566698596
mapa,-9.75,-11.0,0.5000127551815405
mapa,-9.75,-10.75,0.5000127535392318
mapa,-9.75,-10.5,0.5000127517397194
mapa,-9.75,-10.25,0.5000127497797227
mapa,-9.75,-10.0,0.5000127476558943
mapa,-9.75,-9.75,0.5000127453648179
mapa,-9.75,-9.5,0.5000127429030072
mapa,-9.75,-9.25,0.5000127402669045
mapa,-9.75,-9.0,0.5000127374528789
mapa,-9.75,-8.75,0.5000127344572254
mapa,-9.75,-8.5,0.5000127312761626
mapa,-9.75,-8.25,0.500012727905832
mapa,-9.75,-8.0,0.5000127243422956
mapa,-9.75,-7.75,0.5000127205815349
mapa,-9.75,-7.5,0.5000127166194488
mapa,-9.75,-7.25,0.5000127124518524
mapa,-9.75,-7.0,0.5000127080744745
mapa,-9.75,-6.75,0.5000127034829568
mapa,-9.75,-6.5,0.5000126986728514
mapa,-9.75,-6.25,0.500012693639619
mapa,-9.75,-6.0,0.5000126883786277
mapa,-9.75,-5.75,0.5000126828851502
mapa,-9.75,-5.5,0.5000126771543625
mapa,-9.75,-5.25,0.5000126711813415
mapa,-9.75,-5.0,0.5000126649610633
mapa,-9.75,-4.75,0.500012658488401
mapa,-9.75,-4.5,0.5000126517581225
mapa,-9.75,-4.25,0.5000126447648885
mapa,-9.75,-4.0,0.5000126375032499
mapa,-9.75,-3.75,0.5000126299676462
mapa,-9.75,-3.5,0.5000126221524029
mapa,-9.75,-3.25,0.5000126140517291
mapa,-9.75,-3.0,0.5000126056597148
mapa,-9.75,-2.75,0.5000125969703296
mapa,-9.75,-2.5,0.5000125879774188
mapa,-9.75,-2.25,0.5000125786747015
mapa,-9.75,-2.0,0.500012569055769
mapa,-9.75,-1.75,0.5000125591140799
mapa,-9.75,-1.5,0.5000125488429602
mapa,-9.75,-1.25,0.5000125382355981
mapa,-9.75,-1.0,0.5000125272850435
mapa,-9.75,-0.75,0.5000125159842035
mapa,-9.75,-0.5,0.5000125043258412
mapa,-9.75,-0.25,0.5000124923025723
mapa,-9.75,0.0,0.5000124799068634
mapa,-9.75,0.25,0.5000124671310295
mapa,-9.75,0.5,0.500012453967234
mapa,-9.75,0.75,0.5000124404074866
mapa,-9.75,1.0,0.5000124264436464
mapa,-9.75,1.25,0.5000124120674244
mapa,-9.75,1.5,0.5000123972703924
mapa,-9.75,1.75,0.5000123820439966
mapa,-9.75,2.0,0.5000123663795816
mapa,-9.75,2.25,0.5000123502684312
mapa,-9.75,2.5,0.5000123337018298
mapa,-9.75,2.75,0.5000123166711661
mapa,-9.75,3.0,0.5000122991680923
mapa,-9.75,3.25,0.5000122811847779
mapa,-9.75,3.5,0.5000122627143068
mapa,-9.75,3.75,0.5000122437512995
mapa,-9.75,4.0,0.5000122242928884
mapa,-9.75,4.25,0.5000122043402422
mapa,-9.75,4.5,0.5000121839009493
mapa,-9.75,4.75,0.5000121629927424
mapa,-9.75,5.0,0.5000121416493191
mapa,-9.75,5.25,0.5000121199294311
mapa,-9.75,5.5,0.5000120979310845
mapa,-9.75,5.75,0.5000120758137147
mapa,-9.75,6.0,0.500012053832815
mapa,-9.75,6.25,0.5000120323940076
mapa,-9.75,6.5,0.5000120121374633
mapa,-9.75,6.75,0.5000119940696893
mapa,-9.75,7.0,0.5000119797692325
mapa,-9.75,7.25,0.5000119717077016
mapa,-9.75,7.5,0.5000119737506443
mapa,-9.75,7.75,0.5000119919388438
mapa,-9.75,8.0,0.5000120357066162
mapa,-9.75,8.25,0.5000121197807539
mapa,-9.75,8.5,0.5000122671388468
mapa,-9.75,8.75,0.500012513615001
mapa,-9.75,9.0,0.5000129150645347
mapa,-9.75,9.25,0.5000135584981514
mapa,-9.75,9.5,0.5000145793628776
mapa,-9.75,9.75,0.5000161883206022
mapa,-9.75,10.0,0.5000187126615976
mapa,-9.75,10.25,0.500022660191731
mapa,-9.75,10.5,0.5000288174809941
mapa,-9.75,10.75,0.500038400361329
mapa,-9.75,11.0,0.5000532833225952
mapa,-9.75,11.25,0.5000763469953574
mapa,-9.75,11.5,0.5001120003777523
mapa,-9.75,11.75,0.5001669578827765
mapa,-9.75,12.0,0.5002513809318717
mapa,-9.75,12.25,0.5003805279991522
mapa,-9.75,12.5,0.5005770898066256
mapa,-9.75,12.75,0.5008744041024568
mapa,-9.75,13.0,0.501320720806885
mapa,-9.75,13.25,0.5019845793825422
mapa,-9.75,13.5,0.5029611033580058
mapa,-9.75,13.75,0.5043785410886802
mapa,-9.75,14.0,0.506403643217117
mapa,-9.75,14.25,0.5092435211620753
mapa,-9.75,14.5,0.5131407353311308
mapa,-9.75,14.75,0.5183580601484414
mapa,-9.75,15.0,0.5251504346012124
mapa,-9.75,15.25,0.5337246737590718
mapa,-9.75,15.5,0.5441924427401035
mapa,-9.75,15.75,0.5565272300169782
mapa,-9.75,16.0,0.5705387953001736
mapa,-9.5,-16.0,0.5000130349052329
mapa,-9.5,-15.75,0.5000130345378171
mapa,-9.5,-15.5,0.5000130340372462
mapa,-9.5,-15.25,0.5000130334007317
mapa,-9.5,-15.0,0.5000130326254284
mapa,-9.5,-14.75,0.5000130317084321
mapa,-9.5,-14.5,0.50001303064678
mapa,-9.5,-14.25,0.5000130294374476
mapa,-9.5,-14.0,0.5000130280773488
mapa,-9.5,-13.75,0.5000130265633341
mapa,-9.5,-13.5,0.5000130248921896
mapa,-9.5,-13.25,0.5000130230606352
mapa,-9.5,-13.0,0.5000130210653237
mapa,-9.5,-12.75,0.5000130189028394
mapa,-9.5,-12.5,0.5000130165696961
mapa,-9.5,-12.25,0.5000130140623367
mapa,-9.5,-12.0,0.5000130113771306
mapa,-9.5,-11.75,0.5000130085103732
mapa,-9.5,-11.5,0.5000130054582836
mapa,-9.5,-11.25,0.5000130022170036
mapa,-9.5,-11.0,0.5000129987825956
mapa,-9.5,-10.75,0.5000129951510417
mapa,-9.5,-10.5,0.5000129913182411
mapa,-9.5,-10.25,0.5000129872800091
mapa,-9.5,-10.0,0.5000129830320754
mapa,-9.5,-9.75,0.500012978570082
mapa,-9.5,-9.5,0.5000129738895813
mapa,-9.5,-9.25,0.5000129689860349
mapa,-9.5,-9.0,0.5000129638548111
mapa,-9.5,-8.75,0.500012958491183
mapa,-9.5,-8.5,0.5000129528903274
mapa,-9.5,-8.25,0.5000129470473218
mapa,-9.5,-8.0,0.5000129409571424
mapa,-9.5,-7.75,0.5000129346146632
mapa,-9.5,-7.5,0.5000129280146526
mapa,-9.5,-7.25,0.5000129211517714
mapa,-9.5,-7.0,0.5000129140205719
mapa,-9.5,-6.75,0.5000129066154938
mapa,-9.5,-6.5,0.5000128989308632
mapa,-9.5,-6.25,0.5000128909608895
mapa,-9.5,-6.0,0.500012882699664
mapa,-9.5,-5.75,0.5000128741411562
mapa,-9.5,-5.5,0.5000128652792125
mapa,-9.5,-5.25,0.5000128561075525
mapa,-9.5,-5.0,0.5000128466197676
mapa,-9.5,-4.75,0.5000128368093175
mapa,-9.5,-4.5,0.500012826669528
mapa,-9.5,-4.25,0.5000128161935876
mapa,-9.5,-4.0,0.5000128053745457
mapa,-9.5,-3.75,0.500012794205309
mapa,-9.5,-3.5,0.5000127826786386
mapa,-9.5,-3.25,0.5000127707871473
mapa,-9.5,-3.0,0.5000127585232964
mapa,-9.5,-2.75,0.5000127458793929
mapa,-9.5,-2.5,0.500012732847586
mapa,-9.5,-2.25,0.5000127194198635
mapa,-9.5,-2.0,0.5000127055880497
mapa,-9.5,-1.75,0.5000126913438012
mapa,-9.5,-1.5,0.5000126766786035
mapa,-9.5,-1.25,0.5000126615837684
mapa,-9.5,-1.0,0.5000126460504298
mapa,-9.5,-0.75,0.5000126300695407
mapa,-9.5,-0.5,0.5000126136318699
mapa,-9.5,-0.25,0.5000125967279999
mapa,-9.5,0.0,0.5000125793483224
mapa,-9.5,0.25,0.5000125614830385
mapa,-9.5,0.5,0.5000125431221564
mapa,-9.5,0.75,0.5000125242554923
mapa,-9.5,1.0,0.5000125048726745
mapa,-9.5,1.25,0.5000124849631505
mapa,-9.5,1.5,0.5000124645162016
mapa,-9.5,1.75,0.5000124435209676
mapa,-9.5,2.0,0.5000124219664873
mapa,-9.5,2.25,0.5000123998417657
mapa,-9.5,2.5,0.5000123771358803
mapa,-9.5,2.75,0.5000123538381491
mapa,-9.5,3.0,0.5000123299383982
mapa,-9.5,3.25,0.5000123054273796
mapa,-9.5,3.5,0.5000122802974271
mapa,-9.5,3.75,0.5000122545434854
mapa,-9.5,4.0,0.5000122281647184
mapa,-9.5,4.25,0.5000122011670233
mapa,-9.5,4.5,0.5000121735669626
mapa,-9.5,4.75,0.5000121453979054
mapa,-9.5,5.0,0.5000121167196221
mapa,-9.5,5.25,0.5000120876332714
mapa,-9.5,5.5,0.5000120583048057
mapa,-9.5,5.75,0.5000120290015219
mapa,-9.5,6.0,0.5000120001491313
mapa,-9.5,6.25,0.5000119724208656
mapa,-9.5,6.5,0.5000119468765731
mapa,-9.5,6.75,0.500011925179831
mapa,-9.5,7.0,0.5000119099367614
mapa,-9.5,7.25,0.5000119052246603
mapa,-9.5,7.5,0.50001191741655
mapa,-9.5,7.75,0.5000119564668725
mapa,-9.5,8.0,0.500012037915365
mapa,-9.5,8.25,0.5000121860086353
mapa,-9.5,8.5,0.5000124385596126
mapa,-9.5,8.75,0.5000128545061125
mapa,-9.5,9.0,0.5000135256554639
mapa,-9.5,9.25,0.5000145949097361
mapa,-9.5,9.5,0.5000162845013928
mapa,-9.5,9.75,0.5000189396483342
mapa,-9.5,10.0,0.5000230958759465
mapa,-9.5,10.25,0.500029582503325
mapa,-9.5,10.5,0.5000396810784938
mapa,-9.5,10.75,0.5000553667084631
mapa,-9.5,11.0,0.5000796733053106
mapa,-9.5,11.25,0.5001172419123372
mapa,-9.5,11.5,0.500175135458685
mapa,-9.5,11.75,0.5002640336384295
mapa,-9.5,12.0,0.5003999560515738
mapa,-9.5,12.25,0.5006066936445367
mapa,-9.5,12.5,0.5009191429122277
mapa,-9.5,12.75,0.5013877060646963
mapa,-9.5,13.0,0.5020837971614099
mapa,-9.5,13.25,0.5031062144398969
mapa,-9.5,13.5,0.5045876325547304
mapa,-9.5,13.75,0.5066996987177427
mapa,-9.5,14.0,0.509654257789655
mapa,-9.5,14.25,0.5136973728615188
mapa,-9.5,14.5,0.51909262840244
mapa,-9.5,14.75,0.5260914822214379
mapa,-9.5,15.0,0.5348917561334392
mapa,-9.5,15.25,0.545590432406709
mapa,-9.5,15.5,0.558142020313637
mapa,-9.5,15.75,0.57233598734277
mapa,-9.5,16.0,0.5878036420108926
mapa,-9.25,-16.0,0.5000133001312917
mapa,-9.25,-15.75,0.5000132981000174
mapa,-9.25,-15.5,0.5000132958981605
mapa,-9.25,-15.25,0.5000132935221641
mapa,-9.25,-15.0,0.5000132909683983
mapa,-9.25,-14.75,0.5000132882331586
mapa,-9.25,-14.5,0.5000132853126646
mapa,-9.25,-14.25,0.5000132822030586
mapa,-9.25,-14.0,0.5000132789004035
mapa,-9.25,-13.75,0.5000132754006814
mapa,-9.25,-13.5,0.5000132716997924
mapa,-9.25,-13.25,0.5000132677935522
mapa,-9.25,-13.0,0.5000132636776906
mapa,-9.25,-12.75,0.5000132593478503
mapa,-9.25,-12.5,0.5000132547995841
mapa,-9.25,-12.25,0.5000132500283543
mapa,-9.25,-12.0,0.5000132450295293
mapa,-9.25,-11.75,0.500013239798383
mapa,-9.25,-11.5,0.5000132343300926
mapa,-9.25,-11.25,0.5000132286197361
mapa,-9.25,-11.0,0.5000132226622904
mapa,-9.25,-10.75,0.5000132164526297
mapa,-9.25,-10.5,0.5000132099855232
mapa,-9.25,-10.25,0.5000132032556326
mapa,-9.25,-10.0,0.5000131962575101
mapa,-9.25,-9.75,0.5000131889855963
mapa,-9.25,-9.5,0.5000131814342178
mapa,-9.25,-9.25,0.500013173597585
mapa,-9.25,-9.0,0.5000131654697895
mapa,-9.25,-8.75,0.5000131570448014
mapa,-9.25,-8.5,0.5000131483164678
mapa,-9.25,-8.25,0.5000131392785092
mapa,-9.25,-8.0,0.5000131299245173
mapa,-9.25,-7.75,0.5000131202479529
mapa,-9.25,-7.5,0.500013110242142
mapa,-9.25,-7.25,0.5000130999002744
mapa,-9.25,-7.0,0.5000130892154
mapa,-9.25,-6.75,0.500013078180426
mapa,-9.25,-6.5,0.5000130667881144
mapa,-9.25,-6.25,0.5000130550310791
mapa,-9.25,-6.0,0.5000130429017817
mapa,-9.25,-5.75,0.5000130303925302
mapa,-9.25,-5.5,0.5000130174954742
mapa,-9.25,-5.25,0.5000130042026028
mapa,-9.25,-5.0,0.5000129905057404
mapa,-9.25,-4.75,0.5000129763965443
mapa,-9.25,-4.5,0.5000129618665002
mapa,-9.25,-4.25,0.5000129469069196
mapa,-9.25,-4.0,0.5000129315089356
mapa,-9.25,-3.75,0.5000129156634998
mapa,-9.25,-3.5,0.5000128993613784
mapa,-9.25,-3.25,0.5000128825931477
mapa,-9.25,-3.0,0.5000128653491914
mapa,-9.25,-2.75,0.5000128476196957
mapa,-9.25,-2.5,0.5000128293946459
mapa,-9.25,-2.25,0.5000128106638219
mapa,-9.25,-2.0,0.5000127914167944
mapa,-9.25,-1.75,0.5000127716429204
mapa,-9.25,-1.5,0.5000127513313389
mapa,-9.25,-1.25,0.5000127304709675
mapa,-9.25,-1.0,0.5000127090504967
mapa,-9.25,-0.75,0.5000126870583872
mapa,-9.25,-0.5,0.5000126644828651
mapa,-9.25,-0.25,0.5000126413119189
mapa,-9.25,0.0,0.5000126175332966
mapa,-9.25,0.25,0.5000125931345037
mapa,-9.25,0.5,0.5000125681028037
mapa,-9.25,0.75,0.5000125424252201
mapa,-9.25,1.0,0.5000125160885446
mapa,-9.25,1.25,0.5000124890793508
mapa,-9.25,1.5,0.5000124613840197
mapa,-9.25,1.75,0.5000124329887813
mapa,-9.25,2.0,0.5000124038797853
mapa,-9.25,2.25,0.5000123740432114
mapa,-9.25,2.5,0.5000123434654469
mapa,-9.25,2.75,0.5000123121333664
mapa,-9.25,3.0,0.5000122800347739
mapa,-9.25,3.25,0.5000122471590931
mapa,-9.25,3.5,0.5000122134984522
mapa,-9.25,3.75,0.500012179049381
mapa,-9.25,4.0,0.5000121438154645
mapa,-9.25,4.25,0.5000121078114903
mapa,-9.25,4.5,0.5000120710699314
mapa,-9.25,4.75,0.5000120336510722
mapa,-9.25,5.0,0.5000119956588263
mapa,-9.25,5.25,0.5000119572654408
mapa,-9.25,5.5,0.5000119187500742
mapa,-9.25,5.75,0.5000118805590353
mapa,-9.25,6.0,0.500011843399829
mapa,-9.25,6.25,0.5000118083879717
mapa,-9.25,6.5,0.5000117772761404
mapa,-9.25,6.75,0.5000117528117709
mapa,-9.25,7.0,0.5000117392949708
mapa,-9.25,7.25,0.50001174344872
mapa,-9.25,7.5,0.5000117757756785
mapa,-9.25,7.75,0.5000118526727771
mapa,-9.25,8.0,0.500011999725023
mapa,-9.25,8.25,0.5000122568325976
mapa,-9.25,8.5,0.5000126861848225
mapa,-9.25,8.75,0.5000133846484722
mapa,-9.25,9.0,0.5000145029884309
mapa,-9.25,9.25,0.500016275638853
mapa,-9.25,9.5,0.5000190667193263
mapa,-9.25,9.75,0.5000234409730843
mapa,-9.25,10.0,0.5000302727636963
mapa,-9.25,10.25,0.5000409128538876
mapa,-9.25,10.5,0.5000574422667105
mapa,-9.25,10.75,0.5000830561574416
mapa,-9.25,11.0,0.5001226394567916
mapa,-9.25,11.25,0.5001836209989703
mapa,-9.25,11.5,0.5002772238662369
mapa,-9.25,11.75,0.5004202642928599
mapa,-9.25,12.0,0.5006376822623604
mapa,-9.25,12.25,0.5009659976408292
mapa,-9.25,12.5,0.501457846139975
mapa,-9.25,12.75,0.5021876109678878
mapa,-9.25,13.0,0.5032578623241337
mapa,-9.25,13.25,0.5048057790893072
mapa,-9.25,13.5,0.507007927183165
mapa,-9.25,13.75,0.5100808014654363
mapa,-9.25,14.0,0.5142737252503153
mapa,-9.25,14.25,0.5198506561198726
mapa,-9.25,14.5,0.5270589529553513
mapa,-9.25,14.75,0.5360867361804103
mapa,-9.25,15.0,0.5470156758252874
mapa,-9.25,15.25,0.5597809566263503
mapa,-9.25,15.5,0.574151852294412
mapa,-9.25,15.75,0.5897425214805656
mapa,-9.25,16.0,0.6060537660179285
mapa,-9.0,-16.0,0.500013550128364
mapa,-9.0,-15.75,0.5000135459333597
mapa,-9.0,-15.5,0.5000135415200118
mapa,-9.0,-15.25,0.5000135368837828
mapa,-9.0,-15.0,0.5000135320200422
mapa,-9.0,-14.75,0.5000135269240641
mapa,-9.0,-14.5,0.5000135215910261
mapa,-9.0,-14.25,0.5000135160160066
mapa,-9.0,-14.0,0.5000135101939835
mapa,-9.0,-13.75,0.5000135041198313
mapa,-9.0,-13.5,0.5000134977883195
mapa,-9.0,-13.25,0.5000134911941105
mapa,-9.0,-13.0,0.5000134843317574
mapa,-9.0,-12.75,0.500013477195701
mapa,-9.0,-12.5,0.5000134697802686
mapa,-9.0,-12.25,0.5000134620796712
mapa,-9.0,-12.0,0.500013454088001
mapa,-9.0,-11.75,0.500013445799229
mapa,-9.0,-11.5,0.5000134372072025
mapa,-9.0,-11.25,0.5000134283056429
mapa,-9.0,-11.0,0.5000134190881427
mapa,-9.0,-10.75,0.500013409548163
mapa,-9.0,-10.5,0.5000133996790309
mapa,-9.0,-10.25,0.5000133894739367
mapa,-9.0,-10.0,0.5000133789259311
mapa,-9.0,-9.75,0.500013368027922
mapa,-9.0,-9.5,0.5000133567726724
mapa,-9.0,-9.25,0.5000133451527965
mapa,-9.0,-9.0,0.5000133331607572
mapa,-9.0,-8.75,0.500013320788863
mapa,-9.0,-8.5,0.5000133080292645
mapa,-9.0,-8.25,0.5000132948739513
mapa,-9.0,-8.0,0.5000132813147492
mapa,-9.0,-7.75,0.5000132673433159
mapa,-9.0,-7.5,0.5000132529511383
mapa,-9.0,-7.25,0.5000132381295287
mapa,-9.0,-7.0,0.5000132228696211
mapa,-9.0,-6.75,0.5000132071623684
mapa,-9.0,-6.5,0.500013190998537
mapa,-9.0,-6.25,0.5000131743687048
mapa,-9.0,-6.0,0.5000131572632562
mapa,-9.0,-5.75,0.5000131396723785
mapa,-9.0,-5.5,0.5000131215860576
mapa,-9.0,-5.25,0.5000131029940744
mapa,-9.0,-5.0,0.5000130838860003
mapa,-9.0,-4.75,0.5000130642511925
mapa,-9.0,-4.5,0.5000130440787904
mapa,-9.0,-4.25,0.5000130233577106
mapa,-9.0,-4.0,0.5000130020766422
mapa,-9.0,-3.75,0.5000129802240431
mapa,-9.0,-3.5,0.5000129577881338
mapa,-9.0,-3.25,0.5000129347568938
mapa,-9.0,-3.0,0.5000129111180561
mapa,-9.0,-2.75,0.5000128868591022
mapa,-9.0,-2.5,0.500012861967257
mapa,-9.0,-2.25,0.500012836429484
mapa,-9.0,-2.0,0.5000128102324792
mapa,-9.0,-1.75,0.5000127833626665
mapa,-9.0,-1.5,0.5000127558061922
mapa,-9.0,-1.25,0.5000127275489193
mapa,-9.0,-1.0,0.500012698576423
mapa,-9.0,-0.75,0.5000126688739848
mapa,-9.0,-0.5,0.5000126384265882
mapa,-9.0,-0.25,0.5000126072189152
mapa,-9.0,0.0,0.5000125752353431
mapa,-9.0,0.25,0.5000125424599433
mapa,-9.0,0.5,0.5000125088764836
mapa,-9.0,0.75,0.5000124744684349
mapa,-9.0,1.0,0.5000124392189843
mapa,-9.0,1.25,0.5000124031110622
mapa,-9.0,1.5,0.5000123661273844
mapa,-9.0,1.75,0.5000123282505252
mapa,-9.0,2.0,0.500012289463033
mapa,-9.0,2.25,0.5000122497476168
mapa,-9.0,2.5,0.5000122090874407
mapa,-9.0,2.75,0.5000121674665872
mapa,-9.0,3.0,0.5000121248707873
mapa,-9.0,3.25,0.5000120812885631
mapa,-9.0,3.5,0.5000120367130175
mapa,-9.0,3.75,0.5000119911446339
mapa,-9.0,4.0,0.5000119445956536
mapa,-9.0,4.25,0.5000118970969161
mapa,-9.0,4.5,0.5000118487085469
mapa,-9.0,4.75,0.500011799536652
mapa,-9.0,5.0,0.5000117497593918
mapa,-9.0,5.25,0.5000116996677004
mapa,-9.0,5.5,0.5000116497288652
mapa,-9.0,5.75,0.5000116006857916
mapa,-9.0,6.0,0.5000115537119602
mapa,-9.0,6.25,0.5000115106532823
mapa,-9.0,6.5,0.5000114744055179
mapa,-9.0,6.75,0.5000114495030938
mapa,-9.0,7.0,0.5000114430374749
mapa,-9.0,7.25,0.5000114660890078
mapa,-9.0,7.5,0.5000115359583285
mapa,-9.0,7.75,0.5000116796418631
mapa,-9.0,8.0,0.5000119392412488
mapa,-9.0,8.25,0.5000123803753961
mapa,-9.0,8.5,0.5000131052475101
mapa,-9.0,8.75,0.5000142729150461
mapa,-9.0,9.0,0.5000161306789176
mapa,-9.0,9.25,0.5000190625866064
mapa,-9.0,9.5,0.5000236641771609
mapa,-9.0,9.75,0.5000308572747896
mapa,-9.0,10.0,0.500042065537229
mapa,-9.0,10.25,0.5000594814729291
mapa,-9.0,10.5,0.5000864698393481
mapa,-9.0,10.75,0.5001281718705447
mapa,-9.0,11.0,0.500192400504697
mapa,-9.0,11.25,0.500290948437345
mapa,-9.0,11.5,0.5004414655030848
mapa,-9.0,11.75,0.5006700913373838
mapa,-9.0,12.0,0.5010150358260216
mapa,-9.0,12.25,0.5015312512961104
mapa,-9.0,12.5,0.5022961857390864
mapa,-9.0,12.75,0.5034162776672378
mapa,-9.0,13.0,0.505033283592352
mapa,-9.0,13.25,0.5073287003372637
mapa,-9.0,13.5,0.510523572775962
mapa,-9.0,13.75,0.5148702196270227
mapa,-9.0,14.0,0.5206325106748677
mapa,-9.0,14.25,0.5280530706430621
mapa,-9.0,14.5,0.5373096096523003
mapa,-9.0,14.75,0.548467879653162
mapa,-9.0,15.0,0.5614434426997396
mapa,-9.0,15.25,0.5759855363137422
mapa,-9.0,15.5,0.5916917953664631
mapa,-9.0,15.75,0.6080533038091626
mapa,-9.0,16.0,0.6245194047951703
mapa,-8.75,-16.0,0.5000137783634071
mapa,-8.75,-15.75,0.5000137713659565
mapa,-8.75,-15.5,0.5000137640892195
mapa,-8.75,-15.25,0.5000137565274076
mapa,-8.75,-15.0,0.5000137486746137
mapa,-8.75,-14.75,0.5000137405248092
mapa,-8.75,-14.5,0.5000137320718423
mapa,-8.75,-14.25,0.500013723309435
mapa,-8.75,-14.0,0.5000137142311805
mapa,-8.75,-13.75,0.5000137048305403
mapa,-8.75,-13.5,0.5000136951008426
mapa,-8.75,-13.25,0.5000136850352781
mapa,-8.75,-13.0,0.5000136746268982
mapa,-8.75,-12.75,0.5000136638686119
mapa,-8.75,-12.5,0.5000136527531825
mapa,-8.75,-12.25,0.5000136412732253
mapa,-8.75,-12.0,0.5000136294212039
mapa,-8.75,-11.75,0.5000136171894275
mapa,-8.75,-11.5,0.5000136045700476
mapa,-8.75,-11.25,0.5000135915550548
mapa,-8.75,-11.0,0.5000135781362752
mapa,-8.75,-10.75,0.500013564305368
mapa,-8.75,-10.5,0.5000135500538206
mapa,-8.75,-10.25,0.5000135353729465
mapa,-8.75,-10.0,0.5000135202538805
mapa,-8.75,-9.75,0.5000135046875762
mapa,-8.75,-9.5,0.5000134886648014
mapa,-8.75,-9.25,0.5000134721761348
mapa,-8.75,-9.0,0.5000134552119616
mapa,-8.75,-8.75,0.5000134377624703
mapa,-8.75,-8.5,0.500013419817648
mapa,-8.75,-8.25,0.5000134013672766
mapa,-8.75,-8.0,0.5000133824009283
mapa,-8.75,-7.75,0.500013362907962
mapa,-8.75,-7.5,0.5000133428775176
mapa,-8.75,-7.25,0.5000133222985133
mapa,-8.75,-7.0,0.5000133011596393
mapa,-8.75,-6.75,0.5000132794493545
mapa,-8.75,-6.5,0.5000132571558807
mapa,-8.75,-6.25,0.5000132342671987
mapa,-8.75,-6.0,0.5000132107710425
mapa,-8.75,-5.75,0.5000131866548949
mapa,-8.75,-5.5,0.5000131619059818
mapa,-8.75,-5.25,0.5000131365112676
mapa,-8.75,-5.0,0.5000131104574487
mapa,-8.75,-4.75,0.5000130837309498
mapa,-8.75,-4.5,0.5000130563179163
mapa,-8.75,-4.25,0.5000130282042101
mapa,-8.75,-4.0,0.5000129993754034
mapa,-8.75,-3.75,0.5000129698167722
mapa,-8.75,-3.5,0.5000129395132908
mapa,-8.75,-3.25,0.5000129084496255
mapa,-8.75,-3.0,0.5000128766101286
mapa,-8.75,-2.75,0.5000128439788312
mapa,-8.75,-2.5,0.5000128105394375
mapa,-8.75,-2.25,0.5000127762753178
mapa,-8.75,-2.0,0.5000127411695019
mapa,-8.75,-1.75,0.5000127052046727
mapa,-8.75,-1.5,0.5000126683631585
mapa,-8.75,-1.25,0.5000126306269274
mapa,-8.75,-1.0,0.5000125919775803
mapa,-8.75,-0.75,0.500012552396345
mapa,-8.75,-0.5,0.5000125118640709
mapa,-8.75,-0.25,0.5000124703612243
mapa,-8.75,0.0,0.5000124278678868
mapa,-8.75,0.25,0.5000123843637555
mapa,-8.75,0.5,0.5000123398281493
mapa,-8.75,0.75,0.5000122942400218
mapa,-8.75,1.0,0.5000122475779868
mapa,-8.75,1.25,0.5000121998203634
mapa,-8.75,1.5,0.5000121509452508
mapa,-8.75,1.75,0.5000121009306486
mapa,-8.75,2.0,0.5000120497546534
mapa,-8.75,2.25,0.5000119973957659
mapa,-8.75,2.5,0.5000119438333813
mapa,-8.75,2.75,0.5000118890485561
mapa,-8.75,3.0,0.5000118330252136
mapa,-8.75,3.25,0.5000117757520309
mapa,-8.75,3.5,0.5000117172253931
mapa,-8.75,3.75,0.5000116574540115
mapa,-8.75,4.0,0.5000115964661427
mapa,-8.75,4.25,0.5000115343208674
mapa,-8.75,4.5,0.5000114711257108
mapa,-8.75,4.75,0.5000114070641626
mapa,-8.75,5.0,0.5000113424386537
mapa,-8.75,5.25,0.5000112777376645
mapa,-8.75,5.5,0.5000112137404946
mapa,-8.75,5.75,0.5000111516808149
mapa,-8.75,6.0,0.5000110935019322
mapa,-8.75,6.25,0.5000110422551238
mapa,-8.75,6.5,0.5000110027210706
mapa,-8.75,6.75,0.5000109823790575
mapa,-8.75,7.0,0.5000109929179966
mapa,-8.75,7.25,0.5000110525910814
mapa,-8.75,7.5,0.5000111898829706
mapa,-8.75,7.75,0.500011449217002
mapa,-8.75,8.0,0.5000118998292795
mapa,-8.75,8.25,0.5000126495513059
mapa,-8.75,8.5,0.5000138661859836
mapa,-8.75,8.75,0.5000158106017614
mapa,-8.75,9.0,0.5000188878550702
mapa,-8.75,9.25,0.5000237259424724
mapa,-8.75,9.5,0.5000312966918949
mapa,-8.75,9.75,0.5000431005271165
mapa,-8.75,10.0,0.5000614472948597
mapa,-8.75,10.25,0.5000898801294876
mapa,-8.75,10.5,0.5001338095832648
mapa,-8.75,10.75,0.5002014517401546
mapa,-8.75,11.0,0.5003051962837677
mapa,-8.75,11.25,0.500463565116269
mapa,-8.75,11.5,0.500703949978733
mapa,-8.75,11.75,0.5010663194583705
mapa,-8.75,12.0,0.5016080274595395
mapa,-8.75,12.25,0.5024096833061081
mapa,-8.75,12.5,0.5035816889272346
mapa,-8.75,12.75,0.5052704467851641
mapa,-8.75,13.0,0.5076623860952346
mapa,-8.75,13.25,0.510982984416565
mapa,-8.75,13.5,0.5154872681946994
mapa,-8.75,13.75,0.5214385348119753
mapa,-8.75,14.0,0.5290740236036949
mapa,-8.75,14.25,0.5385603273590277
mapa,-8.75,14.5,0.5499467007718576
mapa,-8.75,14.75,0.5631288345383589
mapa,-8.75,15.0,0.5778361469417296
mapa,-8.75,15.25,0.5936504249905341
mapa,-8.75,15.5,0.6100540088140698
mapa,-8.75,15.75,0.6264959255761711
mapa,-8.75,16.0,0.6424591852368335
mapa,-8.5,-16.0,0.5000139764415225
mapa,-8.5,-15.75,0.5000139658257734
mapa,-8.5,-15.5,0.5000139548529795
mapa,-8.5,-15.25,0.500013943515757
mapa,-8.5,-15.0,0.5000139318065702
mapa,-8.5,-14.75,0.5000139197177289
mapa,-8.5,-14.5,0.5000139072413857
mapa,-8.5,-14.25,0.5000138943695319
mapa,-8.5,-14.0,0.5000138810939946
mapa,-8.5,-13.75,0.5000138674064335
mapa,-8.5,-13.5,0.5000138532983371
mapa,-8.5,-13.25,0.5000138387610198
mapa,-8.5,-13.0,0.5000138237856173
mapa,-8.5,-12.75,0.5000138083630842
mapa,-8.5,-12.5,0.5000137924841891
mapa,-8.5,-12.25,0.5000137761395118
mapa,-8.5,-12.0,0.5000137593194384
mapa,-8.5,-11.75,0.5000137420141584
mapa,-8.5,-11.5,0.5000137242136602
mapa,-8.5,-11.25,0.5000137059077264
mapa,-8.5,-11.0,0.5000136870859306
mapa,-8.5,-10.75,0.5000136677376323
mapa,-8.5,-10.5,0.5000136478519733
mapa,-8.5,-10.25,0.5000136274178724
mapa,-8.5,-10.0,0.500013606424021
mapa,-8.5,-9.75,0.5000135848588794
mapa,-8.5,-9.5,0.5000135627106708
mapa,-8.5,-9.25,0.5000135399673767
mapa,-8.5,-9.0,0.5000135166167329
mapa,-8.5,-8.75,0.5000134926462232
mapa,-8.5,-8.5,0.5000134680430749
mapa,-8.5,-8.25,0.5000134427942537
mapa,-8.5,-8.0,0.5000134168864577
mapa,-8.5,-7.75,0.5000133903061128
mapa,-8.5,-7.5,0.5000133630393659
mapa,-8.5,-7.25,0.5000133350720803
mapa,-8.5,-7.0,0.5000133063898298
mapa,-8.5,-6.75,0.5000132769778916
mapa,-8.5,-6.5,0.5000132468212418
mapa,-8.5,-6.25,0.5000132159045482
mapa,-8.5,-6.0,0.5000131842121642
mapa,-8.5,-5.75,0.5000131517281228
mapa,-8.5,-5.5,0.5000131184361291
mapa,-8.5,-5.25,0.5000130843195543
mapa,-8.5,-5.0,0.5000130493614291
mapa,-8.5,-4.75,0.5000130135444357
mapa,-8.5,-4.5,0.500012976850902
mapa,-8.5,-4.25,0.5000129392627926
mapa,-8.5,-4.0,0.5000129007617032
mapa,-8.5,-3.75,0.5000128613288523
mapa,-8.5,-3.5,0.5000128209450727
mapa,-8.5,-3.25,0.5000127795908048
mapa,-8.5,-3.0,0.500012737246088
mapa,-8.5,-2.75,0.5000126938905528
mapa,-8.5,-2.5,0.5000126495034122
mapa,-8.5,-2.25,0.5000126040634537
mapa,-8.5,-2.0,0.5000125575490305
mapa,-8.5,-1.75,0.5000125099380534
mapa,-8.5,-1.5,0.5000124612079814
mapa,-8.5,-1.25,0.5000124113358151
mapa,-8.5,-1.0,0.500012360298087
mapa,-8.5,-0.75,0.500012308070856
mapa,-8.5,-0.5,0.5000122546296999
mapa,-8.5,-0.25,0.5000121999497125
mapa,-8.5,0.0,0.5000121440055021
mapa,-8.5,0.25,0.5000120867711969
mapa,-8.5,0.5,0.5000120282204563
mapa,-8.5,0.75,0.5000119683264967
mapa,-8.5,1.0,0.5000119070621374
mapa,-8.5,1.25,0.5000118443998762
mapa,-8.5,1.5,0.5000117803120182
mapa,-8.5,1.75,0.5000117147708768
mapa,-8.5,2.0,0.5000116477491001
mapa,-8.5,2.25,0.5000115792201842
mapa,-8.5,2.5,0.5000115091592812
mapa,-8.5,2.75,0.5000114375444699
mapa,-8.5,3.0,0.5000113643587459
mapa,-8.5,3.25,0.5000112895931369
mapa,-8.5,3.5,0.5000112132515762
mapa,-8.5,3.75,0.5000111353585198
mapa,-8.5,4.0,0.5000110559708498
mapa,-8.5,4.25,0.5000109751964713
mapa,-8.5,4.5,0.5000108932233575
mapa,-8.5,4.75,0.5000108103649104
mapa,-8.5,5.0,0.5000107271307906
mapa,-8.5,5.25,0.5000106443374992
mapa,-8.5,5.5,0.5000105632809987
mapa,-8.5,5.75,0.5000104860061311
mapa,-8.5,6.0,0.5000104157270244
mapa,-8.5,6.25,0.500010357482945
mapa,-8.5,6.5,0.5000103191611351
mapa,-8.5,6.75,0.5000103130913812
mapa,-8.5,7.0,0.5000103585307025
mapa,-8.5,7.25,0.5000104855327467
mapa,-8.5,7.5,0.5000107409691121
mapa,-8.5,7.75,0.5000111978906772
mapa,-8.5,8.0,0.5000119700647386
mapa,-8.5,8.25,0.5000132345168199
mapa,-8.5,8.5,0.5000152664212281
mapa,-8.5,8.75,0.5000184929820726
mapa,-8.5,9.0,0.5000235764031422
mapa,-8.5,9.25,0.500031541192485
mapa,-8.5,9.5,0.5000439686111001
mapa,-8.5,9.75,0.5000632919939981
mapa,-8.5,10.0,0.5000932420620896
mapa,-8.5,10.25,0.500139512325725
mapa,-8.5,10.5,0.5002107419332593
mapa,-8.5,10.75,0.5003199461216827
mapa,-8.5,11.0,0.500486558872506
mapa,-8.5,11.25,0.5007392783595541
mapa,-8.5,11.5,0.5011199025901798
mapa,-8.5,11.75,0.5016882737912444
mapa,-8.5,12.0,0.5025282598958585
mapa,-8.5,12.25,0.5037543197384451
mapa,-8.5,12.5,0.505517564373597
mapa,-8.5,12.75,0.5080093454138737
mapa,-8.5,13.0,0.5114594376420373
mapa,-8.5,13.25,0.5161252642624751
mapa,-8.5,13.5,0.5222690423699129
mapa,-8.5,13.75,0.5301219603158952
mapa,-8.5,14.0,0.5398387911798003
mapa,-8.5,14.25,0.5514517429784034
mapa,-8.5,14.5,0.5648364379305109
mapa,-8.5,14.75,0.5797027513129894
mapa,-8.5,15.0,0.5956173455716757
mapa,-8.5,15.25,0.6120548108810695
mapa,-8.5,15.5,0.6284648672258408
mapa,-8.5,15.75,0.6443386657786574
mapa,-8.5,16.0,0.6592595135037266
mapa,-8.25,-16.0,0.5000141335912607
mapa,-8.25,-15.75,0.5000141183153795
mapa,-8.25,-15.5,0.5000141025832456
mapa,-8.25,-15.25,0.5000140863854395
mapa,-8.25,-15.0,0.5000140697123486
mapa,-8.25,-14.75,0.5000140525541633
mapa,-8.25,-14.5,0.5000140349008728
mapa,-8.25,-14.25,0.500014016742261
mapa,-8.25,-14.0,0.5000139980679024
mapa,-8.25,-13.75,0.5000139788671578
mapa,-8.25,-13.5,0.5000139591291698
mapa,-8.25,-13.25,0.5000139388428586
mapa,-8.25,-13.0,0.5000139179969167
mapa,-8.25,-12.75,0.5000138965798056
mapa,-8.25,-12.5,0.5000138745797496
mapa,-8.25,-12.25,0.5000138519847316
mapa,-8.25,-12.0,0.5000138287824885
mapa,-8.25,-11.75,0.5000138049605054
mapa,-8.25,-11.5,0.5000137805060112
mapa,-8.25,-11.25,0.5000137554059727
mapa,-8.25,-11.0,0.5000137296470893
mapa,-8.25,-10.75,0.5000137032157884
mapa,-8.25,-10.5,0.5000136760982185
mapa,-8.25,-10.25,0.5000136482802442
mapa,-8.25,-10.0,0.5000136197474407
mapa,-8.25,-9.75,0.5000135904850871
mapa,-8.25,-9.5,0.5000135604781607
mapa,-8.25,-9.25,0.5000135297113311
mapa,-8.25,-9.0,0.5000134981689532
mapa,-8.25,-8.75,0.5000134658350617
mapa,-8.25,-8.5,0.5000134326933634
mapa,-8.25,-8.25,0.5000133987272315
mapa,-8.25,-8.0,0.500013363919698
mapa,-8.25,-7.75,0.5000133282534471
mapa,-8.25,-7.5,0.5000132917108085
mapa,-8.25,-7.25,0.500013254273749
mapa,-8.25,-7.0,0.5000132159238659
mapa,-8.25,-6.75,0.5000131766423794
mapa,-8.25,-6.5,0.5000131364101245
mapa,-8.25,-6.25,0.5000130952075432
mapa,-8.25,-6.0,0.5000130530146771
mapa,-8.25,-5.75,0.5000130098111578
mapa,-8.25,-5.5,0.5000129655761998
mapa,-8.25,-5.25,0.5000129202885918
mapa,-8.25,-5.0,0.5000128739266869
mapa,-8.25,-4.75,0.5000128264683951
mapa,-8.25,-4.5,0.500012777891173
mapa,-8.25,-4.25,0.5000127281720156
mapa,-8.25,-4.0,0.5000126772874459
mapa,-8.25,-3.75,0.5000126252135059
mapa,-8.25,-3.5,0.5000125719257463
mapa,-8.25,-3.25,0.5000125173992169
mapa,-8.25,-3.0,0.500012461608456
mapa,-8.25,-2.75,0.5000124045274806
mapa,-8.25,-2.5,0.5000123461297751
mapa,-8.25,-2.25,0.5000122863882813
mapa,-8.25,-2.0,0.5000122252753875
mapa,-8.25,-1.75,0.5000121627629175
mapa,-8.25,-1.5,0.5000120988221208
mapa,-8.25,-1.25,0.5000120334236615
mapa,-8.25,-1.0,0.50001196653761
mapa,-8.25,-0.75,0.5000118981334336
mapa,-8.25,-0.5,0.500011828179991
mapa,-8.25,-0.25,0.5000117566455295
mapa,-8.25,0.0,0.5000116834976878
mapa,-8.25,0.25,0.5000116087035055
mapa,-8.25,0.5,0.5000115322294502
mapa,-8.25,0.75,0.5000114540414614
mapa,-8.25,1.0,0.5000113741050305
mapa,-8.25,1.25,0.5000112923853314
mapa,-8.25,1.5,0.5000112088474337
mapa,-8.25,1.75,0.5000111234566423
mapa,-8.25,2.0,0.5000110361790384
mapa,-8.25,2.25,0.5000109469823294
mapa,-8.25,2.5,0.5000108558371875
mapa,-8.25,2.75,0.5000107627193476
mapa,-8.25,3.0,0.5000106676128943
mapa,-8.25,3.25,0.5000105705154019
mapa,-8.25,3.5,0.5000104714459727
mapa,-8.25,3.75,0.5000103704577985
mapa,-8.25,4.0,0.5000102676577872
mapa,-8.25,4.25,0.5000101632372183
mapa,-8.25,4.5,0.5000100575196178
mapa,-8.25,4.75,0.5000099510355168
mapa,-8.25,5.0,0.5000098446391663
mapa,-8.25,5.25,0.5000097396907298
mapa,-8.25,5.5,0.5000096383406365
mapa,-8.25,5.75,0.5000095439732833
mapa,-8.25,6.0,0.5000094618992065
mapa,-8.25,6.25,0.5000094004345204
mapa,-8.25,6.5,0.500009372583637
mapa,-8.25,6.75,0.5000093986611465
mapa,-8.25,7.0,0.50000951037453
mapa,-8.25,7.25,0.5000097571767907
mapa,-8.25,7.5,0.5000102161416127
mapa,-8.25,7.75,0.500011007295976
mapa,-8.25,8.0,0.5000123173907244
mapa,-8.25,8.25,0.5000144366838134
mapa,-8.25,8.5,0.5000178157263852
mapa,-8.25,8.75,0.500023152771661
mapa,-8.25,9.0,0.5000315278242334
mapa,-8.25,9.25,0.5000446072634999
mapa,-8.25,9.5,0.500064954374107
mapa,-8.25,9.75,0.5000964971280009
mapa,-8.25,10.0,0.5001452262855218
mapa,-8.25,10.25,0.5002202248895934
mapa,-8.25,10.5,0.5003351635278602
mapa,-8.25,10.75,0.5005104298605427
mapa,-8.25,11.0,0.5007760847271872
mapa,-8.25,11.25,0.501175828308709
mapa,-8.25,11.5,0.5017720796067909
mapa,-8.25,11.75,0.5026520629626824
mapa,-8.25,12.0,0.5039343855937489
mapa,-8.25,12.25,0.5057749234931656
mapa,-8.25,12.5,0.5083699283975541
mapa,-8.25,12.75,0.511953317951534
mapa,-8.25,13.0,0.5167845775030774
mapa,-8.25,13.25,0.5231243132393592
mapa,-8.25,13.5,0.5311969843586903
mapa,-8.25,13.75,0.541144849366653
mapa,-8.25,14.0,0.5529825529846802
mapa,-8.25,14.25,0.5665655052628652
mapa,-8.25,14.5,0.5815843736039307
mapa,-8.25,14.75,0.5975914638850506
mapa,-8.25,15.0,0.6140546261056693
mapa,-8.25,15.25,0.6304252664678545
mapa,-8.25,15.5,0.6462034325896143
mapa,-8.25,15.75,0.6609859626851149
mapa,-8.25,16.0,0.6744909883192776
mapa,-8.0,-16.0,0.5000142360080458
mapa,-8.0,-15.75,0.500014214741912
mapa,-8.0,-15.5,0.500014192892956
mapa,-8.0,-15.25,0.5000141704491619
mapa,-8.0,-15.0,0.5000141473982678
mapa,-8.0,-14.75,0.50001412372776
mapa,-8.0,-14.5,0.5000140994248689
mapa,-8.0,-14.25,0.5000140744765623
mapa,-8.0,-14.0,0.5000140488695414
mapa,-8.0,-13.75,0.5000140225902345
mapa,-8.0,-13.5,0.5000139956247918
mapa,-8.0,-13.25,0.5000139679590795
mapa,-8.0,-13.0,0.5000139395786738
mapa,-8.0,-12.75,0.5000139104688557
mapa,-8.0,-12.5,0.5000138806146041
mapa,-8.0,-12.25,0.5000138500005897
mapa,-8.0,-12.0,0.5000138186111697
mapa,-8.0,-11.75,0.5000137864303796
mapa,-8.0,-11.5,0.5000137534419287
mapa,-8.0,-11.25,0.5000137196291913
mapa,-8.0,-11.0,0.5000136849752015
mapa,-8.0,-10.75,0.5000136494626455
mapa,-8.0,-10.5,0.5000136130738543
mapa,-8.0,-10.25,0.5000135757907966
mapa,-8.0,-10.0,0.500013537595072
mapa,-8.0,-9.75,0.5000134984679026
mapa,-8.0,-9.5,0.500013458390125
mapa,-8.0,-9.25,0.5000134173421837
mapa,-8.0,-9.0,0.5000133753041218
mapa,-8.0,-8.75,0.5000133322555737
mapa,-8.0,-8.5,0.5000132881757557
mapa,-8.0,-8.25,0.5000132430434587
mapa,-8.0,-8.0,0.5000131968370382
mapa,-8.0,-7.75,0.5000131495344062
mapa,-8.0,-7.5,0.5000131011130221
mapa,-8.0,-7.25,0.5000130515498828
mapa,-8.0,-7.0,0.500013000821514
mapa,-8.0,-6.75,0.5000129489039598
mapa,-8.0,-6.5,0.5000128957727733
mapa,-8.0,-6.25,0.5000128414030068
mapa,-8.0,-6.0,0.5000127857692007
mapa,-8.0,-5.75,0.5000127288453735
mapa,-8.0,-5.5,0.5000126706050113
mapa,-8.0,-5.25,0.5000126110210567
mapa,-8.0,-5.0,0.500012550065897
mapa,-8.0,-4.75,0.5000124877113543
mapa,-8.0,-4.5,0.5000124239286726
mapa,-8.0,-4.25,0.5000123586885064
mapa,-8.0,-4.0,0.5000122919609089
mapa,-8.0,-3.75,0.5000122237153191
mapa,-8.0,-3.5,0.5000121539205501
mapa,-8.0,-3.25,0.5000120825447754
mapa,-8.0,-3.0,0.5000120095555166
mapa,-8.0,-2.75,0.5000119349196303
mapa,-8.0,-2.5,0.5000118586032937
mapa,-8.0,-2.25,0.5000117805719926
mapa,-8.0,-2.0,0.5000117007905067
mapa,-8.0,-1.75,0.5000116192228973
mapa,-8.0,-1.5,0.500011535832493
mapa,-8.0,-1.25,0.5000114505818788
mapa,-8.0,-1.0,0.5000113634328837
mapa,-8.0,-0.75,0.5000112743465728
mapa,-8.0,-0.5,0.500011183283241
mapa,-8.0,-0.25,0.5000110902024139
mapa,-8.0,0.0,0.5000109950628566
mapa,-8.0,0.25,0.5000108978225968
mapa,-8.0,0.5,0.5000107984389704
mapa,-8.0,0.75,0.5000106968687031
mapa,-8.0,1.0,0.5000105930680445
mapa,-8.0,1.25,0.5000104869929916
mapa,-8.0,1.5,0.5000103785996429
mapa,-8.0,1.75,0.5000102678447675
mapa,-8.0,2.0,0.5000101546866986
mapa,-8.0,2.25,0.5000100390867435
mapa,-8.0,2.5,0.5000099210113951
mapa,-8.0,2.75,0.5000098004357979
mapa,-8.0,3.0,0.5000096773491701
mapa,-8.0,3.25,0.5000095517632857
mapa,-8.0,3.5,0.5000094237257289
mapa,-8.0,3.75,0.5000092933406085
mapa,-8.0,4.0,0.50000916080091
mapa,-8.0,4.25,0.5000090264390263
mapa,-8.0,4.5,0.5000088908056608
mapa,-8.0,4.75,0.5000087547930143
mapa,-8.0,5.0,0.5000086198270789
mapa,-8.0,5.25,0.5000084881677536
mapa,-8.0,5.5,0.5000083633771297
mapa,-8.0,5.75,0.5000082510499896
mapa,-8.0,6.0,0.5000081599529708
mapa,-8.0,6.25,0.500008103800297
mapa,-8.0,6.5,0.5000081040204003
mapa,-8.0,6.75,0.500008194063663
mapa,-8.0,7.0,0.500008426104492
mapa,-8.0,7.25,0.5000088814583267
mapa,-8.0,7.5,0.500009686752908
mapa,-8.0,7.75,0.5000110389938955
mapa,-8.0,8.0,0.500013244342147
mapa,-8.0,8.25,0.5000167779588988
mapa,-8.0,8.5,0.5000223760861878
mapa,-8.0,8.75,0.5000311771885927
mapa,-8.0,9.0,0.5000449372653683
mapa,-8.0,9.25,0.500066356338264
mapa,-8.0,9.5,0.5000995697702837
mapa,-8.0,9.75,0.5001508805435843
mapa,-8.0,10.0,0.5002298373730786
mapa,-8.0,10.25,0.5003507972682982
mapa,-8.0,10.5,0.5005351447976887
mapa,-8.0,10.75,0.5008143616349867
mapa,-8.0,11.0,0.5012341249139707
mapa,-8.0,11.25,0.5018595204816512
mapa,-8.0,11.5,0.5027812271828421
mapa,-8.0,11.75,0.5041220896635349
mapa,-8.0,12.0,0.5060427982615727
mapa,-8.0,12.25,0.5087444694821258
mapa,-8.0,12.5,0.5124649898274353
mapa,-8.0,12.75,0.5174655482534151
mapa,-8.0,13.0,0.5240045873714673
mapa,-8.0,13.25,0.5322991484270706
mapa,-8.0,13.5,0.5424782909496423
mapa,-8.0,13.75,0.5545386155273734
mapa,-8.0,14.0,0.5683152314197348
mapa,-8.0,14.25,0.5834799915037331
mapa,-8.0,14.5,0.5995716548635874
mapa,-8.0,14.75,0.6160523530843277
mapa,-8.0,15.0,0.6323761532159594
mapa,-8.0,15.25,0.6480527154178716
mapa,-8.0,15.5,0.6626927677949583
mapa,-8.0,15.75,0.6760296740469828
mapa,-8.0,16.0,0.687918846900264
mapa,-7.75,-16.0,0.5000142660166232
mapa,-7.75,-15.75,0.500014237062353
mapa,-7.75,-15.5,0.5000142073637884
mapa,-7.75,-15.25,0.5000141769056023
mapa,-7.75,-15.0,0.5000141456721527
mapa,-7.75,-14.75,0.5000141136474776
mapa,-7.75,-14.5,0.500014080815287
mapa,-7.75,-14.25,0.5000140471589576
mapa,-7.75,-14.0,0.5000140126615249
mapa,-7.75,-13.75,0.500013977305677
mapa,-7.75,-13.5,0.5000139410737465
mapa,-7.75,-13.25,0.5000139039477044
mapa,-7.75,-13.0,0.5000138659091518
mapa,-7.75,-12.75,0.5000138269393125
mapa,-7.75,-12.5,0.5000137870190258
mapa,-7.75,-12.25,0.5000137461287374
mapa,-7.75,-12.0,0.5000137042484931
mapa,-7.75,-11.75,0.5000136613579289
mapa,-7.75,-11.5,0.5000136174362637
mapa,-7.75,-11.25,0.5000135724622901
mapa,-7.75,-11.0,0.5000135264143661
mapa,-7.75,-10.75,0.5000134792704061
mapa,-7.75,-10.5,0.5000134310078714
mapa,-7.75,-10.25,0.5000133816037619
mapa,-7.75,-10.0,0.5000133310346051
mapa,-7.75,-9.75,0.500013279276448
mapa,-7.75,-9.5,0.5000132263048462
mapa,-7.75,-9.25,0.5000131720948544
mapa,-7.75,-9.0,0.5000131166210158
mapa,-7.75,-8.75,0.5000130598573516
mapa,-7.75,-8.5,0.5000130017773505
mapa,-7.75,-8.25,0.500012942353958
mapa,-7.75,-8.0,0.5000128815595645
mapa,-7.75,-7.75,0.5000128193659946
mapa,-7.75,-7.5,0.5000127557444956
mapa,-7.75,-7.25,0.5000126906657248
mapa,-7.75,-7.0,0.5000126240997383
mapa,-7.75,-6.75,0.5000125560159785
mapa,-7.75,-6.5,0.5000124863832608
mapa,-7.75,-6.25,0.5000124151697618
mapa,-7.75,-6.0,0.5000123423430056
mapa,-7.75,-5.75,0.5000122678698506
mapa,-7.75,-5.5,0.5000121917164758
mapa,-7.75,-5.25,0.5000121138483665
mapa,-7.75,-5.0,0.5000120342303012
mapa,-7.75,-4.75,0.5000119528263355
mapa,-7.75,-4.5,0.5000118695997887
mapa,-7.75,-4.25,0.5000117845132284
mapa,-7.75,-4.0,0.5000116975284545
mapa,-7.75,-3.75,0.500011608606484
mapa,-7.75,-3.5,0.5000115177075353
mapa,-7.75,-3.25,0.5000114247910111
mapa,-7.75,-3.0,0.5000113298154831
mapa,-7.75,-2.75,0.5000112327386739
mapa,-7.75,-2.5,0.5000111335174411
mapa,-7.75,-2.25,0.5000110321077599
mapa,-7.75,-2.0,0.5000109284647061
mapa,-7.75,-1.75,0.5000108225424398
mapa,-7.75,-1.5,0.5000107142941892
mapa,-7.75,-1.25,0.5000106036722359
mapa,-7.75,-1.0,0.5000104906279024
mapa,-7.75,-0.75,0.5000103751115433
mapa,-7.75,-0.5,0.5000102570725427
mapa,-7.75,-0.25,0.5000101364593195
mapa,-7.75,0.0,0.5000100132193495
mapa,-7.75,0.25,0.5000098872992103
mapa,-7.75,0.5,0.5000097586446625
mapa,-7.75,0.75,0.5000096272007896
mapa,-7.75,1.0,0.5000094929122285
mapa,-7.75,1.25,0.5000093557235415
mapa,-7.75,1.5,0.5000092155798114
mapa,-7.75,1.75,0.5000090724275821
mapa,-7.75,2.0,0.5000089262163427
mapa,-7.75,2.25,0.500008776900858
mapa,-7.75,2.5,0.5000086244448219
mapa,-7.75,2.75,0.5000084688265781
mapa,-7.75,3.0,0.5000083100480679
mapa,-7.75,3.25,0.5000081481488177
mapa,-7.75,3.5,0.5000079832277966
mapa,-7.75,3.75,0.5000078154775636
mapa,-7.75,4.0,0.5000076452375962
mapa,-7.75,4.25,0.5000074730775687
mapa,-7.75,4.5,0.5000072999273683
mapa,-7.75,4.75,0.5000071272800518
mapa,-7.75,5.0,0.5000069575085921
mapa,-7.75,5.25,0.500006794360108
mapa,-7.75,5.5,0.5000066437268078
mapa,-7.75,5.75,0.5000065148481758
mapa,-7.75,6.0,0.5000064221848408
mapa,-7.75,6.25,0.5000063883379033
mapa,-7.75,6.5,0.5000064485940564
mapa,-7.75,6.75,0.5000066579962225
mapa,-7.75,7.0,0.5000071023319446
mapa,-7.75,7.25,0.5000079151887967
mapa,-7.75,7.5,0.5000093043848599
mapa,-7.75,7.75,0.5000115928466877
mapa,-7.75,8.0,0.5000152816755943
mapa,-7.75,8.25,0.500021147143877
mapa,-7.75,8.5,0.5000303892938689
mapa,-7.75,8.75,0.5000448584771461
mapa,-7.75,9.0,0.5000673985815354
mapa,-7.75,9.25,0.5001023629981215
mapa,-7.75,9.5,0.5001563826114278
mapa,-7.75,9.75,0.5002394945695627
mapa,-7.75,10.0,0.5003667746915778
mapa,-7.75,10.25,0.5005606493556917
mapa,-7.75,10.5,0.5008540812004149
mapa,-7.75,10.75,0.501294801101542
mapa,-7.75,11.0,0.5019506533378774
mapa,-7.75,11.25,0.5029158694033559
mapa,-7.75,11.5,0.5043176175381974
mapa,-7.75,11.75,0.5063214442209875
mapa,-7.75,12.0,0.5091332814750007
mapa,-7.75,12.25,0.5129947903031344
mapa,-7.75,12.5,0.5181684806306891
mapa,-7.75,12.75,0.5249100576072181
mapa,-7.75,13.0,0.5334284471889583
mapa,-7.75,13.25,0.5438388390044944
mapa,-7.75,13.5,0.5561193473408295
mapa,-7.75,13.75,0.5700847485095715
mapa,-7.75,14.0,0.5853885314420736
mapa,-7.75,14.25,0.6015567568697509
mapa,-7.75,14.5,0.6180468677607881
mapa,-7.75,14.75,0.6343165446869059
mapa,-7.75,15.0,0.6498857358518693
mapa,-7.75,15.25,0.6643793737418815
mapa,-7.75,15.5,0.6775460372053942
mapa,-7.75,15.75,0.6892550602582671
mapa,-7.75,16.0,0.6994788467547245
mapa,-7.5,-16.0,0.5000142010026607
mapa,-7.5,-15.75,0.5000141621932279
mapa,-7.5,-15.5,0.500014122433508
mapa,-7.5,-15.25,0.5000140817039488
mapa,-7.5,-15.0,0.5000140399845978
mapa,-7.5,-14.75,0.5000139972550934
mapa,-7.5,-14.5,0.5000139534946565
mapa,-7.5,-14.25,0.5000139086820816
mapa,-7.5,-14.0,0.5000138627957293
mapa,-7.5,-13.75,0.5000138158135161
mapa,-7.5,-13.5,0.5000137677129055
mapa,-7.5,-13.25,0.5000137184708997
mapa,-7.5,-13.0,0.5000136680640288
mapa,-7.5,-12.75,0.5000136164683422
mapa,-7.5,-12.5,0.500013563659398
mapa,-7.5,-12.25,0.5000135096122532
mapa,-7.5,-12.0,0.5000134543014539
mapa,-7.5,-11.75,0.5000133977010239
mapa,-7.5,-11.5,0.5000133397844547
mapa,-7.5,-11.25,0.5000132805246944
mapa,-7.5,-11.0,0.5000132198941364
mapa,-7.5,-10.75,0.5000131578646082
mapa,-7.5,-10.5,0.5000130944073599
mapa,-7.5,-10.25,0.5000130294930519
mapa,-7.5,-10.0,0.5000129630917437
mapa,-7.5,-9.75,0.5000128951728804
mapa,-7.5,-9.5,0.5000128257052809
mapa,-7.5,-9.25,0.5000127546571252
mapa,-7.5,-9.0,0.5000126819959406
mapa,-7.5,-8.75,0.500012607688589
mapa,-7.5,-8.5,0.5000125317012527
mapa,-7.5,-8.25,0.5000124539994211
mapa,-7.5,-8.0,0.5000123745478756
mapa,-7.5,-7.75,0.5000122933106762
mapa,-7.5,-7.5,0.5000122102511457
mapa,-7.5,-7.25,0.5000121253318552
mapa,-7.5,-7.0,0.5000120385146087
mapa,-7.5,-6.75,0.5000119497604268
mapa,-7.5,-6.5,0.5000118590295314
mapa,-7.5,-6.25,0.5000117662813287
mapa,-7.5,-6.0,0.5000116714743927
mapa,-7.5,-5.75,0.5000115745664486
mapa,-7.5,-5.5,0.5000114755143547
mapa,-7.5,-5.25,0.5000113742740846
mapa,-7.5,-5.0,0.5000112708007101
mapa,-7.5,-4.75,0.5000111650483816
mapa,-7.5,-4.5,0.5000110569703096
mapa,-7.5,-4.25,0.500010946518746
mapa,-7.5,-4.0,0.5000108336449633
mapa,-7.5,-3.75,0.500010718299236
mapa,-7.5,-3.5,0.5000106004308195
mapa,-7.5,-3.25,0.5000104799879292
mapa,-7.5,-3.0,0.5000103569177201
mapa,-7.5,-2.75,0.5000102311662655
mapa,-7.5,-2.5,0.500010102678535
mapa,-7.5,-2.25,0.5000099713983736
mapa,-7.5,-2.0,0.5000098372684807
mapa,-7.5,-1.75,0.5000097002303894
mapa,-7.5,-1.5,0.5000095602244469
mapa,-7.5,-1.25,0.5000094171897981
mapa,-7.5,-1.0,0.5000092710643718
mapa,-7.5,-0.75,0.500009121784874
mapa,-7.5,-0.5,0.5000089692867904
mapa,-7.5,-0.25,0.5000088135044044
mapa,-7.5,0.0,0.5000086543708404
mapa,-7.5,0.25,0.5000084918181461
mapa,-7.5,0.5,0.5000083257774347
mapa,-7.5,0.75,0.5000081561791244
mapa,-7.5,1.0,0.5000079829533266
mapa,-7.5,1.25,0.5000078060304683
mapa,-7.5,1.5,0.5000076253422816
mapa,-7.5,1.75,0.5000074408233646
mapa,-7.5,2.0,0.5000072524136359
mapa,-7.5,2.25,0.500007060062187
mapa,-7.5,2.5,0.500006863733315
mapa,-7.5,2.75,0.5000066634159617
mapa,-7.5,3.0,0.5000064591384731
mapa,-7.5,3.25,0.500006250991665
mapa,-7.5,3.5,0.5000060391648601
mapa,-7.5,3.75,0.5000058240021714
mapa,-7.5,4.0,0.5000056060903961
mapa,-7.5,4.25,0.5000053863962398
mapa,-7.5,4.5,0.500005166480522
mapa,-7.5,4.75,0.5000049488324775
mapa,-7.5,5.0,0.5000047373913623
mapa,-7.5,5.25,0.5000045383600782
mapa,-7.5,5.5,0.5000043614738573
mapa,-7.5,5.75,0.5000042219776782
mapa,-7.5,6.0,0.5000041437066951
mapa,-7.5,6.25,0.5000041638817609
mapa,-7.5,6.5,0.5000043405687857
mapa,-7.5,6.75,0.5000047642696341
mapa,-7.5,7.0,0.500005575909601
mapa,-7.5,7.25,0.500006994706258
mapa,-7.5,7.5,0.5000093612603405
mapa,-7.5,7.75,0.5000132040134887
mapa,-7.5,8.0,0.5000193414168641
mapa,-7.5,8.25,0.5000290383702702
mapa,-7.5,8.5,0.5000442445522478
mapa,-7.5,8.75,0.5000679552031928
mapa,-7.5,9.0,0.5001047528985444
mapa,-7.5,9.25,0.5001616128441678
mapa,-7.5,9.5,0.5002490844037327
mapa,-7.5,9.75,0.5003829959526425
mapa,-7.5,10.0,0.5005868622934447
mapa,-7.5,10.25,0.5008951891452739
mapa,-7.5,10.5,0.5013578399010806
mapa,-7.5,10.75,0.5020455102574104
mapa,-7.5,11.0,0.5030560822848711
mapa,-7.5,11.25,0.5045211306281622
mapa,-7.5,11.5,0.5066110913984927
mapa,-7.5,11.75,0.5095366481747587
mapa,-7.5,12.0,0.513543021078787
mapa,-7.5,12.25,0.5188936341794869
mapa,-7.5,12.5,0.5258408610395147
mapa,-7.5,12.75,0.5345848086905853
mapa,-7.5,13.0,0.5452261424823297
mapa,-7.5,13.25,0.5577240896824454
mapa,-7.5,13.5,0.5718731190973178
mapa,-7.5,13.75,0.5873088622426184
mapa,-7.5,14.0,0.603545565299811
mapa,-7.5,14.25,0.6200370165228748
mapa,-7.5,14.5,0.6362454377078537
mapa,-7.5,14.75,0.6517016987870041
mapa,-7.5,15.0,0.6660452074611942
mapa,-7.5,15.25,0.6790397064702348
mapa,-7.5,15.5,0.6905681814449193
mapa,-7.5,15.75,0.7006139145386214
mapa,-7.5,16.0,0.7092352691793739
mapa,-7.25,-16.0,0.500014012049891
mapa,-7.25,-15.75,0.5000139606198126
mapa,-7.25,-15.5,0.5000139079766632
mapa,-7.25,-15.25,0.5000138540955026
mapa,-7.25,-15.0,0.5000137989508788
mapa,-7.25,-14.75,0.5000137425168188
mapa,-7.25,-14.5,0.5000136847668166
mapa,-7.25,-14.25,0.5000136256738231
mapa,-7.25,-14.0,0.5000135652102344
mapa,-7.25,-13.75,0.500013503347881
mapa,-7.25,-13.5,0.5000134400580157
mapa,-7.25,-13.25,0.5000133753113023
mapa,-7.25,-13.0,0.5000133090778028
mapa,-7.25,-12.75,0.5000132413269658
mapa,-7.25,-12.5,0.5000131720276135
mapa,-7.25,-12.25,0.5000131011479287
mapa,-7.25,-12.0,0.5000130286554425
mapa,-7.25,-11.75,0.5000129545170199
mapa,-7.25,-11.5,0.5000128786988469
mapa,-7.25,-11.25,0.500012801166416
mapa,-7.25,-11.0,0.5000127218845128
mapa,-7.25,-10.75,0.5000126408172008
mapa,-7.25,-10.5,0.5000125579278065
mapa,-7.25,-10.25,0.5000124731789051
mapa,-7.25,-10.0,0.500012386532304
mapa,-7.25,-9.75,0.5000122979490285
mapa,-7.25,-9.5,0.5000122073893041
mapa,-7.25,-9.25,0.5000121148125416
mapa,-7.25,-9.0,0.5000120201773193
mapa,-7.25,-8.75,0.5000119234413665
mapa,-7.25,-8.5,0.5000118245615459
mapa,-7.25,-8.25,0.5000117234938363
mapa,-7.25,-8.0,0.5000116201933135
mapa,-7.25,-7.75,0.5000115146141328
mapa,-7.25,-7.5,0.5000114067095095
mapa,-7.25,-7.25,0.5000112964317001
mapa,-7.25,-7.0,0.500011183731982
mapa,-7.25,-6.75,0.500011068560634
mapa,-7.25,-6.5,0.500010950866916
mapa,-7.25,-6.25,0.5000108305990472
mapa,-7.25,-6.0,0.5000107077041857
mapa,-7.25,-5.75,0.5000105821284062
mapa,-7.25,-5.5,0.5000104538166782
mapa,-7.25,-5.25,0.5000103227128428
mapa,-7.25,-5.0,0.5000101887595906
mapa,-7.25,-4.75,0.5000100518984366
mapa,-7.25,-4.5,0.5000099120696978
mapa,-7.25,-4.25,0.5000097692124673
mapa,-7.25,-4.0,0.5000096232645905
mapa,-7.25,-3.75,0.5000094741626385
mapa,-7.25,-3.5,0.5000093218418834
mapa,-7.25,-3.25,0.5000091662362706
mapa,-7.25,-3.0,0.5000090072783937
mapa,-7.25,-2.75,0.5000088448994664
mapa,-7.25,-2.5,0.500008679029296
mapa,-7.25,-2.25,0.5000085095962571
mapa,-7.25,-2.0,0.5000083365272638
mapa,-7.25,-1.75,0.5000081597477466
mapa,-7.25,-1.5,0.5000079791816284
mapa,-7.25,-1.25,0.5000077947513061
mapa,-7.25,-1.0,0.5000076063776377
mapa,-7.25,-0.75,0.500007413979941
mapa,-7.25,-0.5,0.5000072174760061
mapa,-7.25,-0.25,0.5000070167821375
mapa,-7.25,0.0,0.5000068118132334
mapa,-7.25,0.25,0.5000066024829326
mapa,-7.25,0.5,0.5000063887038597
mapa,-7.25,0.75,0.5000061703880304
mapa,-7.25,1.0,0.5000059474475025
mapa,-7.25,1.25,0.5000057197954135
mapa,-7.25,1.5,0.5000054873476232
mapa,-7.25,1.75,0.5000052500252978
mapa,-7.25,2.0,0.5000050077589704
mapa,-7.25,2.25,0.500004760494901
mapa,-7.25,2.5,0.5000045082050351
mapa,-7.25,2.75,0.5000042509025742
mapa,-7.25,3.0,0.5000039886663173
mapa,-7.25,3.25,0.5000037216786897
mapa,-7.25,3.5,0.5000034502851447
mapa,-7.25,3.75,0.5000031750869273
mapa,-7.25,4.0,0.5000028970859042
mapa,-7.25,4.25,0.5000026179106413
mapa,-7.25,4.5,0.5000023401692284
mapa,-7.25,4.75,0.500002067999777
mapa,-7.25,5.0,0.5000018079290793
mapa,-7.25,5.25,0.5000015702114639
mapa,-7.25,5.5,0.5000013709154612
mapa,-7.25,5.75,0.5000012351741925
mapa,-7.25,6.0,0.5000012022450298
mapa,-7.25,6.25,0.5000013333789225
mapa,-7.25,6.5,0.5000017240466078
mapa,-7.25,6.75,0.5000025229086339
mapa,-7.25,7.0,0.5000039611999808
mapa,-7.25,7.25,0.5000063981519663
mapa,-7.25,7.5,0.5000103910205449
mapa,-7.25,7.75,0.5000168026968073
mapa,-7.25,8.0,0.5000269663876323
mapa,-7.25,8.25,0.5000429363269856
mapa,-7.25,8.5,0.5000678669684746
mapa,-7.25,8.75,0.5001065817704651
mapa,-7.25,9.0,0.500166417448158
mapa,-7.25,9.25,0.5002584604224753
mapa,-7.25,9.5,0.5003993267742437
mapa,-7.25,9.75,0.5006136680977273
mapa,-7.25,10.0,0.5009375973130606
mapa,-7.25,10.25,0.5014231910590755
mapa,-7.25,10.5,0.5021440907038699
mapa,-7.25,10.75,0.5032019263135216
mapa,-7.25,11.0,0.5047327578893833
mapa,-7.25,11.25,0.5069119356457893
mapa,-7.25,11.5,0.5099548152250002
mapa,-7.25,11.75,0.5141099388341599
mapa,-7.25,12.0,0.5196412136940709
mapa,-7.25,12.25,0.5267970685471364
mapa,-7.25,12.5,0.5357680839427974
mapa,-7.25,12.75,0.5466397662247172
mapa,-7.25,13.0,0.5593520990220903
mapa,-7.25,13.25,0.5736793275416007
mapa,-7.25,13.5,0.5892397867903277
mapa,-7.25,13.75,0.6055368241006194
mapa,-7.25,14.0,0.622021607124051
mapa,-7.25,14.25,0.6381617987874786
mapa,-7.25,14.5,0.6534997816201138
mapa,-7.25,14.75,0.667689666374735
mapa,-7.25,15.0,0.6805102757431791
mapa,-7.25,15.25,0.691857958874068
mapa,-7.25,15.5,0.701726498092553
mapa,-7.25,15.75,0.7101815860251239
mapa,-7.25,16.0,0.717335611828125
mapa,-7.0,-16.0,0.5000136622016625
mapa,-7.0,-15.75,0.5000135946220479
mapa,-7.0,-15.5,0.5000135254941374
mapa,-7.0,-15.25,0.5000134547861177
mapa,-7.0,-15.0,0.5000133824655226
mapa,-7.0,-14.75,0.5000133084992209
mapa,-7.0,-14.5,0.5000132328534017
mapa,-7.0,-14.25,0.5000131554935612
mapa,-7.0,-14.0,0.5000130763844886
mapa,-7.0,-13.75,0.5000129954902508
mapa,-7.0,-13.5,0.5000129127741783
mapa,-7.0,-13.25,0.5000128281988497
mapa,-7.0,-13.0,0.5000127417260771
mapa,-7.0,-12.75,0.5000126533168889
mapa,-7.0,-12.5,0.5000125629315153
mapa,-7.0,-12.25,0.500012470529371
mapa,-7.0,-12.0,0.5000123760690384
mapa,-7.0,-11.75,0.5000122795082513
mapa,-7.0,-11.5,0.5000121808038771
mapa,-7.0,-11.25,0.5000120799118986
mapa,-7.0,-11.0,0.5000119767873965
mapa,-7.0,-10.75,0.5000118713845311
mapa,-7.0,-10.5,0.500011763656522
mapa,-7.0,-10.25,0.5000116535556309
mapa,-7.0,-10.0,0.5000115410331403
mapa,-7.0,-9.75,0.5000114260393344
mapa,-7.0,-9.5,0.5000113085234776
mapa,-7.0,-9.25,0.5000111884337952
mapa,-7.0,-9.0,0.5000110657174504
mapa,-7.0,-8.75,0.5000109403205237
mapa,-7.0,-8.5,0.5000108121879902
mapa,-7.0,-8.25,0.5000106812636969
mapa,-7.0,-8.0,0.50001054749034
mapa,-7.0,-7.75,0.5000104108094409
mapa,-7.0,-7.5,0.5000102711613221
mapa,-7.0,-7.25,0.5000101284850832
mapa,-7.0,-7.0,0.5000099827185748
mapa,-7.0,-6.75,0.500009833798374
mapa,-7.0,-6.5,0.5000096816597577
mapa,-7.0,-6.25,0.5000095262366759
mapa,-7.0,-6.0,0.500009367461725
mapa,-7.0,-5.75,0.5000092052661196
mapa,-7.0,-5.5,0.500009039579664
mapa,-7.0,-5.25,0.5000088703307239
mapa,-7.0,-5.0,0.500008697446197
mapa,-7.0,-4.75,0.5000085208514822
mapa,-7.0,-4.5,0.500008340470449
mapa,-7.0,-4.25,0.5000081562254075
mapa,-7.0,-4.0,0.5000079680370751
mapa,-7.0,-3.75,0.5000077758245449
mapa,-7.0,-3.5,0.5000075795052525
mapa,-7.0,-3.25,0.5000073789949425
mapa,-7.0,-3.0,0.5000071742076349
mapa,-7.0,-2.75,0.5000069650555911
mapa,-7.0,-2.5,0.50000675144928
mapa,-7.0,-2.25,0.5000065332973443
mapa,-7.0,-2.0,0.5000063105065691
mapa,-7.0,-1.75,0.5000060829818503
mapa,-7.0,-1.5,0.5000058506261705
mapa,-7.0,-1.25,0.5000056133405786
mapa,-7.0,-1.0,0.5000053710241803
mapa,-7.0,-0.75,0.5000051235741483
mapa,-7.0,-0.5,0.5000048708857568
mapa,-7.0,-0.25,0.5000046128524608
mapa,-7.0,0.0,0.5000043493660429
mapa,-7.0,0.25,0.5000040803168656
mapa,-7.0,0.5,0.500003805594292
mapa,-7.0,0.75,0.5000035250873657
mapa,-7.0,1.0,0.5000032386858984
mapa,-7.0,1.25,0.5000029462821958
mapa,-7.0,1.5,0.5000026477737786
mapa,-7.0,1.75,0.500002343067659
mapa,-7.0,2.0,0.500002032087048
mapa,-7.0,2.25,0.5000017147818563
mapa,-7.0,2.5,0.500001391145123
mapa,-7.0,2.75,0.500001061238699
mapa,-7.0,3.0,0.5000007252333791
mapa,-7.0,3.25,0.500000383471591
mapa,-7.0,3.5,0.5000000365652985
mapa,-7.0,3.75,0.4999996855488559
mapa,-7.0,4.0,0.4999993321176144
mapa,-7.0,4.25,0.4999989790002937
mapa,-7.0,4.5,0.4999986305399663
mapa,-7.0,4.75,0.4999982936002412
mapa,-7.0,5.0,0.499997978978157
mapa,-7.0,5.25,0.49999770360611634
mapa,-7.0,5.5,0.49999749398157545
mapa,-7.0,5.75,0.49999739150532047
mapa,-7.0,6.0,0.49999746078316554
mapa,-7.0,6.25,0.49999780252204307
mapa,-7.0,6.5,0.4999985735357576
mapa,-7.0,6.75,0.500000017726871
mapa,-7.0,7.0,0.500002513963893
mapa,-7.0,7.25,0.5000066498684141
mapa,-7.0,7.5,0.500013335150497
mapa,-7.0,7.75,0.5000239749518507
mapa,-7.0,8.0,0.5000407335562448
mapa,-7.0,8.25,0.5000669328825614
mapa,-7.0,8.5,0.500107649536808
mapa,-7.0,8.75,0.500170599732011
mapa,-7.0,9.0,0.5002674328862655
mapa,-7.0,9.25,0.5004155893802854
mapa,-7.0,9.5,0.5006409077586849
mapa,-7.0,9.75,0.5009811742823891
mapa,-7.0,10.0,0.5014907614767753
mapa,-7.0,10.25,0.5022463517554898
mapa,-7.0,10.5,0.5033534197759104
mapa,-7.0,10.75,0.5049525854598191
mapa,-7.0,11.0,0.5072241278351856
mapa,-7.0,11.25,0.5103879787714986
mapa,-7.0,11.5,0.5146957433004145
mapa,-7.0,11.75,0.5204113567710297
mapa,-7.0,12.0,0.5277786720487273
mapa,-7.0,12.25,0.5369780342277358
mapa,-7.0,12.5,0.548079178692041
mapa,-7.0,12.75,0.5610025354096526
mapa,-7.0,13.0,0.5755022689364698
mapa,-7.0,13.25,0.5911800311996679
mapa,-7.0,13.5,0.6075292146762483
mapa,-7.0,13.75,0.6239993968995036
mapa,-7.0,14.0,0.6400645514132852
mapa,-7.0,14.25,0.6552791206258243
mapa,-7.0,14.5,0.6693121040007668
mapa,-7.0,14.75,0.6819572892058022
mapa,-7.0,15.0,0.6931240841035483
mapa,-7.0,15.25,0.7028163888838218
mapa,-7.0,15.5,0.7111068505785998
mapa,-7.0,15.75,0.7181119636387515
mapa,-7.0,16.0,0.7239711408878238
mapa,-6.75,-16.0,0.5000131042434093
mapa,-6.75,-15.75,0.5000130160115577
mapa,-6.75,-15.5,0.500012925803782
mapa,-6.75,-15.25,0.5000128335795015
mapa,-6.75,-15.0,0.5000127392973027
mapa,-6.75,-14.75,0.5000126429149236
mapa,-6.75,-14.5,0.500012544389236
mapa,-6.75,-14.25,0.5000124436762273
mapa,-6.75,-14.0,0.5000123407309827
mapa,-6.75,-13.75,0.5000122355076667
mapa,-6.75,-13.5,0.5000121279595043
mapa,-6.75,-13.25,0.5000120180387617
mapa,-6.75,-13.0,0.5000119056967267
mapa,-6.75,-12.75,0.5000117908836881
mapa,-6.75,-12.5,0.500011673548916
mapa,-6.75,-12.25,0.5000115536406406
mapa,-6.75,-12.0,0.5000114311060307
mapa,-6.75,-11.75,0.5000113058911724
mapa,-6.75,-11.5,0.5000111779410463
mapa,-6.75,-11.25,0.5000110471995055
mapa,-6.75,-11.0,0.5000109136092517
mapa,-6.75,-10.75,0.5000107771118125
mapa,-6.75,-10.5,0.5000106376475167
mapa,-6.75,-10.25,0.5000104951554698
mapa,-6.75,-10.0,0.5000103495735294
mapa,-6.75,-9.75,0.500010200838279
mapa,-6.75,-9.5,0.5000100488850019
mapa,-6.75,-9.25,0.5000098936476555
mapa,-6.75,-9.0,0.5000097350588426
mapa,-6.75,-8.75,0.5000095730497851
mapa,-6.75,-8.5,0.5000094075502949
mapa,-6.75,-8.25,0.5000092384887449
mapa,-6.75,-8.0,0.50000906579204
mapa,-6.75,-7.75,0.5000088893855867
mapa,-6.75,-7.5,0.5000087091932627
mapa,-6.75,-7.25,0.5000085251373846
mapa,-6.75,-7.0,0.5000083371386775
mapa,-6.75,-6.75,0.500008145116241
mapa,-6.75,-6.5,0.5000079489875165
mapa,-6.75,-6.25,0.5000077486682534
mapa,-6.75,-6.0,0.5000075440724738
mapa,-6.75,-5.75,0.5000073351124374
mapa,-6.75,-5.5,0.5000071216986056
mapa,-6.75,-5.25,0.5000069037396047
mapa,-6.75,-5.0,0.500006681142188
mapa,-6.75,-4.75,0.5000064538111975
mapa,-6.75,-4.5,0.5000062216495249
mapa,-6.75,-4.25,0.5000059845580721
mapa,-6.75,-4.0,0.5000057424357103
mapa,-6.75,-3.75,0.5000054951792389
mapa,-6.75,-3.5,0.5000052426833433
mapa,-6.75,-3.25,0.5000049848405531
mapa,-6.75,-3.0,0.5000047215411989
mapa,-6.75,-2.75,0.5000044526733696
mapa,-6.75,-2.5,0.5000041781228699
mapa,-6.75,-2.25,0.5000038977731794
mapa,-6.75,-2.0,0.5000036115054126
mapa,-6.75,-1.75,0.5000033191982849
mapa,-6.75,-1.5,0.5000030207280834
mapa,-6.75,-1.25,0.5000027159686505
mapa,-6.75,-1.0,0.5000024047913841
mapa,-6.75,-0.75,0.5000020870652675
mapa,-6.75,-0.5,0.5000017626569443
mapa,-6.75,-0.25,0.5000014314308643
mapa,-6.75,0.0,0.5000010932495418
mapa,-6.75,0.25,0.5000007479739904
mapa,-6.75,0.5,0.5000003954644308
mapa,-6.75,0.75,0.5000000355814308
mapa,-6.75,1.0,0.4999996681877169
mapa,-6.75,1.25,0.4999992931510366
mapa,-6.75,1.5,0.4999989103486626
mapa,-6.75,1.75,0.4999985196744628
mapa,-6.75,2.0,0.4999981210499737
mapa,-6.75,2.25,0.4999977144417315
mapa,-6.75,2.5,0.4999972998883703
mapa,-6.75,2.75,0.4999968775429704
mapa,-6.75,3.0,0.49999644773921803
mapa,-6.75,3.25,0.49999601109472736
mapa,-6.75,3.5,0.4999955686723642
mapa,-6.75,3.75,0.4999951222320718
mapa,-6.75,4.0,0.4999946746238694
mapa,-6.75,4.25,0.4999942304010072
mapa,-6.75,4.5,0.4999937967762975
mapa,-6.75,4.75,0.49999338511312874
mapa,-6.75,5.0,0.499993013249014
mapa,-6.75,5.25,0.4999927091144346
mapa,-6.75,5.5,0.49999251636499925
mapa,-6.75,5.75,0.4999925031391285
mapa,-6.75,6.0,0.4999927756604537
mapa,-6.75,6.25,0.499993499335318
mapa,-6.75,6.5,0.4999949314177223
mapa,-6.75,6.75,0.4999974714725272
mapa,-6.75,7.0,0.5000017391193359
mapa,-6.75,7.25,0.5000086933899178
mapa,-6.75,7.5,0.500019815175301
mapa,-6.75,7.75,0.5000373845819297
mapa,-6.75,8.0,0.5000648996553564
mapa,-6.75,8.25,0.5001077030047256
mapa,-6.75,8.5,0.5001739091622173
mapa,-6.75,8.75,0.500275757620836
mapa,-6.75,9.0,0.5004315511441552
mapa,-6.75,9.25,0.5006683672137332
mapa,-6.75,9.5,0.5010257336005126
mapa,-6.75,9.75,0.5015604032173723
mapa,-6.75,10.0,0.5023521958530095
mapa,-6.75,10.25,0.50351052619049
mapa,-6.75,10.5,0.505180643689502
mapa,-6.75,10.75,0.5075477603839722
mapa,-6.75,11.0,0.5108362713847497
mapa,-6.75,11.25,0.5153005625436281
mapa,-6.75,11.5,0.5212041185362591
mapa,-6.75,11.75,0.5287855689114123
mapa,-6.75,12.0,0.5382143155491782
mapa,-6.75,12.25,0.5495437368142936
mapa,-6.75,12.5,0.5626744479133783
mapa,-6.75,12.75,0.5773407350336186
mapa,-6.75,13.0,0.5931282308449076
mapa,-6.75,13.25,0.6095213415337388
mapa,-6.75,13.5,0.6259690776159621
mapa,-6.75,13.75,0.6419525599043711
mapa,-6.75,14.0,0.6570387938326527
mapa,-6.75,14.25,0.6709118120186606
mapa,-6.75,14.5,0.683380222782551
mapa,-6.75,14.75,0.6943661728759769
mapa,-6.75,15.0,0.7038832951243786
mapa,-6.75,15.25,0.7120108211333397
mapa,-6.75,15.5,0.7188690416149954
mapa,-6.75,15.75,0.7245989697364583
mapa,-6.75,16.0,0.7293471686424392
mapa,-6.5,-16.0,0.5000122778740522
mapa,-6.5,-15.75,0.5000121632450762
mapa,-6.5,-15.5,0.5000120460946814
mapa,-6.5,-15.25,0.5000119263711034
mapa,-6.5,-15.0,0.5000118040215161
mapa,-6.5,-14.75,0.5000116789920113
mapa,-6.5,-14.5,0.5000115512275749
mapa,-6.5,-14.25,0.5000114206720658
mapa,-6.5,-14.0,0.5000112872681917
mapa,-6.5,-13.75,0.500011150957486
mapa,-6.5,-13.5,0.5000110116802836
mapa,-6.5,-13.25,0.5000108693756964
mapa,-6.5,-13.0,0.5000107239815879
mapa,-6.5,-12.75,0.5000105754345482
mapa,-6.5,-12.5,0.5000104236698678
mapa,-6.5,-12.25,0.5000102686215102
mapa,-6.5,-12.0,0.5000101102220854
mapa,-6.5,-11.75,0.5000099484028224
mapa,-6.5,-11.5,0.5000097830935402
mapa,-6.5,-11.25,0.5000096142226192
mapa,-6.5,-11.0,0.5000094417169718
mapa,-6.5,-10.75,0.5000092655020122
mapa,-6.5,-10.5,0.5000090855016257
mapa,-6.5,-10.25,0.5000089016381377
mapa,-6.5,-10.0,0.5000087138322808
mapa,-6.5,-9.75,0.5000085220031633
mapa,-6.5,-9.5,0.5000083260682353
mapa,-6.5,-9.25,0.5000081259432545
mapa,-6.5,-9.0,0.5000079215422522
mapa,-6.5,-8.75,0.5000077127774971
mapa,-6.5,-8.5,0.5000074995594601
mapa,-6.5,-8.25,0.5000072817967767
mapa,-6.5,-8.0,0.5000070593962095
mapa,-6.5,-7.75,0.5000068322626102
mapa,-6.5,-7.5,0.5000066002988798
mapa,-6.5,-7.25,0.5000063634059296
mapa,-6.5,-7.0,0.5000061214826395
mapa,-6.5,-6.75,0.5000058744258165
mapa,-6.5,-6.5,0.5000056221301526
mapa,-6.5,-6.25,0.5000053644881817
mapa,-6.5,-6.0,0.5000051013902342
mapa,-6.5,-5.75,0.5000048327243934
mapa,-6.5,-5.5,0.5000045583764482
mapa,-6.5,-5.25,0.5000042782298465
mapa,-6.5,-5.0,0.5000039921656478
mapa,-6.5,-4.75,0.500003700062474
mapa,-6.5,-4.5,0.5000034017964592
mapa,-6.5,-4.25,0.5000030972411996
mapa,-6.5,-4.0,0.5000027862677016
mapa,-6.5,-3.75,0.5000024687443294
mapa,-6.5,-3.5,0.5000021445367516
mapa,-6.5,-3.25,0.5000018135078881
mapa,-6.5,-3.0,0.5000014755178555
mapa,-6.5,-2.75,0.5000011304239134
mapa,-6.5,-2.5,0.5000007780804121
mapa,-6.5,-2.25,0.5000004183387416
mapa,-6.5,-2.0,0.5000000510472856
mapa,-6.5,-1.75,0.49999967605138085
mapa,-6.5,-1.5,0.4999992931932905
mapa,-6.5,-1.25,0.4999989023121937
mapa,-6.5,-1.0,0.49999850324420747
mapa,-6.5,-0.75,0.49999809582245447
mapa,-6.5,-0.5,0.4999976798772067
mapa,-6.5,-0.25,0.49999725523614763
mapa,-6.5,0.0,0.4999968217248186
mapa,-6.5,0.25,0.4999963791673562
mapa,-6.5,0.5,0.4999959273876828
mapa,-6.5,0.75,0.49999546621140717
mapa,-6.5,1.0,0.499994995468834
mapa,-6.5,1.25,0.4999945149997059
mapa,-6.5,1.5,0.49999402466065235
mapa,-6.5,1.75,0.49999352433686667
mapa,-6.5,2.0,0.4999930139603859
mapa,-6.5,2.25,0.49999249353867936
mapa,-6.5,2.5,0.49999196319933564
mapa,-6.5,2.75,0.4999914232598789
mapa,-6.5,3.0,0.499990874336811
mapa,-6.5,3.25,0.4999903175158697
mapa,-6.5,3.5,0.4999897546178021
mapa,-6.5,3.75,0.4999891886131311
mapa,-6.5,4.0,0.4999886242692558
mapa,-6.5,4.25,0.49998806915969735
mapa,-6.5,4.5,0.49998753523754114
mapa,-6.5,4.75,0.49998704128729227
mapa,-6.5,5.0,0.49998661674326283
mapa,-6.5,5.25,0.499986307631713
mapa,-6.5,5.5,0.49998618580941157
mapa,-6.5,5.75,0.49998636331073054
mapa,-6.5,6.0,0.4999870145958963
mapa,-6.5,6.25,0.4999884109893106
mapa,-6.5,6.5,0.4999909738662873
mapa,-6.5,6.75,0.4999953565616933
mapa,-6.5,7.0,0.5000025700613501
mapa,-6.5,7.25,0.500014175015728
mapa,-6.5,7.5,0.5000325734183497
mapa,-6.5,7.75,0.5000614485307128
mapa,-6.5,8.0,0.5001064224368107
mapa,-6.5,8.25,0.5001760276753189
mapa,-6.5,8.5,0.5002831220698924
mapa,-6.5,8.75,0.5004469103813689
mapa,-6.5,9.0,0.5006957628774988
mapa,-6.5,9.25,0.5010710190425245
mapa,-6.5,9.5,0.5016318984756417
mapa,-6.5,9.75,0.5024614554429891
mapa,-6.5,10.0,0.5036731385627671
mapa,-6.5,10.25,0.5054168909184286
mapa,-6.5,10.5,0.5078828504483623
mapa,-6.5,10.75,0.5112997445765355
mapa,-6.5,11.0,0.515924434776781
mapa,-6.5,11.25,0.5220194528514135
mapa,-6.5,11.5,0.52981754280685
mapa,-6.5,11.75,0.5394764595048634
mapa,-6.5,12.0,0.5510326672252123
mapa,-6.5,12.25,0.5643667563703277
mapa,-6.5,12.5,0.579193396366803
mapa,-6.5,12.75,0.5950829124566924
mapa,-6.5,13.0,0.6115117138573768
mapa,-6.5,13.25,0.6279292561315274
mapa,-6.5,13.5,0.6438246089825608
mapa,-6.5,13.75,0.6587777995468892
mapa,-6.5,14.0,0.6724879979195875
mapa,-6.5,14.25,0.6847784611257066
mapa,-6.5,14.5,0.6955837416090116
mapa,-6.5,14.75,0.7049268178726589
mapa,-6.5,15.0,0.7128931418829056
mapa,-6.5,15.25,0.7196065005208574
mapa,-6.5,15.5,0.725209284583922
mapa,-6.5,15.75,0.7298479424524208
mapa,-6.5,16.0,0.7336632659999276
mapa,-6.25,-16.0,0.5000111060979894
mapa,-6.25,-15.75,0.5000109577424926
mapa,-6.25,-15.5,0.5000108061697373
mapa,-6.25,-15.25,0.5000106513136933
mapa,-6.25,-15.0,0.500010493106978
mapa,-6.25,-14.75,0.5000103314808269
mapa,-6.25,-14.5,0.5000101663650662
mapa,-6.25,-14.25,0.5000099976880839
mapa,-6.25,-14.0,0.5000098253767994
mapa,-6.25,-13.75,0.5000096493566347
mapa,-6.25,-13.5,0.5000094695514831
mapa,-6.25,-13.25,0.5000092858836771
mapa,-6.25,-13.0,0.5000090982739586
mapa,-6.25,-12.75,0.5000089066414433
mapa,-6.25,-12.5,0.5000087109035898
mapa,-6.25,-12.25,0.5000085109761649
mapa,-6.25,-12.0,0.5000083067732085
mapa,-6.25,-11.75,0.5000080982069984
mapa,-6.25,-11.5,0.5000078851880146
mapa,-6.25,-11.25,0.5000076676249021
mapa,-6.25,-11.0,0.5000074454244331
mapa,-6.25,-10.75,0.500007218491469
mapa,-6.25,-10.5,0.5000069867289214
mapa,-6.25,-10.25,0.5000067500377114
mapa,-6.25,-10.0,0.5000065083167293
mapa,-6.25,-9.75,0.5000062614627931
mapa,-6.25,-9.5,0.5000060093706059
mapa,-6.25,-9.25,0.5000057519327124
mapa,-6.25,-9.0,0.5000054890394544
mapa,-6.25,-8.75,0.5000052205789268
mapa,-6.25,-8.5,0.5000049464369303
mapa,-6.25,-8.25,0.500004666496925
mapa,-6.25,-8.0,0.5000043806399819
mapa,-6.25,-7.75,0.5000040887447348
mapa,-6.25,-7.5,0.5000037906873299
mapa,-6.25,-7.25,0.5000034863413746
mapa,-6.25,-7.0,0.5000031755778858
mapa,-6.25,-6.75,0.5000028582652364
mapa,-6.25,-6.5,0.5000025342691018
mapa,-6.25,-6.25,0.5000022034524041
mapa,-6.25,-6.0,0.5000018656752562
mapa,-6.25,-5.75,0.5000015207949031
mapa,-6.25,-5.5,0.5000011686656648
mapa,-6.25,-5.25,0.5000008091388752
mapa,-6.25,-5.0,0.5000004420628217
mapa,-6.25,-4.75,0.5000000672826825
mapa,-6.25,-4.5,0.4999996846404632
mapa,-6.25,-4.25,0.4999992939749326
mapa,-6.25,-4.0,0.4999988951215568
mapa,-6.25,-3.75,0.4999984879124324
mapa,-6.25,-3.5,0.49999807217621917
mapa,-6.25,-3.25,0.49999764773807215
mapa,-6.25,-3.0,0.499997214419574
mapa,-6.25,-2.75,0.4999967720386673
mapa,-6.25,-2.5,0.4999963204095901
mapa,-6.25,-2.25,0.4999958593428145
mapa,-6.25,-2.0,0.4999953886449931
mapa,-6.25,-1.75,0.4999949081189168
mapa,-6.25,-1.5,0.4999944175634926
mapa,-6.25,-1.25,0.499993916773753
mapa,-6.25,-1.0,0.4999934055409143
mapa,-6.25,-0.75,0.4999928836525157
mapa,-6.25,-0.5,0.49999235089268124
mapa,-6.25,-0.25,0.49999180704257795
mapa,-6.25,0.0,0.49999125188117927
mapa,-6.25,0.25,0.49999068518650763
mapa,-6.25,0.5,0.4999901067376258
mapa,-6.25,0.75,0.4999895163177976
mapa,-6.25,1.0,0.4999889137194789
mapa,-6.25,1.25,0.4999882987521642
mapa,-6.25,1.5,0.49998767125469606
mapa,-6.25,1.75,0.49998703111454285
mapa,-6.25,2.0,0.4999863782979588
mapa,-6.25,2.25,0.49998571289713406
mapa,-6.25,2.5,0.4999850352038691
mapa,-6.25,2.75,0.4999843458246488
mapa,-6.25,3.0,0.49998364586032695
mapa,-6.25,3.25,0.49998293718661746
mapa,-6.25,3.5,0.4999822228918284
mapa,-6.25,3.75,0.4999815079597825
mapa,-6.25,4.0,0.49998080033489534
mapa,-6.25,4.25,0.49998011258258884
mapa,-6.25,4.5,0.49997946447651315
mapa,-6.25,4.75,0.49997888702743354
mapa,-6.25,5.0,0.4999784287523261
mapa,-6.25,5.25,0.49997816542005236
mapa,-6.25,5.5,0.49997821518359425
mapa,-6.25,5.75,0.4999787620411983
mapa,-6.25,6.0,0.49998009214313965
mapa,-6.25,6.25,0.4999826498466478
mapa,-6.25,6.5,0.4999871240078977
mapa,-6.25,6.75,0.4999945803348174
mapa,-6.25,7.0,0.5000066634522897
mapa,-6.25,7.25,0.5000259036103566
mapa,-6.25,7.5,0.5000561788227992
mapa,-6.25,7.75,0.5001034047625971
mapa,-6.25,8.0,0.5001765525622557
mapa,-6.25,8.25,0.5002891278505373
mapa,-6.25,8.5,0.5004612785739176
mapa,-6.25,8.75,0.5007227235305766
mapa,-6.25,9.0,0.5011166861540403
mapa,-6.25,9.25,0.5017049407524528
mapa,-6.25,9.5,0.5025738737431585
mapa,-6.25,9.75,0.5038410596747783
mapa,-6.25,10.0,0.5056611931963753
mapa,-6.25,10.25,0.5082293189648713
mapa,-6.25,10.5,0.5117783470726185
mapa,-6.25,10.75,0.516567285847155
mapa,-6.25,11.0,0.5228571891317622
mapa,-6.25,11.25,0.5308742401306578
mapa,-6.25,11.5,0.5407638496783659
mapa,-6.25,11.75,0.5525450429559496
mapa,-6.25,12.0,0.5660782285017317
mapa,-6.25,12.25,0.581058779608008
mapa,-6.25,12.5,0.597042471293428
mapa,-6.25,12.75,0.6134987220016156
mapa,-6.25,13.0,0.6298784298385609
mapa,-6.25,13.25,0.6456793780173969
mapa,-6.25,13.5,0.6604950294604388
mapa,-6.25,13.75,0.6740397571581701
mapa,-6.25,14.0,0.6861512690145692
mapa,-6.25,14.25,0.6967761782037457
mapa,-6.25,14.5,0.7059464213470713
mapa,-6.25,14.75,0.7137533127749058
mapa,-6.25,15.0,0.7203238445664182
mapa,-6.25,15.25,0.7258015717557884
mapa,-6.25,15.5,0.7303326862272932
mapa,-6.25,15.75,0.7340568339111508
mapa,-6.25,16.0,0.737101756157306
mapa,-6.0,-16.0,0.5000094906229784
mapa,-6.0,-15.75,0.5000092991904216
mapa,-6.0,-15.5,0.5000091036529943
mapa,-6.0,-15.25,0.5000089039264719
mapa,-6.0,-15.0,0.5000086999249027
mapa,-6.0,-14.75,0.5000084915605737
mapa,-6.0,-14.5,0.5000082787439739
mapa,-6.0,-14.25,0.5000080613837576
mapa,-6.0,-14.0,0.5000078393867065
mapa,-6.0,-13.75,0.5000076126576917
mapa,-6.0,-13.5,0.5000073810996345
mapa,-6.0,-13.25,0.5000071446134663
mapa,-6.0,-13.0,0.5000069030980879
mapa,-6.0,-12.75,0.5000066564503278
mapa,-6.0,-12.5,0.5000064045648998
mapa,-6.0,-12.25,0.5000061473343596
mapa,-6.0,-12.0,0.5000058846490606
mapa,-6.0,-11.75,0.5000056163971089
mapa,-6.0,-11.5,0.5000053424643172
mapa,-6.0,-11.25,0.5000050627341572
mapa,-6.0,-11.0,0.5000047770877127
mapa,-6.0,-10.75,0.5000044854036302
mapa,-6.0,-10.5,0.5000041875580683
mapa,-6.0,-10.25,0.5000038834246476
mapa,-6.0,-10.0,0.5000035728743984
mapa,-6.0,-9.75,0.5000032557757077
mapa,-6.0,-9.5,0.5000029319942643
mapa,-6.0,-9.25,0.5000026013930049
mapa,-6.0,-9.0,0.5000022638320565
mapa,-6.0,-8.75,0.5000019191686793
mapa,-6.0,-8.5,0.500001567257208
mapa,-6.0,-8.25,0.5000012079489915
mapa,-6.0,-8.0,0.5000008410923323
mapa,-6.0,-7.75,0.5000004665324236
mapa,-6.0,-7.5,0.5000000841112856
mapa,-6.0,-7.25,0.4999996936677007
mapa,-6.0,-7.0,0.4999992950371471
mapa,-6.0,-6.75,0.49999888805173115
mapa,-6.0,-6.5,0.49999847254011803
mapa,-6.0,-6.25,0.49999804832746153
mapa,-6.0,-6.0,0.49999761523533187
mapa,-6.0,-5.75,0.4999971730816427
mapa,-6.0,-5.5,0.49999672168057596
mapa,-6.0,-5.25,0.4999962608425052
mapa,-6.0,-5.0,0.4999957903739188
mapa,-6.0,-4.75,0.49999531007733944
mapa,-6.0,-4.5,0.49999481975124416
mapa,-6.0,-4.25,0.4999943191899816
mapa,-6.0,-4.0,0.4999938081836888
mapa,-6.0,-3.75,0.49999328651820646
mapa,-6.0,-3.5,0.4999927539749939
mapa,-6.0,-3.25,0.4999922103310426
mapa,-6.0,-3.0,0.49999165535879225
mapa,-6.0,-2.75,0.4999910888260466
mapa,-6.0,-2.5,0.4999905104958947
mapa,-6.0,-2.25,0.49998992012663873
mapa,-6.0,-2.0,0.49998931747173464
mapa,-6.0,-1.75,0.49998870227975195
mapa,-6.0,-1.5,0.4999880742943682
mapa,-6.0,-1.25,0.49998743325441447
mapa,-6.0,-1.0,0.4999867788940046
mapa,-6.0,-0.75,0.49998611094279505
mapa,-6.0,-0.5,0.499985429126451
mapa,-6.0,-0.25,0.4999847331674344
mapa,-6.0,0.0,0.4999840227862973
mapa,-6.0,0.25,0.49998329770376493
mapa,-6.0,0.5,0.49998255764405425
mapa,-6.0,0.75,0.4999818023401215
mapa,-6.0,1.0,0.4999810315419258
mapa,-6.0,1.25,0.499980245029401
mapa,-6.0,1.5,0.4999794426327849
mapa,-6.0,1.75,0.4999786242644315
mapa,-6.0,2.0,0.49997778996855846
mapa,-6.0,2.25,0.4999769399989869
mapa,-6.0,2.5,0.4999760749405799
mapa,-6.0,2.75,0.49997519589886974
mapa,-6.0,3.0,0.4999743047960783
mapa,-6.0,3.25,0.4999734048330845
mapa,-6.0,3.5,0.49997250121014053
mapa,-6.0,3.75,0.4999716022508624
mapa,-6.0,4.0,0.4999707211544037
mapa,-6.0,4.25,0.4999698787254908
mapa,-6.0,4.5,0.499969107625362
mapa,-6.0,4.75,0.499968458985712
mapa,-6.0,5.0,0.4999680126891335
mapa,-6.0,5.25,0.49996789332910974
mapa,-6.0,5.5,0.4999682949494943
mapa,-6.0,5.75,0.4999695193197819
mapa,-6.0,6.0,0.4999720350103603
mapa,-6.0,6.25,0.49997656829754117
mapa,-6.0,6.5,0.49998424252139434
mapa,-6.0,6.75,0.49999679071053604
mapa,-6.0,7.0,0.5000168780599644
mapa,-6.0,7.25,0.5000485873389504
mapa,-6.0,7.5,0.50009814259299
mapa,-6.0,7.75,0.5001749750704794
mapa,-6.0,8.0,0.5002932689395856
mapa,-6.0,8.25,0.5004741581367171
mapa,-6.0,8.5,0.500748767659305
mapa,-6.0,8.75,0.5011622791509085
mapa,-6.0,9.0,0.5017791112885663
mapa,-6.0,9.25,0.5026890806645943
mapa,-6.0,9.5,0.5040139774235916
mapa,-6.0,9.75,0.5059132989391243
mapa,-6.0,10.0,0.5085869645134439
mapa,-6.0,10.25,0.5122718977961113
mapa,-6.0,10.5,0.5172289013344165
mapa,-6.0,10.75,0.5237170036914198
mapa,-6.0,11.0,0.5319551408806341
mapa,-6.0,11.25,0.542075692422802
mapa,-6.0,11.5,0.5540797544343593
mapa,-6.0,11.75,0.5678074512112201
mapa,-6.0,12.0,0.5829352389456182
mapa,-6.0,12.25,0.5990051421522607
mapa,-6.0,12.5,0.6154806076444184
mapa,-6.0,12.75,0.6318149556094143
mapa,-6.0,13.0,0.6475154086419732
mapa,-6.0,13.25,0.6621892350149188
mapa,-6.0,13.5,0.6755660384506692
mapa,-6.0,13.75,0.687497755786225
mapa,-6.0,14.0,0.6979427057594934
mapa,-6.0,14.25,0.7069413960098319
mapa,-6.0,14.5,0.7145906519902012
mapa,-6.0,14.75,0.7210203892686862
mapa,-6.0,15.0,0.7263751229430361
mapa,-6.0,15.25,0.7308006545098461
mapa,-6.0,15.5,0.7344354063774078
mapa,-6.0,15.75,0.7374054572181026
mapa,-6.0,16.0,0.7398222705023283
mapa,-5.75,-16.0,0.5000073059901149
mapa,-5.75,-15.75,0.500007059551895
mapa,-5.75,-15.5,0.5000068078765836
mapa,-5.75,-15.25,0.5000065508567475
mapa,-5.75,-15.0,0.5000062883827513
mapa,-5.75,-14.75,0.5000060203427124
mapa,-5.75,-14.5,0.5000057466224546
mapa,-5.75,-14.25,0.5000054671054623
mapa,-5.75,-14.0,0.5000051816728309
mapa,-5.75,-13.75,0.5000048902032193
mapa,-5.75,-13.5,0.500004592572799
mapa,-5.75,-13.25,0.5000042886552034
mapa,-5.75,-13.0,0.500003978321476
mapa,-5.75,-12.75,0.5000036614400172
mapa,-5.75,-12.5,0.5000033378765298
mapa,-5.75,-12.25,0.5000030074939646
mapa,-5.75,-12.0,0.5000026701524629
mapa,-5.75,-11.75,0.5000023257092998
mapa,-5.75,-11.5,0.500001974018825
mapa,-5.75,-11.25,0.5000016149324026
mapa,-5.75,-11.0,0.500001248298351
mapa,-5.75,-10.75,0.5000008739618793
mapa,-5.75,-10.5,0.5000004917650243
mapa,-5.75,-10.25,0.5000001015465851
mapa,-5.75,-10.0,0.499999703142057
mapa,-5.75,-9.75,0.49999929638356366
mapa,-5.75,-9.5,0.4999988810997883
mapa,-5.75,-9.25,0.49999845711590263
mapa,-5.75,-9.0,0.4999980242534956
mapa,-5.75,-8.75,0.49999758233049935
mapa,-5.75,-8.5,0.49999713116111477
mapa,-5.75,-8.25,0.4999966705557347
mapa,-5.75,-8.0,0.4999962003208662
mapa,-5.75,-7.75,0.49999572025905065
mapa,-5.75,-7.5,0.49999523016878283
mapa,-5.75,-7.25,0.49999472984442744
mapa,-5.75,-7.0,0.4999942190761354
mapa,-5.75,-6.75,0.4999936976497566
mapa,-5.75,-6.5,0.4999931653467523
mapa,-5.75,-6.25,0.49999262194410543
mapa,-5.75,-6.0,0.49999206721422806
mapa,-5.75,-5.75,0.499991500924869
mapa,-5.75,-5.5,0.49999092283901736
mapa,-5.75,-5.25,0.49999033271480564
mapa,-5.75,-5.0,0.4999897303054109
mapa,-5.75,-4.75,0.4999891153589528
mapa,-5.75,-4.5,0.4999884876183919
mapa,-5.75,-4.25,0.49998784682142394
mapa,-5.75,-4.0,0.4999871927003746
mapa,-5.75,-3.75,0.499986524982092
mapa,-5.75,-3.5,0.4999858433878387
mapa,-5.75,-3.25,0.4999851476331846
mapa,-5.75,-3.0,0.49998443742790016
mapa,-5.75,-2.75,0.4999837124758549
mapa,-5.75,-2.5,0.4999829724749223
mapa,-5.75,-2.25,0.49998221711689717
mapa,-5.75,-2.0,0.4999814460874349
mapa,-5.75,-1.75,0.49998065906602396
mapa,-5.75,-1.5,0.4999798557260146
mapa,-5.75,-1.25,0.4999790357347335
mapa,-5.75,-1.0,0.4999781987537376
mapa,-5.75,-0.75,0.4999773444392831
mapa,-5.75,-0.5,0.49997647244313614
mapa,-5.75,-0.25,0.49997558241391493
mapa,-5.75,0.0,0.49997467399926515
mapa,-5.75,0.25,0.49997374684933926
mapa,-5.75,0.5,0.49997280062231186
mapa,-5.75,0.75,0.49997183499307674
mapa,-5.75,1.0,0.4999708496669153
mapa,-5.75,1.25,0.4999698444009276
mapa,-5.75,1.5,0.499968819037586
mapa,-5.75,1.75,0.4999677735572159
mapa,-5.75,2.0,0.49996670816002464
mapa,-5.75,2.25,0.49996562339424844
mapa,-5.75,2.5,0.49996452035626976
mapa,-5.75,2.75,0.49996340100302067
mapa,-5.75,3.0,0.49996226863951826
mapa,-5.75,3.25,0.4999611286794616
mapa,-5.75,3.5,0.4999599898313799
mapa,-5.75,3.75,0.49995886594762057
mapa,-5.75,4.0,0.49995777890504894
mapa,-5.75,4.25,0.4999567630902224
mapa,-5.75,4.5,0.4999558723770487
mapa,-5.75,4.75,0.4999551909711386
mapa,-5.75,5.0,0.4999548502424551
mapa,-5.75,5.25,0.49995505481204794
mapa,-5.75,5.5,0.4999561229011382
mapa,-5.75,5.75,0.49995854858669536
mapa,-5.75,6.0,0.49996309756081486
mapa,-5.75,6.25,0.4999709538541386
mapa,-5.75,6.5,0.4999839435524711
mapa,-5.75,6.75,0.5000048738175881
mapa,-5.75,7.0,0.5000380426647312
mapa,-5.75,7.25,0.5000899979925313
mapa,-5.75,7.5,0.5001706536574895
mapa,-5.75,7.75,0.5002949044027368
mapa,-5.75,8.0,0.5004849146159605
mapa,-5.75,8.25,0.5007732751136968
mapa,-5.75,8.5,0.5012072020198867
mapa,-5.75,8.75,0.5018538495778745
mapa,-5.75,9.0,0.5028065626865267
mapa,-5.75,9.25,0.5041914339797862
mapa,-5.75,9.5,0.5061728072669094
mapa,-5.75,9.75,0.5089554307230277
mapa,-5.75,10.0,0.5127800522574602
mapa,-5.75,10.25,0.5179088919309334
mapa,-5.75,10.5,0.5245983842628614
mapa,-5.75,10.75,0.5330595226145375
mapa,-5.75,11.0,0.5434109806281398
mapa,-5.75,11.25,0.5556354733495553
mapa,-5.75,11.5,0.5695527945917008
mapa,-5.75,11.75,0.5848209199770446
mapa,-5.75,12.0,0.600968962681064
mapa,-5.75,12.25,0.6174554260335906
mapa,-5.75,12.5,0.6337370106494158
mapa,-5.75,12.75,0.6493310641147744
mapa,-5.75,13.0,0.6638589853658226
mapa,-5.75,13.25,0.6770656005300687
mapa,-5.75,13.5,0.6888168310732574
mapa,-5.75,13.75,0.6990823374343778
mapa,-5.75,14.0,0.7079108126240361
mapa,-5.75,14.25,0.7154042492132615
mapa,-5.75,14.5,0.7216952139142977
mapa,-5.75,14.75,0.726928986816532
mapa,-5.75,15.0,0.731250852763281
mapa,-5.75,15.25,0.7347979388357764
mapa,-5.75,15.5,0.7376946286549162
mapa,-5.75,15.75,0.7400505538608328
mapa,-5.75,16.0,0.7419602997770751
mapa,-5.5,-16.0,0.500004392086755
mapa,-5.5,-15.75,0.5000040754258783
mapa,-5.5,-15.5,0.5000037520836885
mapa,-5.5,-15.25,0.50000342192315
mapa,-5.5,-15.0,0.5000030848044181
mapa,-5.5,-14.75,0.5000027405847827
mapa,-5.5,-14.5,0.5000023891186081
mapa,-5.5,-14.25,0.5000020302572739
mapa,-5.5,-14.0,0.5000016638491137
mapa,-5.5,-13.75,0.5000012897393527
mapa,-5.5,-13.5,0.5000009077700434
mapa,-5.5,-13.25,0.5000005177800018
mapa,-5.5,-13.0,0.5000001196047399
mapa,-5.5,-12.75,0.4999997130763989
mapa,-5.5,-12.5,0.4999992980236794
mapa,-5.5,-12.25,0.49999887427177114
mapa,-5.5,-12.0,0.49999844164228163
mapa,-5.5,-11.75,0.49999799995316174
mapa,-5.5,-11.5,0.4999975490186316
mapa,-5.5,-11.25,0.49999708864910364
mapa,-5.5,-11.0,0.4999966186511051
mapa,-5.5,-10.75,0.49999613882719773
mapa,-5.5,-10.5,0.49999564897589743
mapa,-5.5,-10.25,0.49999514889159036
mapa,-5.5,-10.0,0.499994638364449
mapa,-5.5,-9.75,0.49999411718034575
mapa,-5.5,-9.5,0.4999935851207646
mapa,-5.5,-9.25,0.49999304196271127
mapa,-5.5,-9.0,0.49999248747862174
mapa,-5.5,-8.75,0.49999192143626836
mapa,-5.5,-8.5,0.49999134359866415
mapa,-5.5,-8.25,0.4999907537239659
mapa,-5.5,-8.0,0.49999015156537396
mapa,-5.5,-7.75,0.49998953687103126
mapa,-5.5,-7.5,0.4999889093839194
mapa,-5.5,-7.25,0.49998826884175307
mapa,-5.5,-7.0,0.499987614976872
mapa,-5.5,-6.75,0.49998694751613126
mapa,-5.5,-6.5,0.49998626618078845
mapa,-5.5,-6.25,0.4999855706863894
mapa,-5.5,-6.0,0.49998486074265114
mapa,-5.5,-5.75,0.49998413605334285
mapa,-5.5,-5.5,0.4999833963161638
mapa,-5.5,-5.25,0.49998264122261965
mapa,-5.5,-5.0,0.49998187045789627
mapa,-5.5,-4.75,0.4999810837007306
mapa,-5.5,-4.5,0.49998028062328
mapa,-5.5,-4.25,0.49997946089098927
mapa,-5.5,-4.0,0.49997862416245653
mapa,-5.5,-3.75,0.49997777008929695
mapa,-5.5,-3.5,0.4999768983160075
mapa,-5.5,-3.25,0.499976008479832
mapa,-5.5,-3.0,0.4999751002106303
mapa,-5.5,-2.75,0.4999741731307543
mapa,-5.5,-2.5,0.4999732268549371
mapa,-5.5,-2.25,0.49997226099020387
mapa,-5.5,-2.0,0.4999712751358178
mapa,-5.5,-1.75,0.4999702688832846
mapa,-5.5,-1.5,0.499969241816448
mapa,-5.5,-1.25,0.49996819351173005
mapa,-5.5,-1.0,0.49996712353860023
mapa,-5.5,-0.75,0.4999660314604019
mapa,-5.5,-0.5,0.4999649168357417
mapa,-5.5,-0.25,0.4999637792207569
mapa,-5.5,0.0,0.4999626181727579
mapa,-5.5,0.25,0.49996143325602
mapa,-5.5,0.5,0.499960224050933
mapa,-5.5,0.75,0.4999589901683972
mapa,-5.5,1.0,0.4999577312724122
mapa,-5.5,1.25,0.4999564471154612
mapa,-5.5,1.5,0.49995513759387156
mapa,-5.5,1.75,0.49995380283436147
mapa,-5.5,2.0,0.49995244332926303
mapa,-5.5,2.25,0.49995106014770235
mapa,-5.5,2.5,0.4999496552652859
mapa,-5.5,2.75,0.49994823207861305
mapa,-5.5,3.0,0.4999467962079482
mapa,-5.5,3.25,0.4999453567489532
mapa,-5.5,3.5,0.4999439282238167
mapa,-5.5,3.75,0.4999425336208995
mapa,-5.5,4.0,0.4999412091269878
mapa,-5.5,4.25,0.49994001148855344
mapa,-5.5,4.5,0.49993902945073365
mapa,-5.5,4.75,0.4999384015099368
mapa,-5.5,5.0,0.49993834342040283
mapa,-5.5,5.25,0.49993919072792486
mapa,-5.5,5.5,0.4999414643739901
mapa,-5.5,5.75,0.49994597156299336
mapa,-5.5,6.0,0.4999539602294986
mapa,-5.5,6.25,0.4999673544041134
mapa,-5.5,6.5,0.4999891105853932
mapa,-5.5,6.75,0.5000237530332831
mapa,-5.5,7.0,0.5000781697056317
mapa,-5.5,7.25,0.5001627805654625
mapa,-5.5,7.5,0.500293224309265
mapa,-5.5,7.75,0.5004927419344511
mapa,-5.5,8.0,0.500795451670407
mapa,-5.5,8.25,0.5012506823783114
mapa,-5.5,8.5,0.5019284164885722
mapa,-5.5,8.75,0.502925625182045
mapa,-5.5,9.0,0.5043727872333628
mapa,-5.5,9.25,0.5064391284613471
mapa,-5.5,9.5,0.5093341656246281
mapa,-5.5,9.75,0.5133022607251042
mapa,-5.5,10.0,0.5186066504476206
mapa,-5.5,10.25,0.5255005860027513
mapa,-5.5,10.5,0.5341864157663566
mapa,-5.5,10.75,0.5447684487148918
mapa,-5.5,11.0,0.5572106075851966
mapa,-5.5,11.25,0.5713123668033555
mapa,-5.5,11.5,0.5867137142379891
mapa,-5.5,11.75,0.6029317270755455
mapa,-5.5,12.0,0.6194209983741125
mapa,-5.5,12.25,0.6356425432693202
mapa,-5.5,12.5,0.6511244784024993
mapa,-5.5,12.75,0.6655026148822083
mapa,-5.5,13.0,0.6785369582517917
mapa,-5.5,13.25,0.6901071496987774
mapa,-5.5,13.5,0.7001938202576925
mapa,-5.5,13.75,0.7088534650448431
mapa,-5.5,14.0,0.7161929074088533
mapa,-5.5,14.25,0.7223471022929527
mapa,-5.5,14.5,0.7274619086706126
mapa,-5.5,14.75,0.7316819758727595
mapa,-5.5,15.0,0.7351430693953509
mapa,-5.5,15.25,0.737967849260002
mapa,-5.5,15.5,0.7402641116898545
mapa,-5.5,15.75,0.7421246531407084
mapa,-5.5,16.0,0.7436281107536545
mapa,-5.25,-16.0,0.5000005445971781
mapa,-5.25,-15.75,0.5000001383022975
mapa,-5.25,-15.5,0.4999997234839302
mapa,-5.25,-15.25,0.499999299967284
mapa,-5.25,-15.0,0.4999988675739841
mapa,-5.25,-14.75,0.4999984261220003
mapa,-5.25,-14.5,0.4999979754255714
mapa,-5.25,-14.25,0.4999975152951295
mapa,-5.25,-14.0,0.49999704553722124
mapa,-5.25,-13.75,0.4999965659544289
mapa,-5.25,-13.5,0.4999960763452888
mapa,-5.25,-13.25,0.4999955765042083
mapa,-5.25,-13.0,0.49999506622138157
mapa,-5.25,-12.75,0.4999945452827029
mapa,-5.25,-12.5,0.49999401346967887
mapa,-5.25,-12.25,0.4999934705593382
mapa,-5.25,-12.0,0.4999929163241406
mapa,-5.25,-11.75,0.4999923505318821
mapa,-5.25,-11.5,0.4999917729456007
mapa,-5.25,-11.25,0.49999118332347803
mapa,-5.25,-11.0,0.4999905814187401
mapa,-5.25,-10.75,0.499989966979556
mapa,-5.25,-10.5,0.4999893397489341
mapa,-5.25,-10.25,0.49998869946461666
mapa,-5.25,-10.0,0.49998804585897105
mapa,-5.25,-9.75,0.4999873786588808
mapa,-5.25,-9.5,0.49998669758563247
mapa,-5.25,-9.25,0.49998600235480134
mapa,-5.25,-9.0,0.49998529267613445
mapa,-5.25,-8.75,0.4999845682534308
mapa,-5.25,-8.5,0.4999838287844202
mapa,-5.25,-8.25,0.49998307396063846
mapa,-5.25,-8.0,0.49998230346730044
mapa,-5.25,-7.75,0.49998151698317134
mapa,-5.25,-7.5,0.49998071418043316
mapa,-5.25,-7.25,0.4999798947245519
mapa,-5.25,-7.0,0.499979058274138
mapa,-5.25,-6.75,0.49997820448080743
mapa,-5.25,-6.5,0.49997733298903785
mapa,-5.25,-6.25,0.49997644343602243
mapa,-5.25,-6.0,0.49997553545152124
mapa,-5.25,-5.75,0.4999746086577087
mapa,-5.25,-5.5,0.49997366266901944
mapa,-5.25,-5.25,0.49997269709198905
mapa,-5.25,-5.0,0.4999717115250944
mapa,-5.25,-4.75,0.49997070555858886
mapa,-5.25,-4.5,0.49996967877433696
mapa,-5.25,-4.25,0.49996863074564457
mapa,-5.25,-4.0,0.4999675610370894
mapa,-5.25,-3.75,0.4999664692043497
mapa,-5.25,-3.5,0.49996535479403337
mapa,-5.25,-3.25,0.49996421734351143
mapa,-5.25,-3.0,0.4999630563807574
mapa,-5.25,-2.75,0.4999618714242002
mapa,-5.25,-2.5,0.4999606619825992
mapa,-5.25,-2.25,0.49995942755495626
mapa,-5.25,-2.0,0.4999581676304881
mapa,-5.25,-1.75,0.4999568816886947
mapa,-5.25,-1.5,0.49995556919957945
mapa,-5.25,-1.25,0.4999542296241104
mapa,-5.25,-1.0,0.4999528624150585
mapa,-5.25,-0.75,0.49995146701842763
mapa,-5.25,-0.5,0.49995004287581307
mapa,-5.25,-0.25,0.4999485894282087
mapa,-5.25,0.0,0.4999471061220831
mapa,-5.25,0.25,0.49994559241899916
mapa,-5.25,0.5,0.49994404781077
mapa,-5.25,0.75,0.49994247184326246
mapa,-5.25,1.0,0.4999408641537051
mapa,-5.25,1.25,0.4999392245290798
mapa,-5.25,1.5,0.4999375529974298
mapa,-5.25,1.75,0.49993584997054014
mapa,-5.25,2.0,0.49993411646678737
mapa,-5.25,2.25,0.49993235445905526
mapa,-5.25,2.5,0.4999305674177083
mapa,-5.25,2.75,0.4999287611576562
mapa,-5.25,3.0,0.4999269451592796
mapa,-5.25,3.25,0.49992513462732074
mapa,-5.25,3.5,0.4999233536982062
mapa,-5.25,3.75,0.499921640432922
mapa,-5.25,4.0,0.49992005458283983
mapa,-5.25,4.25,0.4999186896556937
mapa,-5.25,4.5,0.49991769163797056
mapa,-5.25,4.75,0.49991728799770885
mapa,-5.25,5.0,0.4999178325194707
mapa,-5.25,5.25,0.49991987443393554
mapa,-5.25,5.5,0.4999242646591902
mapa,-5.25,5.75,0.4999323184085881
mapa,-5.25,6.0,0.49994606278954173
mapa,-5.25,6.25,0.49996861137073145
mapa,-5.25,6.5,0.5000047261852937
mapa,-5.25,6.75,0.5000616522108474
mapa,-5.25,7.0,0.500150340058131
mapa,-5.25,7.25,0.5002872071397887
mapa,-5.25,7.5,0.5004966189571796
mapa,-5.25,7.75,0.5008142847389466
mapa,-5.25,8.0,0.5012917262951312
mapa,-5.25,8.25,0.5020018481579644
mapa,-5.25,8.5,0.5030453453229242
mapa,-5.25,8.75,0.5045571626171198
mapa,-5.25,9.0,0.5067114345922149
mapa,-5.25,9.25,0.5097223709643882
mapa,-5.25,9.5,0.513837716150666
mapa,-5.25,9.75,0.519321298380492
mapa,-5.25,10.0,0.5264225768798049
mapa,-5.25,10.25,0.5353345481751817
mapa,-5.25,10.5,0.5461465166633634
mapa,-5.25,10.75,0.5588032449824908
mapa,-5.25,11.0,0.5730839575340316
mapa,-5.25,11.25,0.5886112020306952
mapa,-5.25,11.5,0.6048909277770294
mapa,-5.25,11.75,0.6213748519268523
mapa,-5.25,12.0,0.6375292111023269
mapa,-5.25,12.25,0.6528934924619296
mapa,-5.25,12.5,0.6671181576104285
mapa,-5.25,12.75,0.6799783154266777
mapa,-5.25,13.0,0.6913670430517809
mapa,-5.25,13.25,0.7012755651622394
mapa,-5.25,13.5,0.7097677989573066
mapa,-5.25,13.75,0.7169550702611479
mapa,-5.25,14.0,0.7229744688003821
mapa,-5.25,14.25,0.7279722551363453
mapa,-5.25,14.5,0.7320923314107903
mapa,-5.25,14.75,0.7354690405983308
mapa,-5.25,15.0,0.7382232942081928
mapa,-5.25,15.25,0.7404610517424801
mapa,-5.25,15.5,0.7422733336128263
mapa,-5.25,15.75,0.7437371453140813
mapa,-5.25,16.0,0.7449168732802772
mapa,-5.0,-16.0,0.4999955028233715
mapa,-5.0,-15.75,0.4999949821333468
mapa,-5.0,-15.5,0.49999445057009395
mapa,-5.0,-15.25,0.4999939079106645
mapa,-5.0,-15.0,0.49999335392754085
mapa,-5.0,-14.75,0.4999927883885432
mapa,-5.0,-14.5,0.4999922110567335
mapa,-5.0,-14.25,0.49999162169031813
mapa,-5.0,-14.0,0.4999910200425485
mapa,-5.0,-13.75,0.49999040586161947
mapa,-5.0,-13.5,0.49998977889056584
mapa,-5.0,-13.25,0.4999891388671567
mapa,-5.0,-13.0,0.4999884855237871
mapa,-5.0,-12.75,0.4999878185873687
mapa,-5.0,-12.5,0.4999871377792168
mapa,-5.0,-12.25,0.4999864428149363
mapa,-5.0,-12.0,0.4999857334043041
mapa,-5.0,-11.75,0.49998500925115
mapa,-5.0,-11.5,0.49998427005323526
mapa,-5.0,-11.25,0.4999835155021276
mapa,-5.0,-11.0,0.4999827452830748
mapa,-5.0,-10.75,0.4999819590748752
mapa,-5.0,-10.5,0.4999811565497456
mapa,-5.0,-10.25,0.49998033737318615
mapa,-5.0,-10.0,0.49997950120384343
mapa,-5.0,-9.75,0.49997864769336936
mapa,-5.0,-9.5,0.49997777648627845
mapa,-5.0,-9.25,0.49997688721980166
mapa,-5.0,-9.0,0.4999759795237367
mapa,-5.0,-8.75,0.4999750530202963
mapa,-5.0,-8.5,0.499974107323953
mapa,-5.0,-8.25,0.49997314204128
mapa,-5.0,-8.0,0.4999721567707901
mapa,-5.0,-7.75,0.49997115110277013
mapa,-5.0,-7.5,0.49997012461911283
mapa,-5.0,-7.25,0.49996907689314524
mapa,-5.0,-7.0,0.4999680074894527
mapa,-5.0,-6.75,0.4999669159637001
mapa,-5.0,-6.5,0.49996580186244993
mapa,-5.0,-6.25,0.49996466472297557
mapa,-5.0,-6.0,0.49996350407307094
mapa,-5.0,-5.75,0.4999623194308576
mapa,-5.0,-5.5,0.4999611103045872
mapa,-5.0,-5.25,0.4999598761924391
mapa,-5.0,-5.0,0.4999586165823173
mapa,-5.0,-4.75,0.4999573309516411
mapa,-5.0,-4.5,0.4999560187671336
mapa,-5.0,-4.25,0.4999546794846088
mapa,-5.0,-4.0,0.49995331254875536
mapa,-5.0,-3.75,0.4999519173929221
mapa,-5.0,-3.5,0.49995049343890496
mapa,-5.0,-3.25,0.49994904009674135
mapa,-5.0,-3.0,0.4999475567645168
mapa,-5.0,-2.75,0.4999460428281953
mapa,-5.0,-2.5,0.49994449766148696
mapa,-5.0,-2.25,0.499942920625779
mapa,-5.0,-2.0,0.499941311070167
mapa,-5.0,-1.75,0.49993966833164644
mapa,-5.0,-1.5,0.49993799173555636
mapa,-5.0,-1.25,0.49993628059642137
mapa,-5.0,-1.0,0.499934534219417
mapa,-5.0,-0.75,0.49993275190281367
mapa,-5.0,-0.5,0.49993093294195
mapa,-5.0,-0.25,0.4999290766355992
mapa,-5.0,0.0,0.4999271822960752
mapa,-5.0,0.25,0.4999252492651811
mapa,-5.0,0.5,0.4999232769392851
mapa,-5.0,0.75,0.4999212648086484
mapa,-5.0,1.0,0.49991921251900623
mapa,-5.0,1.25,0.4999171199678901
mapa,-5.0,1.5,0.4999149874551699
mapa,-5.0,1.75,0.4999128159182064
mapa,-5.0,2.0,0.4999106072989971
mapa,-5.0,2.25,0.49990836511717185
mapa,-5.0,2.5,0.4999060953638924
mapa,-5.0,2.75,0.4999038078957782
mapa,-5.0,3.0,0.4999015186074838
mapa,-5.0,3.25,0.4998992528159041
mapa,-5.0,3.5,0.49989705052795236
mapa,-5.0,3.75,0.4998949746330477
mapa,-5.0,4.0,0.49989312363020105
mapa,-5.0,4.25,0.49989165137267866
mapa,-5.0,4.5,0.49989079764748695
mapa,-5.0,4.75,0.49989093543429536
mapa,-5.0,5.0,0.49989264374643966
mapa,-5.0,5.25,0.4998968195258863
mapa,-5.0,5.5,0.4999048488077661
mapa,-5.0,5.75,0.49991886716306716
mapa,-5.0,6.0,0.4999421533427528
mapa,-5.0,6.25,0.4999797192333695
mapa,-5.0,6.5,0.5000391845768802
mapa,-5.0,6.75,0.5001320562526953
mapa,-5.0,7.0,0.5002755665781704
mapa,-5.0,7.25,0.5004952552255892
mapa,-5.0,7.5,0.5008284880160879
mapa,-5.0,7.75,0.5013290618337793
mapa,-5.0,8.0,0.5020728983759306
mapa,-5.0,8.25,0.5031645132321626
mapa,-5.0,8.5,0.5047433929287851
mapa,-5.0,8.75,0.5069885978874573
mapa,-5.0,9.0,0.5101189390018912
mapa,-5.0,9.25,0.5143852893256435
mapa,-5.0,9.5,0.5200516194664415
mapa,-5.0,9.75,0.5273629698236361
mapa,-5.0,10.0,0.5365022761535458
mapa,-5.0,10.25,0.5475432203496531
mapa,-5.0,10.5,0.5604110831451407
mapa,-5.0,10.75,0.5748649671938203
mapa,-5.0,11.0,0.5905105806433727
mapa,-5.0,11.25,0.6068436822054516
mapa,-5.0,11.5,0.6233141447968077
mapa,-5.0,11.75,0.6393943036868778
mapa,-5.0,12.0,0.6546355745829988
mapa,-5.0,12.25,0.6687032655022414
mapa,-5.0,12.5,0.6813874811172616
mapa,-5.0,12.75,0.692594433612678
mapa,-5.0,13.0,0.7023255598389311
mapa,-5.0,13.25,0.7106518230945019
mapa,-5.0,13.5,0.7176887317392471
mapa,-5.0,13.75,0.7235752663041132
mapa,-5.0,14.0,0.7284579202857935
mapa,-5.0,14.25,0.7324797439145483
mapa,-5.0,14.5,0.7357736018070347
mapa,-5.0,14.75,0.738458635494584
mapa,-5.0,15.0,0.7406389685937741
mapa,-5.0,15.25,0.7424038594809561
mapa,-5.0,15.5,0.743828702767321
mapa,-5.0,15.75,0.7449764600134051
mapa,-5.0,16.0,0.7458992440801485
mapa,-4.75,-16.0,0.4999889341523289
mapa,-4.75,-15.75,0.49998826748268566
mapa,-4.75,-15.5,0.4999875869427136
mapa,-4.75,-15.25,0.4999868922480463
mapa,-4.75,-15.0,0.49998618310849063
mapa,-4.75,-14.75,0.4999854592279065
mapa,-4.75,-14.5,0.4999847203040859
mapa,-4.75,-14.25,0.49998396602862843
mapa,-4.75,-14.0,0.49998319608681413
mapa,-4.75,-13.75,0.49998241015747424
mapa,-4.75,-13.5,0.49998160791285917
mapa,-4.75,-13.25,0.49998078901850385
mapa,-4.75,-13.0,0.4999799531330898
mapa,-4.75,-12.75,0.49997909990830514
mapa,-4.75,-12.5,0.49997822898870103
mapa,-4.75,-12.25,0.49997734001154603
mapa,-4.75,-12.0,0.49997643260667635
mapa,-4.75,-11.75,0.49997550639634397
mapa,-4.75,-11.5,0.49997456099506127
mapa,-4.75,-11.25,0.49997359600944263
mapa,-4.75,-11.0,0.49997261103804264
mapa,-4.75,-10.75,0.4999716056711909
mapa,-4.75,-10.5,0.49997057949082396
mapa,-4.75,-10.25,0.49996953207031297
mapa,-4.75,-10.0,0.4999684629742889
mapa,-4.75,-9.75,0.4999673717584629
mapa,-4.75,-9.5,0.4999662579694444
mapa,-4.75,-9.25,0.49996512114455427
mapa,-4.75,-9.0,0.4999639608116345
mapa,-4.75,-8.75,0.49996277648885507
mapa,-4.75,-8.5,0.49996156768451455
mapa,-4.75,-8.25,0.4999603338968395
mapa,-4.75,-8.0,0.49995907461377714
mapa,-4.75,-7.75,0.4999577893127854
mapa,-4.75,-7.5,0.49995647746061833
mapa,-4.75,-7.25,0.4999551385131069
mapa,-4.75,-7.0,0.4999537719149355
mapa,-4.75,-6.75,0.49995237709941404
mapa,-4.75,-6.5,0.4999509534882449
mapa,-4.75,-6.25,0.49994950049128595
mapa,-4.75,-6.0,0.4999480175063085
mapa,-4.75,-5.75,0.49994650391875045
mapa,-4.75,-5.5,0.49994495910146464
mapa,-4.75,-5.25,0.4999433824144632
mapa,-4.75,-5.0,0.49994177320465627
mapa,-4.75,-4.75,0.4999401308055883
mapa,-4.75,-4.5,0.49993845453716923
mapa,-4.75,-4.25,0.4999367437054041
mapa,-4.75,-4.0,0.4999349976021221
mapa,-4.75,-3.75,0.4999332155047068
mapa,-4.75,-3.5,0.49993139667583325
mapa,-4.75,-3.25,0.49992954036321663
mapa,-4.75,-3.0,0.49992764579938553
mapa,-4.75,-2.75,0.49992571220149373
mapa,-4.75,-2.5,0.49992373877119695
mapa,-4.75,-2.25,0.49992172469463575
mapa,-4.75,-2.0,0.4999196691425853
mapa,-4.75,-1.75,0.49991757127087105
mapa,-4.75,-1.5,0.4999154302212035
mapa,-4.75,-1.25,0.49991324512267
mapa,-4.75,-1.0,0.4999110150942582
mapa,-4.75,-0.75,0.49990873924899276
mapa,-4.75,-0.5,0.49990641670059677
mapa,-4.75,-0.25,0.4999040465740995
mapa,-4.75,0.0,0.4999016280226099
mapa,-4.75,0.25,0.49989916025372244
mapa,-4.75,0.5,0.49989664257096506
mapa,-4.75,0.75,0.49989407443873374
mapa,-4.75,1.0,0.49989145558389336
mapa,-4.75,1.25,0.49988878615460464
mapa,-4.75,1.5,0.49988606696844734
mapa,-4.75,1.75,0.4998832998998466
mapa,-4.75,2.0,0.4998804884847379
mapa,-4.75,2.25,0.4998776388638748
mapa,-4.75,2.5,0.4998747612537678
mapa,-4.75,2.75,0.49987187223919594
mapa,-4.75,3.0,0.4998689983440022
mapa,-4.75,3.25,0.4998661815888263
mapa,-4.75,3.5,0.49986348813354603
mapa,-4.75,3.75,0.49986102170141483
mapa,-4.75,4.0,0.49985894440128553
mapa,-4.75,4.25,0.4998575089684762
mapa,-4.75,4.5,0.4998571085767257
mapa,-4.75,4.75,0.49985835358608527
mapa,-4.75,5.0,0.4998621893851283
mapa,-4.75,5.25,0.49987007654841675
mapa,-4.75,5.5,0.49988426476250886
mapa,-4.75,5.75,0.4999082064673367
mapa,-4.75,6.0,0.499947176057168
mapa,-4.75,6.25,0.500009186596916
mapa,-4.75,6.5,0.5001063279726414
mapa,-4.75,6.75,0.5002566850616665
mapa,-4.75,7.0,0.5004870231818406
mapa,-4.75,7.25,0.5008364323558336
mapa,-4.75,7.5,0.5013610685291786
mapa,-4.75,7.75,0.5021399666130617
mapa,-4.75,8.0,0.5032815584828073
mapa,-4.75,8.25,0.5049299431920002
mapa,-4.75,8.5,0.507269113827245
mapa,-4.75,8.75,0.5105223737147866
mapa,-4.75,9.0,0.5149434481307419
mapa,-4.75,9.25,0.5207959770289055
mapa,-4.75,9.5,0.5283199383732756
mapa,-4.75,9.75,0.5376874987690387
mapa,-4.75,10.0,0.5489561247934571
mapa,-4.75,10.25,0.562031341819144
mapa,-4.75,10.5,0.5766523183031769
mapa,-4.75,10.75,0.5924085743474234
mapa,-4.75,11.0,0.6087866408431909
mapa,-4.75,11.25,0.625235571656299
mapa,-4.75,11.5,0.6412346455894472
mapa,-4.75,11.75,0.6563477208935363
mapa,-4.75,12.0,0.6702551064310418
mapa,-4.75,12.25,0.6827617653416438
mapa,-4.75,12.5,0.6937867284917587
mapa,-4.75,12.75,0.7033412601933158
mapa,-4.75,13.0,0.7115029986311705
mapa,-4.75,13.25,0.7183913233985979
mapa,-4.75,13.5,0.7241468712943737
mapa,-4.75,13.75,0.7289162085610068
mapa,-4.75,14.0,0.7328414355186219
mapa,-4.75,14.25,0.7360538874684218
mapa,-4.75,14.5,0.7386709177631264
mapa,-4.75,14.75,0.7407948169700582
mapa,-4.75,15.0,0.7425130965257092
mapa,-4.75,15.25,0.7438995613879034
mapa,-4.75,15.5,0.7450157716024898
mapa,-4.75,15.75,0.745912632042825
mapa,-4.75,16.0,0.7466319519578183
mapa,-4.5,-16.0,0.4999804142475729
mapa,-4.5,-15.75,0.4999795613113937
mapa,-4.5,-15.5,0.4999786906821666
mapa,-4.5,-15.25,0.49997780199719677
mapa,-4.5,-15.0,0.4999768948863585
mapa,-4.5,-14.75,0.4999759689719424
mapa,-4.5,-14.5,0.49997502386850046
mapa,-4.5,-14.25,0.49997405918268745
mapa,-4.5,-14.0,0.4999730745130989
mapa,-4.5,-13.75,0.49997206945010697
mapa,-4.5,-13.5,0.49997104357569094
mapa,-4.5,-13.25,0.4999699964632663
mapa,-4.5,-13.0,0.4999689276775088
mapa,-4.5,-12.75,0.4999678367741758
mapa,-4.5,-12.5,0.4999667232999234
mapa,-4.5,-12.25,0.4999655867921208
mapa,-4.5,-12.0,0.49996442677865904
mapa,-4.5,-11.75,0.49996324277775794
mapa,-4.5,-11.5,0.4999620342977677
mapa,-4.5,-11.25,0.4999608008369668
mapa,-4.5,-11.0,0.4999595418833562
mapa,-4.5,-10.75,0.4999582569144482
mapa,-4.5,-10.5,0.4999569453970528
mapa,-4.5,-10.25,0.4999556067870576
mapa,-4.5,-10.0,0.49995424052920495
mapa,-4.5,-9.75,0.4999528460568634
mapa,-4.5,-9.5,0.4999514227917953
mapa,-4.5,-9.25,0.49994997014391895
mapa,-4.5,-9.0,0.4999484875110662
mapa,-4.5,-8.75,0.4999469742787354
mapa,-4.5,-8.5,0.49994542981983886
mapa,-4.5,-8.25,0.4999438534944449
mapa,-4.5,-8.0,0.4999422446495161
mapa,-4.5,-7.75,0.49994060261863965
mapa,-4.5,-7.5,0.4999389267217552
mapa,-4.5,-7.25,0.4999372162648747
mapa,-4.5,-7.0,0.4999354705397979
mapa,-4.5,-6.75,0.49993368882382205
mapa,-4.5,-6.5,0.4999318703794445
mapa,-4.5,-6.25,0.49993001445406154
mapa,-4.5,-6.0,0.4999281202796594
mapa,-4.5,-5.75,0.49992618707249986
mapa,-4.5,-5.5,0.4999242140328007
mapa,-4.5,-5.25,0.49992220034440943
mapa,-4.5,-5.0,0.4999201451744723
mapa,-4.5,-4.75,0.4999180476730983
mapa,-4.5,-4.5,0.49991590697301996
mapa,-4.5,-4.25,0.49991372218925156
mapa,-4.5,-4.0,0.49991149241874894
mapa,-4.5,-3.75,0.499909216740074
mapa,-4.5,-3.5,0.4999068942130719
mapa,-4.5,-3.25,0.49990452387857087
mapa,-4.5,-3.0,0.4999021047581237
mapa,-4.5,-2.75,0.49989963585381497
mapa,-4.5,-2.5,0.4998971161481799
mapa,-4.5,-2.25,0.49989454460429766
mapa,-4.5,-2.0,0.4998919201661645
mapa,-4.5,-1.75,0.49988924175950694
mapa,-4.5,-1.5,0.49988650829328873
mapa,-4.5,-1.25,0.4998837186623036
mapa,-4.5,-1.0,0.4998808717514707
mapa,-4.5,-0.75,0.4998779664427932
mapa,-4.5,-0.5,0.4998750016264805
mapa,-4.5,-0.25,0.4998719762185778
mapa,-4.5,0.0,0.4998688891887599
mapa,-4.5,0.25,0.4998657396040014
mapa,-4.5,0.5,0.4998625266970356
mapa,-4.5,0.75,0.4998592499735102
mapa,-4.5,1.0,0.49985590937954094
mapa,-4.5,1.25,0.4998525055635082
mapa,-4.5,1.5,0.4998490402848688
mapa,-4.5,1.75,0.49984551705222435
mapa,-4.5,2.0,0.49984194211874894
mapa,-4.5,2.25,0.4998383260343713
mapa,-4.5,2.5,0.4998346860648077
mapa,-4.5,2.75,0.49983104995918004
mapa,-4.5,3.0,0.4998274618135719
mapa,-4.5,3.25,0.49982399118797355
mapa,-4.5,3.5,0.4998207472653417
mapa,-4.5,3.75,0.4998179008096134
mapa,-4.5,4.0,0.4998157181571086
mapa,-4.5,4.25,0.49981461371731223
mapa,-4.5,4.5,0.49981523083310014
mapa,-4.5,4.75,0.49981856587840123
mapa,-4.5,5.0,0.4998261578659173
mapa,-4.5,5.25,0.49984037652543994
mapa,-4.5,5.5,0.49986485690294236
mapa,-4.5,5.75,0.49990514915147655
mapa,-4.5,6.0,0.49996967906188194
mapa,-4.5,6.25,0.5000711474192394
mapa,-4.5,6.5,0.5002285308230359
mapa,-4.5,6.75,0.5004698735514251
mapa,-4.5,7.0,0.500836059456618
mapa,-4.5,7.25,0.501385689332454
mapa,-4.5,7.5,0.5022010081575312
mapa,-4.5,7.75,0.5033944583362049
mapa,-4.5,8.0,0.5051148168771092
mapa,-4.5,8.25,0.5075510052098582
mapa,-4.5,8.5,0.5109306925836664
mapa,-4.5,8.75,0.5155101569774247
mapa,-4.5,9.0,0.5215522111377928
mapa,-4.5,9.25,0.529291111772627
mapa,-4.5,9.5,0.5388875512060017
mapa,-4.5,9.75,0.550382216099851
mapa,-4.5,10.0,0.5636606535414956
mapa,-4.5,10.25,0.5784423446791126
mapa,-4.5,10.5,0.5943013216882053
mapa,-4.5,10.75,0.6107158720981006
mapa,-4.5,11.0,0.6271352457444445
mapa,-4.5,11.25,0.64304647532006
mapa,-4.5,11.5,0.6580263311869181
mapa,-4.5,11.75,0.671770237062606
mapa,-4.5,12.0,0.6840978491535861
mapa,-4.5,12.25,0.6949406868491368
mapa,-4.5,12.5,0.7043194551706224
mapa,-4.5,12.75,0.712318101415883
mapa,-4.5,13.0,0.7190595739760822
mapa,-4.5,13.25,0.7246859407709697
mapa,-4.5,13.5,0.729343688869781
mapa,-4.5,13.75,0.7331738771744949
mapa,-4.5,14.0,0.7363062653746617
mapa,-4.5,14.25,0.7388564035298039
mapa,-4.5,14.5,0.7409247538602665
mapa,-4.5,14.75,0.7425970969490611
mapa,-4.5,15.0,0.7439456697340909
mapa,-4.5,15.25,0.7450306541386386
mapa,-4.5,15.5,0.745901769908944
mapa,-4.5,15.75,0.746599823426445
mapa,-4.5,16.0,0.7471581317713988
mapa,-4.25,-16.0,0.49996940178961385
mapa,-4.25,-15.75,0.49996831120142415
mapa,-4.25,-15.5,0.4999671980445548
mapa,-4.25,-15.25,0.499966061856422
mapa,-4.25,-15.0,0.49996490216496525
mapa,-4.25,-14.75,0.4999637184884538
mapa,-4.25,-14.5,0.4999625103352882
mapa,-4.25,-14.25,0.4999612772037988
mapa,-4.25,-14.0,0.4999600185820389
mapa,-4.25,-13.75,0.499958733947575
mapa,-4.25,-13.5,0.4999574227672719
mapa,-4.25,-13.25,0.49995608449707374
mapa,-4.25,-13.0,0.4999547185817801
mapa,-4.25,-12.75,0.4999533244548184
mapa,-4.25,-12.5,0.49995190153801106
mapa,-4.25,-12.25,0.49995044924133764
mapa,-4.25,-12.0,0.4999489669626927
mapa,-4.25,-11.75,0.49994745408763874
mapa,-4.25,-11.5,0.4999459099891534
mapa,-4.25,-11.25,0.49994433402737193
mapa,-4.25,-11.0,0.49994272554932484
mapa,-4.25,-10.75,0.4999410838886695
mapa,-4.25,-10.5,0.4999394083654161
mapa,-4.25,-10.25,0.4999376982856495
mapa,-4.25,-10.0,0.4999359529412431
mapa,-4.25,-9.75,0.49993417160956877
mapa,-4.25,-9.5,0.49993235355320004
mapa,-4.25,-9.25,0.49993049801960965
mapa,-4.25,-9.0,0.49992860424086016
mapa,-4.25,-8.75,0.49992667143328884
mapa,-4.25,-8.5,0.4999246987971865
mapa,-4.25,-8.25,0.49992268551646885
mapa,-4.25,-8.0,0.49992063075834164
mapa,-4.25,-7.75,0.4999185336729592
mapa,-4.25,-7.5,0.49991639339307536
mapa,-4.25,-7.25,0.49991420903368855
mapa,-4.25,-7.0,0.49991197969167817
mapa,-4.25,-6.75,0.4999097044454343
mapa,-4.25,-6.5,0.49990738235448084
mapa,-4.25,-6.25,0.4999050124590898
mapa,-4.25,-6.0,0.49990259377988877
mapa,-4.25,-5.75,0.4999001253174612
mapa,-4.25,-5.5,0.499897606051939
mapa,-4.25,-5.25,0.4998950349425883
mapa,-4.25,-5.0,0.49989241092738923
mapa,-4.25,-4.75,0.49988973292260985
mapa,-4.25,-4.5,0.49988699982237755
mapa,-4.25,-4.25,0.49988421049824955
mapa,-4.25,-4.0,0.4998813637987873
mapa,-4.25,-3.75,0.499878458549143
mapa,-4.25,-3.5,0.4998754935506683
mapa,-4.25,-3.25,0.49987246758056575
mapa,-4.25,-3.0,0.4998693793916076
mapa,-4.25,-2.75,0.49986622771197176
mapa,-4.25,-2.5,0.4998630112452587
mapa,-4.25,-2.25,0.4998597286708046
mapa,-4.25,-2.0,0.4998563786444547
mapa,-4.25,-1.75,0.4998529598000689
mapa,-4.25,-1.5,0.49984947075217134
mapa,-4.25,-1.25,0.4998459101003955
mapa,-4.25,-1.0,0.499842276436738
mapa,-4.25,-0.75,0.4998385683572066
mapa,-4.25,-0.5,0.49983478448033314
mapa,-4.25,-0.25,0.4998309234764158
mapa,-4.25,0.0,0.49982698411351384
mapa,-4.25,0.25,0.4998229653296062
mapa,-4.25,0.5,0.4998188663455907
mapa,-4.25,0.75,0.4998146868420277
mapa,-4.25,1.0,0.49981042723534624
mapa,-4.25,1.25,0.4998060891092037
mapa,-4.25,1.5,0.4998016758877833
mapa,-4.25,1.75,0.4997971938861978
mapa,-4.25,2.0,0.49979265394837497
mapa,-4.25,2.25,0.49978807399955233
mapa,-4.25,2.5,0.4997834830215076
mapa,-4.25,2.75,0.49977892723866507
mapa,-4.25,3.0,0.4997744797354147
mapa,-4.25,3.25,0.4997702553899969
mapa,-4.25,3.5,0.4997664340296299
mapa,-4.25,3.75,0.4997632962662955
mapa,-4.25,4.0,0.49976127882917926
mapa,-4.25,4.25,0.49976105975313745
mapa,-4.25,4.5,0.4997636890553219
mapa,-4.25,4.75,0.4997707882724568
mapa,-4.25,5.0,0.4997848533912141
mapa,-4.25,5.25,0.4998097114069583
mapa,-4.25,5.5,0.4998512021021624
mapa,-4.25,5.75,0.4999181842714664
mapa,-4.25,6.0,0.5000239986829934
mapa,-4.25,6.25,0.5001885543668027
mapa,-4.25,6.5,0.5004412297456862
mapa,-4.25,6.75,0.5008247741450175
mapa,-4.25,7.0,0.5014003207186819
mapa,-4.25,7.25,0.5022534219703698
mapa,-4.25,7.5,0.5035006232420207
mapa,-4.25,7.75,0.5052954389152323
mapa,-4.25,8.0,0.507831702532771
mapa,-4.25,8.25,0.5113413042095392
mapa,-4.25,8.5,0.5160827516021889
mapa,-4.25,8.75,0.5223175106510906
mapa,-4.25,9.0,0.5302734444847863
mapa,-4.25,9.25,0.5400990720799334
mapa,-4.25,9.5,0.5518177668638813
mapa,-4.25,9.75,0.5652949272192137
mapa,-4.25,10.0,0.580230652972039
mapa,-4.25,10.25,0.5961842345136692
mapa,-4.25,10.5,0.6126267182828583
mapa,-4.25,10.75,0.6290085513725833
mapa,-4.25,11.0,0.6448252941606787
mapa,-4.25,11.25,0.6596670540798376
mapa,-4.25,11.5,0.6732444444710108
mapa,-4.25,11.75,0.6853916228697143
mapa,-4.25,12.0,0.6960522548446699
mapa,-4.25,12.25,0.7052560984732561
mapa,-4.25,12.5,0.7130930504390948
mapa,-4.25,12.75,0.7196893345475814
mapa,-4.25,13.0,0.7251882340042681
mapa,-4.25,13.25,0.7297360128534138
mapa,-4.25,13.5,0.7334726033267451
mapa,-4.25,13.75,0.7365261476520721
mapa,-4.25,14.0,0.7390103803925778
mapa,-4.25,14.25,0.7410239418588896
mapa,-4.25,14.5,0.742650898765095
mapa,-4.25,14.75,0.7439619420029673
mapa,-4.25,15.0,0.7450158987576099
mapa,-4.25,15.25,0.7458613263007
mapa,-4.25,15.5,0.7465380489081148
mapa,-4.25,15.75,0.7470785636271478
mapa,-4.25,16.0,0.7475092822846849
mapa,-4.0,-16.0,0.4999552062680902
mapa,-4.0,-15.75,0.4999538124887924
mapa,-4.0,-15.5,0.49995238992248625
mapa,-4.0,-15.25,0.49995093797921186
mapa,-4.0,-15.0,0.4999494560569256
mapa,-4.0,-14.75,0.49994794354125294
mapa,-4.0,-14.5,0.4999463998052359
mapa,-4.0,-14.25,0.49994482420907604
mapa,-4.0,-14.0,0.49994321609987097
mapa,-4.0,-13.75,0.49994157481134677
mapa,-4.0,-13.5,0.4999398996635843
mapa,-4.0,-13.25,0.49993818996274003
mapa,-4.0,-13.0,0.4999364450007608
mapa,-4.0,-12.75,0.4999346640550937
mapa,-4.0,-12.5,0.4999328463883891
mapa,-4.0,-12.25,0.4999309912481976
mapa,-4.0,-12.0,0.4999290978666623
mapa,-4.0,-11.75,0.4999271654602022
mapa,-4.0,-11.5,0.4999251932291915
mapa,-4.0,-11.25,0.4999231803576313
mapa,-4.0,-11.0,0.49992112601281463
mapa,-4.0,-10.75,0.4999190293449845
mapa,-4.0,-10.5,0.4999168894869858
mapa,-4.0,-10.25,0.49991470555390904
mapa,-4.0,-10.0,0.4999124766427274
mapa,-4.0,-9.75,0.4999102018319266
mapa,-4.0,-9.5,0.4999078801811264
mapa,-4.0,-9.25,0.49990551073069545
mapa,-4.0,-9.0,0.4999030925013571
mapa,-4.0,-8.75,0.49990062449378847
mapa,-4.0,-8.5,0.4998981056882102
mapa,-4.0,-8.25,0.4998955350439686
mapa,-4.0,-8.0,0.499892911499109
mapa,-4.0,-7.75,0.4998902339699405
mapa,-4.0,-7.5,0.4998875013505917
mapa,-4.0,-7.25,0.4998847125125579
mapa,-4.0,-7.0,0.49988186630423864
mapa,-4.0,-6.75,0.4998789615504666
mapa,-4.0,-6.5,0.4998759970520261
mapa,-4.0,-6.25,0.49987297158516386
mapa,-4.0,-6.0,0.49986988390108844
mapa,-4.0,-5.75,0.49986673272546217
mapa,-4.0,-5.5,0.4998635167578829
mapa,-4.0,-5.25,0.49986023467135826
mapa,-4.0,-5.0,0.49985688511177256
mapa,-4.0,-4.75,0.4998534666973487
mapa,-4.0,-4.5,0.49984997801810704
mapa,-4.0,-4.25,0.4998464176353279
mapa,-4.0,-4.0,0.4998427840810239
mapa,-4.0,-3.75,0.49983907585743476
mapa,-4.0,-3.5,0.499835291436564
mapa,-4.0,-3.25,0.49983142925978713
mapa,-4.0,-3.0,0.49982748773757857
mapa,-4.0,-2.75,0.4998234652494311
mapa,-4.0,-2.5,0.49981936014408207
mapa,-4.0,-2.25,0.49981517074022674
mapa,-4.0,-2.0,0.499810895328001
mapa,-4.0,-1.75,0.4998065321716687
mapa,-4.0,-1.5,0.4998020795142034
mapa,-4.0,-1.25,0.49979753558483253
mapa,-4.0,-1.0,0.49979289861121584
mapa,-4.0,-0.75,0.49978816683887034
mapa,-4.0,-0.5,0.4997833385619142
mapa,-4.0,-0.25,0.4997784121714943
mapa,-4.0,0.0,0.4997733862318237
mapa,-4.0,0.25,0.49976825959932436
mapa,-4.0,0.5,0.4997630316090435
mapa,-4.0,0.75,0.4997577023660424
mapa,-4.0,1.0,0.4997522732005248
mapa,-4.0,1.25,0.4997467473782853
mapa,-4.0,1.5,0.49974113120909786
mapa,-4.0,1.75,0.4997354357750011
mapa,-4.0,2.0,0.499729679623575
mapa,-4.0,2.25,0.49972389296215364
mapa,-4.0,2.5,0.4997181241841126
mapa,-4.0,2.75,0.49971245001382647
mapa,-4.0,3.0,0.499706991257415
mapa,-4.0,3.25,0.4997019372195649
mapa,-4.0,3.5,0.49969758348246995
mapa,-4.0,3.75,0.49969439022015183
mapa,-4.0,4.0,0.4996930719420329
mapa,-4.0,4.25,0.4996947350880459
mapa,-4.0,4.5,0.4997010879976976
mapa,-4.0,4.75,0.49971475942421484
mapa,-4.0,5.0,0.49973977809775944
mapa,-4.0,5.25,0.4997822879432666
mapa,-4.0,5.5,0.49985160194247197
mapa,-4.0,5.75,0.4999617311591463
mapa,-4.0,6.0,0.5001335593464694
mapa,-4.0,6.25,0.5003978561518413
mapa,-4.0,6.5,0.5007993100224394
mapa,-4.0,6.75,0.501401675621008
mapa,-4.0,7.0,0.5022939108173012
mapa,-4.0,7.25,0.5035967540510111
mapa,-4.0,7.5,0.5054685098476167
mapa,-4.0,7.75,0.5081078949203807
mapa,-4.0,8.0,0.5117508558835658
mapa,-4.0,8.25,0.5166577832202788
mapa,-4.0,8.5,0.5230882540302115
mapa,-4.0,8.75,0.5312630538997197
mapa,-4.0,9.0,0.5413178383572192
mapa,-4.0,9.25,0.553258168563854
mapa,-4.0,9.5,0.566929178034096
mapa,-4.0,9.75,0.5820119498166718
mapa,-4.0,10.0,0.5980518218726526
mapa,-4.0,10.25,0.6145136157113824
mapa,-4.0,10.5,0.6308499598045405
mapa,-4.0,10.75,0.6465656776408115
mapa,-4.0,11.0,0.6612645940961798
mapa,-4.0,11.25,0.6746725489533161
mapa,-4.0,11.5,0.6866379847514991
mapa,-4.0,11.75,0.6971163602766699
mapa,-4.0,12.0,0.7061460991781705
mapa,-4.0,12.25,0.7138226943907492
mapa,-4.0,12.5,0.7202753609454886
mapa,-4.0,12.75,0.725648390709045
mapa,-4.0,13.0,0.7300876887038613
mapa,-4.0,13.25,0.7337319812592658
mapa,-4.0,13.5,0.7367077555248007
mapa,-4.0,13.75,0.7391269211046517
mapa,-4.0,14.0,0.7410863044442981
mapa,-4.0,14.25,0.7426682761812609
mapa,-4.0,14.5,0.7439420034138395
mapa,-4.0,14.75,0.7449649819249639
mapa,-4.0,15.0,0.745784628929884
mapa,-4.0,15.25,0.7464398070341233
mapa,-4.0,15.5,0.7469622112439525
mapa,-4.0,15.75,0.7473775902612417
mapa,-4.0,16.0,0.7477067972663661
mapa,-3.75,-16.0,0.4999369469188323
mapa,-3.75,-15.75,0.4999351663609608
mapa,-3.75,-15.5,0.49993334908565246
mapa,-3.75,-15.25,0.4999314943405354
mapa,-3.75,-15.0,0.49992960135783115
mapa,-3.75,-14.75,0.49992766935403965
mapa,-3.75,-14.5,0.49992569752961746
mapa,-3.75,-14.25,0.49992368506864987
mapa,-3.75,-14.0,0.49992163113851584
mapa,-3.75,-13.75,0.4999195348895465
mapa,-3.75,-13.5,0.4999173954546765
mapa,-3.75,-13.25,0.49991521194908806
mapa,-3.75,-13.0,0.49991298346984847
mapa,-3.75,-12.75,0.4999107090955391
mapa,-3.75,-12.5,0.4999083878858778
mapa,-3.75,-12.25,0.49990601888133324
mapa,-3.75,-12.0,0.499903601102731
mapa,-3.75,-11.75,0.4999011335508529
mapa,-3.75,-11.5,0.4998986152060262
mapa,-3.75,-11.25,0.49989604502770607
mapa,-3.75,-11.0,0.49989342195404923
mapa,-3.75,-10.75,0.4998907449014779
mapa,-3.75,-10.5,0.49988801276423667
mapa,-3.75,-10.25,0.4998852244139383
mapa,-3.75,-10.0,0.49988237869910185
mapa,-3.75,-9.75,0.4998794744446808
mapa,-3.75,-9.5,0.49987651045158127
mapa,-3.75,-9.25,0.49987348549617094
mapa,-3.75,-9.0,0.49987039832977825
mapa,-3.75,-8.75,0.4998672476781799
mapa,-3.75,-8.5,0.4998640322410802
mapa,-3.75,-8.25,0.49986075069157754
mapa,-3.75,-8.0,0.49985740167562204
mapa,-3.75,-7.75,0.4998539838114607
mapa,-3.75,-7.5,0.49985049568907197
mapa,-3.75,-7.25,0.49984693586958956
mapa,-3.75,-7.0,0.49984330288471296
mapa,-3.75,-6.75,0.4998395952361084
mapa,-3.75,-6.5,0.4998358113947959
mapa,-3.75,-6.25,0.4998319498005263
mapa,-3.75,-6.0,0.499828008861146
mapa,-3.75,-5.75,0.4998239869519492
mapa,-3.75,-5.5,0.4998198824150216
mapa,-3.75,-5.25,0.4998156935585728
mapa,-3.75,-5.0,0.4998114186562615
mapa,-3.75,-4.75,0.4998070559465165
mapa,-3.75,-4.5,0.4998026036318583
mapa,-3.75,-4.25,0.499798059878229
mapa,-3.75,-4.0,0.4997934228143438
mapa,-3.75,-3.75,0.4997886905310848
mapa,-3.75,-3.5,0.4997838610809671
mapa,-3.75,-3.25,0.4997789324777284
mapa,-3.75,-3.0,0.4997739026961191
mapa,-3.75,-2.75,0.49976876967201406
mapa,-3.75,-2.5,0.4997635313030362
mapa,-3.75,-2.25,0.49975818544998757
mapa,-3.75,-2.0,0.4997527299395532
mapa,-3.75,-1.75,0.4997471625689979
mapa,-3.75,-1.5,0.4997414811139897
mapa,-3.75,-1.25,0.49973568334131097
mapa,-3.75,-1.0,0.49972976702921623
mapa,-3.75,-0.75,0.499723729999734
mapa,-3.75,-0.5,0.49971757016963003
mapa,-3.75,-0.25,0.4997112856305104
mapa,-3.75,0.0,0.49970487477441594
mapa,-3.75,0.25,0.49969833649041784
mapa,-3.75,0.5,0.49969167047199614
mapa,-3.75,0.75,0.49968487769722164
mapa,-3.75,1.0,0.4996779611783728
mapa,-3.75,1.25,0.49967092713148015
mapa,-3.75,1.5,0.49966378679995976
mapa,-3.75,1.75,0.49965655929638314
mapa,-3.75,2.0,0.4996492760276585
mapa,-3.75,2.25,0.4996419875800795
mapa,-3.75,2.5,0.49963477442065163
mapa,-3.75,2.75,0.49962776350898225
mapa,-3.75,3.0,0.49962115404380025
mapa,-3.75,3.25,0.4996152572889965
mapa,-3.75,3.5,0.49961055802780646
mapa,-3.75,3.75,0.4996078090998329
mapa,-3.75,4.0,0.4996081762709035
mapa,-3.75,4.25,0.49961345916006117
mapa,-3.75,4.5,0.4996264261023877
mapa,-3.75,4.75,0.4996513178057841
mapa,-3.75,5.0,0.49969459751574513
mapa,-3.75,5.25,0.49976605452011885
mapa,-3.75,5.5,0.49988040175581694
mapa,-3.75,5.75,0.5000595416120329
mapa,-3.75,6.0,0.500335693958399
mapa,-3.75,6.25,0.5007555619988878
mapa,-3.75,6.5,0.5013856125890729
mapa,-3.75,6.75,0.5023183069465222
mapa,-3.75,7.0,0.5036786640790285
mapa,-3.75,7.25,0.5056298241156536
mapa,-3.75,7.5,0.5083753444688094
mapa,-3.75,7.75,0.5121550438429335
mapa,-3.75,8.0,0.5172308246345825
mapa,-3.75,8.25,0.5238598113844928
mapa,-3.75,8.5,0.5322550185468935
mapa,-3.75,8.75,0.542538560043128
mapa,-3.75,9.0,0.5546977229524177
mapa,-3.75,9.25,0.5685573155245244
mapa,-3.75,9.5,0.5837798262889239
mapa,-3.75,9.75,0.599897470315471
mapa,-3.75,10.0,0.6163698702857507
mapa,-3.75,10.25,0.632652799724511
mapa,-3.75,10.5,0.6482610407091841
mapa,-3.75,10.75,0.6628124715575857
mapa,-3.75,11.0,0.6760481587509721
mapa,-3.75,11.25,0.6878305906734876
mapa,-3.75,11.5,0.6981266572611092
mapa,-3.75,11.75,0.7069830614231538
mapa,-3.75,12.0,0.7145005462910007
mapa,-3.75,12.25,0.7208110432314563
mapa,-3.75,12.5,0.726059655235266
mapa,-3.75,12.75,0.730391799940086
mapa,-3.75,13.0,0.7339449243238612
mapa,-3.75,13.25,0.7368438268649335
mapa,-3.75,13.5,0.7391985853187826
mapa,-3.75,13.75,0.7411042217928974
mapa,-3.75,14.0,0.7426414293599619
mapa,-3.75,14.25,0.7438778737957413
mapa,-3.75,14.5,0.7448697427279289
mapa,-3.75,14.75,0.7456633354718092
mapa,-3.75,15.0,0.7462965730523575
mapa,-3.75,15.25,0.7468003660532399
mapa,-3.75,15.5,0.7471998151400505
mapa,-3.75,15.75,0.7475152415752065
mapa,-3.75,16.0,0.7477630576071452
mapa,-3.5,-16.0,0.4999135003787002
mapa,-3.5,-15.75,0.49991122644200964
mapa,-3.5,-15.5,0.4999089056745427
mapa,-3.5,-15.25,0.4999065371168666
mapa,-3.5,-15.0,0.4999041197899081
mapa,-3.5,-14.75,0.49990165269455167
mapa,-3.5,-14.5,0.4998991348112297
mapa,-3.5,-14.25,0.4998965650995053
mapa,-3.5,-14.0,0.49989394249764474
mapa,-3.5,-13.75,0.499891265922183
mapa,-3.5,-13.5,0.49988853426747903
mapa,-3.5,-13.25,0.4998857464052632
mapa,-3.5,-13.0,0.4998829011841742
mapa,-3.5,-12.75,0.49987999742928807
mapa,-3.5,-12.5,0.49987703394163596
mapa,-3.5,-12.25,0.4998740094977136
mapa,-3.5,-12.0,0.4998709228489798
mapa,-3.5,-11.75,0.49986777272134486
mapa,-3.5,-11.5,0.49986455781464917
mapa,-3.5,-11.25,0.4998612768021304
mapa,-3.5,-11.0,0.49985792832988024
mapa,-3.5,-10.75,0.4998545110162907
mapa,-3.5,-10.5,0.4998510234514875
mapa,-3.5,-10.25,0.4998474641967539
mapa,-3.5,-10.0,0.49984383178394126
mapa,-3.5,-9.75,0.4998401247148687
mapa,-3.5,-9.5,0.49983634146070965
mapa,-3.5,-9.25,0.4998324804613669
mapa,-3.5,-9.0,0.4998285401248339
mapa,-3.5,-8.75,0.4998245188265442
mapa,-3.5,-8.5,0.4998204149087069
mapa,-3.5,-8.25,0.49981622667962866
mapa,-3.5,-8.0,0.4998119524130228
mapa,-3.5,-7.75,0.499807590347303
mapa,-3.5,-7.5,0.4998031386848649
mapa,-3.5,-7.25,0.4997985955913508
mapa,-3.5,-7.0,0.4997939591949015
mapa,-3.5,-6.75,0.4997892275853931
mapa,-3.5,-6.5,0.49978439881365844
mapa,-3.5,-6.25,0.4997794708906942
mapa,-3.5,-6.0,0.49977444178685343
mapa,-3.5,-5.75,0.49976930943102454
mapa,-3.5,-5.5,0.49976407170979714
mapa,-3.5,-5.25,0.49975872646661795
mapa,-3.5,-5.0,0.4997532715009383
mapa,-3.5,-4.75,0.49974770456736073
mapa,-3.5,-4.5,0.49974202337479107
mapa,-3.5,-4.25,0.4997362255856112
mapa,-3.5,-4.0,0.49973030881489217
mapa,-3.5,-3.75,0.49972427062968233
mapa,-3.5,-3.5,0.49971810854842214
mapa,-3.5,-3.25,0.49971182004056736
mapa,-3.5,-3.0,0.499705402526549
mapa,-3.5,-2.75,0.49969885337827025
mapa,-3.5,-2.5,0.4996921699204535
mapa,-3.5,-2.25,0.4996853494333253
mapa,-3.5,-2.0,0.4996783891574043
mapa,-3.5,-1.75,0.4996712863015841
mapa,-3.5,-1.5,0.4996640380563729
mapa,-3.5,-1.25,0.4996566416151996
mapa,-3.5,-1.0,0.4996490942083254
mapa,-3.5,-0.75,0.499641393156446
mapa,-3.5,-0.5,0.4996335359550491
mapa,-3.5,-0.25,0.49962552040678004
mapa,-3.5,0.0,0.4996173448287413
mapa,-3.5,0.25,0.49960900837670874
mapa,-3.5,0.5,0.4996005115517097
mapa,-3.5,0.75,0.4995918569909376
mapa,-3.5,1.0,0.4995830507017817
mapa,-3.5,1.25,0.499574103986026
mapa,-3.5,1.5,0.4995650364382363
mapa,-3.5,1.75,0.4995558806145411
mapa,-3.5,2.0,0.49954668929602386
mapa,-3.5,2.25,0.49953754677668855
mapa,-3.5,2.5,0.49952858638314074
mapa,-3.5,2.75,0.49952001762240555
mapa,-3.5,3.0,0.4995121681644536
mapa,-3.5,3.25,0.49950554860235935
mapa,-3.5,3.5,0.49950095203315026
mapa,-3.5,3.75,0.49949960657617215
mapa,-3.5,4.0,0.4995034078090663
mapa,-3.5,4.25,0.4995152707786326
mapa,-3.5,4.5,0.4995396588859642
mapa,-3.5,4.75,0.4995833705625041
mapa,-3.5,5.0,0.4996566944867685
mapa,-3.5,5.25,0.49977507834654106
mapa,-3.5,5.5,0.4999614887342943
mapa,-3.5,5.75,0.5002496566745259
mapa,-3.5,6.0,0.5006883777217279
mapa,-3.5,6.25,0.5013469230262495
mapa,-3.5,6.5,0.5023213550107158
mapa,-3.5,6.75,0.503741057561598
mapa,-3.5,7.0,0.5057740438694059
mapa,-3.5,7.25,0.5086286552218826
mapa,-3.5,7.5,0.5125483772612689
mapa,-3.5,7.75,0.5177962291803861
mapa,-3.5,8.0,0.5246262984550643
mapa,-3.5,8.25,0.5332431273485512
mapa,-3.5,8.5,0.5437546249938854
mapa,-3.5,8.75,0.5561293826158322
mapa,-3.5,9.0,0.5701718798252344
mapa,-3.5,9.25,0.5855264894584578
mapa,-3.5,9.5,0.6017131701950419
mapa,-3.5,9.75,0.6181873779799807
mapa,-3.5,10.0,0.634408971504959
mapa,-3.5,10.25,0.6499033456160697
mapa,-3.5,10.5,0.6643027240927273
mapa,-3.5,10.75,0.6773633652826859
mapa,-3.5,11.0,0.6889615431710632
mapa,-3.5,11.25,0.6990752091295475
mapa,-3.5,11.5,0.7077589611219395
mapa,-3.5,11.75,0.7151184539325266
mapa,-3.5,12.0,0.7212880697382037
mapa,-3.5,12.25,0.7264135340616751
mapa,-3.5,12.5,0.7306396561981144
mapa,-3.5,12.75,0.7341025358708813
mapa,-3.5,13.0,0.7369252531102747
mapa,-3.5,13.25,0.7392160493418691
mapa,-3.5,13.5,0.7410681532226875
mapa,-3.5,13.75,0.742560599404742
mapa,-3.5,14.0,0.7437595749703364
mapa,-3.5,14.25,0.7447199825086489
mapa,-3.5,14.5,0.7454870253013532
mapa,-3.5,14.75,0.7460977025169037
mapa,-3.5,15.0,0.7465821575456355
mapa,-3.5,15.25,0.7469648577235438
mapa,-3.5,15.5,0.74726560473186
mapa,-3.5,15.75,0.7475003865872061
mapa,-3.5,16.0,0.7476820877337222
mapa,-3.25,-16.0,0.49988343397041934
mapa,-3.25,-15.75,0.499880530715323
mapa,-3.25,-15.5,0.4998775677332813
mapa,-3.25,-15.25,0.4998745438009159
mapa,-3.25,-15.0,0.49987145766981406
mapa,-3.25,-14.75,0.4998683080660179
mapa,-3.25,-14.5,0.49986509368950216
mapa,-3.25,-14.25,0.49986181321364204
mapa,-3.25,-14.0,0.49985846528466954
mapa,-3.25,-13.75,0.49985504852111995
mapa,-3.25,-13.5,0.4998515615132659
mapa,-3.25,-13.25,0.4998480028225401
mapa,-3.25,-13.0,0.49984437098094725
mapa,-3.25,-12.75,0.49984066449046266
mapa,-3.25,-12.5,0.49983688182241964
mapa,-3.25,-12.25,0.4998330214168841
mapa,-3.25,-12.0,0.49982908168201656
mapa,-3.25,-11.75,0.49982506099342056
mapa,-3.25,-11.5,0.49982095769347906
mapa,-3.25,-11.25,0.4998167700906764
mapa,-3.25,-11.0,0.49981249645890663
mapa,-3.25,-10.75,0.4998081350367681
mapa,-3.25,-10.5,0.4998036840268437
mapa,-3.25,-10.25,0.499799141594966
mapa,-3.25,-10.0,0.4997945058694685
mapa,-3.25,-9.75,0.49978977494042026
mapa,-3.25,-9.5,0.4997849468588465
mapa,-3.25,-9.25,0.4997800196359325
mapa,-3.25,-9.0,0.4997749912422115
mapa,-3.25,-8.75,0.4997698596067365
mapa,-3.25,-8.5,0.49976462261623494
mapa,-3.25,-8.25,0.4997592781142465
mapa,-3.25,-8.0,0.49975382390024353
mapa,-3.25,-7.75,0.4997482577287338
mapa,-3.25,-7.5,0.4997425773083451
mapa,-3.25,-7.25,0.49973678030089175
mapa,-3.25,-7.0,0.49973086432042285
mapa,-3.25,-6.75,0.4997248269322517
mapa,-3.25,-6.5,0.499718665651967
mapa,-3.25,-6.25,0.49971237794442525
mapa,-3.25,-6.0,0.4997059612227262
mapa,-3.25,-5.75,0.49969941284717156
mapa,-3.25,-5.5,0.4996927301242088
mapa,-3.25,-5.25,0.49968591030536474
mapa,-3.25,-5.0,0.49967895058617273
mapa,-3.25,-4.75,0.4996718481051041
mapa,-3.25,-4.5,0.4996645999425166
mapa,-3.25,-4.25,0.49965720311964307
mapa,-3.25,-4.0,0.49964965459765454
mapa,-3.25,-3.75,0.4996419512768545
mapa,-3.25,-3.5,0.49963408999608866
mapa,-3.25,-3.25,0.4996260675325067
mapa,-3.25,-3.0,0.4996178806018871
mapa,-3.25,-2.75,0.49960952585985463
mapa,-3.25,-2.5,0.4996009999045073
mapa,-3.25,-2.25,0.49959229928125776
mapa,-3.25,-2.0,0.49958342049114907
mapa,-3.25,-1.75,0.49957436000460986
mapa,-3.25,-1.5,0.4995651142837183
mapa,-3.25,-1.25,0.49955567981776683
mapa,-3.25,-1.0,0.49954605317960804
mapa,-3.25,-0.75,0.4995362311144532
mapa,-3.25,-0.5,0.4995262106793408
mapa,-3.25,-0.25,0.499515989461684
mapa,-3.25,0.0,0.4995055659212085
mapa,-3.25,0.25,0.4994949399243399
mapa,-3.25,0.5,0.49948411357864547
mapa,-3.25,0.75,0.49947309253486066
mapa,-3.25,1.0,0.4994618880171413
mapa,-3.25,1.25,0.4994505199866302
mapa,-3.25,1.5,0.4994390220671465
mapa,-3.25,1.75,0.49942744920755505
mapa,-3.25,2.0,0.49941588958826505
mapa,-3.25,2.25,0.49940448309783325
mapa,-3.25,2.5,0.4993934499574634
mapa,-3.25,2.75,0.4993831349751129
mapa,-3.25,3.0,0.4993740757862768
mapa,-3.25,3.25,0.4993671077416361
mapa,-3.25,3.5,0.4993635244659789
mapa,-3.25,3.75,0.49936532238018244
mapa,-3.25,4.0,0.49937557069522653
mapa,-3.25,4.25,0.49939896670756734
mapa,-3.25,4.5,0.4994426606088343
mapa,-3.25,4.75,0.49951746454732693
mapa,-3.25,5.0,0.49963959517368894
mapa,-3.25,5.25,0.4998331305366531
mapa,-3.25,5.5,0.500133375695215
mapa,-3.25,5.75,0.5005912980693287
mapa,-3.25,6.0,0.5012790664904264
mapa,-3.25,6.25,0.5022964420296894
mapa,-3.25,6.5,0.503777254103989
mapa,-3.25,6.75,0.5058944177051928
mapa,-3.25,7.0,0.5088609859918536
mapa,-3.25,7.25,0.51292388498784
mapa,-3.25,7.5,0.5183468313184586
mapa,-3.25,7.75,0.5253802711455318
mapa,-3.25,8.0,0.534219568311424
mapa,-3.25,8.25,0.5449577820351265
mapa,-3.25,8.5,0.5575444286624233
mapa,-3.25,8.75,0.5717637138005593
mapa,-3.25,9.0,0.5872424285450896
mapa,-3.25,9.25,0.6034891752489321
mapa,-3.25,9.5,0.6199562772723317
mapa,-3.25,9.75,0.6361085920948226
mapa,-3.25,10.0,0.651482739090854
mapa,-3.25,10.25,0.6657255361090515
mapa,-3.25,10.5,0.6786083649867052
mapa,-3.25,10.75,0.6900210057155245
mapa,-3.25,11.0,0.6999520951395921
mapa,-3.25,11.25,0.708463745044502
mapa,-3.25,11.5,0.7156661912099322
mapa,-3.25,11.75,0.7216960104916071
mapa,-3.25,12.0,0.7266993711356189
mapa,-3.25,12.25,0.7308203603068215
mapa,-3.25,12.5,0.7341936678788297
mapa,-3.25,12.75,0.7369406292679532
mapa,-3.25,13.0,0.7391676473354559
mapa,-3.25,13.25,0.7409661694156386
mapa,-3.25,13.5,0.742413591430531
mapa,-3.25,13.75,0.7435746444960288
mapa,-3.25,14.0,0.7445029691072693
mapa,-3.25,14.25,0.7452426940585789
mapa,-3.25,14.5,0.7458299159977028
mapa,-3.25,14.75,0.7462940279437639
mapa,-3.25,15.0,0.7466588782120809
mapa,-3.25,15.25,0.7469437608658538
mapa,-3.25,15.5,0.7471642495542117
mapa,-3.25,15.75,0.7473328916383042
mapa,-3.25,16.0,0.7474597810823267
mapa,-3.0,-16.0,0.49984492069212516
mapa,-3.0,-15.75,0.4998412147793413
mapa,-3.0,-15.5,0.499837432696409
mapa,-3.0,-15.25,0.49983357288355545
mapa,-3.0,-15.0,0.49982963374910516
mapa,-3.0,-14.75,0.49982561366882994
mapa,-3.0,-14.5,0.4998215109852845
mapa,-3.0,-14.25,0.4998173240071284
mapa,-3.0,-14.0,0.49981305100843504
mapa,-3.0,-13.75,0.4998086902279861
mapa,-3.0,-13.5,0.49980423986855127
mapa,-3.0,-13.25,0.4997996980961548
mapa,-3.0,-13.0,0.49979506303932525
mapa,-3.0,-12.75,0.4997903327883316
mapa,-3.0,-12.5,0.4997855053944031
mapa,-3.0,-12.25,0.4997805788689332
mapa,-3.0,-12.0,0.499775551182668
mapa,-3.0,-11.75,0.4997704202648778
mapa,-3.0,-11.5,0.4997651840025119
mapa,-3.0,-11.25,0.49975984023933634
mapa,-3.0,-11.0,0.49975438677505407
mapa,-3.0,-10.75,0.4997488213644075
mapa,-3.0,-10.5,0.49974314171626305
mapa,-3.0,-10.25,0.49973734549267634
mapa,-3.0,-10.0,0.4997314303079398
mapa,-3.0,-9.75,0.49972539372760993
mapa,-3.0,-9.5,0.4997192332675152
mapa,-3.0,-9.25,0.49971294639274444
mapa,-3.0,-9.0,0.4997065305166139
mapa,-3.0,-8.75,0.49969998299961405
mapa,-3.0,-8.5,0.49969330114833554
mapa,-3.0,-8.25,0.49968648221437273
mapa,-3.0,-8.0,0.4996795233932055
mapa,-3.0,-7.75,0.49967242182305927
mapa,-3.0,-7.5,0.4996651745837414
mapa,-3.0,-7.25,0.4996577786954555
mapa,-3.0,-7.0,0.49965023111759205
mapa,-3.0,-6.75,0.499642528747496
mapa,-3.0,-6.5,0.49963466841921117
mapa,-3.0,-6.25,0.49962664690220293
mapa,-3.0,-6.0,0.49961846090005874
mapa,-3.0,-5.75,0.4996101070491697
mapa,-3.0,-5.5,0.4996015819173972
mapa,-3.0,-5.25,0.4995928820027287
mapa,-3.0,-5.0,0.4995840037319337
mapa,-3.0,-4.75,0.49957494345923303
mapa,-3.0,-4.5,0.4995656974650072
mapa,-3.0,-4.25,0.499556261954579
mapa,-3.0,-4.0,0.4995466330571285
mapa,-3.0,-3.75,0.4995368068248326
mapa,-3.0,-3.5,0.4995267792323711
mapa,-3.0,-3.25,0.4995165461770217
mapa,-3.0,-3.0,0.49950610347969354
mapa,-3.0,-2.75,0.4994954468874421
mapa,-3.0,-2.5,0.49948457207831853
mapa,-3.0,-2.25,0.4994734746698794
mapa,-3.0,-2.0,0.4994621502334334
mapa,-3.0,-1.75,0.4994505943172641
mapa,-3.0,-1.5,0.4994388024838864
mapa,-3.0,-1.25,0.4994267703692307
mapa,-3.0,-1.0,0.4994144937760764
mapa,-3.0,-0.75,0.4994019688209569
mapa,-3.0,-0.5,0.49938919216452293
mapa,-3.0,-0.25,0.4993761613721221
mapa,-3.0,0.0,0.4993628754774748
mapa,-3.0,0.25,0.4993493358629882
mapa,-3.0,0.5,0.4993355476334685
mapa,-3.0,0.75,0.4993215217582077
mapa,-3.0,1.0,0.4993072784087469
mapa,-3.0,1.25,0.49929285215549674
mapa,-3.0,1.5,0.4992783000508249
mapa,-3.0,1.75,0.4992637141876874
mapa,-3.0,2.0,0.4992492411848984
mapa,-3.0,2.25,0.49923511236767015
mapa,-3.0,2.5,0.49922169041439085
mapa,-3.0,2.75,0.4992095412616369
mapa,-3.0,3.0,0.49919954457478377
mapa,-3.0,3.25,0.49919306275863123
mapa,-3.0,3.5,0.4991921981694452
mapa,-3.0,3.75,0.49920018196428834
mapa,-3.0,4.0,0.4992219570370283
mapa,-3.0,4.25,0.4992650426431323
mapa,-3.0,4.5,0.49934079950224425
mapa,-3.0,4.75,0.49946624880637447
mapa,-3.0,5.0,0.49966662902731435
mapa,-3.0,5.25,0.4999788840910566
mapa,-3.0,5.5,0.5004562346707532
mapa,-3.0,5.75,0.5011738417983176
mapa,-3.0,6.0,0.5022352619088756
mapa,-3.0,6.25,0.503778846413834
mapa,-3.0,6.5,0.5059824313878702
mapa,-3.0,6.75,0.5090636938462098
mapa,-3.0,7.0,0.513272751619935
mapa,-3.0,7.25,0.5188735752210775
mapa,-3.0,7.5,0.5261123467006134
mapa,-3.0,7.75,0.5351745425094554
mapa,-3.0,8.0,0.5461377479845524
mapa,-3.0,8.25,0.5589320708773468
mapa,-3.0,8.5,0.573321556143449
mapa,-3.0,8.75,0.5889160004846754
mapa,-3.0,9.0,0.6052135800006702
mapa,-3.0,9.25,0.6216645177959023
mapa,-3.0,9.5,0.6377395545261757
mapa,-3.0,9.75,0.6529871025367451
mapa,-3.0,10.0,0.6670687796673966
mapa,-3.0,10.25,0.6797709909264347
mapa,-3.0,10.5,0.6909967250795341
mapa,-3.0,10.75,0.7007449235662851
mapa,-3.0,11.0,0.7090848345328027
mapa,-3.0,11.25,0.7161309523050351
mapa,-3.0,11.5,0.7220218016770079
mapa,-3.0,11.75,0.7269038224147478
mapa,-3.0,12.0,0.7309202726933126
mapa,-3.0,12.25,0.7342043750115512
mapa,-3.0,12.5,0.7368756974136963
mapa,-3.0,12.75,0.7390388040497851
mapa,-3.0,13.0,0.7407833741808865
mapa,-3.0,13.25,0.7421851851509818
mapa,-3.0,13.5,0.743307534874059
mapa,-3.0,13.75,0.7442028244801858
mapa,-3.0,14.0,0.7449141294706614
mapa,-3.0,14.25,0.7454766628953624
mapa,-3.0,14.5,0.7459190837965046
mapa,-3.0,14.75,0.7462646353613553
mapa,-3.0,15.0,0.7465321156069231
mapa,-3.0,15.25,0.7467366933182811
mapa,-3.0,15.5,0.7468905864824116
mapa,-3.0,15.75,0.7470036217272635
mapa,-3.0,16.0,0.7470836926948999
mapa,-2.75,-16.0,0.49979563092641965
mapa,-2.75,-15.75,0.4997909013511065
mapa,-2.75,-15.5,0.4997860746422982
mapa,-2.75,-15.25,0.49978114881159375
mapa,-2.75,-15.0,0.49977612182994935
mapa,-2.75,-14.75,0.4997709916268496
mapa,-2.75,-14.5,0.49976575608946316
mapa,-2.75,-14.25,0.4997604130617798
mapa,-2.75,-14.0,0.49975496034373146
mapa,-2.75,-13.75,0.4997493956902944
mapa,-2.75,-13.5,0.49974371681057383
mapa,-2.75,-13.25,0.4997379213668697
mapa,-2.75,-13.0,0.4997320069737238
mapa,-2.75,-12.75,0.4997259711969473
mapa,-2.75,-12.5,0.4997198115526293
mapa,-2.75,-12.25,0.4997135255061242
mapa,-2.75,-12.0,0.49970711047101984
mapa,-2.75,-11.75,0.49970056380808403
mapa,-2.75,-11.5,0.4996938828241901
mapa,-2.75,-11.25,0.4996870647712209
mapa,-2.75,-11.0,0.4996801068449498
mapa,-2.75,-10.75,0.49967300618390115
mapa,-2.75,-10.5,0.4996657598681848
mapa,-2.75,-10.25,0.4996583649183101
mapa,-2.75,-10.0,0.49965081829397423
mapa,-2.75,-9.75,0.4996431168928265
mapa,-2.75,-9.5,0.49963525754920773
mapa,-2.75,-9.25,0.4996272370328652
mapa,-2.75,-9.0,0.49961905204764023
mapa,-2.75,-8.75,0.4996106992301307
mapa,-2.75,-8.5,0.4996021751483259
mapa,-2.75,-8.25,0.49959347630021494
mapa,-2.75,-8.0,0.49958459911236675
mapa,-2.75,-7.75,0.49957553993848197
mapa,-2.75,-7.5,0.4995662950579167
mapa,-2.75,-7.25,0.4995568606741771
mapa,-2.75,-7.0,0.4995472329133847
mapa,-2.75,-6.75,0.4995374078227141
mapa,-2.75,-6.5,0.49952738136880087
mapa,-2.75,-6.25,0.49951714943612313
mapa,-2.75,-6.0,0.49950670782535805
mapa,-2.75,-5.75,0.49949605225171684
mapa,-2.75,-5.5,0.4994851783432639
mapa,-2.75,-5.25,0.49947408163923124
mapa,-2.75,-5.0,0.49946275758834147
mapa,-2.75,-4.75,0.49945120154716727
mapa,-2.75,-4.5,0.4994394087785625
mapa,-2.75,-4.25,0.4994273744502294
mapa,-2.75,-4.0,0.49941509363351616
mapa,-2.75,-3.75,0.49940256130259614
mapa,-2.75,-3.5,0.4993897723342625
mapa,-2.75,-3.25,0.4993767215087083
mapa,-2.75,-3.0,0.49936340351186403
mapa,-2.75,-2.75,0.49934981294019276
mapa,-2.75,-2.5,0.49933594430934325
mapa,-2.75,-2.25,0.4993217920688524
mapa,-2.75,-2.0,0.4993073506263149
mapa,-2.75,-1.75,0.49929261438635997
mapa,-2.75,-1.5,0.4992775778127649
mapa,-2.75,-1.25,0.49926223552671195
mapa,-2.75,-1.0,0.4992465824614736
mapa,-2.75,-0.75,0.4992306141051753
mapa,-2.75,-0.5,0.4992143268809783
mapa,-2.75,-0.25,0.4991977187415909
mapa,-2.75,0.0,0.4991807900979144
mapa,-2.75,0.25,0.49916354526832357
mapa,-2.75,0.5,0.4991459947386703
mapa,-2.75,0.75,0.4991281586837404
mapa,-2.75,1.0,0.49911007244958
mapa,-2.75,1.25,0.4990917950802045
mapa,-2.75,1.5,0.49907342256375636
mapa,-2.75,1.75,0.4990551083809361
mapa,-2.75,2.0,0.49903709532511686
mapa,-2.75,2.25,0.4990197646691817
mapa,-2.75,2.5,0.4990037119277535
mapa,-2.75,2.75,0.49898986320073746
mapa,-2.75,3.0,0.4989796530667495
mapa,-2.75,3.25,0.4989752951174102
mapa,-2.75,3.5,0.49898019057255544
mapa,-2.75,3.75,0.49899954013717585
mapa,-2.75,4.0,0.49904125018288853
mapa,-2.75,4.25,0.49911725615105645
mapa,-2.75,4.5,0.49924542075012923
mapa,-2.75,4.75,0.49945219357983495
mapa,-2.75,5.0,0.49977622421746803
mapa,-2.75,5.25,0.5002730697895154
mapa,-2.75,5.5,0.5010209790106838
mapa,-2.75,5.75,0.5021273993266857
mapa,-2.75,6.0,0.5037352758612427
mapa,-2.75,6.25,0.5060273748313511
mapa,-2.75,6.5,0.509225892259685
mapa,-2.75,6.75,0.5135838666303321
mapa,-2.75,7.0,0.5193650547927008
mapa,-2.75,7.25,0.5268107346902822
mapa,-2.75,7.5,0.5360957862256093
mapa,-2.75,7.75,0.5472817211511047
mapa,-2.75,8.0,0.560278952614409
mapa,-2.75,8.25,0.5748315374056081
mapa,-2.75,8.5,0.5905329165629087
mapa,-2.75,8.75,0.6068717963313072
mapa,-2.75,9.0,0.6232973262497435
mapa,-2.75,9.25,0.6392869827697221
mapa,-2.75,9.5,0.6544014956566077
mapa,-2.75,9.75,0.668317446852082
mapa,-2.75,10.0,0.6808361339259728
mapa,-2.75,10.25,0.6918734412296046
mapa,-2.75,10.5,0.7014382302778397
mapa,-2.75,10.75,0.7096065126191999
mapa,-2.75,11.0,0.7164967271562139
mapa,-2.75,11.25,0.722249109236098
mapa,-2.75,11.5,0.7270102073523592
mapa,-2.75,11.75,0.7309223505123253
mapa,-2.75,12.0,0.7341172411473749
mapa,-2.75,12.25,0.7367126603785027
mapa,-2.75,12.5,0.7388113354279866
mapa,-2.75,12.75,0.7405011917378411
mapa,-2.75,13.0,0.7418564086022857
mapa,-2.75,13.25,0.7429388734742165
mapa,-2.75,13.5,0.7437997705874575
mapa,-2.75,13.75,0.7444811429588123
mapa,-2.75,14.0,0.7450173385229968
mapa,-2.75,14.25,0.7454362982884721
mapa,-2.75,14.5,0.7457606737693837
mapa,-2.75,14.75,0.7460087780964234
mapa,-2.75,15.0,0.7461953843125386
mapa,-2.75,15.25,0.7463323883886172
mapa,-2.75,15.5,0.7464293554750667
mapa,-2.75,15.75,0.7464939671692892
mapa,-2.75,16.0,0.7465323859721551
mapa,-2.5,-16.0,0.4997325945453901
mapa,-2.5,-15.75,0.49972655956786693
mapa,-2.5,-15.5,0.49972040073483304
mapa,-2.5,-15.25,0.49971411551190503
mapa,-2.5,-15.0,0.4997077013129388
mapa,-2.5,-14.75,0.4997011554989758
mapa,-2.5,-14.5,0.49969447537716916
mapa,-2.5,-14.25,0.4996876581996874
mapa,-2.5,-14.0,0.49968070116259633
mapa,-2.5,-13.75,0.49967360140471817
mapa,-2.5,-13.5,0.49966635600646814
mapa,-2.5,-13.25,0.4996589619886668
mapa,-2.5,-13.0,0.49965141631132964
mapa,-2.5,-12.75,0.499643715872431
mapa,-2.5,-12.5,0.499635857506644
mapa,-2.5,-12.25,0.4996278379840548
mapa,-2.5,-12.0,0.499619654008851
mapa,-2.5,-11.75,0.4996113022179839
mapa,-2.5,-11.5,0.499602779179803
mapa,-2.5,-11.25,0.49959408139266476
mapa,-2.5,-11.0,0.4995852052835115
mapa,-2.5,-10.75,0.49957614720642335
mapa,-2.5,-10.5,0.49956690344113985
mapa,-2.5,-10.25,0.499557470191553
mapa,-2.5,-10.0,0.49954784358416954
mapa,-2.5,-9.75,0.4995380196665423
mapa,-2.5,-9.5,0.49952799440567075
mapa,-2.5,-9.25,0.4995177636863689
mapa,-2.5,-9.0,0.49950732330960107
mapa,-2.5,-8.75,0.4994966689907843
mapa,-2.5,-8.5,0.49948579635805695
mapa,-2.5,-8.25,0.49947470095051316
mapa,-2.5,-8.0,0.4994633782164018
mapa,-2.5,-7.75,0.4994518235112909
mapa,-2.5,-7.5,0.49944003209619525
mapa,-2.5,-7.25,0.49942799913566915
mapa,-2.5,-7.0,0.49941571969586246
mapa,-2.5,-6.75,0.49940318874254075
mapa,-2.5,-6.5,0.49939040113907235
mapa,-2.5,-6.25,0.4993773516443817
mapa,-2.5,-6.0,0.4993640349108748
mapa,-2.5,-5.75,0.49935044548234236
mapa,-2.5,-5.5,0.4993365777918511
mapa,-2.5,-5.25,0.4993224261596376
mapa,-2.5,-5.0,0.4993079847910349
mapa,-2.5,-4.75,0.49929324777446815
mapa,-2.5,-4.5,0.49927820907958714
mapa,-2.5,-4.25,0.49926286255563523
mapa,-2.5,-4.0,0.4992472019302139
mapa,-2.5,-3.75,0.49923122080869137
mapa,-2.5,-3.5,0.4992149126746424
mapa,-2.5,-3.25,0.49919827089192653
mapa,-2.5,-3.0,0.49918128870935186
mapa,-2.5,-2.75,0.49916395926940443
mapa,-2.5,-2.5,0.4991462756233549
mapa,-2.5,-2.25,0.4991282307563505
mapa,-2.5,-2.0,0.4991098176281273
mapa,-2.5,-1.75,0.49909102923813636
mapa,-2.5,-1.5,0.49907185872880855
mapa,-2.5,-1.25,0.4990522995483696
mapa,-2.5,-1.0,0.4990323457066033
mapa,-2.5,-0.75,0.4990119921756373
mapa,-2.5,-0.5,0.498991235516908
mapa,-2.5,-0.25,0.4989700748607204
mapa,-2.5,0.0,0.4989485134351745
mapa,-2.5,0.25,0.49892656095048876
mapa,-2.5,0.5,0.4989042373141524
mapa,-2.5,0.75,0.4988815784145178
mapa,-2.5,1.0,0.49885864511526035
mapa,-2.5,1.25,0.4988355372263458
mapa,-2.5,1.5,0.49881241517300334
mapa,-2.5,1.75,0.4987895335433422
mapa,-2.5,2.0,0.49876729290924465
mapa,-2.5,2.25,0.4987463196486445
mapa,-2.5,2.5,0.4987275884664215
mapa,-2.5,2.75,0.49871260962255565
mapa,-2.5,3.0,0.4987037134501429
mapa,-2.5,3.25,0.4987044796867958
mapa,-2.5,3.5,0.49872037958410437
mapa,-2.5,3.75,0.49875972544838804
mapa,-2.5,4.0,0.4988350546663927
mapa,-2.5,4.25,0.49896510986201165
mapa,-2.5,4.5,0.49917760422567964
mapa,-2.5,4.75,0.499512961713287
mapa,-2.5,5.0,0.5000291608437627
mapa,-2.5,5.25,0.500807634269515
mapa,-2.5,5.5,0.5019598146567509
mapa,-2.5,5.75,0.5036333072239251
mapa,-2.5,6.0,0.506015806383162
mapa,-2.5,6.25,0.5093339046627618
mapa,-2.5,6.5,0.5138432669640827
mapa,-2.5,6.75,0.5198069452196158
mapa,-2.5,7.0,0.527460657570083
mapa,-2.5,7.25,0.5369679806946502
mapa,-2.5,7.5,0.5483737804178622
mapa,-2.5,7.75,0.5615685391922989
mapa,-2.5,8.0,0.5762765573832798
mapa,-2.5,8.25,0.5920756081980009
mapa,-2.5,8.5,0.6084459069587841
mapa,-2.5,8.75,0.6248365469638499
mapa,-2.5,9.0,0.6407325589857833
mapa,-2.5,9.25,0.6557074702061225
mapa,-2.5,9.5,0.6694529499781703
mapa,-2.5,9.75,0.681785029219289
mapa,-2.5,10.0,0.6926321603686454
mapa,-2.5,10.25,0.7020127380560213
mapa,-2.5,10.5,0.7100091694434693
mapa,-2.5,10.75,0.7167435327420237
mapa,-2.5,11.0,0.7223575457575953
mapa,-2.5,11.25,0.726997711121466
mapa,-2.5,11.5,0.7308053349256092
mapa,-2.5,11.75,0.7339105514362508
mapa,-2.5,12.0,0.7364293383082461
mapa,-2.5,12.25,0.7384625893950956
mapa,-2.5,12.5,0.7400964914630027
mapa,-2.5,12.75,0.7414036465765992
mapa,-2.5,13.0,0.7424445543832007
mapa,-2.5,13.25,0.743269204383192
mapa,-2.5,13.5,0.7439186274960314
mapa,-2.5,13.75,0.744426324554565
mapa,-2.5,14.0,0.744819533999832
mapa,-2.5,14.25,0.7451203286662447
mapa,-2.5,14.5,0.7453465475229539
mapa,-2.5,14.75,0.7455125765881085
mapa,-2.5,15.0,0.745629996800395
mapa,-2.5,15.25,0.7457081173453353
mapa,-2.5,15.5,0.745754412055049
mapa,-2.5,15.75,0.7457748748280265
mapa,-2.5,16.0,0.7457743080355267
mapa,-2.25,-16.0,0.49965202540303943
mapa,-2.25,-15.75,0.49964432591960484
mapa,-2.25,-15.5,0.49963646852461907
mapa,-2.25,-15.25,0.49962844998850287
mapa,-2.25,-15.0,0.4996202670157857
mapa,-2.25,-14.75,0.49961191624376805
mapa,-2.25,-14.5,0.49960339424115646
mapa,-2.25,-14.25,0.4995946975066719
mapa,-2.25,-14.0,0.4995858224676292
mapa,-2.25,-13.75,0.49957676547848917
mapa,-2.25,-13.5,0.4995675228193802
mapa,-2.25,-13.25,0.49955809069459156
mapa,-2.25,-13.0,0.4995484652310358
mapa,-2.25,-12.75,0.4995386424766802
mapa,-2.25,-12.5,0.4995286183989477
mapa,-2.25,-12.25,0.4995183888830843
mapa,-2.25,-12.0,0.49950794973049584
mapa,-2.25,-11.75,0.4994972966570491
mapa,-2.25,-11.5,0.4994864252913417
mapa,-2.25,-11.25,0.4994753311729343
mapa,-2.25,-11.0,0.49946400975055044
mapa,-2.25,-10.75,0.49945245638023883
mapa,-2.25,-10.5,0.49944066632349937
mapa,-2.25,-10.25,0.49942863474537136
mapa,-2.25,-10.0,0.4994163567124852
mapa,-2.25,-9.75,0.4994038271910729
mapa,-2.25,-9.5,0.4993910410449416
mapa,-2.25,-9.25,0.49937799303340474
mapa,-2.25,-9.0,0.49936467780917393
mapa,-2.25,-8.75,0.4993510899162073
mapa,-2.25,-8.5,0.4993372237875176
mapa,-2.25,-8.25,0.4993230737429351
mapa,-2.25,-8.0,0.49930863398682773
mapa,-2.25,-7.75,0.49929389860577733
mapa,-2.25,-7.5,0.49927886156621026
mapa,-2.25,-7.25,0.4992635167119843
mapa,-2.25,-7.0,0.4992478577619304
mapa,-2.25,-6.75,0.4992318783073519
mapa,-2.25,-6.5,0.4992155718094817
mapa,-2.25,-6.25,0.4991989315969033
mapa,-2.25,-6.0,0.4991819508629395
mapa,-2.25,-5.75,0.49916462266302203
mapa,-2.25,-5.5,0.49914693991205755
mapa,-2.25,-5.25,0.499128895381818
mapa,-2.25,-5.0,0.4991104816983977
mapa,-2.25,-4.75,0.49909169133980724
mapa,-2.25,-4.5,0.4990725166338073
mapa,-2.25,-4.25,0.4990529497561538
mapa,-2.25,-4.0,0.49903298272951285
mapa,-2.25,-3.75,0.4990126074234569
mapa,-2.25,-3.5,0.4989918155561811
mapa,-2.25,-3.25,0.4989705986989405
mapa,-2.25,-3.0,0.4989489482847692
mapa,-2.25,-2.75,0.4989268556239229
mapa,-2.25,-2.5,0.49890431192984974
mapa,-2.25,-2.25,0.49888130836164235
mapa,-2.25,-2.0,0.4988578360922457
mapa,-2.25,-1.75,0.4988338864169114
mapa,-2.25,-1.5,0.4988094509244929
mapa,-2.25,-1.25,0.49878452176683025
mapa,-2.25,-1.0,0.4987590920811763
mapa,-2.25,-0.75,0.49873315665130746
mapa,-2.25,-0.5,0.4987067129407034
mapa,-2.25,-0.25,0.4986797627054067
mapa,-2.25,0.0,0.49865231450940345
mapa,-2.25,0.25,0.498624387644
mapa,-2.25,0.5,0.4985960182290745
mapa,-2.25,0.75,0.49856726870070406
mapa,-2.25,1.0,0.49853824254620943
mapa,-2.25,1.25,0.4985091071540916
mapa,-2.25,1.5,0.4984801291816914
mapa,-2.25,1.75,0.4984517291710716
mapa,-2.25,2.0,0.49842456564449444
mapa,-2.25,2.25,0.49839966412220477
mapa,-2.25,2.5,0.4983786141589676
mapa,-2.25,2.75,0.4983638685377204
mapa,-2.25,3.0,0.49835919430859654
mapa,-2.25,3.25,0.49837034653514634
mapa,-2.25,3.5,0.49840606305880947
mapa,-2.25,3.75,0.4984795115308998
mapa,-2.25,4.0,0.4986103543379498
mapa,-2.25,4.25,0.498827622496548
mapa,-2.25,4.5,0.49917358499410713
mapa,-2.25,4.75,0.49970872833257673
mapa,-2.25,5.0,0.5005177659179451
mapa,-2.25,5.25,0.5017162080138197
mapa,-2.25,5.5,0.5034563803612694
mapa,-2.25,5.75,0.5059308918097497
mapa,-2.25,6.0,0.5093705904341912
mapa,-2.25,6.25,0.5140334498012696
mapa,-2.25,6.5,0.5201813023924359
mapa,-2.25,6.75,0.5280436368058006
mapa,-2.25,7.0,0.5377720250752399
mapa,-2.25,7.25,0.5493941451725018
mapa,-2.25,7.5,0.5627803646909393
mapa,-2.25,7.75,0.5776355183849753
mapa,-2.25,8.0,0.593522446030147
mapa,-2.25,8.25,0.6099138696163736
mapa,-2.25,8.5,0.6262598305434421
mapa,-2.25,8.75,0.6420536962295212
mapa,-2.25,9.0,0.6568822265644831
mapa,-2.25,9.25,0.6704522619557429
mapa,-2.25,9.5,0.6825943805613799
mapa,-2.25,9.75,0.6932492627052341
mapa,-2.25,10.0,0.7024444478667589
mapa,-2.25,10.25,0.7102683768041002
mapa,-2.25,10.5,0.7168464706463643
mapa,-2.25,10.75,0.7223217107624562
mapa,-2.25,11.0,0.7268404073139452
mapa,-2.25,11.25,0.7305427559057416
mapa,-2.25,11.5,0.7335572789003078
mapa,-2.25,11.75,0.7359981367559093
mapa,-2.25,12.0,0.7379643951396493
mapa,-2.25,12.25,0.7395405180605649
mapa,-2.25,12.5,0.7407975513823084
mapa,-2.25,12.75,0.7417946294553739
mapa,-2.25,13.0,0.7425805688571505
mapa,-2.25,13.25,0.7431954083390101
mapa,-2.25,13.5,0.7436718191453592
mapa,-2.25,13.75,0.744036352112355
mapa,-2.25,14.0,0.7443105139013648
mapa,-2.25,14.25,0.7445116795852703
mapa,-2.25,14.5,0.7446538564458866
mapa,-2.25,14.75,0.7447483169749652
mapa,-2.25,15.0,0.7448041195349528
mapa,-2.25,15.25,0.7448285341256397
mapa,-2.25,15.5,0.7448273889723833
mapa,-2.25,15.75,0.7448053516566581
mapa,-2.25,16.0,0.7447661565123085
mapa,-2.0,-16.0,0.49954909809319903
mapa,-2.0,-15.75,0.4995392764921338
mapa,-2.0,-15.5,0.49952925358724654
mapa,-2.0,-15.25,0.49951902526421016
mapa,-2.0,-15.0,0.4995085873248661
mapa,-2.0,-14.75,0.49949793548552684
mapa,-2.0,-14.5,0.4994870653752445
mapa,-2.0,-14.25,0.499475972534045
mapa,-2.0,-14.0,0.4994646524111269
mapa,-2.0,-13.75,0.49945310036302376
mapa,-2.0,-13.5,0.4994413116517312
mapa,-2.0,-13.25,0.49942928144279536
mapa,-2.0,-13.0,0.49941700480336304
mapa,-2.0,-12.75,0.49940447670019505
mapa,-2.0,-12.5,0.4993916919976374
mapa,-2.0,-12.25,0.4993786454555544
mapa,-2.0,-12.0,0.4993653317272189
mapa,-2.0,-11.75,0.4993517453571623
mapa,-2.0,-11.5,0.49933788077898034
mapa,-2.0,-11.25,0.49932373231309624
mapa,-2.0,-11.0,0.49930929416448
mapa,-2.0,-10.75,0.4992945604203212
mapa,-2.0,-10.5,0.4992795250476568
mapa,-2.0,-10.25,0.49926418189095195
mapa,-2.0,-10.0,0.4992485246696325
mapa,-2.0,-9.75,0.4992325469755693
mapa,-2.0,-9.5,0.49921624227051326
mapa,-2.0,-9.25,0.4991996038834787
mapa,-2.0,-9.0,0.499182625008077
mapa,-2.0,-8.75,0.4991652986997967
mapa,-2.0,-8.5,0.4991476178732313
mapa,-2.0,-8.25,0.49912957529925284
mapa,-2.0,-8.0,0.4991111636021307
mapa,-2.0,-7.75,0.4990923752565966
mapa,-2.0,-7.5,0.49907320258485255
mapa,-2.0,-7.25,0.49905363775352524
mapa,-2.0,-7.0,0.4990336727705662
mapa,-2.0,-6.75,0.49901329948209905
mapa,-2.0,-6.5,0.49899250956922003
mapa,-2.0,-6.25,0.49897129454475664
mapa,-2.0,-6.0,0.498949645749996
mapa,-2.0,-5.75,0.49892755435140107
mapa,-2.0,-5.5,0.4989050113373429
mapa,-2.0,-5.25,0.4988820075148957
mapa,-2.0,-5.0,0.49885853350676396
mapa,-2.0,-4.75,0.49883457974845646
mapa,-2.0,-4.5,0.4988101364858824
mapa,-2.0,-4.25,0.4987851937736466
mapa,-2.0,-4.0,0.4987597414744736
mapa,-2.0,-3.75,0.4987337692604403
mapa,-2.0,-3.5,0.4987072666170675
mapa,-2.0,-3.25,0.49868022285192326
mapa,-2.0,-3.0,0.49865262711030983
mapa,-2.0,-2.75,0.4986244684020555
mapa,-2.0,-2.5,0.4985957356456883
mapa,-2.0,-2.25,0.4985664177397864
mapa,-2.0,-2.0,0.49853650367679386
mapa,-2.0,-1.75,0.4985059827231508
mapa,-2.0,-1.5,0.49847484470293557
mapa,-2.0,-1.25,0.49844308044301194
mapa,-2.0,-1.0,0.49841068247005016
mapa,-2.0,-0.75,0.4983776461001681
mapa,-2.0,-0.5,0.4983439711402288
mapa,-2.0,-0.25,0.4983096645413646
mapa,-2.0,0.0,0.4982747445336697
mapa,-2.0,0.25,0.4982392470623728
mapa,-2.0,0.5,0.4982032357954086
mapa,-2.0,0.75,0.49816681766389503
mapa,-2.0,1.0,0.4981301669566553
mapa,-2.0,1.25,0.4980935626053052
mapa,-2.0,1.5,0.49805744574334615
mapa,-2.0,1.75,0.4980225082988055
mapa,-2.0,2.0,0.4979898288442617
mapa,-2.0,2.25,0.4979610799380978
mapa,-2.0,2.5,0.49793884271734584
mapa,-2.0,2.75,0.49792708067828495
mapa,-2.0,3.0,0.49793184649764344
mapa,-2.0,3.25,0.49796232394773454
mapa,-2.0,3.5,0.4980323403789237
mapa,-2.0,3.75,0.49816251925661154
mapa,-2.0,4.0,0.49838326544097206
mapa,-2.0,4.25,0.4987387655029418
mapa,-2.0,4.5,0.4992921020670875
mapa,-2.0,4.75,0.5001313664359062
mapa,-2.0,5.0,0.5013762365891015
mapa,-2.0,5.25,0.5031838126148077
mapa,-2.0,5.5,0.5057515914110111
mapa,-2.0,5.75,0.5093145163970265
mapa,-2.0,6.0,0.5141325281765964
mapa,-2.0,6.25,0.5204657025237779
mapa,-2.0,6.5,0.5285366165155346
mapa,-2.0,6.75,0.5384841442332888
mapa,-2.0,7.0,0.5503182672940856
mapa,-2.0,7.25,0.5638891079828732
mapa,-2.0,7.5,0.5788823848441892
mapa,-2.0,7.75,0.59484678241323
mapa,-2.0,8.0,0.6112485416630189
mapa,-2.0,8.25,0.6275396399667982
mapa,-2.0,8.5,0.643222525628739
mapa,-2.0,8.75,0.657897581787022
mapa,-2.0,9.0,0.6712868651239147
mapa,-2.0,9.25,0.6832352897657571
mapa,-2.0,9.5,0.6936954125700425
mapa,-2.0,9.75,0.7027035293629693
mapa,-2.0,10.0,0.7103537587936557
mapa,-2.0,10.25,0.7167745775296726
mapa,-2.0,10.5,0.7221100206902363
mapa,-2.0,10.75,0.7265060671115751
mapa,-2.0,11.0,0.7301017202600757
mapa,-2.0,11.25,0.7330238509818294
mapa,-2.0,11.5,0.735384791428922
mapa,-2.0,11.75,0.7372817857397939
mapa,-2.0,12.0,0.7387975917500363
mapa,-2.0,12.25,0.74000172027841
mapa,-2.0,12.5,0.7409519626809327
mapa,-2.0,12.75,0.7416959840250192
mapa,-2.0,13.0,0.7422728503297957
mapa,-2.0,13.25,0.7427144202352022
mapa,-2.0,13.5,0.7430465714051684
mapa,-2.0,13.75,0.7432902563238257
mapa,-2.0,14.0,0.743462395950333
mapa,-2.0,14.25,0.7435766266669519
mapa,-2.0,14.5,0.7436439186824173
mapa,-2.0,14.75,0.7436730842843368
mapa,-2.0,15.0,0.7436711932039282
mapa,-2.0,15.25,0.7436439105742723
mapa,-2.0,15.5,0.7435957709570675
mapa,-2.0,15.75,0.7435303999265445
mapa,-2.0,16.0,0.7434506928609286
mapa,-1.75,-16.0,0.4994176642135634
mapa,-1.75,-15.75,0.49940513751455906
mapa,-1.75,-15.5,0.4993923542410975
mapa,-1.75,-15.25,0.49937930915358647
mapa,-1.75,-15.0,0.49936599690585454
mapa,-1.75,-14.75,0.4993524120430004
mapa,-1.75,-14.5,0.4993385489991994
mapa,-1.75,-14.25,0.49932440209546747
mapa,-1.75,-14.0,0.4993099655373793
mapa,-1.75,-13.75,0.49929523341274257
mapa,-1.75,-13.5,0.49928019968922566
mapa,-1.75,-13.25,0.49926485821193833
mapa,-1.75,-13.0,0.49924920270096507
mapa,-1.75,-12.75,0.4992332267488491
mapa,-1.75,-12.5,0.49921692381802774
mapa,-1.75,-12.25,0.4992002872382157
mapa,-1.75,-12.0,0.49918331020373863
mapa,-1.75,-11.75,0.49916598577081306
mapa,-1.75,-11.5,0.4991483068547729
mapa,-1.75,-11.25,0.4991302662272421
mapa,-1.75,-11.0,0.4991118565132512
mapa,-1.75,-10.75,0.4990930701882983
mapa,-1.75,-10.5,0.49907389957535053
mapa,-1.75,-10.25,0.49905433684178996
mapa,-1.75,-10.0,0.4990343739962965
mapa,-1.75,-9.75,0.49901400288567266
mapa,-1.75,-9.5,0.4989932151916051
mapa,-1.75,-9.25,0.4989720024273635
mapa,-1.75,-9.0,0.4989503559344358
mapa,-1.75,-8.75,0.4989282668790978
mapa,-1.75,-8.5,0.4989057262489176
mapa,-1.75,-8.25,0.4988827248491927
mapa,-1.75,-8.0,0.4988592532993192
mapa,-1.75,-7.75,0.49883530202909454
mapa,-1.75,-7.5,0.4988108612749509
mapa,-1.75,-7.25,0.4987859210761228
mapa,-1.75,-7.0,0.4987604712707497
mapa,-1.75,-6.75,0.4987345014919176
mapa,-1.75,-6.5,0.4987080011636471
mapa,-1.75,-6.25,0.49868095949683894
mapa,-1.75,-6.0,0.4986533654851961
mapa,-1.75,-5.75,0.49862520790115245
mapa,-1.75,-5.5,0.49859647529185613
mapa,-1.75,-5.25,0.4985671559752824
mapa,-1.75,-5.0,0.49853723803659505
mapa,-1.75,-4.75,0.4985067093249426
mapa,-1.75,-4.5,0.4984755574509807
mapa,-1.75,-4.25,0.4984437697855756
mapa,-1.75,-4.0,0.4984113334604028
mapa,-1.75,-3.75,0.49837823537155396
mapa,-1.75,-3.5,0.4983444621878925
mapa,-1.75,-3.25,0.4983100003668748
mapa,-1.75,-3.0,0.49827483618207985
mapa,-1.75,-2.75,0.4982389557690736
mapa,-1.75,-2.5,0.4982023451999451
mapa,-1.75,-2.25,0.49816499060264957
mapa,-1.75,-2.0,0.4981268783503305
mapa,-1.75,-1.75,0.49808799535987425
mapa,-1.75,-1.5,0.49804832956089895
mapa,-1.75,-1.25,0.49800787063053514
mapa,-1.75,-1.0,0.4979666111425062
mapa,-1.75,-0.75,0.49792454836159855
mapa,-1.75,-0.5,0.49788168704279284
mapa,-1.75,-0.25,0.4978380437929461
mapa,-1.75,0.0,0.4977936538600751
mapa,-1.75,0.25,0.49774858168907493
mapa,-1.75,0.5,0.4977029373111915
mapa,-1.75,0.75,0.49765690175010885
mapa,-1.75,1.0,0.49761076632695395
mapa,-1.75,1.25,0.49756499331846676
mapa,-1.75,1.5,0.49752030928210383
mapa,-1.75,1.75,0.4974778480902037
mapa,-1.75,2.0,0.49743936909593817
mapa,-1.75,2.25,0.49740758788178036
mapa,-1.75,2.5,0.4973866738595487
mapa,-1.75,2.75,0.4973829916600952
mapa,-1.75,3.0,0.4974061921890792
mapa,-1.75,3.25,0.49747079306304265
mapa,-1.75,3.5,0.4975984216289049
mapa,-1.75,3.75,0.49782091439349313
mapa,-1.75,4.0,0.49818444992620237
mapa,-1.75,4.25,0.4987547965448453
mapa,-1.75,4.5,0.4996235206615683
mapa,-1.75,4.75,0.5009145553782863
mapa,-1.75,5.0,0.5027898216736699
mapa,-1.75,5.25,0.5054516646409436
mapa,-1.75,5.5,0.5091389428370582
mapa,-1.75,5.75,0.514113198120885
mapa,-1.75,6.0,0.5206321902765176
mapa,-1.75,6.25,0.5289108925982915
mapa,-1.75,6.5,0.5390747989619972
mapa,-1.75,6.75,0.5511157224807216
mapa,-1.75,7.0,0.5648634649480091
mapa,-1.75,7.25,0.5799850358967789
mapa,-1.75,7.5,0.596015783609847
mapa,-1.75,7.75,0.6124164911188796
mapa,-1.75,8.0,0.6286420398321954
mapa,-1.75,8.25,0.644204663441097
mapa,-1.75,8.5,0.6587187142666153
mapa,-1.75,8.75,0.6719214734109723
mapa,-1.75,9.0,0.6836719562651279
mapa,-1.75,9.25,0.6939342352292186
mapa,-1.75,9.5,0.702752974736149
mapa,-1.75,9.75,0.710227622416473
mapa,-1.75,10.0,0.716489432202142
mapa,-1.75,10.25,0.7216832920973403
mapa,-1.75,10.5,0.7259547182724948
mapa,-1.75,10.75,0.7294414460703305
mapa,-1.75,11.0,0.732268659106491
mapa,-1.75,11.25,0.7345468525533981
mapa,-1.75,11.5,0.7363714570126172
mapa,-1.75,11.75,0.7378235412908813
mapa,-1.75,12.0,0.7389711023701251
mapa,-1.75,12.25,0.7398706106530883
mapa,-1.75,12.5,0.7405686006723713
mapa,-1.75,12.75,0.7411031846262794
mapa,-1.75,13.0,0.7415054249798186
mapa,-1.75,13.25,0.741800540106198
mapa,-1.75,13.5,0.7420089397782403
mapa,-1.75,13.75,0.7421471001235695
mapa,-1.75,14.0,0.7422282939932294
mapa,-1.75,14.25,0.7422631950393885
mapa,-1.75,14.5,0.7422603738139093
mapa,-1.75,14.75,0.742226702959009
mapa,-1.75,15.0,0.7421676867336133
mapa,-1.75,15.25,0.7420877281050485
mapa,-1.75,15.5,0.7419903446622769
mapa,-1.75,15.75,0.7418783427915064
mapa,-1.75,16.0,0.7417539579487592
mapa,-1.5,-16.0,0.49924989210677573
mapa,-1.5,-15.75,0.4992339178772825
mapa,-1.5,-15.5,0.49921761670086673
mapa,-1.5,-15.25,0.4992009819079357
mapa,-1.5,-15.0,0.4991840066935225
mapa,-1.5,-14.75,0.4991666841145657
mapa,-1.5,-14.5,0.4991490070871375
mapa,-1.5,-14.25,0.4991309683836155
mapa,-1.5,-14.0,0.49911256062980064
mapa,-1.5,-13.75,0.499093776301977
mapa,-1.5,-13.5,0.49907460772391543
mapa,-1.5,-13.25,0.49905504706381787
mapa,-1.5,-13.0,0.499035086331202
mapa,-1.5,-12.75,0.49901471737372555
mapa,-1.5,-12.5,0.49899393187394736
mapa,-1.5,-12.25,0.4989727213460272
mapa,-1.5,-12.0,0.49895107713236014
mapa,-1.5,-11.75,0.4989289904001454
mapa,-1.5,-11.5,0.4989064521378894
mapa,-1.5,-11.25,0.4988834531518407
mapa,-1.5,-11.0,0.49885998406235493
mapa,-1.5,-10.75,0.49883603530019127
mapa,-1.5,-10.5,0.49881159710273576
mapa,-1.5,-10.25,0.49878665951015255
mapa,-1.5,-10.0,0.49876121236146104
mapa,-1.5,-9.75,0.4987352452905371
mapa,-1.5,-9.5,0.4987087477220387
mapa,-1.5,-9.25,0.4986817088672521
mapa,-1.5,-9.0,0.4986541177198604
mapa,-1.5,-8.75,0.49862596305163076
mapa,-1.5,-8.5,0.49859723340802053
mapa,-1.5,-8.25,0.49856791710370135
mapa,-1.5,-8.0,0.4985380022180004
mapa,-1.5,-7.75,0.498507476590259
mapa,-1.5,-7.5,0.498476327815109
mapa,-1.5,-7.25,0.49844454323766946
mapa,-1.5,-7.0,0.4984121099486677
mapa,-1.5,-6.75,0.49837901477949137
mapa,-1.5,-6.5,0.4983452442971839
mapa,-1.5,-6.25,0.49831078479940316
mapa,-1.5,-6.0,0.49827562230937505
mapa,-1.5,-5.75,0.49823974257089176
mapa,-1.5,-5.5,0.49820313104343505
mapa,-1.5,-5.25,0.49816577289754865
mapa,-1.5,-5.0,0.49812765301065765
mapa,-1.5,-4.75,0.4980887559636396
mapa,-1.5,-4.5,0.49804906603863186
mapa,-1.5,-4.25,0.49800856721882475
mapa,-1.5,-4.0,0.4979672431914168
mapa,-1.5,-3.75,0.49792507735556935
mapa,-1.5,-3.5,0.49788205283822706
mapa,-1.5,-3.25,0.4978381525222851
mapa,-1.5,-3.0,0.4977933590940919
mapa,-1.5,-2.75,0.4977476551212028
mapa,-1.5,-2.5,0.4977010231774111
mapa,-1.5,-2.25,0.4976534460416218
mapa,-1.5,-2.0,0.49760490701199717
mapa,-1.5,-1.75,0.4975553903999545
mapa,-1.5,-1.5,0.4975048823046437
mapa,-1.5,-1.25,0.4974533718245963
mapa,-1.5,-1.0,0.4974008529503514
mapa,-1.5,-0.75,0.49734732751704863
mapa,-1.5,-0.5,0.4972928098054048
mapa,-1.5,-0.25,0.4972373337032701
mapa,-1.5,0.0,0.4971809638392093
mapa,-1.5,0.25,0.49712381286685475
mapa,-1.5,0.5,0.4970660682530872
mapa,-1.5,0.75,0.4970080337108046
mapa,-1.5,1.0,0.4969501931200741
mapa,-1.5,1.25,0.4968933088328824
mapa,-1.5,1.5,0.49683857226064393
mapa,-1.5,1.75,0.4967878334094931
mapa,-1.5,2.0,0.4967439485749488
mapa,-1.5,2.25,0.496711302884616
mapa,-1.5,2.5,0.49669658780640014
mapa,-1.5,2.75,0.4967099433983019
mapa,-1.5,3.0,0.49676660925822125
mapa,-1.5,3.25,0.4968892609180452
mapa,-1.5,3.5,0.49711122611827685
mapa,-1.5,3.75,0.4974807516590691
mapa,-1.5,4.0,0.49806638241960227
mapa,-1.5,4.25,0.4989632569252718
mapa,-1.5,4.5,0.5002996476107382
mapa,-1.5,4.75,0.5022423349034452
mapa,-1.5,5.0,0.5049984579319452
mapa,-1.5,5.25,0.5088105894505368
mapa,-1.5,5.5,0.5139414824517742
mapa,-1.5,5.75,0.5206460002615229
mapa,-1.5,6.0,0.5291308119503886
mapa,-1.5,6.25,0.5395073629926872
mapa,-1.5,6.5,0.5517488650361918
mapa,-1.5,6.75,0.5656647807674136
mapa,-1.5,7.0,0.5809038746133114
mapa,-1.5,7.25,0.5969890151942834
mapa,-1.5,7.5,0.6133765574657201
mapa,-1.5,7.75,0.6295252319489177
mapa,-1.5,8.0,0.6449577210607768
mapa,-1.5,8.25,0.6593026479691478
mapa,-1.5,8.5,0.6723124907027203
mapa,-1.5,8.75,0.6838601095176768
mapa,-1.5,9.0,0.693920723183059
mapa,-1.5,9.25,0.7025469786985044
mapa,-1.5,9.5,0.7098433109931588
mapa,-1.5,9.75,0.7159434821569952
mapa,-1.5,10.0,0.7209930410112919
mapa,-1.5,10.25,0.7251369169975694
mapa,-1.5,10.5,0.7285115067687095
mapa,-1.5,10.75,0.7312402746771264
mapa,-1.5,11.0,0.7334318725049229
mapa,-1.5,11.25,0.7351799265128244
mapa,-1.5,11.5,0.7365638340910616
mapa,-1.5,11.75,0.7376500995799685
mapa,-1.5,12.0,0.7384938941647782
mapa,-1.5,12.25,0.7391406423505755
mapa,-1.5,12.5,0.7396275208815001
mapa,-1.5,12.75,0.7399848119087701
mapa,-1.5,13.0,0.7402370878355473
mapa,-1.5,13.25,0.740404226652617
mapa,-1.5,13.5,0.7405022684332393
mapa,-1.5,13.75,0.740544129394167
mapa,-1.5,14.0,0.7405401919185384
mapa,-1.5,14.25,0.740498788752461
mapa,-1.5,14.5,0.7404265982461333
mapa,-1.5,14.75,0.7403289656429853
mapa,-1.5,15.0,0.7402101634018727
mapa,-1.5,15.25,0.7400736015784777
mapa,-1.5,15.5,0.7399219975003161
mapa,-1.5,15.75,0.73975751239025
mapa,-1.5,16.0,0.7395818612350756
mapa,-1.25,-16.0,0.49903581003169073
mapa,-1.25,-15.75,0.49901544320134394
mapa,-1.25,-15.5,0.49899465986919855
mapa,-1.25,-15.25,0.49897345155029493
mapa,-1.25,-15.0,0.4989518095879273
mapa,-1.25,-14.75,0.4989297251502139
mapa,-1.25,-14.5,0.4989071892265995
mapa,-1.25,-14.25,0.49888419262429085
mapa,-1.25,-14.0,0.4988607259646226
mapa,-1.25,-13.75,0.49883677967935347
mapa,-1.25,-13.5,0.4988123440068901
mapa,-1.25,-13.25,0.4987874089884388
mapa,-1.25,-13.0,0.4987619644640829
mapa,-1.25,-12.75,0.4987360000687839
mapa,-1.25,-12.5,0.4987095052283069
mapa,-1.25,-12.25,0.49868246915506753
mapa,-1.25,-12.0,0.49865488084389825
mapa,-1.25,-11.75,0.4986267290677354
mapa,-1.25,-11.5,0.49859800237322227
mapa,-1.25,-11.25,0.49856868907622925
mapa,-1.25,-11.0,0.4985387772572887
mapa,-1.25,-10.75,0.498508254756942
mapa,-1.25,-10.5,0.4984771091709999
mapa,-1.25,-10.25,0.49844532784571177
mapa,-1.25,-10.0,0.4984128978728442
mapa,-1.25,-9.75,0.49837980608466725
mapa,-1.25,-9.5,0.49834603904884534
mapa,-1.25,-9.25,0.49831158306323337
mapa,-1.25,-9.0,0.49827642415057605
mapa,-1.25,-8.75,0.4982405480531079
mapa,-1.25,-8.5,0.49820394022705533
mapa,-1.25,-8.25,0.4981665858370372
mapa,-1.25,-8.0,0.49812846975036706
mapa,-1.25,-7.75,0.49808957653125435
mapa,-1.25,-7.5,0.49804989043490966
mapa,-1.25,-7.25,0.4980093954015555
mapa,-1.25,-7.0,0.49796807505035273
mapa,-1.25,-6.75,0.4979259126732523
mapa,-1.25,-6.5,0.49788289122879625
mapa,-1.25,-6.25,0.4978389933358979
mapa,-1.25,-6.0,0.49779420126765767
mapa,-1.25,-5.75,0.4977484969452951
mapa,-1.25,-5.5,0.49770186193233135
mapa,-1.25,-5.25,0.49765427742922885
mapa,-1.25,-5.0,0.49760572426881083
mapa,-1.25,-4.75,0.4975561829129715
mapa,-1.25,-4.5,0.4975056334514678
mapa,-1.25,-4.25,0.49745405560403505
mapa,-1.25,-4.0,0.4974014287277654
mapa,-1.25,-3.75,0.4973477318327743
mapa,-1.25,-3.5,0.49729294361088416
mapa,-1.25,-3.25,0.4972370424847037
mapa,-1.25,-3.0,0.49718000668861917
mapa,-1.25,-2.75,0.4971218143996734
mapa,-1.25,-2.5,0.49706244394636423
mapa,-1.25,-2.25,0.49700187413908564
mapa,-1.25,-2.0,0.4969400847903614
mapa,-1.25,-1.75,0.4968770575310566
mapa,-1.25,-1.5,0.49681277708788985
mapa,-1.25,-1.25,0.4967472332794681
mapa,-1.25,-1.0,0.4966804241306249
mapa,-1.25,-0.75,0.4966123607256624
mapa,-1.25,-0.5,0.49654307476238113
mapa,-1.25,-0.25,0.49647263029484495
mapa,-1.25,0.0,0.49640114196095436
mapa,-1.25,0.25,0.4963288032269884
mapa,-1.25,0.5,0.4962559300616371
mapa,-1.25,0.75,0.496183028292476
mapa,-1.25,1.0,0.49611089715001694
mapa,-1.25,1.25,0.49604078779585886
mapa,-1.25,1.5,0.4959746447976808
mapa,-1.25,1.75,0.4959154715961162
mapa,-1.25,2.0,0.4958678791600935
mapa,-1.25,2.25,0.4958389012213642
mapa,-1.25,2.5,0.4958391898352943
mapa,-1.25,2.75,0.4958847394591848
mapa,-1.25,3.0,0.49599931962679134
mapa,-1.25,3.25,0.49621781067746235
mapa,-1.25,3.5,0.49659060563783586
mapa,-1.25,3.75,0.4971891179659371
mapa,-1.25,4.0,0.4981121547928551
mapa,-1.25,4.25,0.49949240839103914
mapa,-1.25,4.5,0.5015015484820792
mapa,-1.25,4.75,0.504351438918542
mapa,-1.25,5.0,0.5082881442903555
mapa,-1.25,5.25,0.5135752141786203
mapa,-1.25,5.5,0.5204640147887623
mapa,-1.25,5.75,0.5291522045955869
mapa,-1.25,6.0,0.5397365295877573
mapa,-1.25,6.25,0.5521712088972037
mapa,-1.25,6.5,0.5662454050962834
mapa,-1.25,6.75,0.5815901567371256
mapa,-1.25,7.0,0.5977167436001463
mapa,-1.25,7.25,0.6140781252715717
mapa,-1.25,7.5,0.6301378004914309
mapa,-1.25,7.75,0.6454295213906028
mapa,-1.25,8.0,0.6595964398944134
mapa,-1.25,8.25,0.6724061693465085
mapa,-1.25,8.5,0.6837451385060606
mapa,-1.25,8.75,0.6935993365631218
mapa,-1.25,9.0,0.7020290096239532
mapa,-1.25,9.25,0.709143245847108
mapa,-1.25,9.5,0.7150780555801901
mapa,-1.25,9.75,0.7199794650354008
mapa,-1.25,10.0,0.7239916999085682
mapa,-1.25,10.25,0.7272497527823399
mapa,-1.25,10.5,0.7298753401949973
mapa,-1.25,10.75,0.7319752662364023
mapa,-1.25,11.0,0.7336413631163984
mapa,-1.25,11.25,0.7349513748151439
mapa,-1.25,11.5,0.7359703341683305
mapa,-1.25,11.75,0.736752134549298
mapa,-1.25,12.0,0.7373411104650196
mapa,-1.25,12.25,0.7377735210276036
mapa,-1.25,12.5,0.7380788833747318
mapa,-1.25,12.75,0.738281136712101
mapa,-1.25,13.0,0.7383996376578438
mapa,-1.25,13.25,0.7384499985231199
mapa,-1.25,13.5,0.7384447853390219
mapa,-1.25,13.75,0.7383940940942839
mapa,-1.25,14.0,0.7383060232790952
mapa,-1.25,14.25,0.7381870593980432
mapa,-1.25,14.5,0.738042390213528
mapa,-1.25,14.75,0.7378761584610665
mapa,-1.25,15.0,0.7376916668351237
mapa,-1.25,15.25,0.7374915432766002
mapa,-1.25,15.5,0.7372778740404716
mapa,-1.25,15.75,0.7370523106900925
mapa,-1.25,16.0,0.7368161560409705
mapa,-1.0,-16.0,0.4987627278401132
mapa,-1.0,-15.75,0.49873676608590056
mapa,-1.0,-15.5,0.4987102739380988
mapa,-1.0,-15.25,0.4986832406102417
mapa,-1.0,-15.0,0.4986556550983044
mapa,-1.0,-14.75,0.49862750617638973
mapa,-1.0,-14.5,0.4985987823923324
mapa,-1.0,-14.25,0.49856947206321944
mapa,-1.0,-14.0,0.4985395632708251
mapa,-1.0,-13.75,0.4985090438569595
mapa,-1.0,-13.5,0.498477901418728
mapa,-1.0,-13.25,0.49844612330370175
mapa,-1.0,-13.0,0.4984136966049961
mapa,-1.0,-12.75,0.49838060815625695
mapa,-1.0,-12.5,0.49834684452655126
mapa,-1.0,-12.25,0.49831239201516303
mapa,-1.0,-12.0,0.49827723664629053
mapa,-1.0,-11.75,0.49824136416364423
mapa,-1.0,-11.5,0.49820476002494435
mapa,-1.0,-11.25,0.49816740939631465
mapa,-1.0,-11.0,0.4981292971465736
mapa,-1.0,-10.75,0.4980904078414173
mapa,-1.0,-10.5,0.49805072573749637
mapa,-1.0,-10.25,0.4980102347763829
mapa,-1.0,-10.0,0.4979689185784258
mapa,-1.0,-9.75,0.4979267604364939
mapa,-1.0,-9.5,0.49788374330960444
mapa,-1.0,-9.25,0.49783984981643525
mapa,-1.0,-9.0,0.4977950622287203
mapa,-1.0,-8.75,0.49774936246452595
mapa,-1.0,-8.5,0.4977027320814082
mapa,-1.0,-8.25,0.49765515226945023
mapa,-1.0,-8.0,0.4976066038441813
mapa,-1.0,-7.75,0.4975570672393783
mapa,-1.0,-7.5,0.49750652249975524
mapa,-1.0,-7.25,0.4974549492735477
mapa,-1.0,-7.0,0.4974023268050061
mapa,-1.0,-6.75,0.4973486339268191
mapa,-1.0,-6.5,0.4972938490525027
mapa,-1.0,-6.25,0.49723795016881056
mapa,-1.0,-6.0,0.49718091482825494
mapa,-1.0,-5.75,0.49712272014187503
mapa,-1.0,-5.5,0.4970633427724755
mapa,-1.0,-5.25,0.49700275892867335
mapa,-1.0,-5.0,0.49694094436029196
mapa,-1.0,-4.75,0.4968778743559394
mapa,-1.0,-4.5,0.4968135237440805
mapa,-1.0,-4.25,0.4967478668996487
mapa,-1.0,-4.0,0.4966808777593938
mapa,-1.0,-3.75,0.49661252985095433
mapa,-1.0,-3.5,0.49654279634344345
mapa,-1.0,-3.25,0.4964716501317051
mapa,-1.0,-3.0,0.49639906397320743
mapa,-1.0,-2.75,0.49632501070716367
mapa,-1.0,-2.5,0.4962494636020188
mapa,-1.0,-2.25,0.49617239690322107
mapa,-1.0,-2.0,0.49609378669332166
mapa,-1.0,-1.75,0.49601361223884044
mapa,-1.0,-1.5,0.4959318580952609
mapa,-1.0,-1.25,0.4958485173918643
mapa,-1.0,-1.0,0.4957635969509307
mapa,-1.0,-0.75,0.49567712525555924
mapa,-1.0,-0.5,0.4955891648346443
mapa,-1.0,-0.25,0.4954998314846161
mapa,-1.0,0.0,0.4954093240485701
mapa,-1.0,0.25,0.4953179704510128
mapa,-1.0,0.5,0.4952262986708899
mapa,-1.0,0.75,0.4951351457976649
mapa,-1.0,1.0,0.4950458249063558
mapa,-1.0,1.25,0.4949603790693998
mapa,-1.0,1.5,0.49488196545853214
mapa,-1.0,1.75,0.49481543133096034
mapa,-1.0,2.0,0.4947681686568934
mapa,-1.0,2.25,0.4947513651719029
mapa,-1.0,2.5,0.49478180425042606
mapa,-1.0,2.75,0.49488439677204726
mapa,-1.0,3.0,0.49509563881097596
mapa,-1.0,3.25,0.4954681493197446
mapa,-1.0,3.5,0.4960763033418408
mapa,-1.0,3.75,0.49702267227460567
mapa,-1.0,4.0,0.4984444444945791
mapa,-1.0,4.25,0.5005181994043736
mapa,-1.0,4.5,0.5034604402786194
mapa,-1.0,4.75,0.5075204791241267
mapa,-1.0,5.0,0.5129622231711607
mapa,-1.0,5.25,0.5200329217995081
mapa,-1.0,5.5,0.5289205129776997
mapa,-1.0,5.75,0.5397064123295789
mapa,-1.0,6.0,0.5523254999267945
mapa,-1.0,6.25,0.5665467356042163
mapa,-1.0,6.5,0.5819840049346157
mapa,-1.0,6.75,0.598137920397244
mapa,-1.0,7.0,0.614459077864225
mapa,-1.0,7.25,0.6304166346442586
mapa,-1.0,7.5,0.6455559902745325
mapa,-1.0,7.75,0.6595350402915634
mapa,-1.0,8.0,0.6721364392245214
mapa,-1.0,8.25,0.683259889741378
mapa,-1.0,8.5,0.6929017700969724
mapa,-1.0,8.75,0.7011295454562381
mapa,-1.0,9.0,0.7080566311062768
mapa,-1.0,9.25,0.7138210349845098
mapa,-1.0,9.5,0.7185690857601148
mapa,-1.0,9.75,0.7224441952004368
mapa,-1.0,10.0,0.7255798914161551
mapa,-1.0,10.25,0.7280961178927404
mapa,-1.0,10.5,0.7300978287119677
mapa,-1.0,10.75,0.7316750733384954
mapa,-1.0,11.0,0.7329039607018076
mapa,-1.0,11.25,0.7338480731993118
mapa,-1.0,11.5,0.7345600474770266
mapa,-1.0,11.75,0.73508314762013
mapa,-1.0,12.0,0.7354527324226457
mapa,-1.0,12.25,0.7356975687930973
mapa,-1.0,12.5,0.735840975016102
mapa,-1.0,12.75,0.7359017962843211
mapa,-1.0,13.0,0.7358952250170671
mapa,-1.0,13.25,0.7358334831279869
mapa,-1.0,13.5,0.7357263847459787
mapa,-1.0,13.75,0.7355817973529404
mapa,-1.0,14.0,0.7354060177869374
mapa,-1.0,14.25,0.7352040776284371
mapa,-1.0,14.5,0.7349799904686707
mapa,-1.0,14.75,0.7347369516338847
mapa,-1.0,15.0,0.7344774991965481
mapa,-1.0,15.25,0.7342036435788729
mapa,-1.0,15.5,0.7339169717481796
mapa,-1.0,15.75,0.7336187309038604
mapa,-1.0,16.0,0.733309895640275
mapa,-0.75,-16.0,0.49841450641082496
mapa,-0.75,-15.75,0.4983814212561646
mapa,-0.75,-15.5,0.498347660986198
mapa,-0.75,-15.25,0.4983132119016273
mapa,-0.75,-15.0,0.49827806002809893
mapa,-0.75,-14.75,0.498242191110802
mapa,-0.75,-14.5,0.49820559060896613
mapa,-0.75,-14.25,0.49816824369025664
mapa,-0.75,-14.0,0.4981301352250652
mapa,-0.75,-13.75,0.498091249780694
mapa,-0.75,-13.5,0.4980515716154327
mapa,-0.75,-13.25,0.49801108467252597
mapa,-0.75,-13.0,0.4979697725740287
mapa,-0.75,-12.75,0.497927618614549
mapa,-0.75,-12.5,0.49788460575487625
mapa,-0.75,-12.25,0.4978407166154917
mapa,-0.75,-12.0,0.4977959334699614
mapa,-0.75,-11.75,0.497750238238208
mapa,-0.75,-11.5,0.4977036124796614
mapa,-0.75,-11.25,0.49765603738628333
mapa,-0.75,-11.0,0.4976074937754687
mapa,-0.75,-10.75,0.49755796208281616
mapa,-0.75,-10.5,0.49750742235477174
mapa,-0.75,-10.25,0.4974558542411388
mapa,-0.75,-10.0,0.4974032369874557
mapa,-0.75,-9.75,0.49734954942723836
mapa,-0.75,-9.5,0.4972947699740858
mapa,-0.75,-9.25,0.49723887661364724
mapa,-0.75,-9.0,0.49718184689545064
mapa,-0.75,-8.75,0.4971236579245891
mapa,-0.75,-8.5,0.497064286353269
mapa,-0.75,-8.25,0.4970037083722159
mapa,-0.75,-8.0,0.49694189970194474
mapa,-0.75,-7.75,0.4968788355838955
mapa,-0.75,-7.5,0.49681449077144557
mapa,-0.75,-7.25,0.49674883952081006
mapa,-0.75,-7.0,0.49668185558185585
mapa,-0.75,-6.75,0.4966135121888642
mapa,-0.75,-6.5,0.496543782051303
mapa,-0.75,-6.25,0.4964726373447009
mapa,-0.75,-6.0,0.49640004970177115
mapa,-0.75,-5.75,0.4963259902040167
mapa,-0.75,-5.5,0.4962504293741755
mapa,-0.75,-5.25,0.496173337170076
mapa,-0.75,-5.0,0.49609468298078496
mapa,-0.75,-4.75,0.49601443562643016
mapa,-0.75,-4.5,0.4959325633638597
mapa,-0.75,-4.25,0.4958490339015096
mapa,-0.75,-4.0,0.4957638144287467
mapa,-0.75,-3.75,0.4956768716679072
mapa,-0.75,-3.5,0.4955881719618634
mapa,-0.75,-3.25,0.4954976814171363
mapa,-0.75,-3.0,0.495405366133782
mapa,-0.75,-2.75,0.4953111925707445
mapa,-0.75,-2.5,0.495215128122569
mapa,-0.75,-2.25,0.4951171420257019
mapa,-0.75,-2.0,0.4950172067784259
mapa,-0.75,-1.75,0.4949153003607145
mapa,-0.75,-1.5,0.49481140969883497
mapa,-0.75,-1.25,0.4947055360649977
mapa,-0.75,-1.0,0.4945977034814894
mapa,-0.75,-0.75,0.49448797178272186
mapa,-0.75,-0.5,0.4943764568848703
mapa,-0.75,-0.25,0.4942633621820105
mapa,-0.75,0.0,0.49414902706733
mapa,-0.75,0.25,0.49403400171329415
mapa,-0.75,0.5,0.4939191619262243
mapa,-0.75,0.75,0.493805884794291
mapa,-0.75,1.0,0.49369631586138263
mapa,-0.75,1.25,0.49359377276495253
mapa,-0.75,1.5,0.4935033498208936
mapa,-0.75,1.75,0.49343281377074755
mapa,-0.75,2.0,0.49339391256960075
mapa,-0.75,2.25,0.4934042537700655
mapa,-0.75,2.5,0.4934899384879791
mapa,-0.75,2.75,0.49368914343537285
mapa,-0.75,3.0,0.4940567948331149
mapa,-0.75,3.25,0.494670323138596
mapa,-0.75,3.5,0.4956361585095825
mapa,-0.75,3.75,0.4970960569040358
mapa,-0.75,4.0,0.49923151757876005
mapa,-0.75,4.25,0.5022635811156172
mapa,-0.75,4.5,0.5064445398935886
mapa,-0.75,4.75,0.5120381956164112
mapa,-0.75,5.0,0.519287043410506
mapa,-0.75,5.25,0.5283685898262495
mapa,-0.75,5.5,0.5393483125713671
mapa,-0.75,5.75,0.5521414530751049
mapa,-0.75,6.0,0.5664969247045645
mapa,-0.75,6.25,0.5820120846915766
mapa,-0.75,6.5,0.5981778268401228
mapa,-0.75,6.75,0.6144434101043621
mapa,-0.75,7.0,0.6302845093990656
mapa,-0.75,7.25,0.6452587053678688
mapa,-0.75,7.5,0.659038809831509
mapa,-0.75,7.75,0.6714223935379836
mapa,-0.75,8.0,0.6823221219727201
mapa,-0.75,8.25,0.6917443770253603
mapa,-0.75,8.5,0.6997634670838833
mapa,-0.75,8.75,0.7064968167710145
mapa,-0.75,9.0,0.7120841902115387
mapa,-0.75,9.25,0.7166720519644847
mapa,-0.75,9.5,0.7204028963440265
mapa,-0.75,9.75,0.7234087314025305
mapa,-0.75,10.0,0.725807705524472
mapa,-0.75,10.25,0.7277029223811885
mapa,-0.75,10.5,0.7291826609868196
mapa,-0.75,10.75,0.7303214139439778
mapa,-0.75,11.0,0.7311813342490192
mapa,-0.75,11.25,0.7318138226485926
mapa,-0.75,11.5,0.7322610920112124
mapa,-0.75,11.75,0.7325576177140461
mapa,-0.75,12.0,0.7327314308113824
mapa,-0.75,12.25,0.7328052405626777
mapa,-0.75,12.5,0.7327973903442215
mapa,-0.75,12.75,0.7327226602637932
mapa,-0.75,13.0,0.7325929339452947
mapa,-0.75,13.25,0.7324177480001319
mapa,-0.75,13.5,0.7322047420033185
mapa,-0.75,13.75,0.7319600252026202
mapa,-0.75,14.0,0.7316884742335787
mapa,-0.75,14.25,0.7313939740985995
mapa,-0.75,14.5,0.7310796127617443
mapa,-0.75,14.75,0.7307478379934645
mapa,-0.75,15.0,0.7304005836007481
mapa,-0.75,15.25,0.7300393708982751
mapa,-0.75,15.5,0.7296653901999955
mapa,-0.75,15.75,0.7292795662158527
mapa,-0.75,16.0,0.7288826105008548
mapa,-0.5,-16.0,0.49797063730548896
mapa,-0.5,-15.75,0.4979284874694022
mapa,-0.5,-15.5,0.49788547881660833
mapa,-0.5,-15.25,0.4978415939693827
mapa,-0.5,-15.0,0.49779681520312286
mapa,-0.5,-14.75,0.49775112443962094
mapa,-0.5,-14.5,0.4977045032402148
mapa,-0.5,-14.25,0.4976569327988142
mapa,-0.5,-14.0,0.49760839393480116
mapa,-0.5,-13.75,0.49755886708580277
mapa,-0.5,-13.5,0.49750833230033414
mapa,-0.5,-13.25,0.4974567692303089
mapa,-0.5,-13.0,0.4974041571234169
mapa,-0.5,-12.75,0.4973504748153661
mapa,-0.5,-12.5,0.49729570072198626
mapa,-0.5,-12.25,0.4972398128311947
mapa,-0.5,-12.0,0.4971827886948186
mapa,-0.5,-11.75,0.49712460542027526
mapa,-0.5,-11.5,0.49706523966210675
mapa,-0.5,-11.25,0.49700466761336737
mapa,-0.5,-11.0,0.4969428649968612
mapa,-0.5,-10.75,0.4968798070562289
mapa,-0.5,-10.5,0.49681546854688247
mapa,-0.5,-10.25,0.496749823726783
mapa,-0.5,-10.0,0.496682846347064
mapa,-0.5,-9.75,0.4966145096424948
mapa,-0.5,-9.5,0.49654478632178534
mapa,-0.5,-9.25,0.49647364855772924
mapa,-0.5,-9.0,0.496401067977186
mapa,-0.5,-8.75,0.4963270156509007
mapa,-0.5,-8.5,0.4962514620831639
mapa,-0.5,-8.25,0.49617437720131224
mapa,-0.5,-8.0,0.49609573034507687
mapa,-0.5,-7.75,0.49601549025578817
mapa,-0.5,-7.5,0.4959336250654499
mapa,-0.5,-7.25,0.49585010228571214
mapa,-0.5,-7.0,0.49576488879677666
mapa,-0.5,-6.75,0.495677950836303
mapa,-0.5,-6.5,0.4955892539884107
mapa,-0.5,-6.25,0.4954987631729356
mapa,-0.5,-6.0,0.4954064426351837
mapa,-0.5,-5.75,0.49531225593656364
mapa,-0.5,-5.5,0.4952161659466992
mapa,-0.5,-5.25,0.4951181348379524
mapa,-0.5,-5.0,0.49501812408381995
mapa,-0.5,-4.75,0.4949160944634822
mapa,-0.5,-4.5,0.4948120060760666
mapa,-0.5,-4.25,0.4947058183701836
mapa,-0.5,-4.0,0.4945974901974156
mapa,-0.5,-3.75,0.49448697990329815
mapa,-0.5,-3.5,0.4943742454769263
mapa,-0.5,-3.25,0.49425924479214084
mapa,-0.5,-3.0,0.4941419359916833
mapa,-0.5,-2.75,0.49402227809440535
mapa,-0.5,-2.5,0.4939002319502875
mapa,-0.5,-2.25,0.49377576173745
mapa,-0.5,-2.0,0.49364883730317793
mapa,-0.5,-1.75,0.49351943781817
mapa,-0.5,-1.5,0.4933875574720127
mapa,-0.5,-1.25,0.493253214337479
mapa,-0.5,-1.0,0.49311646414649857
mapa,-0.5,-0.75,0.49297742166441066
mapa,-0.5,-0.5,0.4928362937900067
mapa,-0.5,-0.25,0.49269343069563504
mapa,-0.5,0.0,0.4925494046149766
mapa,-0.5,0.25,0.49240513079704384
mapa,-0.5,0.5,0.4922620523739825
mapa,-0.5,0.75,0.4921224213512532
mapa,-0.5,1.0,0.4919897227220125
mapa,-0.5,1.25,0.4918693089697086
mapa,-0.5,1.5,0.4917693387226769
mapa,-0.5,1.75,0.49170214558449893
mapa,-0.5,2.0,0.4916861977886295
mapa,-0.5,2.25,0.49174883715740575
mapa,-0.5,2.5,0.49192998771840335
mapa,-0.5,2.75,0.4922869658931892
mapa,-0.5,3.0,0.4929003520375757
mapa,-0.5,3.25,0.4938805280584924
mapa,-0.5,3.5,0.4953738836269835
mapa,-0.5,3.75,0.4975668370615208
mapa,-0.5,4.0,0.5006848465342807
mapa,-0.5,4.25,0.5049828946424545
mapa,-0.5,4.5,0.5107241904567944
mapa,-0.5,4.75,0.5181458212040593
mapa,-0.5,5.0,0.5274141527885949
mapa,-0.5,5.25,0.5385781439255868
mapa,-0.5,5.5,0.5515331470936997
mapa,-0.5,5.75,0.5660082446055291
mapa,-0.5,6.0,0.5815849395783612
mapa,-0.5,6.25,0.5977453791512067
mapa,-0.5,6.5,0.613938503616481
mapa,-0.5,6.75,0.6296473309165223
mapa,-0.5,7.0,0.644442112076253
mapa,-0.5,7.25,0.6580107067558364
mapa,-0.5,7.5,0.6701654478873666
mapa,-0.5,7.75,0.6808316379373556
mapa,-0.5,8.0,0.6900252742488018
mapa,-0.5,8.25,0.6978271376002596
mapa,-0.5,8.5,0.7043583528143131
mapa,-0.5,8.75,0.7097602081302797
mapa,-0.5,9.0,0.7141791457208795
mapa,-0.5,9.25,0.7177566454666884
mapa,-0.5,9.5,0.7206231444973342
mapa,-0.5,9.75,0.7228949771912752
mapa,-0.5,10.0,0.724673398325249
mapa,-0.5,10.25,0.7260449297991678
mapa,-0.5,10.5,0.7270824670698774
mapa,-0.5,10.75,0.7278467548659081
mapa,-0.5,11.0,0.7283879787564116
mapa,-0.5,11.25,0.7287473193979552
mapa,-0.5,11.5,0.7289583854267199
mapa,-0.5,11.75,0.72904848620978
mapa,-0.5,12.0,0.7290397337111996
mapa,-0.5,12.25,0.7289499789882212
mapa,-0.5,12.5,0.7287935973654674
mapa,-0.5,12.75,0.7285821400139934
mapa,-0.5,13.0,0.7283248704394522
mapa,-0.5,13.25,0.7280292035390308
mapa,-0.5,13.5,0.7277010632300797
mapa,-0.5,13.75,0.72734517267777
mapa,-0.5,14.0,0.7269652891407791
mapa,-0.5,14.25,0.7265643935673718
mapa,-0.5,14.5,0.7261448433825344
mapa,-0.5,14.75,0.7257084954349874
mapa,-0.5,15.0,0.7252568048187497
mapa,-0.5,15.25,0.7247909042309976
mapa,-0.5,15.5,0.7243116676536447
mapa,-0.5,15.75,0.723819761425962
mapa,-0.5,16.0,0.7233156851862045
mapa,-0.25,-16.0,0.4974050874811199
mapa,-0.25,-15.75,0.4973514103488886
mapa,-0.25,-15.5,0.49729664153733777
mapa,-0.25,-15.25,0.49724075903664716
mapa,-0.25,-15.0,0.4971837404009531
mapa,-0.25,-14.75,0.4971255627400293
mapa,-0.25,-14.5,0.497066202710822
mapa,-0.25,-14.25,0.4970056365088386
mapa,-0.25,-14.0,0.4969438398593855
mapa,-0.25,-13.75,0.4968807880086557
mapa,-0.25,-13.5,0.4968164557146639
mapa,-0.25,-13.25,0.496750817238024
mapa,-0.25,-13.0,0.49668384633257184
mapa,-0.25,-12.75,0.4966155162358279
mapa,-0.25,-12.5,0.4965457996592987
mapa,-0.25,-12.25,0.49647466877861535
mapa,-0.25,-12.0,0.49640209522350803
mapa,-0.25,-11.75,0.49632805006761266
mapa,-0.25,-11.5,0.49625250381810987
mapa,-0.25,-11.25,0.4961754264051928
mapa,-0.25,-11.0,0.4960967871713633
mapa,-0.25,-10.75,0.49601655486055446
mapa,-0.25,-10.5,0.49593469760707676
mapa,-0.25,-10.25,0.49585118292438807
mapa,-0.25,-10.0,0.4957659776936846
mapa,-0.25,-9.75,0.4956790481523128
mapa,-0.25,-9.5,0.49559035988200073
mapa,-0.25,-9.25,0.49549987779690857
mapa,-0.25,-9.0,0.49540756613149856
mapa,-0.25,-8.75,0.49531338842822736
mapa,-0.25,-8.5,0.4952173075250613
mapa,-0.25,-8.25,0.4951192855428236
mapa,-0.25,-8.0,0.49501928387238137
mapa,-0.25,-7.75,0.4949172631616908
mapa,-0.25,-7.5,0.4948131833027259
mapa,-0.25,-7.25,0.49470700341833435
mapa,-0.25,-7.0,0.4945986818490877
mapa,-0.25,-6.75,0.49448817614023
mapa,-0.25,-6.5,0.494375443028893
mapa,-0.25,-6.25,0.49426043843183326
mapa,-0.25,-6.0,0.4941431174340987
mapa,-0.25,-5.75,0.49402343427925516
mapa,-0.25,-5.5,0.4939013423621615
mapa,-0.25,-5.25,0.49377679422583437
mapa,-0.25,-5.0,0.4936497415648129
mapa,-0.25,-4.75,0.49352013523878097
mapa,-0.25,-4.5,0.4933879253023189
mapa,-0.25,-4.25,0.4932530610599423
mapa,-0.25,-4.0,0.49311549116072695
mapa,-0.25,-3.75,0.49297516375481687
mapa,-0.25,-3.5,0.492832026746603
mapa,-0.25,-3.25,0.4926860281988008
mapa,-0.25,-3.0,0.4925371169719427
mapa,-0.25,-2.75,0.49238524373091863
mapa,-0.25,-2.5,0.4922303625234511
mapa,-0.25,-2.25,0.49207243324911226
mapa,-0.25,-2.0,0.49191142551381245
mapa,-0.25,-1.75,0.4917473246374989
mapa,-0.25,-1.5,0.49158014100395375
mapa,-0.25,-1.25,0.49140992458972355
mapa,-0.25,-1.0,0.4912367875029366
mapa,-0.25,-0.75,0.49106093887895413
mapa,-0.25,-0.5,0.49088273877891175
mapa,-0.25,-0.25,0.49070278119604466
mapa,-0.25,0.0,0.4905220214252653
mapa,-0.25,0.25,0.49034197061942947
mapa,-0.25,0.5,0.49016499128060365
mapa,-0.25,0.75,0.4899947428326572
mapa,-0.25,1.0,0.48983684741325684
mapa,-0.25,1.25,0.4896998732855575
mapa,-0.25,1.5,0.48959676608025293
mapa,-0.25,1.75,0.48954689252160827
mapa,-0.25,2.0,0.4895788872488332
mapa,-0.25,2.25,0.48973449009036374
mapa,-0.25,2.5,0.4900734921587809
mapa,-0.25,2.75,0.49067971869875016
mapa,-0.25,3.0,0.4916675945208773
mapa,-0.25,3.25,0.4931882032484507
mapa,-0.25,3.5,0.4954328697736261
mapa,-0.25,3.75,0.4986313318061716
mapa,-0.25,4.0,0.5030409485260111
mapa,-0.25,4.25,0.5089238258120234
mapa,-0.25,4.5,0.5165109748334135
mapa,-0.25,4.75,0.5259569161478141
mapa,-0.25,5.0,0.5372935380483621
mapa,-0.25,5.25,0.5503961051983416
mapa,-0.25,5.5,0.5649741434211655
mapa,-0.25,5.75,0.5805940231817606
mapa,-0.25,6.0,0.5967301366210485
mapa,-0.25,6.25,0.6128321115763604
mapa,-0.25,6.5,0.6283910988059227
mapa,-0.25,6.75,0.6429904644156447
mapa,-0.25,7.0,0.6563332076069837
mapa,-0.25,7.25,0.668246242268363
mapa,-0.25,7.5,0.6786671690584042
mapa,-0.25,7.75,0.6876212111792068
mapa,-0.25,8.0,0.6951952567844423
mapa,-0.25,8.25,0.7015138308110087
mapa,-0.25,8.5,0.7067195230002531
mapa,-0.25,8.75,0.7109586031623397
mapa,-0.25,9.0,0.7143714462918761
mapa,-0.25,9.25,0.7170868724656948
mapa,-0.25,9.5,0.7192193863582701
mapa,-0.25,9.75,0.7208683974054396
mapa,-0.25,10.0,0.7221186849415737
mapa,-0.25,10.25,0.7230415671302175
mapa,-0.25,10.5,0.7236964019108294
mapa,-0.25,10.75,0.724132180569331
mapa,-0.25,11.0,0.7243890706571708
mapa,-0.25,11.25,0.7244998308432345
mapa,-0.25,11.5,0.7244910631081808
mapa,-0.25,11.75,0.7243842940432025
mapa,-0.25,12.0,0.7241968921475742
mapa,-0.25,12.25,0.7239428358311764
mapa,-0.25,12.5,0.7236333500668501
mapa,-0.25,12.75,0.7232774301610392
mapa,-0.25,13.0,0.7228822701324976
mapa,-0.25,13.25,0.7224536114721567
mapa,-0.25,13.5,0.7219960260656547
mapa,-0.25,13.75,0.7215131450602326
mapa,-0.25,14.0,0.7210078435920231
mapa,-0.25,14.25,0.7204823896240691
mapa,-0.25,14.5,0.7199385637004841
mapa,-0.25,14.75,0.7193777551934603
mapa,-0.25,15.0,0.7188010395898411
mapa,-0.25,15.25,0.7182092405096476
mapa,-0.25,15.5,0.7176029794459229
mapa,-0.25,15.75,0.7169827156402427
mapa,-0.25,16.0,0.7163487780401189
mapa,0.0,-16.0,0.4966848558018928
mapa,0.0,-15.75,0.4966165322149042
mapa,0.0,-15.5,0.49654682228250324
mapa,0.0,-15.25,0.49647569818316384
mapa,0.0,-15.0,0.4964031315495162
mapa,0.0,-14.75,0.4963290934581542
mapa,0.0,-14.5,0.4962535544192749
mapa,0.0,-14.25,0.49617648436614814
mapa,0.0,-14.0,0.4960978526444127
mapa,0.0,-13.75,0.4960176280011988
mapa,0.0,-13.5,0.49593577857407545
mapa,0.0,-13.25,0.495852271879819
mapa,0.0,-13.0,0.4957670748030035
mapa,0.0,-12.75,0.49568015358440926
mapa,0.0,-12.5,0.4955914738092494
mapa,0.0,-12.25,0.4955010003952124
mapa,0.0,-12.0,0.49540869758031836
mapa,0.0,-11.75,0.4953145289105891
mapa,0.0,-11.5,0.4952184572275292
mapa,0.0,-11.25,0.4951204446554179
mapa,0.0,-11.0,0.4950204525884097
mapa,0.0,-10.75,0.49491844167744353
mapa,0.0,-10.5,0.49481437181695903
mapa,0.0,-10.25,0.494708202131419
mapa,0.0,-10.0,0.49459989096163864
mapa,0.0,-9.75,0.49448939585092067
mapa,0.0,-9.5,0.494376673530997
mapa,0.0,-9.25,0.49426167990777903
mapa,0.0,-9.0,0.49414437004691825
mapa,0.0,-8.75,0.4940246981591824
mapa,0.0,-8.5,0.49390261758565507
mapa,0.0,-8.25,0.49377808078276897
mapa,0.0,-8.0,0.4936510393071941
mapa,0.0,-7.75,0.49352144380060886
mapa,0.0,-7.5,0.4933892439744005
mapa,0.0,-7.25,0.4932543885943686
mapa,0.0,-7.0,0.4931168254655432
mapa,0.0,-6.75,0.49297650141729416
mapa,0.0,-6.5,0.49283336228900726
mapa,0.0,-6.25,0.4926873529167551
mapa,0.0,-6.0,0.4925384171216326
mapa,0.0,-5.75,0.4923864977008013
mapa,0.0,-5.5,0.49223153642287265
mapa,0.0,-5.25,0.492073474030175
mapa,0.0,-5.0,0.49191225025187374
mapa,0.0,-4.75,0.491747803834144
mapa,0.0,-4.5,0.4915800725970658
mapa,0.0,-4.25,0.49140899353333145
mapa,0.0,-4.0,0.4912345029723059
mapa,0.0,-3.75,0.49105653684615164
mapa,0.0,-3.5,0.4908750311152508
mapa,0.0,-3.25,0.49068992244210885
mapa,0.0,-3.0,0.49050114925264116
mapa,0.0,-2.75,0.4903086534010072
mapa,0.0,-2.5,0.49011238277410707
mapa,0.0,-2.25,0.48991229535777486
mapa,0.0,-2.0,0.4897083655743081
mapa,0.0,-1.75,0.4895005941447957
mapa,0.0,-1.5,0.489289023412479
mapa,0.0,-1.25,0.48907376110963363
mapa,0.0,-1.0,0.48885501714572693
mapa,0.0,-0.75,0.4886331604115614
mapa,0.0,-0.5,0.48840880622622357
mapa,0.0,-0.25,0.4881829504545008
mapa,0.0,0.0,0.4879571742431895
mapa,0.0,0.25,0.48773395473006725
mapa,0.0,0.5,0.48751713309906786
mapa,0.0,0.75,0.48731261308755364
mapa,0.0,1.0,0.4871293910677288
mapa,0.0,1.25,0.48698105213101034
mapa,0.0,1.5,0.48688790072196564
mapa,0.0,1.75,0.48687991815417636
mapa,0.0,2.0,0.48700073042794634
mapa,0.0,2.25,0.4873126894050579
mapa,0.0,2.5,0.487902960602168
mapa,0.0,2.75,0.4888901007577423
mapa,0.0,3.0,0.49042994128132467
mapa,0.0,3.25,0.49271868877500674
mapa,0.0,3.5,0.4959902034503492
mapa,0.0,3.75,0.5005038837256198
mapa,0.0,4.0,0.5065201989608918
mapa,0.0,4.25,0.5142634035354355
mapa,0.0,4.5,0.5238754755045965
mapa,0.0,4.75,0.5353707141633914
mapa,0.0,5.0,0.5486041509783182
mapa,0.0,5.25,0.563266088796093
mapa,0.0,5.5,0.5789085316258998
mapa,0.0,5.75,0.5949991242394986
mapa,0.0,6.0,0.6109891728921877
mapa,0.0,6.25,0.626378713623155
mapa,0.0,6.5,0.6407646279067335
mapa,0.0,6.75,0.653865107825664
mapa,0.0,7.0,0.6655214418130136
mapa,0.0,7.25,0.6756831788450777
mapa,0.0,7.5,0.6843843783709754
mapa,0.0,7.75,0.6917176776014995
mapa,0.0,8.0,0.6978107110347893
mapa,0.0,8.25,0.7028071570052402
mapa,0.0,8.5,0.7068529714243006
mapa,0.0,8.75,0.7100873406045223
mapa,0.0,9.0,0.7126374263399675
mapa,0.0,9.25,0.7146158913334276
mapa,0.0,9.5,0.716120305554992
mapa,0.0,9.75,0.7172337218733108
mapa,0.0,10.0,0.7180259020684943
mapa,0.0,10.25,0.7185548395408945
mapa,0.0,10.5,0.7188683528189302
mapa,0.0,10.75,0.7190056160456626
mapa,0.0,11.0,0.7189985553075505
mapa,0.0,11.25,0.718873080170317
mapa,0.0,11.5,0.7186501445268967
mapa,0.0,11.75,0.7183466449246614
mapa,0.0,12.0,0.7179761716702281
mapa,0.0,12.25,0.7175496308355589
mapa,0.0,12.5,0.7170757555764571
mapa,0.0,12.75,0.71656152407287
mapa,0.0,13.0,0.7160124996304464
mapa,0.0,13.25,0.7154331064790544
mapa,0.0,13.5,0.7148268528147335
mapa,0.0,13.75,0.7141965107877509
mapa,0.0,14.0,0.7135442615000669
mapa,0.0,14.25,0.712871811657394
mapa,0.0,14.5,0.7121804873175227
mapa,0.0,14.75,0.7114713091691844
mapa,0.0,15.0,0.7107450529410313
mapa,0.0,15.25,0.7100022978540126
mapa,0.0,15.5,0.7092434654694584
mapa,0.0,15.75,0.7084688508286885
mapa,0.0,16.0,0.7076786474098543
mapa,0.25,-16.0,0.4957681803757776
mapa,0.25,-15.75,0.4956812673547355
mapa,0.25,-15.5,0.49559259594706423
mapa,0.25,-15.25,0.495502131074006
mapa,0.25,-15.0,0.4954098369772042
mapa,0.25,-14.75,0.49531567720637415
mapa,0.25,-14.5,0.4952196146067856
mapa,0.25,-14.25,0.4951216113065545
mapa,0.25,-14.0,0.4950216287037451
mapa,0.25,-13.75,0.4949196274532784
mapa,0.25,-13.5,0.49481556745364835
mapa,0.25,-13.25,0.4947094078334434
mapa,0.25,-13.0,0.4946011069376717
mapa,0.25,-12.75,0.49449062231389207
mapa,0.25,-12.5,0.4943779106981469
mapa,0.25,-12.25,0.4942629280006975
mapa,0.25,-12.0,0.4941456292915622
mapa,0.25,-11.75,0.49402596878585575
mapa,0.25,-11.5,0.4939038998289306
mapa,0.25,-11.25,0.4937793748813191
mapa,0.25,-11.0,0.49365234550347836
mapa,0.25,-10.75,0.4935227623403361
mapa,0.25,-10.5,0.4933905751056403
mapa,0.25,-10.25,0.49325573256611244
mapa,0.25,-10.0,0.49311818252540596
mapa,0.25,-9.75,0.49297787180787284
mapa,0.25,-9.5,0.492834746242141
mapa,0.25,-9.25,0.49268875064450757
mapa,0.25,-9.0,0.49253982880215424
mapa,0.25,-8.75,0.49238792345619503
mapa,0.25,-8.5,0.49223297628457113
mapa,0.25,-8.25,0.49207492788481494
mapa,0.25,-8.0,0.49191371775671744
mapa,0.25,-7.75,0.4917492842849487
mapa,0.25,-7.5,0.4915815647217125
mapa,0.25,-7.25,0.4914104951695557
mapa,0.25,-7.0,0.4912360105645216
mapa,0.25,-6.75,0.4910580446599403
mapa,0.25,-6.5,0.49087653001131154
mapa,0.25,-6.25,0.49069139796298983
mapa,0.25,-6.0,0.4905025786377779
mapa,0.25,-5.75,0.490310000931152
mapa,0.25,-5.5,0.49011359251280895
mapa,0.25,-5.25,0.489913279839728
mapa,0.25,-5.0,0.4897089881872952
mapa,0.25,-4.75,0.4895006417087
mapa,0.25,-4.5,0.48928816353853555
mapa,0.25,-4.25,0.48907147596544925
mapa,0.25,-4.0,0.4888505007125946
mapa,0.25,-3.75,0.48862515938628326
mapa,0.25,-3.5,0.48839537418695533
mapa,0.25,-3.25,0.488161069029032
mapa,0.25,-3.0,0.4879221712977157
mapa,0.25,-2.75,0.48767861459731876
mapa,0.25,-2.5,0.4874303430417355
mapa,0.25,-2.25,0.4871773179408585
mapa,0.25,-2.0,0.486919528204448
mapa,0.25,-1.75,0.4866570065041611
mapa,0.25,-1.5,0.48638985433593146
mapa,0.25,-1.25,0.4861182808032052
mapa,0.25,-1.0,0.48584266248207203
mapa,0.25,-0.75,0.48556363554280385
mapa,0.25,-0.5,0.48528223696445033
mapa,0.25,-0.25,0.48500011996691295
mapa,0.25,0.0,0.4847198806875821
mapa,0.25,0.25,0.4844455497878363
mapa,0.25,0.5,0.48418332515726764
mapa,0.25,0.75,0.4839426506412211
mapa,0.25,1.0,0.48373777945834945
mapa,0.25,1.25,0.48358999460926516
mapa,0.25,1.5,0.48353067986892134
mapa,0.25,1.75,0.4836054198189153
mapa,0.25,2.0,0.4838792147781395
mapa,0.25,2.25,0.4844426662657424
mapa,0.25,2.5,0.4854185496107005
mapa,0.25,2.75,0.4869674909935773
mapa,0.25,3.0,0.4892905408936883
mapa,0.25,3.25,0.4926255054861875
mapa,0.25,3.5,0.4972334613361616
mapa,0.25,3.75,0.5033726861236028
mapa,0.25,4.0,0.5112599863347901
mapa,0.25,4.25,0.5210241111313502
mapa,0.25,4.5,0.5326612883484956
mapa,0.25,4.75,0.5460062262935282
mapa,0.25,5.0,0.5607303969197754
mapa,0.25,5.25,0.5763722461222742
mapa,0.25,5.5,0.5923936913031619
mapa,0.25,5.75,0.6082486896807404
mapa,0.25,6.0,0.6234468764047381
mapa,0.25,6.25,0.6375990047082989
mapa,0.25,6.5,0.650438476288525
mapa,0.25,6.75,0.6618207247108359
mapa,0.25,7.0,0.6717068882973081
mapa,0.25,7.25,0.6801394746168646
mapa,0.25,7.5,0.6872165193185147
mapa,0.25,7.75,0.6930684860684493
mapa,0.25,8.0,0.6978399390007417
mapa,0.25,8.25,0.7016763873598988
mapa,0.25,8.5,0.7047157519658263
mapa,0.25,8.75,0.7070835003756645
mapa,0.25,9.0,0.7088904449227228
mapa,0.25,9.25,0.7102323248129667
mapa,0.25,9.5,0.7111904846649093
mapa,0.25,9.75,0.7118331524587705
mapa,0.25,10.0,0.7122169807373698
mapa,0.25,10.25,0.712388638127199
mapa,0.25,10.5,0.7123863263814488
mapa,0.25,10.75,0.7122411577624815
mapa,0.25,11.0,0.7119783658539784
mapa,0.25,11.25,0.7116183460953415
mapa,0.25,11.5,0.7111775353778316
mapa,0.25,11.75,0.7106691465305786
mapa,0.25,12.0,0.7101037759624509
mapa,0.25,12.25,0.7094899027936226
mapa,0.25,12.5,0.7088342965963784
mapa,0.25,12.75,0.7081423490477604
mapa,0.25,13.0,0.7074183427842953
mapa,0.25,13.25,0.706665668772271
mapa,0.25,13.5,0.7058870016859317
mapa,0.25,13.75,0.7050844411731338
mapa,0.25,14.0,0.7042596254965854
mapa,0.25,14.25,0.703413822860193
mapa,0.25,14.5,0.7025480047448701
mapa,0.25,14.75,0.7016629047627502
mapa,0.25,15.0,0.700759065868836
mapa,0.25,15.25,0.6998368782218671
mapa,0.25,15.5,0.6988966095410876
mapa,0.25,15.75,0.6979384294448401
mapa,0.25,16.0,0.6969624289652625
mapa,0.5,-16.0,0.4946023300028332
mapa,0.5,-15.75,0.4944918557070435
mapa,0.5,-15.5,0.49437915463356397
mapa,0.5,-15.25,0.4942641826970698
mapa,0.5,-15.0,0.49414689497207576
mapa,0.5,-14.75,0.49402724567827755
mapa,0.5,-14.5,0.49390518816569284
mapa,0.5,-14.25,0.4937806748996049
mapa,0.5,-14.0,0.4936536574453072
mapa,0.5,-13.75,0.49352408645264867
mapa,0.5,-13.5,0.4933919116403821
mapa,0.5,-13.25,0.4932570817803142
mapa,0.5,-13.0,0.4931195446812587
mapa,0.5,-12.75,0.4929792471727933
mapa,0.5,-12.5,0.4928361350888226
mapa,0.5,-12.25,0.49269015325094656
mapa,0.5,-12.0,0.49254124545163647
mapa,0.5,-11.75,0.4923893544372226
mapa,0.5,-11.5,0.4922344218906914
mapa,0.5,-11.25,0.4920763884142989
mapa,0.5,-11.0,0.49191519351199975
mapa,0.5,-10.75,0.4917507755716978
mapa,0.5,-10.5,0.4915830718473189
mapa,0.5,-10.25,0.49141201844071386
mapa,0.5,-10.0,0.491237550283393
mapa,0.5,-9.75,0.49105960111810165
mapa,0.5,-9.5,0.4908781034802432
mapa,0.5,-9.25,0.490692988679159
mapa,0.5,-9.0,0.4905041867792809
mapa,0.5,-8.75,0.49031162658117494
mapa,0.5,-8.5,0.4901152356025011
mapa,0.5,-8.25,0.4899149400589319
mapa,0.5,-8.0,0.4897106648450844
mapa,0.5,-7.75,0.4895023335155562
mapa,0.5,-7.5,0.48928986826619525
mapa,0.5,-7.25,0.48907318991581
mapa,0.5,-7.0,0.48885221788863226
mapa,0.5,-6.75,0.48862687019801765
mapa,0.5,-6.5,0.4883970634321413
mapa,0.5,-6.25,0.4881627127428556
mapa,0.5,-6.0,0.4879237318395409
mapa,0.5,-5.75,0.48768003299078766
mapa,0.5,-5.5,0.487431527038348
mapa,0.5,-5.25,0.48717812343026806
mapa,0.5,-5.0,0.4869197302839854
mapa,0.5,-4.75,0.4866562544962129
mapa,0.5,-4.5,0.48638760192583785
mapa,0.5,-4.25,0.4861136776907369
mapa,0.5,-4.0,0.4858343866422564
mapa,0.5,-3.75,0.4855496341166758
mapa,0.5,-3.5,0.4852593271183081
mapa,0.5,-3.25,0.484963376174862
mapa,0.5,-3.0,0.48466169823911326
mapa,0.5,-2.75,0.4843542212176425
mapa,0.5,-2.5,0.4840408910269881
mapa,0.5,-2.25,0.4837216825704168
mapa,0.5,-2.0,0.4833966167860402
mapa,0.5,-1.75,0.48306578707654774
mapa,0.5,-1.5,0.4827294001963417
mapa,0.5,-1.25,0.4823878393419663
mapa,0.5,-1.0,0.4820417611949724
mapa,0.5,-0.75,0.48169224460119797
mapa,0.5,-0.5,0.48134101723983574
mapa,0.5,-0.25,0.48099079905264475
mapa,0.5,0.0,0.4806458185166731
mapa,0.5,0.25,0.48031258108454344
mapa,0.5,0.5,0.48000099859909195
mapa,0.5,0.75,0.4797260225937652
mapa,0.5,1.0,0.47950995736703056
mapa,0.5,1.25,0.4793856471689061
mapa,0.5,1.5,0.47940070987771355
mapa,0.5,1.75,0.4796228838219145
mapa,0.5,2.0,0.4801463026655393
mapa,0.5,2.25,0.48109804450637284
mapa,0.5,2.5,0.48264357010180364
mapa,0.5,2.75,0.48498872254983416
mapa,0.5,3.0,0.4883750576103658
mapa,0.5,3.25,0.4930649453631688
mapa,0.5,3.5,0.499313896049423
mapa,0.5,3.75,0.5073305693056835
mapa,0.5,4.0,0.5172298132289361
mapa,0.5,4.25,0.5289893411933675
mapa,0.5,4.5,0.5424235056720901
mapa,0.5,4.75,0.5571853978863613
mapa,0.5,5.0,0.5728007534992506
mapa,0.5,5.25,0.5887267915049407
mapa,0.5,5.5,0.6044210716693321
mapa,0.5,5.75,0.6194035025706378
mapa,0.5,6.0,0.6332990226094657
mapa,0.5,6.25,0.6458562252870449
mapa,0.5,6.5,0.6569444392944577
mapa,0.5,6.75,0.666536026393284
mapa,0.5,7.0,0.674681557298903
mapa,0.5,7.25,0.6814841243623283
mapa,0.5,7.5,0.6870767510183504
mapa,0.5,7.75,0.6916046951646758
mapa,0.5,8.0,0.6952128959539707
mapa,0.5,8.25,0.698037939477515
mapa,0.5,8.5,0.700203569021019
mapa,0.5,8.75,0.7018187427336373
mapa,0.5,9.0,0.7029773813680246
mapa,0.5,9.25,0.7037591424696638
mapa,0.5,9.5,0.7042307453767115
mapa,0.5,9.75,0.7044475278354477
mapa,0.5,10.0,0.7044550337447033
mapa,0.5,10.25,0.7042905158333658
mapa,0.5,10.5,0.7039842937299372
mapa,0.5,10.75,0.7035609440197902
mapa,0.5,11.0,0.7030403206225964
mapa,0.5,11.25,0.7024384159065785
mapa,0.5,11.5,0.7017680788389757
mapa,0.5,11.75,0.7010396085468376
mapa,0.5,12.0,0.7002612415263391
mapa,0.5,12.25,0.6994395494217508
mapa,0.5,12.5,0.6985797624371246
mapa,0.5,12.75,0.69768603142613
mapa,0.5,13.0,0.6967616397428454
mapa,0.5,13.25,0.6958091741386709
mapa,0.5,13.5,0.6948306624044044
mapa,0.5,13.75,0.6938276840916695
mapa,0.5,14.0,0.692801459493894
mapa,0.5,14.25,0.6917529211037576
mapa,0.5,14.5,0.6906827709675287
mapa,0.5,14.75,0.6895915267028482
mapa,0.5,15.0,0.688479558412689
mapa,0.5,15.25,0.6873471182942502
mapa,0.5,15.5,0.6861943643899072
mapa,0.5,15.75,0.685021379643175
mapa,0.5,16.0,0.6838281871934571
mapa,0.75,-16.0,0.49312091211187853
mapa,0.75,-15.75,0.49298062761200856
mapa,0.75,-15.5,0.49283752880578185
mapa,0.75,-15.25,0.4926915605202327
mapa,0.75,-15.0,0.4925426665533642
mapa,0.75,-14.75,0.492390789657136
mapa,0.75,-14.5,0.49223587152026266
mapa,0.75,-14.25,0.49207785275082594
mapa,0.75,-14.0,0.4919166728587049
mapa,0.75,-13.75,0.49175227023782275
mapa,0.75,-13.5,0.49158458214821826
mapa,0.75,-13.25,0.49141354469794113
mapa,0.75,-13.0,0.49123909282477796
mapa,0.75,-12.75,0.4910611602778103
mapa,0.75,-12.5,0.4908796795988123
mapa,0.75,-12.25,0.49069458210348943
mapa,0.75,-12.0,0.49050579786256626
mapa,0.75,-11.75,0.490313255682727
mapa,0.75,-11.5,0.49011688308741597
mapa,0.75,-11.25,0.4899166062975051
mapa,0.75,-11.0,0.4897123502118336
mapa,0.75,-10.75,0.48950403838763046
mapa,0.75,-10.5,0.4892915930208268
mapa,0.75,-10.25,0.4890749349262682
mapa,0.75,-10.0,0.48885398351783854
mapa,0.75,-9.75,0.48862865678850903
mapa,0.75,-9.5,0.4883988712903265
mapa,0.75,-9.25,0.48816454211436244
mapa,0.75,-9.0,0.4879255828706479
mapa,0.75,-8.75,0.48768190566812647
mapa,0.75,-8.5,0.4874334210946751
mapa,0.75,-8.25,0.4871800381972587
mapa,0.75,-8.0,0.4869216644623166
mapa,0.75,-7.75,0.4866582057965289
mapa,0.75,-7.5,0.48638956650818277
mapa,0.75,-7.25,0.4861156492894783
mapa,0.75,-7.0,0.48583635520029317
mapa,0.75,-6.75,0.48555158365420903
mapa,0.75,-6.5,0.4852612324080457
mapa,0.75,-6.25,0.48496519755683626
mapa,0.75,-6.0,0.48466337353725314
mapa,0.75,-5.75,0.4843556531441737
mapa,0.75,-5.5,0.48404192756769215
mapa,0.75,-5.25,0.4837220864619652
mapa,0.75,-5.0,0.4833960180636584
mapa,0.75,-4.75,0.4830636093876806
mapa,0.75,-4.5,0.48272474654338265
mapa,0.75,-4.25,0.48237931523850114
mapa,0.75,-4.0,0.4820272015756628
mapa,0.75,-3.75,0.4816682933046346
mapa,0.75,-3.5,0.48130248178419405
mapa,0.75,-3.25,0.4809296650482031
mapa,0.75,-3.0,0.4805497525884206
mapa,0.75,-2.75,0.4801626728034667
mapa,0.75,-2.5,0.47976838458267296
mapa,0.75,-2.25,0.479366895291409
mapa,0.75,-2.0,0.4789582886450334
mapa,0.75,-1.75,0.47854276781568467
mapa,0.75,-1.5,0.4781207219220557
mapa,0.75,-1.25,0.477692828254083
mapa,0.75,-1.0,0.4772602088038005
mapa,0.75,-0.75,0.4768246687396036
mapa,0.75,-0.5,0.476389057409633
mapa,0.75,-0.25,0.47595781044364077
mapa,0.75,0.0,0.4755377555275533
mapa,0.75,0.25,0.4751392946114447
mapa,0.75,0.5,0.47477810969945183
mapa,0.75,0.75,0.47447757149844705
mapa,0.75,1.0,0.4742720454364247
mapa,0.75,1.25,0.47421126014351334
mapa,0.75,1.5,0.4743657837143961
mapa,0.75,1.75,0.47483337873934306
mapa,0.75,2.0,0.47574550781845115
mapa,0.75,2.25,0.47727249875365596
mapa,0.75,2.5,0.4796249223161807
mapa,0.75,2.75,0.4830478675368881
mapa,0.75,3.0,0.4878045903533452
mapa,0.75,3.25,0.49414723881355055
mapa,0.75,3.5,0.5022756217773264
mapa,0.75,3.75,0.5122900320627681
mapa,0.75,4.0,0.5241492685109451
mapa,0.75,4.25,0.5376473542193672
mapa,0.75,4.5,0.5524195073698909
mapa,0.75,4.75,0.5679796382761454
mapa,0.75,5.0,0.5837813023056303
mapa,0.75,5.25,0.599286590198668
mapa,0.75,5.5,0.6140263183861767
mapa,0.75,5.75,0.6276398822255675
mapa,0.75,6.0,0.6398910170849335
mapa,0.75,6.25,0.6506626788556729
mapa,0.75,6.5,0.6599380822869803
mapa,0.75,6.75,0.6677754813096215
mapa,0.75,7.0,0.6742826935420154
mapa,0.75,7.25,0.6795950448738596
mapa,0.75,7.5,0.6838583066082575
mapa,0.75,7.75,0.6872167345934651
mapa,0.75,8.0,0.6898055194226507
mapa,0.75,8.25,0.6917466569466656
mapa,0.75,8.5,0.6931472529218802
mapa,0.75,8.75,0.6940994266604784
mapa,0.75,9.0,0.694681173928928
mapa,0.75,9.25,0.694957734364571
mapa,0.75,9.5,0.6949831606123597
mapa,0.75,9.75,0.694801900630241
mapa,0.75,10.0,0.6944502851631298
mapa,0.75,10.25,0.6939578661855652
mapa,0.75,10.5,0.6933485862040851
mapa,0.75,10.75,0.6926417786513364
mapa,0.75,11.0,0.6918530107758052
mapa,0.75,11.25,0.6909947857427574
mapa,0.75,11.5,0.6900771223967878
mapa,0.75,11.75,0.689108030811586
mapa,0.75,12.0,0.6880939003419801
mapa,0.75,12.25,0.6870398149995981
mapa,0.75,12.5,0.6859498089536732
mapa,0.75,12.75,0.6848270730116159
mapa,0.75,13.0,0.6836741211604226
mapa,0.75,13.25,0.6824929246907154
mapa,0.75,13.5,0.6812850200867355
mapa,0.75,13.75,0.6800515957359377
mapa,0.75,14.0,0.6787935615700782
mapa,0.75,14.25,0.6775116049717467
mapa,0.75,14.5,0.6762062356421424
mapa,0.75,14.75,0.6748778216051932
mapa,0.75,15.0,0.673526618099999
mapa,0.75,15.25,0.6721527907708726
mapa,0.75,15.5,0.6707564342873544
mapa,0.75,15.75,0.6693375873033158
mapa,0.75,16.0,0.6678962444845273
mapa,1.0,-16.0,0.4912406382850145
mapa,1.0,-15.75,0.49106272210533775
mapa,1.0,-15.5,0.49088125813002625
mapa,1.0,-15.25,0.49069617768140117
mapa,1.0,-15.0,0.49050741083691235
mapa,1.0,-14.75,0.4903148864100794
mapa,1.0,-14.5,0.4901185319312924
mapa,1.0,-14.25,0.4899182736284769
mapa,1.0,-14.0,0.4897140364076331
mapa,1.0,-13.75,0.48950574383325374
mapa,1.0,-13.5,0.48929331810862914
mapa,1.0,-13.25,0.48907668005604954
mapa,1.0,-13.0,0.48885574909691126
mapa,1.0,-12.75,0.4886304432317371
mapa,1.0,-12.5,0.4884006790201212
mapa,1.0,-12.25,0.4881663715606092
mapa,1.0,-12.0,0.4879274344705233
mapa,1.0,-11.75,0.487683779865747
mapa,1.0,-11.5,0.48743531834048026
mapa,1.0,-11.25,0.4871819589469784
mapa,1.0,-11.0,0.4869236091752919
mapa,1.0,-10.75,0.48666017493301916
mapa,1.0,-10.5,0.48639156052509264
mapa,1.0,-10.25,0.48611766863361483
mapa,1.0,-10.0,0.4858384002977662
mapa,1.0,-9.75,0.4855536548938086
mapa,1.0,-9.5,0.48526333011521283
mapa,1.0,-9.25,0.48496732195294523
mapa,1.0,-9.0,0.48466552467595647
mapa,1.0,-8.75,0.48435783081193223
mapa,1.0,-8.5,0.4840441311283841
mapa,1.0,-8.25,0.4837243146141943
mapa,1.0,-8.0,0.4833982684617784
mapa,1.0,-7.75,0.48306587805010937
mapa,1.0,-7.5,0.48272702692896935
mapa,1.0,-7.25,0.4823815968049896
mapa,1.0,-7.0,0.4820294675303343
mapa,1.0,-6.75,0.4816705170953564
mapa,1.0,-6.5,0.4813046216272751
mapa,1.0,-6.25,0.48093165539806465
mapa,1.0,-6.0,0.48055149084651566
mapa,1.0,-5.75,0.48016399862218856
mapa,1.0,-5.5,0.47976904766329814
mapa,1.0,-5.25,0.4793665053272849
mapa,1.0,-5.0,0.47895623760331263
mapa,1.0,-4.75,0.47853810945226793
mapa,1.0,-4.5,0.4781119853452754
mapa,1.0,-4.25,0.4776777301113437
mapa,1.0,-4.0,0.47723521026633436
mapa,1.0,-3.75,0.4767842960911043
mapa,1.0,-3.5,0.4763248648750653
mapa,1.0,-3.25,0.47585680597119795
mapa,1.0,-3.0,0.47538002866364776
mapa,1.0,-2.75,0.474894474396214
mapa,1.0,-2.5,0.4744001357503151
mapa,1.0,-2.25,0.47389708584570467
mapa,1.0,-2.0,0.47338552379038007
mapa,1.0,-1.75,0.4728658447543918
mapa,1.0,-1.5,0.47233874765168726
mapa,1.0,-1.25,0.4718053999301144
mapa,1.0,-1.0,0.4712676884476163
mapa,1.0,-0.75,0.47072859890986724
mapa,1.0,-0.5,0.4701927850141419
mapa,1.0,-0.25,0.46966741321710603
mapa,1.0,0.0,0.4691633999081329
mapa,1.0,0.25,0.4686971923502171
mapa,1.0,0.5,0.4682932758212536
mapa,1.0,0.75,0.4679876010051681
mapa,1.0,1.0,0.4678320881363038
mapa,1.0,1.25,0.4679002296188063
mapa,1.0,1.5,0.46829351483714327
mapa,1.0,1.75,0.46914787044292666
mapa,1.0,2.0,0.4706385164836919
mapa,1.0,2.25,0.4729806727683526
mapa,1.0,2.5,0.4764227255641604
mapa,1.0,2.75,0.48122838687460934
mapa,1.0,3.0,0.48764583083097346
mapa,1.0,3.25,0.49586530991807326
mapa,1.0,3.5,0.5059719294706589
mapa,1.0,3.75,0.517905220276779
mapa,1.0,4.0,0.5314389635134898
mapa,1.0,4.25,0.5461910690022393
mapa,1.0,4.5,0.5616645411828824
mapa,1.0,4.75,0.5773103095893439
mapa,1.0,5.0,0.5925958994985829
mapa,1.0,5.25,0.6070636298745364
mapa,1.0,5.5,0.6203675850362649
mapa,1.0,5.75,0.6322865629438198
mapa,1.0,6.0,0.642716863810721
mapa,1.0,6.25,0.6516521830120889
mapa,1.0,6.5,0.6591580849334417
mapa,1.0,6.75,0.6653467929986852
mapa,1.0,7.0,0.6703556916861819
mapa,1.0,7.25,0.674330898228249
mapa,1.0,7.5,0.677415883329038
mapa,1.0,7.75,0.6797443909657759
mapa,1.0,8.0,0.6814366545039494
mapa,1.0,8.25,0.6825979360118883
mapa,1.0,8.5,0.6833185764453634
mapa,1.0,8.75,0.6836749406249971
mapa,1.0,9.0,0.6837308226773655
mapa,1.0,9.25,0.6835390249748912
mapa,1.0,9.5,0.6831429334595687
mapa,1.0,9.75,0.6825779891530581
mapa,1.0,10.0,0.6818730067059829
mapa,1.0,10.25,0.6810513229723627
mapa,1.0,10.5,0.680131777607434
mapa,1.0,10.75,0.6791295379950224
mapa,1.0,11.0,0.6780567855845335
mapa,1.0,11.25,0.6769232821345597
mapa,1.0,11.5,0.6757368338605743
mapa,1.0,11.75,0.6745036699888198
mapa,1.0,12.0,0.6732287502943087
mapa,1.0,12.25,0.6719160141816864
mapa,1.0,12.5,0.6705685819379557
mapa,1.0,12.75,0.6691889170371825
mapa,1.0,13.0,0.6677789568449359
mapa,1.0,13.25,0.6663402177579344
mapa,1.0,13.5,0.6648738797087095
mapa,1.0,13.75,0.6633808540444891
mapa,1.0,14.0,0.661861838029773
mapa,1.0,14.25,0.6603173585993007
mapa,1.0,14.5,0.6587478074802371
mapa,1.0,14.75,0.6571534693898957
mapa,1.0,15.0,0.6555345446813079
mapa,1.0,15.25,0.6538911675391494
mapa,1.0,15.5,0.6522234206110524
mapa,1.0,15.75,0.6505313467842462
mapa,1.0,16.0,0.648814958676728
mapa,1.25,-16.0,0.4888575145809185
mapa,1.25,-15.75,0.48863222926821703
mapa,1.25,-15.5,0.48840248602681324
mapa,1.25,-15.25,0.4881681999631829
mapa,1.25,-15.0,0.48792928470269736
mapa,1.25,-14.75,0.48768565236940603
mapa,1.25,-14.5,0.48743721356579034
mapa,1.25,-14.25,0.4871838773525
mapa,1.25,-14.0,0.48692555122808745
mapa,1.25,-13.75,0.4866621411087531
mapa,1.25,-13.5,0.48639355130811907
mapa,1.25,-13.25,0.48611968451704585
mapa,1.25,-13.0,0.48584044178350977
mapa,1.25,-12.75,0.4855557224925591
mapa,1.25,-12.5,0.4852654243463674
mapa,1.25,-12.25,0.484969443344405
mapa,1.25,-12.0,0.4846676737637475
mapa,1.25,-11.75,0.48436000813954444
mapa,1.25,-11.5,0.48404633724567236
mapa,1.25,-11.25,0.48372655007559356
mapa,1.25,-11.0,0.48340053382344916
mapa,1.25,-10.75,0.4830681738654128
mapa,1.25,-10.5,0.4827293537413345
mapa,1.25,-10.25,0.482383955136708
mapa,1.25,-10.0,0.48203185786499525
mapa,1.25,-9.75,0.48167293985035187
mapa,1.25,-9.5,0.48130707711079884
mapa,1.25,-9.25,0.4809341437418986
mapa,1.25,-9.0,0.4805540119010101
mapa,1.25,-8.75,0.4801665517922176
mapa,1.25,-8.5,0.4797716316520652
mapa,1.25,-8.25,0.47936911773628327
mapa,1.25,-8.0,0.47895887430777584
mapa,1.25,-7.75,0.4785407636262711
mapa,1.25,-7.5,0.47811464594023695
mapa,1.25,-7.25,0.47768037948198216
mapa,1.25,-7.0,0.4772378204673563
mapa,1.25,-6.75,0.4767868231022284
mapa,1.25,-6.5,0.4763272395991259
mapa,1.25,-6.25,0.4758589202092829
mapa,1.25,-6.0,0.4753817132782651
mapa,1.25,-5.75,0.47489546533789034
mapa,1.25,-5.5,0.474400021254256
mapa,1.25,-5.25,0.47389522446275095
mapa,1.25,-5.0,0.47338091733816023
mapa,1.25,-4.75,0.4728569417748241
mapa,1.25,-4.5,0.4723231400935828
mapa,1.25,-4.25,0.47177935645720515
mapa,1.25,-4.0,0.4712254390768984
mapa,1.25,-3.75,0.4706612436489785
mapa,1.25,-3.5,0.4700866387030674
mapa,1.25,-3.25,0.46950151391744194
mapa,1.25,-3.0,0.46890579303367497
mapa,1.25,-2.75,0.4682994538875987
mapa,1.25,-2.5,0.4676825594256994
mapa,1.25,-2.25,0.4670553056300764
mapa,1.25,-2.0,0.46641809537251006
mapa,1.25,-1.75,0.46577165184469366
mapa,1.25,-1.5,0.4651171920369182
mapa,1.25,-1.25,0.46445669064298994
mapa,1.25,-1.0,0.4637932788324226
mapa,1.25,-0.75,0.4631318417009034
mapa,1.25,-0.5,0.46247990375243403
mapa,1.25,-0.25,0.4618489232759153
mapa,1.25,0.0,0.46125615115048074
mapa,1.25,0.25,0.4607272393988699
mapa,1.25,0.5,0.46029979237682955
mapa,1.25,0.75,0.46002800710649516
mapa,1.25,1.0,0.45998839848677514
mapa,1.25,1.25,0.4602862823676443
mapa,1.25,1.5,0.4610621273457469
mapa,1.25,1.75,0.46249606399709287
mapa,1.25,2.0,0.4648078691441278
mapa,1.25,2.25,0.4682489711040546
mapa,1.25,2.5,0.47308308732645854
mapa,1.25,2.75,0.47955379181931546
mapa,1.25,3.0,0.48784107715864655
mapa,1.25,3.25,0.4980142553775868
mapa,1.25,3.5,0.5099932860199493
mapa,1.25,3.75,0.5235318586782802
mapa,1.25,4.0,0.5382311959531146
mapa,1.25,4.25,0.5535843482311128
mapa,1.25,4.5,0.5690406575645612
mapa,1.25,4.75,0.5840739612496754
mapa,1.25,5.0,0.5982386363811711
mapa,1.25,5.25,0.6112036507307146
mapa,1.25,5.5,0.6227627593548405
mapa,1.25,5.75,0.6328253121639392
mapa,1.25,6.0,0.6413951137158569
mapa,1.25,6.25,0.6485446755672057
mapa,1.25,6.5,0.6543903213106503
mapa,1.25,6.75,0.6590712651436537
mapa,1.25,7.0,0.6627338170268517
mapa,1.25,7.25,0.665520573397391
mapa,1.25,7.5,0.6675637915067053
mapa,1.25,7.75,0.668981936693036
mapa,1.25,8.0,0.6698784443949752
mapa,1.25,8.25,0.670341907845523
mapa,1.25,8.5,0.6704470987974093
mapa,1.25,8.75,0.6702564068264
mapa,1.25,9.0,0.6698214255204258
mapa,1.25,9.25,0.6691845193892461
mapa,1.25,9.5,0.6683802787197731
mapa,1.25,9.75,0.6674368180059232
mapa,1.25,10.0,0.6663769038425741
mapa,1.25,10.25,0.6652189159215811
mapa,1.25,10.5,0.6639776542580645
mapa,1.25,10.75,0.6626650100429643
mapa,1.25,11.0,0.6612905186378448
mapa,1.25,11.25,0.6598618125669798
mapa,1.25,11.5,0.6583849907897819
mapa,1.25,11.75,0.6568649185867743
mapa,1.25,12.0,0.6553054703764349
mapa,1.25,12.25,0.653709725868934
mapa,1.25,12.5,0.6520801282390867
mapa,1.25,12.75,0.6504186114953993
mapa,1.25,13.0,0.6487267029358168
mapa,1.25,13.25,0.6470056054987752
mapa,1.25,13.5,0.6452562639183648
mapa,1.25,13.75,0.6434794178505332
mapa,1.25,14.0,0.6416756445295224
mapa,1.25,14.25,0.6398453930184262
mapa,1.25,14.5,0.6379890117155869
mapa,1.25,14.75,0.6361067704530399
mapa,1.25,15.0,0.634198878260347
mapa,1.25,15.25,0.6322654976552925
mapa,1.25,15.5,0.6303067561523971
mapa,1.25,15.75,0.6283227555431367
mapa,1.25,16.0,0.6263135793916557
mapa,1.5,-16.0,0.48584247937412783
mapa,1.5,-15.75,0.48555778581321646
mapa,1.5,-15.5,0.48526751391147516
mapa,1.5,-15.25,0.4849715596776834
mapa,1.5,-15.0,0.484669817398343
mapa,1.5,-14.75,0.48436217961814343
mapa,1.5,-14.5,0.4840485371206103
mapa,1.5,-14.25,0.4837287789089585
mapa,1.5,-14.0,0.48340279218717547
mapa,1.5,-13.75,0.4830704623413603
mapa,1.5,-13.5,0.4827316729213462
mapa,1.5,-13.25,0.4823863056226338
mapa,1.5,-13.0,0.4820342402686645
mapa,1.5,-12.75,0.4816753547934665
mapa,1.5,-12.5,0.4813095252247021
mapa,1.5,-12.25,0.4809366256671524
mapa,1.5,-12.0,0.48055652828667333
mapa,1.5,-11.75,0.4801691032946599
mapa,1.5,-11.5,0.4797742189330542
mapa,1.5,-11.25,0.4793717414599417
mapa,1.5,-11.0,0.47896153513577305
mapa,1.5,-10.75,0.4785434622102592
mapa,1.5,-10.5,0.47811738290998584
mapa,1.5,-10.25,0.4776831554268003
mapa,1.5,-10.0,0.4772406359070264
mapa,1.5,-9.75,0.47678967844157427
mapa,1.5,-9.5,0.4763301350570183
mapa,1.5,-9.25,0.47586185570773926
mapa,1.5,-9.0,0.47538468826924435
mapa,1.5,-8.75,0.47489847853282036
mapa,1.5,-8.5,0.4744030702017351
mapa,1.5,-8.25,0.4738983048892839
mapa,1.5,-8.0,0.4733840221191232
mapa,1.5,-7.75,0.47286005932854613
mapa,1.5,-7.5,0.47232625187568444
mapa,1.5,-7.25,0.4717824330521493
mapa,1.5,-7.0,0.47122843410342785
mapa,1.5,-6.75,0.4706640842606217
mapa,1.5,-6.5,0.4700892107890868
mapa,1.5,-6.25,0.46950363906261317
mapa,1.5,-6.0,0.4689071926765843
mapa,1.5,-5.75,0.46829969362104606
mapa,1.5,-5.5,0.4676809625462881
mapa,1.5,-5.25,0.46705081917172797
mapa,1.5,-5.0,0.46640908291721694
mapa,1.5,-4.75,0.46575557387995936
mapa,1.5,-4.5,0.46509011434877207
mapa,1.5,-4.25,0.46441253115382763
mapa,1.5,-4.0,0.4637226593150491
mapa,1.5,-3.75,0.46302034770775935
mapa,1.5,-3.5,0.46230546785863874
mapa,1.5,-3.25,0.4615779275924356
mapa,1.5,-3.0,0.46083769218168336
mapa,1.5,-2.75,0.4600848170745598
mapa,1.5,-2.5,0.4593194984358809
mapa,1.5,-2.25,0.4585421509898681
mapa,1.5,-2.0,0.4577535275067258
mapa,1.5,-1.75,0.45695490142252576
mapa,1.5,-1.5,0.4561483444309252
mapa,1.5,-1.25,0.45533714553186255
mapa,1.5,-1.0,0.45452643810635585
mapa,1.5,-0.75,0.4537241278972143
mapa,1.5,-0.5,0.45294224689217294
mapa,1.5,-0.25,0.45219889275513053
mapa,1.5,0.0,0.45152094170206214
mapa,1.5,0.25,0.4509477257782543
mapa,1.5,0.5,0.45053580953741906
mapa,1.5,0.75,0.4503648333429204
mapa,1.5,1.0,0.4505440419792113
mapa,1.5,1.25,0.4512185230258702
mapa,1.5,1.5,0.4525733295764523
mapa,1.5,1.75,0.45483269065487847
mapa,1.5,2.0,0.45825080320354944
mapa,1.5,2.25,0.4630909203763958
mapa,1.5,2.5,0.46959137828223757
mapa,1.5,2.75,0.47792121223993383
mapa,1.5,3.0,0.488133366177538
mapa,1.5,3.25,0.5001279793797349
mapa,1.5,3.5,0.5136388648956185
mapa,1.5,3.75,0.5282512351244936
mapa,1.5,4.0,0.5434491684032363
mapa,1.5,4.25,0.5586814560281168
mapa,1.5,4.5,0.5734290978814796
mapa,1.5,4.75,0.5872590467358374
mapa,1.5,5.0,0.5998553133356517
mapa,1.5,5.25,0.6110264813842029
mapa,1.5,5.5,0.620694647372146
mapa,1.5,5.75,0.6288733573338545
mapa,1.5,6.0,0.635641718458396
mapa,1.5,6.25,0.6411198644952988
mapa,1.5,6.5,0.645448626971274
mapa,1.5,6.75,0.6487743709574425
mapa,1.5,7.0,0.6512387434491288
mapa,1.5,7.25,0.6529724870794743
mapa,1.5,7.5,0.6540923043349784
mapa,1.5,7.75,0.6546998306453422
mapa,1.5,8.0,0.6548819509036271
mapa,1.5,8.25,0.6547118898939535
mapa,1.5,8.5,0.6542506815103463
mapa,1.5,8.75,0.6535487597920154
mapa,1.5,9.0,0.652647516084777
mapa,1.5,9.25,0.651580736609441
mapa,1.5,9.5,0.6503758805768097
mapa,1.5,9.75,0.6490551874601465
mapa,1.5,10.0,0.6476366185827701
mapa,1.5,10.25,0.6461346468953041
mapa,1.5,10.5,0.6445609126090095
mapa,1.5,10.75,0.642924763194477
mapa,1.5,11.0,0.6412336954452036
mapa,1.5,11.25,0.6394937156646923
mapa,1.5,11.5,0.6377096320646772
mapa,1.5,11.75,0.6358852914519326
mapa,1.5,12.0,0.634023770389468
mapa,1.5,12.25,0.6321275293197823
mapa,1.5,12.5,0.6301985366593625
mapa,1.5,12.75,0.6282383686130972
mapa,1.5,13.0,0.6262482893986192
mapa,1.5,13.25,0.624229315691245
mapa,1.5,13.5,0.6221822683757856
mapa,1.5,13.75,0.620107814098533
mapa,1.5,14.0,0.618006498629656
mapa,1.5,14.25,0.615878773654214
mapa,1.5,14.5,0.6137250182927642
mapa,1.5,14.75,0.6115455563964414
mapa,1.5,15.0,0.6093406704550064
mapa,1.5,15.25,0.6071106127902963
mapa,1.5,15.5,0.6048556145740225
mapa,1.5,15.75,0.6025758931016731
mapa,1.5,16.0,0.6002716576682618
mapa,1.75,-16.0,0.4820366140590186
mapa,1.75,-15.75,0.48167776065887874
mapa,1.75,-15.5,0.48131196379169794
mapa,1.75,-15.25,0.4809390975728673
mapa,1.75,-15.0,0.4805590341789498
mapa,1.75,-14.75,0.48017164383213745
mapa,1.75,-14.5,0.47977679478525226
mapa,1.75,-14.25,0.4793743533073292
mapa,1.75,-14.0,0.47896418366982113
mapa,1.75,-13.75,0.478546148133469
mapa,1.75,-13.5,0.47812010693587836
mapa,1.75,-13.25,0.4776859182798497
mapa,1.75,-13.0,0.47724343832250654
mapa,1.75,-12.75,0.476792521165272
mapa,1.75,-12.5,0.4763330188447425
mapa,1.75,-12.25,0.47586478132451077
mapa,1.75,-12.0,0.47538765648799214
mapa,1.75,-11.75,0.47490149013231026
mapa,1.75,-11.5,0.4744061259632997
mapa,1.75,-11.25,0.473901405591687
mapa,1.75,-11.0,0.4733871685305128
mapa,1.75,-10.75,0.4728632521938639
mapa,1.75,-10.5,0.472329491896984
mapa,1.75,-10.25,0.471785720857844
mapa,1.75,-10.0,0.4712317702002565
mapa,1.75,-9.75,0.470667468958631
mapa,1.75,-9.5,0.47009264408448803
mapa,1.75,-9.25,0.46950712045487053
mapa,1.75,-9.0,0.4689107208828365
mapa,1.75,-8.75,0.46830326613027295
mapa,1.75,-8.5,0.4676845749233687
mapa,1.75,-8.25,0.46705446397122735
mapa,1.75,-8.0,0.46641274798832927
mapa,1.75,-7.75,0.46575923972190314
mapa,1.75,-7.5,0.465093749985818
mapa,1.75,-7.25,0.46441608770346154
mapa,1.75,-7.0,0.46372605996340654
mapa,1.75,-6.75,0.46302347209375194
mapa,1.75,-6.5,0.4623081277642711
mapa,1.75,-6.25,0.46157982913057183
mapa,1.75,-6.0,0.460838377042372
mapa,1.75,-5.75,0.46008357135031486
mapa,1.75,-5.5,0.45931521136494063
mapa,1.75,-5.25,0.45853309655131586
mapa,1.75,-5.0,0.45773702758932794
mapa,1.75,-4.75,0.45692680800193775
mapa,1.75,-4.5,0.45610224666593185
mapa,1.75,-4.25,0.4552631616937333
mapa,1.75,-4.0,0.4544093864441144
mapa,1.75,-3.75,0.45354077883538263
mapa,1.75,-3.5,0.4526572357744778
mapa,1.75,-3.25,0.45175871549658
mapa,1.75,-3.0,0.45084527210708386
mapa,1.75,-2.75,0.4499171088886824
mapa,1.75,-2.5,0.4489746603535754
mapa,1.75,-2.25,0.4480187181112793
mapa,1.75,-2.0,0.447050623105551
mapa,1.75,-1.75,0.44607255758279224
mapa,1.75,-1.5,0.44508798540145766
mapa,1.75,-1.25,0.4441023101026016
mapa,1.75,-1.0,0.4431238472363805
mapa,1.75,-0.75,0.44216524011857694
mapa,1.75,-0.5,0.44124548269180264
mapa,1.75,-0.25,0.44039273961307374
mapa,1.75,0.0,0.43964815174914895
mapa,1.75,0.25,0.4390707489506416
mapa,1.75,0.5,0.43874340615485
mapa,1.75,0.75,0.4387794035342014
mapa,1.75,1.0,0.43932852480890805
mapa,1.75,1.25,0.4405807520787571
mapa,1.75,1.5,0.4427646497517889
mapa,1.75,1.75,0.4461368928615285
mapa,1.75,2.0,0.45095978336295034
mapa,1.75,2.25,0.4574657732954744
mapa,1.75,2.5,0.46581225387055036
mapa,1.75,2.75,0.4760352617834044
mapa,1.75,3.0,0.48801492490246395
mapa,1.75,3.25,0.5014654610013652
mapa,1.75,3.5,0.5159568043001459
mapa,1.75,3.75,0.530965070944476
mapa,1.75,4.0,0.5459395343809164
mapa,1.75,4.25,0.5603691799610192
mapa,1.75,4.5,0.5738340166870513
mapa,1.75,4.75,0.5860332252653006
mapa,1.75,5.0,0.5967900696586262
mapa,1.75,5.25,0.6060390842171892
mapa,1.75,5.5,0.6138031948526241
mapa,1.75,5.75,0.6201677663606016
mapa,1.75,6.0,0.6252564695199925
mapa,1.75,6.25,0.6292115581790291
mapa,1.75,6.5,0.6321793311642487
mapa,1.75,6.75,0.63430042534988
mapa,1.75,7.0,0.6357040535379915
mapa,1.75,7.25,0.6365051716490162
mapa,1.75,7.5,0.6368036516068435
mapa,1.75,7.75,0.6366847183302078
mapa,1.75,8.0,0.6362201040862806
mapa,1.75,8.25,0.6354695438772892
mapa,1.75,8.5,0.6344823690540531
mapa,1.75,8.75,0.6332990534790016
mapa,1.75,9.0,0.6319526332213647
mapa,1.75,9.25,0.6304699641808363
mapa,1.75,9.5,0.6288728087981506
mapa,1.75,9.75,0.6271787584161536
mapa,1.75,10.0,0.6254020058408695
mapa,1.75,10.25,0.6235539859967913
mapa,1.75,10.5,0.6216439031551744
mapa,1.75,10.75,0.6196791622674465
mapa,1.75,11.0,0.6176657202332981
mapa,1.75,11.25,0.6156083709449723
mapa,1.75,11.5,0.613510975947156
mapa,1.75,11.75,0.6113766506809029
mapa,1.75,12.0,0.6092079146078552
mapa,1.75,12.25,0.6070068120594441
mapa,1.75,12.5,0.6047750094207671
mapa,1.75,12.75,0.6025138732231935
mapa,1.75,13.0,0.6002245328604998
mapa,1.75,13.25,0.5979079309361122
mapa,1.75,13.5,0.5955648636704786
mapa,1.75,13.75,0.5931960133265415
mapa,1.75,14.0,0.5908019742291313
mapa,1.75,14.25,0.5883832736449842
mapa,1.75,14.5,0.5859403885405882
mapa,1.75,14.75,0.5834737590340567
mapa,1.75,15.0,0.5809837991954986
mapa,1.75,15.25,0.5784709057203942
mapa,1.75,15.5,0.5759354648961268
mapa,1.75,15.75,0.5733778581980916
mapa,1.75,16.0,0.5707984667846611
mapa,2.0,-16.0,0.47724622636775704
mapa,2.0,-15.75,0.47679534896518144
mapa,2.0,-15.5,0.47633588715139996
mapa,2.0,-15.25,0.4758676909015853
mapa,2.0,-15.0,0.47539060811077927
mapa,2.0,-14.75,0.4749044845877671
mapa,2.0,-14.5,0.47440916405006334
mapa,2.0,-14.25,0.473904488120073
mapa,2.0,-14.0,0.4733902963224826
mapa,2.0,-13.75,0.4728664260829496
mapa,2.0,-13.5,0.47233271272815025
mapa,2.0,-13.25,0.4717889894872548
mapa,2.0,-13.0,0.4712350874948973
mapa,2.0,-12.75,0.47067083579571123
mapa,2.0,-12.5,0.47009606135050375
mapa,2.0,-12.25,0.46951058904414145
mapa,2.0,-12.0,0.46891424169522816
mapa,2.0,-11.75,0.46830684006765033
mapa,2.0,-11.5,0.4676882028840762
mapa,2.0,-11.25,0.46705814684148983
mapa,2.0,-11.0,0.46641648662885415
mapa,2.0,-10.75,0.46576303494699206
mapa,2.0,-10.5,0.465097602530788
mapa,2.0,-10.25,0.46441999817382024
mapa,2.0,-10.0,0.4637300287555403
mapa,2.0,-9.75,0.463027499271144
mapa,2.0,-9.5,0.46231221286429686
mapa,2.0,-9.25,0.46158397086292396
mapa,2.0,-9.0,0.4608425728183361
mapa,2.0,-8.75,0.46008781654806197
mapa,2.0,-8.5,0.45931949818291307
mapa,2.0,-8.25,0.4585374122190415
mapa,2.0,-8.0,0.4577413515761263
mapa,2.0,-7.75,0.4569311076634011
mapa,2.0,-7.5,0.4561064704561388
mapa,2.0,-7.25,0.45526722858661783
mapa,2.0,-7.0,0.45441316945579385
mapa,2.0,-6.75,0.45354407937532454
mapa,2.0,-6.5,0.45265974375494883
mapa,2.0,-6.25,0.4517599473585561
mapa,2.0,-6.0,0.45084447466527877
mapa,2.0,-5.75,0.4499131103921956
mapa,2.0,-5.5,0.44896564026676244
mapa,2.0,-5.25,0.4480018521861464
mapa,2.0,-5.0,0.4470215379768967
mapa,2.0,-4.75,0.44602449608676475
mapa,2.0,-4.5,0.4450105357239864
mapa,2.0,-4.25,0.44397948324322123
mapa,2.0,-4.0,0.44293119201545755
mapa,2.0,-3.75,0.44186555769325353
mapa,2.0,-3.5,0.4407825418157185
mapa,2.0,-3.25,0.4396822082730318
mapa,2.0,-3.0,0.43856477953763023
mapa,2.0,-2.75,0.43743072315780296
mapa,2.0,-2.5,0.4362808843474884
mapa,2.0,-2.25,0.4351166883384423
mapa,2.0,-2.0,0.4339404474461512
mapa,2.0,-1.75,0.4327558236655993
mapa,2.0,-1.5,0.4315685191616107
mapa,2.0,-1.25,0.4303872948495415
mapa,2.0,-1.0,0.42922545045179
mapa,2.0,-0.75,0.4281029336277518
mapa,2.0,-0.5,0.4270492701256572
mapa,2.0,-0.25,0.4261074994401438
mapa,2.0,0.0,0.42533922298056814
mapa,2.0,0.25,0.424830666838536
mapa,2.0,0.5,0.42469925813549636
mapa,2.0,0.75,0.42509955488510887
mapa,2.0,1.0,0.42622646984997586
mapa,2.0,1.25,0.42831277465115825
mapa,2.0,1.5,0.43161731578117696
mapa,2.0,1.75,0.43640094178827515
mapa,2.0,2.0,0.44288956912564914
mapa,2.0,2.25,0.45122827262582177
mapa,2.0,2.5,0.46143568253479167
mapa,2.0,2.75,0.4733717850391959
mapa,2.0,3.0,0.4867315508581763
mapa,2.0,3.25,0.5010704213795907
mapa,2.0,3.5,0.5158575852590617
mapa,2.0,3.75,0.5305438244275039
mapa,2.0,4.0,0.544626903610574
mapa,2.0,4.25,0.5577003320407744
mapa,2.0,4.5,0.5694785565099281
mapa,2.0,4.75,0.5797993549857091
mapa,2.0,5.0,0.5886093871498873
mapa,2.0,5.25,0.5959406044741044
mapa,2.0,5.5,0.6018843053424147
mapa,2.0,5.75,0.6065674412387181
mapa,2.0,6.0,0.6101335101996685
mapa,2.0,6.25,0.6127286389087703
mapa,2.0,6.5,0.6144924069134353
mapa,2.0,6.75,0.6155524934545388
mapa,2.0,7.0,0.6160221339210771
mapa,2.0,7.25,0.6159994815844727
mapa,2.0,7.5,0.6155681570198961
mapa,2.0,7.75,0.6147984608606816
mapa,2.0,8.0,0.613748891786449
mapa,2.0,8.25,0.6124677405662371
mapa,2.0,8.5,0.6109946240428051
mapa,2.0,8.75,0.6093618864017607
mapa,2.0,9.0,0.6075958361352596
mapa,2.0,9.25,0.605717812240955
mapa,2.0,9.5,0.603745087518011
mapa,2.0,9.75,0.601691624117473
mapa,2.0,10.0,0.599568699429221
mapa,2.0,10.25,0.5973854207318245
mapa,2.0,10.5,0.5951491459592668
mapa,2.0,10.75,0.59286582618109
mapa,2.0,11.0,0.59054028339139
mapa,2.0,11.25,0.5881764352100753
mapa,2.0,11.5,0.5857774762504899
mapa,2.0,11.75,0.5833460242616165
mapa,2.0,12.0,0.5808842377283303
mapa,2.0,12.25,0.5783939104034667
mapa,2.0,12.5,0.5758765472325147
mapa,2.0,12.75,0.5733334252922428
mapa,2.0,13.0,0.5707656426741691
mapa,2.0,13.25,0.5681741576793734
mapa,2.0,13.5,0.5655598202318369
mapa,2.0,13.75,0.5629233970450167
mapa,2.0,14.0,0.5602655917751718
mapa,2.0,14.25,0.557587061151918
mapa,2.0,14.5,0.5548884278807267
mapa,2.0,14.75,0.552170290954611
mapa,2.0,15.0,0.5494332338857203
mapa,2.0,15.25,0.5466778312659843
mapa,2.0,15.5,0.5439046539844614
mapa,2.0,15.75,0.5411142733637199
mapa,2.0,16.0,0.5383072644252176
mapa,2.25,-16.0,0.4712383835408016
mapa,2.25,-15.75,0.4706741807390692
mapa,2.25,-15.5,0.4700994560768437
mapa,2.25,-15.25,0.4695140344508028
mapa,2.25,-15.0,0.46891773869130904
mapa,2.25,-14.75,0.4683103895739359
mapa,2.25,-14.5,0.4676918058329389
mapa,2.25,-14.25,0.4670618041767551
mapa,2.25,-14.0,0.4664201993056149
mapa,2.25,-13.75,0.4657668039313522
mapa,2.25,-13.5,0.46510142879950184
mapa,2.25,-13.25,0.4644238827137728
mapa,2.25,-13.0,0.4637339725629921
mapa,2.25,-12.75,0.46303150335061105
mapa,2.25,-12.5,0.4623162782268709
mapa,2.25,-12.25,0.46158809852372745
mapa,2.25,-12.0,0.46084676379263173
mapa,2.25,-11.75,0.46009207184527445
mapa,2.25,-11.5,0.45932381879739465
mapa,2.25,-11.25,0.45854179911576587
mapa,2.25,-11.0,0.4577458056684702
mapa,2.25,-10.75,0.45693562977858143
mapa,2.25,-10.5,0.456111061281382
mapa,2.25,-10.25,0.4552718885852567
mapa,2.25,-10.0,0.45441789873641764
mapa,2.25,-9.75,0.4535488774876481
mapa,2.25,-9.5,0.45266460937129127
mapa,2.25,-9.25,0.4517648777767806
mapa,2.25,-9.0,0.4508494650331069
mapa,2.25,-8.75,0.44991815249678024
mapa,2.25,-8.5,0.44897072064609483
mapa,2.25,-8.25,0.44800694918289286
mapa,2.25,-8.0,0.44702661714363606
mapa,2.25,-7.75,0.4460295030225417
mapa,2.25,-7.5,0.4450153849110248
mapa,2.25,-7.25,0.44398404066000796
mapa,2.25,-7.0,0.44293524807527235
mapa,2.25,-6.75,0.44186878516166717
mapa,2.25,-6.5,0.440784430440791
mapa,2.25,-6.25,0.43968196338047205
mapa,2.25,-6.0,0.43856116499573805
mapa,2.25,-5.75,0.43742181871423796
mapa,2.25,-5.5,0.43626371165082445
mapa,2.25,-5.25,0.4350866365164474
mapa,2.25,-5.0,0.43389039451135514
mapa,2.25,-4.75,0.4326747997460893
mapa,2.25,-4.5,0.43143968603301613
mapa,2.25,-4.25,0.430184917352826
mapa,2.25,-4.0,0.42891040401046304
mapa,2.25,-3.75,0.4276161275825345
mapa,2.25,-3.5,0.4263021794156731
mapa,2.25,-3.25,0.42496881994481456
mapa,2.25,-3.0,0.42361656986826995
mapa,2.25,-2.75,0.4222463498130759
mapa,2.25,-2.5,0.4208596933199334
mapa,2.25,-2.25,0.41945906975538094
mapa,2.25,-2.0,0.4180483702579434
mapa,2.25,-1.75,0.4166336321215773
mapa,2.25,-1.5,0.4152241055957909
mapa,2.25,-1.25,0.41383380072194503
mapa,2.25,-1.0,0.4124836855944743
mapa,2.25,-0.75,0.4112047293742016
mapa,2.25,-0.5,0.41004196983501245
mapa,2.25,-0.25,0.4090596957282824
mapa,2.25,0.0,0.40834760916779084
mapa,2.25,0.25,0.4080274014349137
mapa,2.25,0.5,0.4082584842166896
mapa,2.25,0.75,0.40924069773723254
mapa,2.25,1.0,0.4112108812318825
mapa,2.25,1.25,0.41442973019427615
mapa,2.25,1.5,0.4191561233554252
mapa,2.25,1.75,0.4256087869509082
mapa,2.25,2.0,0.4339198248610185
mapa,2.25,2.25,0.4440900046218798
mapa,2.25,2.5,0.4559591029593104
mapa,2.25,2.75,0.4692032578377436
mapa,2.25,3.0,0.48336425319409765
mapa,2.25,3.25,0.4979054052059146
mapa,2.25,3.5,0.5122800198695696
mapa,2.25,3.75,0.5259954034822225
mapa,2.25,4.0,0.5386589718409999
mapa,2.25,4.25,0.5500005029990841
mapa,2.25,4.5,0.5598721049344024
mapa,2.25,4.75,0.5682322460209304
mapa,2.25,5.0,0.5751215552089932
mapa,2.25,5.25,0.5806369526408874
mapa,2.25,5.5,0.5849084285063617
mapa,2.25,5.75,0.5880805607851789
mapa,2.25,6.0,0.5902992102036546
mapa,2.25,6.25,0.5917028615705942
mapa,2.25,6.5,0.5924176643690782
mapa,2.25,6.75,0.5925551650315422
mapa,2.25,7.0,0.5922118469065114
mapa,2.25,7.25,0.5914697843693921
mapa,2.25,7.5,0.590397908689593
mapa,2.25,7.75,0.5890535452219019
mapa,2.25,8.0,0.5874840058384255
mapa,2.25,8.25,0.5857281096147112
mapa,2.25,8.5,0.5838175651466011
mapa,2.25,8.75,0.5817781866884753
mapa,2.25,9.0,0.5796309398785902
mapa,2.25,9.25,0.5773928261097435
mapa,2.25,9.5,0.5750776212472393
mapa,2.25,9.75,0.5726964869273161
mapa,2.25,10.0,0.5702584727897348
mapa,2.25,10.25,0.5677709268107866
mapa,2.25,10.5,0.5652398290970811
mapa,2.25,10.75,0.56267006248993
mapa,2.25,11.0,0.5600656313501415
mapa,2.25,11.25,0.5574298380662834
mapa,2.25,11.5,0.5547654252100929
mapa,2.25,11.75,0.5520746898647388
mapa,2.25,12.0,0.5493595754669434
mapa,2.25,12.25,0.5466217455133795
mapa,2.25,12.5,0.5438626426616541
mapa,2.25,12.75,0.5410835360823001
mapa,2.25,13.0,0.5382855593676313
mapa,2.25,13.25,0.5354697408554792
mapa,2.25,13.5,0.5326370278628204
mapa,2.25,13.75,0.5297883060308489
mapa,2.25,14.0,0.5269244147463206
mapa,2.25,14.25,0.5240461594133574
mapa,2.25,14.5,0.5211543211965857
mapa,2.25,14.75,0.5182496647333105
mapa,2.25,15.0,0.5153329442135681
mapa,2.25,15.25,0.5124049081475988
mapa,2.25,15.5,0.5094663030767176
mapa,2.25,15.75,0.5065178764326314
mapa,2.25,16.0,0.5035603787094597
mapa,2.5,-16.0,0.4637378871183511
mapa,2.5,-15.75,0.4630354774496084
mapa,2.5,-15.5,0.4623203128851803
mapa,2.5,-15.25,0.46159219476770996
mapa,2.5,-15.0,0.4608509226591167
mapa,2.5,-14.75,0.460096294381306
mapa,2.5,-14.5,0.4593281060599353
mapa,2.5,-14.25,0.45854615217134115
mapa,2.5,-14.0,0.457750225592732
mapa,2.5,-13.75,0.45694011765575443
mapa,2.5,-13.5,0.4561156182035387
mapa,2.5,-13.25,0.45527651565133487
mapa,2.5,-13.0,0.45442259705084836
mapa,2.5,-12.75,0.4535536481583856
mapa,2.5,-12.5,0.45266945350692306
mapa,2.5,-12.25,0.45176979648221227
mapa,2.5,-12.0,0.4508544594030345
mapa,2.5,-11.75,0.4499232236057207
mapa,2.5,-11.5,0.44897586953305574
mapa,2.5,-11.25,0.44801217682768446
mapa,2.5,-11.0,0.4470319244301456
mapa,2.5,-10.75,0.44603489068166485
mapa,2.5,-10.5,0.4450208534318468
mapa,2.5,-10.25,0.44398959015142714
mapa,2.5,-10.0,0.4429408780502675
mapa,2.5,-9.75,0.44187449420082187
mapa,2.5,-9.5,0.44079021566737026
mapa,2.5,-9.25,0.4396878196414179
mapa,2.5,-9.0,0.4385670835838287
mapa,2.5,-8.75,0.4374277853745168
mapa,2.5,-8.5,0.43626970347093635
mapa,2.5,-8.25,0.43509261707723906
mapa,2.5,-8.0,0.43389630632697856
mapa,2.5,-7.75,0.43268055248379594
mapa,2.5,-7.5,0.4314451381669684
mapa,2.5,-7.25,0.4301898476125092
mapa,2.5,-7.0,0.4289144669864616
mapa,2.5,-6.75,0.4276187847763018
mapa,2.5,-6.5,0.42630259230084094
mapa,2.5,-6.25,0.42496568440154625
mapa,2.5,-6.0,0.42360786041330295
mapa,2.5,-5.75,0.42222892556722963
mapa,2.5,-5.5,0.4208286930629988
mapa,2.5,-5.25,0.4194069871797854
mapa,2.5,-5.0,0.41796364799897595
mapa,2.5,-4.75,0.41649853862722186
mapa,2.5,-4.5,0.41501155629493186
mapa,2.5,-4.25,0.413502649453173
mapa,2.5,-4.0,0.41197184413687027
mapa,2.5,-3.75,0.41041928460578314
mapa,2.5,-3.5,0.40884529591226976
mapa,2.5,-3.25,0.4072504800004486
mapa,2.5,-3.0,0.40563586280779446
mapa,2.5,-2.75,0.40400311841402026
mapa,2.5,-2.5,0.402354908570523
mapa,2.5,-2.25,0.4006953930935638
mapa,2.5,-2.0,0.3990309896572619
mapa,2.5,-1.75,0.3973714908280428
mapa,2.5,-1.5,0.3957316802041473
mapa,2.5,-1.25,0.39413362268000024
mapa,2.5,-1.0,0.39260982304015707
mapa,2.5,-0.75,0.3912074268692637
mapa,2.5,-0.5,0.38999353536549075
mapa,2.5,-0.25,0.38906145931863156
mapa,2.5,0.0,0.3885372761607623
mapa,2.5,0.25,0.38858533058991185
mapa,2.5,0.5,0.38941038062970107
mapa,2.5,0.75,0.3912531803975657
mapa,2.5,1.0,0.3943759347076946
mapa,2.5,1.25,0.39903502125005463
mapa,2.5,1.5,0.4054413187248089
mapa,2.5,1.75,0.4137133243227433
mapa,2.5,2.0,0.4238335303716295
mapa,2.5,2.25,0.435621497940859
mapa,2.5,2.5,0.44873500908671426
mapa,2.5,2.75,0.4627030697527259
mapa,2.5,3.0,0.4769841918532866
mapa,2.5,3.25,0.4910352035978651
mapa,2.5,3.5,0.504373678090056
mapa,2.5,3.75,0.5166213025844043
mapa,2.5,4.0,0.5275232176895419
mapa,2.5,4.25,0.5369456567523394
mapa,2.5,4.5,0.5448585726062194
mapa,2.5,4.75,0.5513109255116759
mapa,2.5,5.0,0.5564049525604098
mapa,2.5,5.25,0.5602734490926943
mapa,2.5,5.5,0.5630619162324684
mapa,2.5,5.75,0.5649158601418389
mapa,2.5,6.0,0.5659726360398578
mapa,2.5,6.25,0.5663568674405499
mapa,2.5,6.5,0.5661784410875356
mapa,2.5,6.75,0.565532214867607
mapa,2.5,7.0,0.5644987691678336
mapa,2.5,7.25,0.5631457208001677
mapa,2.5,7.5,0.561529276163703
mapa,2.5,7.75,0.5596958201332519
mapa,2.5,8.0,0.5576834223925299
mapa,2.5,8.25,0.5555232003059907
mapa,2.5,8.5,0.553240514078764
mapa,2.5,8.75,0.5508559920461329
mapa,2.5,9.0,0.5483863962510332
mapa,2.5,9.25,0.545845344497068
mapa,2.5,9.5,0.5432439072267052
mapa,2.5,9.75,0.5405910974873254
mapa,2.5,10.0,0.537894270955232
mapa,2.5,10.25,0.535159451139356
mapa,2.5,10.5,0.5323915928697934
mapa,2.5,10.75,0.5295947952101068
mapa,2.5,11.0,0.5267724731288801
mapa,2.5,11.25,0.5239274956733474
mapa,2.5,11.5,0.5210622970165859
mapa,2.5,11.75,0.5181789655897875
mapa,2.5,12.0,0.5152793155425537
mapa,2.5,12.25,0.5123649439730877
mapa,2.5,12.5,0.5094372767124505
mapa,2.5,12.75,0.506497604910006
mapa,2.5,13.0,0.5035471142305734
mapa,2.5,13.25,0.500586908120025
mapa,2.5,13.5,0.49761802631014895
mapa,2.5,13.75,0.49464145950302973
mapa,2.5,14.0,0.49165816098953197
mapa,2.5,14.25,0.488669055807202
mapa,2.5,14.5,0.48567504792297944
mapa,2.5,14.75,0.48267702582988187
mapa,2.5,15.0,0.4796758668696333
mapa,2.5,15.25,0.47667244053134383
mapa,2.5,15.5,0.4736676109267738
mapa,2.5,15.75,0.4706622386030239
mapa,2.5,16.0,0.4676571818217049
mapa,2.75,-16.0,0.45442725712303833
mapa,2.75,-15.75,0.4535583798003316
mapa,2.75,-15.5,0.4526742578418928
mapa,2.75,-15.25,0.4517746746408362
mapa,2.75,-15.0,0.45085941252282596
mapa,2.75,-14.75,0.44992825283054483
mapa,2.75,-14.5,0.4489809760125283
mapa,2.75,-14.25,0.44801736171647943
mapa,2.75,-14.0,0.44703718888717264
mapa,2.75,-13.75,0.4460402358690583
mapa,2.75,-13.5,0.44502628051367743
mapa,2.75,-13.25,0.4439951002919951
mapa,2.75,-13.0,0.4429464724117582
mapa,2.75,-12.75,0.44188017393998447
mapa,2.75,-12.5,0.4407959819306847
mapa,2.75,-12.25,0.4396936735579208
mapa,2.75,-12.0,0.43857302625429995
mapa,2.75,-11.75,0.4374338178550022
mapa,2.75,-11.5,0.436275826747441
mapa,2.75,-11.25,0.43509883202665506
mapa,2.75,-11.0,0.4339026136565337
mapa,2.75,-10.75,0.432686952636985
mapa,2.75,-10.5,0.4314516311771699
mapa,2.75,-10.25,0.4301964328749492
mapa,2.75,-10.0,0.4289211429027306
mapa,2.75,-9.75,0.4276255481999681
mapa,2.75,-9.5,0.4263094376726759
mapa,2.75,-9.25,0.4249726024004839
mapa,2.75,-9.0,0.42361483585203724
mapa,2.75,-8.75,0.4222359341099637
mapa,2.75,-8.5,0.42083569610730454
mapa,2.75,-8.25,0.41941392387835386
mapa,2.75,-8.0,0.41797042282849306
mapa,2.75,-7.75,0.4165050020301806
mapa,2.75,-7.5,0.41501747455627275
mapa,2.75,-7.25,0.4135076578681228
mapa,2.75,-7.0,0.41197537428569275
mapa,2.75,-6.75,0.41042045158216844
mapa,2.75,-6.5,0.4088427237693515
mapa,2.75,-6.25,0.4072420321771137
mapa,2.75,-6.0,0.4056182269877964
mapa,2.75,-5.75,0.40397116947591366
mapa,2.75,-5.5,0.4023007353423769
mapa,2.75,-5.25,0.4006068197475607
mapa,2.75,-5.0,0.3988893449800358
mapa,2.75,-4.75,0.39714827221043414
mapa,2.75,-4.5,0.3953836195676043
mapa,2.75,-4.25,0.3935954899794036
mapa,2.75,-4.0,0.3917841140545105
mapa,2.75,-3.75,0.3899499160534238
mapa,2.75,-3.5,0.3880936151487457
mapa,2.75,-3.25,0.38621638032281036
mapa,2.75,-3.0,0.38432006621739345
mapa,2.75,-2.75,0.3824075700658934
mapa,2.75,-2.5,0.3804833676550464
mapa,2.75,-2.25,0.37855431007900064
mapa,2.75,-2.0,0.37663079306359964
mapa,2.75,-1.75,0.37472844496462243
mapa,2.75,-1.5,0.3728705119001414
mapa,2.75,-1.25,0.37109113454118825
mapa,2.75,-1.0,0.36943968356848395
mapa,2.75,-0.75,0.3679862045844951
mapa,2.75,-0.5,0.3668277546158221
mapa,2.75,-0.25,0.3660949206618166
mapa,2.75,0.0,0.3659570558753033
mapa,2.75,0.25,0.3666238156914531
mapa,2.75,0.5,0.36833969881981127
mapa,2.75,0.75,0.3713680583396353
mapa,2.75,1.0,0.3759622214536529
mapa,2.75,1.25,0.3823245568589127
mapa,2.75,1.5,0.3905593362240513
mapa,2.75,1.75,0.4006304054235483
mapa,2.75,2.0,0.4123371608078402
mapa,2.75,2.25,0.4253195607226822
mapa,2.75,2.5,0.43909474706987955
mapa,2.75,2.75,0.4531174983189272
mapa,2.75,3.0,0.4668491355444474
mapa,2.75,3.25,0.4798181783012644
mapa,2.75,3.5,0.49166090151459385
mapa,2.75,3.75,0.5021377992344682
mapa,2.75,4.0,0.5111289982788558
mapa,2.75,4.25,0.5186155968691587
mapa,2.75,4.5,0.5246545342223459
mapa,2.75,4.75,0.5293530576738482
mapa,2.75,5.0,0.5328465330141661
mapa,2.75,5.25,0.5352812250653066
mapa,2.75,5.5,0.536802191560154
mapa,2.75,5.75,0.5375456150898759
mapa,2.75,6.0,0.5376345859961955
mapa,2.75,6.25,0.5371773471169781
mapa,2.75,6.5,0.5362671597097904
mapa,2.75,6.75,0.5349831449228912
mapa,2.75,7.0,0.5333916409688011
mapa,2.75,7.25,0.5315477692073441
mapa,2.75,7.5,0.5294970176870883
mapa,2.75,7.75,0.5272767321587689
mapa,2.75,8.0,0.5249174590692747
mapa,2.75,8.25,0.5224441196324211
mapa,2.75,8.5,0.5198770147519484
mapa,2.75,8.75,0.517232671964716
mapa,2.75,9.0,0.5145245510216212
mapa,2.75,9.25,0.5117636265404568
mapa,2.75,9.5,0.5089588658854838
mapa,2.75,9.75,0.5061176190402593
mapa,2.75,10.0,0.5032459353549456
mapa,2.75,10.25,0.5003488200298449
mapa,2.75,10.5,0.49743044124607927
mapa,2.75,10.75,0.49449429707486525
mapa,2.75,11.0,0.49154334973101727
mapa,2.75,11.25,0.4885801333914275
mapa,2.75,11.5,0.48560684066373266
mapa,2.75,11.75,0.48262539184342035
mapa,2.75,12.0,0.4796374903152447
mapa,2.75,12.25,0.4766446668129136
mapa,2.75,12.5,0.4736483147271867
mapa,2.75,12.75,0.470649718226852
mapa,2.75,13.0,0.46765007461224173
mapa,2.75,13.25,0.46465051204236907
mapa,2.75,13.5,0.461652103552149
mapa,2.75,13.75,0.45865587809533
mapa,2.75,14.0,0.4556628292033781
mapa,2.75,14.25,0.4526739217337742
mapa,2.75,14.5,0.449690097087461
mapa,2.75,14.75,0.4467122772000075
mapa,2.75,15.0,0.4437413675507985
mapa,2.75,15.25,0.44077825938626747
mapa,2.75,15.5,0.43782383131450975
mapa,2.75,15.75,0.4348789503976367
mapa,2.75,16.0,0.43194447284342163
mapa,3.0,-16.0,0.44295201891686503
mapa,3.0,-15.75,0.4418858050295449
mapa,3.0,-15.5,0.44080169878312947
mapa,3.0,-15.25,0.4396994773524699
mapa,3.0,-15.0,0.438578918170114
mapa,3.0,-14.75,0.43743979907025654
mapa,3.0,-14.5,0.436281898438296
mapa,3.0,-14.25,0.43510499536608266
mapa,3.0,-14.0,0.4339088698129411
mapa,3.0,-13.75,0.4326933027725388
mapa,3.0,-13.5,0.4314580764456744
mapa,3.0,-13.25,0.4302029744190467
mapa,3.0,-13.0,0.42892778185006486
mapa,3.0,-12.75,0.4276322856577501
mapa,3.0,-12.5,0.42631627471977307
mapa,3.0,-12.25,0.42497954007566546
mapa,3.0,-12.0,0.4236218751362371
mapa,3.0,-11.75,0.4222430758992228
mapa,3.0,-11.5,0.4208429411711801
mapa,3.0,-11.25,0.4194212727956562
mapa,3.0,-11.0,0.4179778758876429
mapa,3.0,-10.75,0.41651255907434914
mapa,3.0,-10.5,0.4150251347423363
mapa,3.0,-10.25,0.4135154192911031
mapa,3.0,-10.0,0.41198323339326176
mapa,3.0,-9.75,0.41042840226156413
mapa,3.0,-9.5,0.4088507559231982
mapa,3.0,-9.25,0.40725012950206263
mapa,3.0,-9.0,0.4056263635101641
mapa,3.0,-8.75,0.4039793041499836
mapa,3.0,-8.5,0.40230880363075977
mapa,3.0,-8.25,0.40061472050336394
mapa,3.0,-8.0,0.3988969200211487
mapa,3.0,-7.75,0.3971552745383848
mapa,3.0,-7.5,0.39538966396451364
mapa,3.0,-7.25,0.39359997630276244
mapa,3.0,-7.0,0.3917861083177665
mapa,3.0,-6.75,0.38994796640192403
mapa,3.0,-6.5,0.3880854677492628
mapa,3.0,-6.25,0.38619854200634685
mapa,3.0,-6.0,0.384287133664129
mapa,3.0,-5.75,0.38235120560108965
mapa,3.0,-5.5,0.380390744414793
mapa,3.0,-5.25,0.37840576852946584
mapa,3.0,-5.0,0.3763963406073564
mapa,3.0,-4.75,0.3743625866212057
mapa,3.0,-4.5,0.3723047252136998
mapa,3.0,-4.25,0.3702231128987651
mapa,3.0,-4.0,0.3681183135720496
mapa,3.0,-3.75,0.3659912051552253
mapa,3.0,-3.5,0.3638431426403335
mapa,3.0,-3.25,0.3616762061751694
mapa,3.0,-3.0,0.35949357619084554
mapa,3.0,-2.75,0.3573000960715303
mapa,3.0,-2.5,0.3551031074494286
mapa,3.0,-2.25,0.35291367390751743
mapa,3.0,-2.0,0.35074834341444877
mapa,3.0,-1.75,0.34863163116817697
mapa,3.0,-1.5,0.34659941707327613
mapa,3.0,-1.25,0.3447034166011344
mapa,3.0,-1.0,0.3430167527951024
mapa,3.0,-0.75,0.34164036511982804
mapa,3.0,-0.5,0.340709468168221
mapa,3.0,-0.25,0.3403984877251412
mapa,3.0,0.0,0.34092193770221685
mapa,3.0,0.25,0.34252786556907866
mapa,3.0,0.5,0.3454803825475268
mapa,3.0,0.75,0.3500291907511481
mapa,3.0,1.0,0.35636747523560186
mapa,3.0,1.25,0.3645846746191625
mapa,3.0,1.5,0.37462565198823666
mapa,3.0,1.75,0.3862697386278131
mapa,3.0,2.0,0.39913964556056064
mapa,3.0,2.25,0.4127415857068767
mapa,3.0,2.5,0.4265276633604155
mapa,3.0,2.75,0.4399646222252045
mapa,3.0,3.0,0.45259255052929503
mapa,3.0,3.25,0.46406256799877654
mapa,3.0,3.5,0.4741504629258796
mapa,3.0,3.75,0.48274998673268354
mapa,3.0,4.0,0.4898530188762913
mapa,3.0,4.25,0.4955241080576879
mapa,3.0,4.5,0.49987519170065425
mapa,3.0,4.75,0.5030439582032675
mapa,3.0,5.0,0.5051772617334294
mapa,3.0,5.25,0.5064196000987355
mapa,3.0,5.5,0.5069059196538641
mapa,3.0,5.75,0.506757747048036
mapa,3.0,6.0,0.5060816712924122
mapa,3.0,6.25,0.5049693581416863
mapa,3.0,6.5,0.5034984748897632
mapa,3.0,6.75,0.5017340862633668
mapa,3.0,7.0,0.49973023059316635
mapa,3.0,7.25,0.4975314963706304
mapa,3.0,7.5,0.4951744971034103
mapa,3.0,7.75,0.49268919410147616
mapa,3.0,8.0,0.4901000494345952
mapa,3.0,8.25,0.4874270106359764
mapa,3.0,8.5,0.4846863392437596
mapa,3.0,8.75,0.48189130017575543
mapa,3.0,9.0,0.4790527304263408
mapa,3.0,9.25,0.47617950511683566
mapa,3.0,9.5,0.4732789174555685
mapa,3.0,9.75,0.47035698724681024
mapa,3.0,10.0,0.46741871056825834
mapa,3.0,10.25,0.46446826130273794
mapa,3.0,10.5,0.4615091534548603
mapa,3.0,10.75,0.45854437164444645
mapa,3.0,11.0,0.4555764758498889
mapa,3.0,11.25,0.4526076853631397
mapa,3.0,11.5,0.4496399459923054
mapa,3.0,11.75,0.4466749837837019
mapa,3.0,12.0,0.44371434790876413
mapa,3.0,12.25,0.4407594448502512
mapa,3.0,12.5,0.4378115656071503
mapa,3.0,12.75,0.43487190730159697
mapa,3.0,13.0,0.43194159029965384
mapa,3.0,13.25,0.42902167173892836
mapa,3.0,13.5,0.4261131561798366
mapa,3.0,13.75,0.42321700395567696
mapa,3.0,14.0,0.4203341376829036
mapa,3.0,14.25,0.417465447301677
mapa,3.0,14.5,0.414611793943513
mapa,3.0,14.75,0.41177401286412385
mapa,3.0,15.0,0.4089529156324583
mapa,3.0,15.25,0.40614929172922787
mapa,3.0,15.5,0.4033639096779702
mapa,3.0,15.75,0.40059751780748015
mapa,3.0,16.0,0.39785084472503246
mapa,3.25,-16.0,0.4289343633908529
mapa,3.25,-15.75,0.42763896499766096
mapa,3.25,-15.5,0.4263230529979179
mapa,3.25,-15.25,0.42498641842104273
mapa,3.25,-15.0,0.42362885466641176
mapa,3.25,-14.75,0.4222501577188937
mapa,3.25,-14.5,0.42085012637059477
mapa,3.25,-14.25,0.419428562448808
mapa,3.25,-14.0,0.4179852710501525
mapa,3.25,-13.75,0.41652006078087334
mapa,3.25,-13.5,0.41503274400326334
mapa,3.25,-13.25,0.413523137088153
mapa,3.25,-13.0,0.4119910606734026
mapa,3.25,-12.75,0.4104363399283165
mapa,3.25,-12.5,0.408858804823886
mapa,3.25,-12.25,0.4072582904087531
mapa,3.25,-12.0,0.4056346370907749
mapa,3.25,-11.75,0.40398769092405623
mapa,3.25,-11.5,0.4023173039013087
mapa,3.25,-11.25,0.4006233342513909
mapa,3.25,-11.0,0.3989056467418827
mapa,3.25,-10.75,0.39716411298656745
mapa,3.25,-10.5,0.3953986117577159
mapa,3.25,-10.25,0.3936090293031401
mapa,3.25,-10.0,0.3917952596680779
mapa,3.25,-9.75,0.3899572050221551
mapa,3.25,-9.5,0.3880947759919539
mapa,3.25,-9.25,0.38620789200018096
mapa,3.25,-9.0,0.38429648161315894
mapa,3.25,-8.75,0.3823604828995264
mapa,3.25,-8.5,0.3803998438048447
mapa,3.25,-8.25,0.3784145225496696
mapa,3.25,-8.0,0.37640448806310156
mapa,3.25,-7.75,0.3743697204708099
mapa,3.25,-7.5,0.37231021166741285
mapa,3.25,-7.25,0.3702259660200755
mapa,3.25,-7.0,0.3681170012766586
mapa,3.25,-6.75,0.36598334979294755
mapa,3.25,-6.5,0.36382506025758027
mapa,3.25,-6.25,0.36164220019284227
mapa,3.25,-6.0,0.3594348596639224
mapa,3.25,-5.75,0.3572031568683371
mapa,3.25,-5.5,0.3549472466466441
mapa,3.25,-5.25,0.35266733352467733
mapa,3.25,-5.0,0.3503636917711797
mapa,3.25,-4.75,0.34803669628982953
mapa,3.25,-4.5,0.34568687019330346
mapa,3.25,-4.25,0.3433149579669679
mapa,3.25,-4.0,0.3409220377017917
mapa,3.25,-3.75,0.33850969262378955
mapa,3.25,-3.5,0.33608027194576684
mapa,3.25,-3.25,0.3336372849890801
mapa,3.25,-3.0,0.3311859917188913
mapa,3.25,-2.75,0.32873427818888235
mapa,3.25,-2.5,0.32629393674473534
mapa,3.25,-2.25,0.32388250549482683
mapa,3.25,-2.0,0.3215258516811708
mapa,3.25,-1.75,0.31926169219308614
mapa,3.25,-1.5,0.31714420033393287
mapa,3.25,-1.25,0.3152497012167746
mapa,3.25,-1.0,0.31368314162311633
mapa,3.25,-0.75,0.31258446589626804
mapa,3.25,-0.5,0.3121332143854699
mapa,3.25,-0.25,0.31254869066078145
mapa,3.25,0.0,0.3140822582085995
mapa,3.25,0.25,0.31699835628564554
mapa,3.25,0.5,0.3215424521570447
mapa,3.25,0.75,0.3278978534504593
mapa,3.25,1.0,0.3361385609920566
mapa,3.25,1.25,0.3461901443943067
mapa,3.25,1.5,0.3578120069651644
mapa,3.25,1.75,0.3706102191580643
mapa,3.25,2.0,0.3840810053985328
mapa,3.25,2.25,0.3976748275199466
mapa,3.25,2.5,0.41086472589830636
mapa,3.25,2.75,0.42320290927386695
mapa,3.25,3.0,0.43435552892760576
mapa,3.25,3.25,0.4441135477672966
mapa,3.25,3.5,0.4523840258693165
mapa,3.25,3.75,0.4591692243746306
mapa,3.25,4.0,0.464540904244899
mapa,3.25,4.25,0.4686153485507041
mapa,3.25,4.5,0.4715322964686365
mapa,3.25,4.75,0.4734389915987782
mapa,3.25,5.0,0.474479232386528
mapa,3.25,5.25,0.4747866349196551
mapa,3.25,5.5,0.47448109900310015
mapa,3.25,5.75,0.4736675154749209
mapa,3.25,6.0,0.4724359199238989
mapa,3.25,6.25,0.47086249440421046
mapa,3.25,6.5,0.46901099783886024
mapa,3.25,6.75,0.46693434970308534
mapa,3.25,7.0,0.4646761981656724
mapa,3.25,7.25,0.46227237811715316
mapa,3.25,7.5,0.4597522135613754
mapa,3.25,7.75,0.45713964956205533
mapa,3.25,8.0,0.45445421699045635
mapa,3.25,8.25,0.4517118430082856
mapa,3.25,8.5,0.44892552460981905
mapa,3.25,8.75,0.4461058837387262
mapa,3.25,9.0,0.4432616218728317
mapa,3.25,9.25,0.4403998904163157
mapa,3.25,9.5,0.4375265912949655
mapa,3.25,9.75,0.43464662013322164
mapa,3.25,10.0,0.4317640624758453
mapa,3.25,10.25,0.42888235178711465
mapa,3.25,10.5,0.4260043964484146
mapa,3.25,10.75,0.4231326816824402
mapa,3.25,11.0,0.4202693512444564
mapa,3.25,11.25,0.41741627281616855
mapa,3.25,11.5,0.4145750902915253
mapa,3.25,11.75,0.4117472655323672
mapa,3.25,12.0,0.40893411167344706
mapa,3.25,12.25,0.4061368196516525
mapa,3.25,12.5,0.4033564793066495
mapa,3.25,12.75,0.40059409613559493
mapa,3.25,13.0,0.3978506045712903
mapa,3.25,13.25,0.39512687848148853
mapa,3.25,13.5,0.39242373944905545
mapa,3.25,13.75,0.3897419632818262
mapa,3.25,14.0,0.38708228511201137
mapa,3.25,14.25,0.3844454033736191
mapa,3.25,14.5,0.38183198288910614
mapa,3.25,14.75,0.37924265725056727
mapa,3.25,15.0,0.37667803064398125
mapa,3.25,15.25,0.3741386792355329
mapa,3.25,15.5,0.37162515221539594
mapa,3.25,15.75,0.36913797257540326
mapa,3.25,16.0,0.3666776376818408
mapa,3.5,-16.0,0.4119988221735488
mapa,3.5,-15.75,0.41044421132186193
mapa,3.5,-15.5,0.4088667870633123
mapa,3.5,-15.25,0.40726638442047286
mapa,3.5,-15.0,0.405642843773283
mapa,3.5,-14.75,0.403996011145925
mapa,3.5,-14.5,0.40232573849896136
mapa,3.5,-14.25,0.40063188402654787
mapa,3.5,-14.0,0.39891431245851977
mapa,3.5,-13.75,0.39717289536712835
mapa,3.5,-13.5,0.3954075114781829
mapa,3.5,-13.25,0.3936180469863369
mapa,3.5,-13.0,0.39180439587423166
mapa,3.5,-12.75,0.38996646023519327
mapa,3.5,-12.5,0.38810415059915704
mapa,3.5,-12.25,0.38621738626147384
mapa,3.5,-12.0,0.3843060956142366
mapa,3.5,-11.75,0.38237021647974795
mapa,3.5,-11.5,0.38040969644574213
mapa,3.5,-11.25,0.3784244932019726
mapa,3.5,-11.0,0.37641457487778407
mapa,3.5,-10.75,0.3743799203803221
mapa,3.5,-10.5,0.37232051973309127
mapa,3.5,-10.25,0.3702363744146839
mapa,3.5,-10.0,0.36812749769768566
mapa,3.5,-9.75,0.36599391498806866
mapa,3.5,-9.5,0.36383566416586677
mapa,3.5,-9.25,0.36165279592870747
mapa,3.5,-9.0,0.3594453741409929
mapa,3.5,-8.75,0.35721347619345
mapa,3.5,-8.5,0.35495719338078
mapa,3.5,-8.25,0.3526766313098571
mapa,3.5,-8.0,0.3503719103582899
mapa,3.5,-7.75,0.3480431662146598
mapa,3.5,-7.5,0.34569055054967923
mapa,3.5,-7.25,0.34331423189544474
mapa,3.5,-7.0,0.3409143968534445
mapa,3.5,-6.75,0.3384912518195934
mapa,3.5,-6.5,0.3360450255195862
mapa,3.5,-6.25,0.3335759728107228
mapa,3.5,-6.0,0.33108438045847177
mapa,3.5,-5.75,0.32857057598540446
mapa,3.5,-5.5,0.3260349412897471
mapa,3.5,-5.25,0.3234779336508063
mapa,3.5,-5.0,0.32090011814360153
mapa,3.5,-4.75,0.3183022176183044
mapa,3.5,-4.5,0.3156851896145004
mapa,3.5,-4.25,0.31305034437676604
mapa,3.5,-4.0,0.3103995252047681
mapa,3.5,-3.75,0.3077353826091679
mapa,3.5,-3.5,0.30506178824566277
mapa,3.5,-3.25,0.3023844545060632
mapa,3.5,-3.0,0.2997118517666604
mapa,3.5,-2.75,0.2970565472648713
mapa,3.5,-2.5,0.2944371242410944
mapa,3.5,-2.25,0.29188086863649354
mapa,3.5,-2.0,0.2894274148548148
mapa,3.5,-1.75,0.287133488574719
mapa,3.5,-1.5,0.2850787211113649
mapa,3.5,-1.25,0.28337216775387913
mapa,3.5,-1.0,0.28215857622388846
mapa,3.5,-0.75,0.2816226082169693
mapa,3.5,-0.5,0.281988245290342
mapa,3.5,-0.25,0.28350988462426957
mapa,3.5,0.0,0.2864518115666839
mapa,3.5,0.25,0.2910546030451409
mapa,3.5,0.5,0.2974909660890566
mapa,3.5,0.75,0.30581885324419783
mapa,3.5,1.0,0.3159442465477753
mapa,3.5,1.25,0.3276067850477765
mapa,3.5,1.5,0.3403965228315576
mapa,3.5,1.75,0.3538006275524105
mapa,3.5,2.0,0.36726890888093056
mapa,3.5,2.25,0.38028151008691036
mapa,3.5,2.5,0.3924032321437251
mapa,3.5,2.75,0.4033153666093351
mapa,3.5,3.0,0.41282386464461873
mapa,3.5,3.25,0.42084872629728265
mapa,3.5,3.5,0.4274021540625217
mapa,3.5,3.75,0.4325626910115374
mapa,3.5,4.0,0.4364505922864095
mapa,3.5,4.25,0.439207347708486
mapa,3.5,4.5,0.4409803612357873
mapa,3.5,4.75,0.4419125618404458
mapa,3.5,5.0,0.44213610912367374
mapa,3.5,5.25,0.44176917952584827
mapa,3.5,5.5,0.4409148872751448
mapa,3.5,5.75,0.4396615687773483
mapa,3.5,6.0,0.43808385524859794
mapa,3.5,6.25,0.4362441337546812
mapa,3.5,6.5,0.43419413610291846
mapa,3.5,6.75,0.4319764973564093
mapa,3.5,7.0,0.4296261965454399
mapa,3.5,7.25,0.4271718386284944
mapa,3.5,7.5,0.4246367656606659
mapa,3.5,7.75,0.42204000196498326
mapa,3.5,8.0,0.41939704700595004
mapa,3.5,8.25,0.41672053357122907
mapa,3.5,8.5,0.4140207697768853
mapa,3.5,8.75,0.41130618263744423
mapa,3.5,9.0,0.40858367931746964
mapa,3.5,9.25,0.4058589402151255
mapa,3.5,9.5,0.4031366560164209
mapa,3.5,9.75,0.4004207189621972
mapa,3.5,10.0,0.39771437686541034
mapa,3.5,10.25,0.3950203569311048
mapa,3.5,10.5,0.3923409651645693
mapa,3.5,10.75,0.3896781660887483
mapa,3.5,11.0,0.3870336466075587
mapa,3.5,11.25,0.38440886712304023
mapa,3.5,11.5,0.3818051024176101
mapa,3.5,11.75,0.37922347432657355
mapa,3.5,12.0,0.3766649778314506
mapa,3.5,12.25,0.3741305018853601
mapa,3.5,12.5,0.37162084602385964
mapa,3.5,12.75,0.3691367336068392
mapa,3.5,13.0,0.3666788223698253
mapa,3.5,13.25,0.36424771282860147
mapa,3.5,13.5,0.361843954973059
mapa,3.5,13.75,0.35946805359951345
mapa,3.5,14.0,0.35712047256117685
mapa,3.5,14.25,0.35480163816070875
mapa,3.5,14.5,0.3525119418640578
mapa,3.5,14.75,0.3502517424789637
mapa,3.5,15.0,0.34802136791276417
mapa,3.5,15.25,0.3458211166011279
mapa,3.5,15.5,0.34365125868088275
mapa,3.5,15.75,0.3415120369653125
mapa,3.5,16.0,0.3394036677684441
mapa,3.75,-16.0,0.39181346070101614
mapa,3.75,-15.75,0.3899756439845654
mapa,3.75,-15.5,0.38811345383329315
mapa,3.75,-15.25,0.3862268094957707
mapa,3.75,-15.0,0.3843156393149907
mapa,3.75,-14.75,0.38237988106161996
mapa,3.75,-14.5,0.38041948226889893
mapa,3.75,-14.25,0.3784344005687355
mapa,3.75,-14.0,0.3764246040285165
mapa,3.75,-13.75,0.37439007148813713
mapa,3.75,-13.5,0.372330792896722
mapa,3.75,-13.25,0.37024676964848924
mapa,3.75,-13.0,0.3681380149171871
mapa,3.75,-12.75,0.3660045539885053
mapa,3.75,-12.5,0.3638464245898497
mapa,3.75,-12.25,0.36166367721684606
mapa,3.75,-12.0,0.35945637545592785
mapa,3.75,-11.75,0.35722459630235315
mapa,3.75,-11.5,0.35496843047299986
mapa,3.75,-11.25,0.3526879827133031
mapa,3.75,-11.0,0.3503833720977351
mapa,3.75,-10.75,0.3480547323233036
mapa,3.75,-10.5,0.3457022119956626
mapa,3.75,-10.25,0.3433259749076411
mapa,3.75,-10.0,0.3409262003103192
mapa,3.75,-9.75,0.33850308317731365
mapa,3.75,-9.5,0.33605683446376117
mapa,3.75,-9.25,0.33358768136279693
mapa,3.75,-9.0,0.3310958675643709
mapa,3.75,-8.75,0.3285816535244431
mapa,3.75,-8.5,0.3260453167575945
mapa,3.75,-8.25,0.32348715217388896
mapa,3.75,-8.0,0.320907472492972
mapa,3.75,-7.75,0.3183066087873407
mapa,3.75,-7.5,0.3156849112362145
mapa,3.75,-7.25,0.31304275021733713
mapa,3.75,-7.0,0.3103805179354003
mapa,3.75,-6.75,0.3076986308965631
mapa,3.75,-6.5,0.3049975337103272
mapa,3.75,-6.25,0.3022777049658373
mapa,3.75,-6.0,0.2995396663400831
mapa,3.75,-5.75,0.2967839967272001
mapa,3.75,-5.5,0.29401135414685137
mapa,3.75,-5.25,0.29122250966826796
mapa,3.75,-5.0,0.2884183998295488
mapa,3.75,-4.75,0.2856002074080568
mapa,3.75,-4.5,0.282769485428773
mapa,3.75,-4.25,0.27992834669648103
mapa,3.75,-4.0,0.27707975183153355
mapa,3.75,-3.75,0.2742279438863701
mapa,3.75,-3.5,0.27137909825017076
mapa,3.75,-3.25,0.26854228343579595
mapa,3.75,-3.0,0.26573086088818204
mapa,3.75,-2.75,0.2629644865031574
mapa,3.75,-2.5,0.26027190346424717
mapa,3.75,-2.25,0.2576947153464046
mapa,3.75,-2.0,0.2552922647551596
mapa,3.75,-1.75,0.2531475614987218
mapa,3.75,-1.5,0.2513738356646775
mapa,3.75,-1.25,0.25012067237706415
mapa,3.75,-1.0,0.24957781544677235
mapa,3.75,-0.75,0.24997375945920364
mapa,3.75,-0.5,0.25156559378186244
mapa,3.75,-0.25,0.25461690783469276
mapa,3.75,0.0,0.2593626805564145
mapa,3.75,0.25,0.26596426119210925
mapa,3.75,0.5,0.2744629342232075
mapa,3.75,0.75,0.2847448128598737
mapa,3.75,1.0,0.29652995716754016
mapa,3.75,1.25,0.3093930398912955
mapa,3.75,1.5,0.3228130876484354
mapa,3.75,1.75,0.33624020063496035
mapa,3.75,2.0,0.34916235961083064
mapa,3.75,2.25,0.36115734843756175
mapa,3.75,2.5,0.3719216311689604
mapa,3.75,2.75,0.3812758973603232
mapa,3.75,3.0,0.3891526698854143
mapa,3.75,3.25,0.3955736164223991
mapa,3.75,3.5,0.4006236046107733
mapa,3.75,3.75,0.404426465209771
mapa,3.75,4.0,0.4071251173907201
mapa,3.75,4.25,0.4088668754201382
mapa,3.75,4.5,0.4097936073434718
mapa,3.75,4.75,0.410035868401654
mapa,3.75,5.0,0.4097099935404601
mapa,3.75,5.25,0.4089172208295009
mapa,3.75,5.5,0.40774409830021746
mapa,3.75,5.75,0.4062636218735701
mapa,3.75,6.0,0.4045367234651006
mapa,3.75,6.25,0.4026138630170947
mapa,3.75,6.5,0.40053657635356416
mapa,3.75,6.75,0.39833889822099133
mapa,3.75,7.0,0.3960486238857039
mapa,3.75,7.25,0.3936883998353464
mapa,3.75,7.5,0.391276649813341
mapa,3.75,7.75,0.38882835057767706
mapa,3.75,8.0,0.3863556752278173
mapa,3.75,8.25,0.3838685225900593
mapa,3.75,8.5,0.3813749502376877
mapa,3.75,8.75,0.37888152703420463
mapa,3.75,9.0,0.3763936191036382
mapa,3.75,9.25,0.37391562112755283
mapa,3.75,9.5,0.371451142992136
mapa,3.75,9.75,0.3690031601300484
mapa,3.75,10.0,0.36657413444342374
mapa,3.75,10.25,0.3641661114530458
mapa,3.75,10.5,0.3617807982773527
mapa,3.75,10.75,0.35941962618064466
mapa,3.75,11.0,0.3570838007183443
mapa,3.75,11.25,0.35477434192498525
mapa,3.75,11.5,0.3524921165165065
mapa,3.75,11.75,0.3502378636937748
mapa,3.75,12.0,0.3480122158230503
mapa,3.75,12.25,0.34581571501790914
mapa,3.75,12.5,0.34364882644471323
mapa,3.75,12.75,0.34151194901083665
mapa,3.75,13.0,0.3394054239639424
mapa,3.75,13.25,0.33732954182545805
mapa,3.75,13.5,0.33528454799702134
mapa,3.75,13.75,0.3332706473109843
mapa,3.75,14.0,0.3312880077417989
mapa,3.75,14.25,0.329336763451611
mapa,3.75,14.5,0.3274170173085368
mapa,3.75,14.75,0.3255288429881709
mapa,3.75,15.0,0.32367228674651066
mapa,3.75,15.25,0.3218473689345632
mapa,3.75,15.5,0.3200540853105549
mapa,3.75,15.75,0.31829240819417537
mapa,3.75,16.0,0.3165622874980872
mapa,4.0,-16.0,0.3681484599701375
mapa,4.0,-15.75,0.36601512139071074
mapa,4.0,-15.5,0.3638571142657893
mapa,4.0,-15.25,0.36167448902096455
mapa,4.0,-15.0,0.3594673091700771
mapa,4.0,-14.75,0.35723565163293197
mapa,4.0,-14.5,0.35497960704761383
mapa,4.0,-14.25,0.35269928007666296
mapa,4.0,-14.0,0.3503947897063539
mapa,4.0,-13.75,0.3480662695382991
mapa,4.0,-13.5,0.3457138680725847
mapa,4.0,-13.25,0.3433377489816275
mapa,4.0,-13.0,0.34093809137393427
mapa,4.0,-12.75,0.33851509004693037
mapa,4.0,-12.5,0.33606895572802215
mapa,4.0,-12.25,0.3335999153030592
mapa,4.0,-12.0,0.33110821203136603
mapa,4.0,-11.75,0.32859410574653874
mapa,4.0,-11.5,0.3260578730422318
mapa,4.0,-11.25,0.32349980744222595
mapa,4.0,-11.0,0.3209202195541616
mapa,4.0,-10.75,0.31831943720648015
mapa,4.0,-10.5,0.31569780556835153
mapa,4.0,-10.25,0.31305568725274907
mapa,4.0,-10.0,0.31039346240340815
mapa,4.0,-9.75,0.30771152876731667
mapa,4.0,-9.5,0.3050103017557931
mapa,4.0,-9.25,0.30229021449939675
mapa,4.0,-9.0,0.29955171790532586
mapa,4.0,-8.75,0.2967952807312653
mapa,4.0,-8.5,0.29402138969790553
mapa,4.0,-8.25,0.2912305496752192
mapa,4.0,-8.0,0.2884232839976069
mapa,4.0,-7.75,0.28560013499418435
mapa,4.0,-7.5,0.2827616648689467
mapa,4.0,-7.25,0.2799084571408563
mapa,4.0,-7.0,0.27704111897078887
mapa,4.0,-6.75,0.27416028488344796
mapa,4.0,-6.5,0.27126662267262935
mapa,4.0,-6.25,0.2683608427107589
mapa,4.0,-6.0,0.2654437125491628
mapa,4.0,-5.75,0.2625160797155873
mapa,4.0,-5.5,0.25957890717130916
mapa,4.0,-5.25,0.25663332824833823
mapa,4.0,-5.0,0.2536807314328776
mapa,4.0,-4.75,0.25072289063723885
mapa,4.0,-4.5,0.24776216434735177
mapa,4.0,-4.25,0.24480179819918121
mapa,4.0,-4.0,0.24184638124819016
mapa,4.0,-3.75,0.23890252756156372
mapa,4.0,-3.5,0.23597988240827616
mapa,4.0,-3.25,0.23309258539115116
mapa,4.0,-3.0,0.23026135716228013
mapa,4.0,-2.75,0.22751640125989175
mapa,4.0,-2.5,0.22490130655421212
mapa,4.0,-2.25,0.22247806114521873
mapa,4.0,-2.0,0.22033308845067462
mapa,4.0,-1.75,0.21858382005821367
mapa,4.0,-1.5,0.21738466887557037
mapa,4.0,-1.25,0.21693037227978218
mapa,4.0,-1.0,0.21745371729585916
mapa,4.0,-0.75,0.21921408382331295
mapa,4.0,-0.5,0.22247376419735163
mapa,4.0,-0.25,0.2274613827871935
mapa,4.0,0.0,0.23432614527602613
mapa,4.0,0.25,0.24309204579230834
mapa,4.0,0.5,0.2536250671516926
mapa,4.0,0.75,0.265625903052379
mapa,4.0,1.0,0.2786544953511584
mapa,4.0,1.25,0.29218263387676036
mapa,4.0,1.5,0.3056616104212901
mapa,4.0,1.75,0.3185879149220309
mapa,4.0,2.0,0.3305526354704569
mapa,4.0,2.25,0.34126737862195344
mapa,4.0,2.5,0.35056727497652007
mapa,4.0,2.75,0.35839692165107523
mapa,4.0,3.0,0.36478695716321297
mapa,4.0,3.25,0.36982810701740504
mapa,4.0,3.5,0.3736473771188643
mapa,4.0,3.75,0.37638879314811435
mapa,4.0,4.0,0.37819932911618903
mapa,4.0,4.25,0.3792196006955584
mapa,4.0,4.5,0.3795784114733119
mapa,4.0,4.75,0.37939013824068685
mapa,4.0,5.0,0.3787540461120448
mapa,4.0,5.25,0.37775480995223537
mapa,4.0,5.5,0.37646371227224407
mapa,4.0,5.75,0.37494015504833744
mapa,4.0,6.0,0.373233252974165
mapa,4.0,6.25,0.37138336971426467
mapa,4.0,6.5,0.36942352296522873
mapa,4.0,6.75,0.3673806257672139
mapa,4.0,7.0,0.3652765570348359
mapa,4.0,7.25,0.3631290688598454
mapa,4.0,7.5,0.36095254560011136
mapa,4.0,7.75,0.3587586327954153
mapa,4.0,8.0,0.3565567543523068
mapa,4.0,8.25,0.3543545353978295
mapa,4.0,8.5,0.3521581464573458
mapa,4.0,8.75,0.3499725826133594
mapa,4.0,9.0,0.34780188930742856
mapa,4.0,9.25,0.34564934459243774
mapa,4.0,9.5,0.34351760598999437
mapa,4.0,9.75,0.34140882867626643
mapa,4.0,10.0,0.3393247605035572
mapa,4.0,10.25,0.3372668183463045
mapa,4.0,10.5,0.33523614941575397
mapa,4.0,10.75,0.3332336804929493
mapa,4.0,11.0,0.3312601574617273
mapa,4.0,11.25,0.3293161770611267
mapa,4.0,11.5,0.32740221240170575
mapa,4.0,11.75,0.3255186334870489
mapa,4.0,12.0,0.3236657237370524
mapa,4.0,12.25,0.3218436933124601
mapa,4.0,12.5,0.32005268988154134
mapa,4.0,12.75,0.3182928073423713
mapa,4.0,13.0,0.31656409291185295
mapa,4.0,13.25,0.3148665529105231
mapa,4.0,13.5,0.3132001575063603
mapa,4.0,13.75,0.3115648446280342
mapa,4.0,14.0,0.3099605232157675
mapa,4.0,14.25,0.3083870759441137
mapa,4.0,14.5,0.30684436152383193
mapa,4.0,14.75,0.3053322166683426
mapa,4.0,15.0,0.3038504577928644
mapa,4.0,15.25,0.3023988825004345
mapa,4.0,15.5,0.30097727089789605
mapa,4.0,15.75,0.29958538677604074
mapa,4.0,16.0,0.2982229786809901
mapa,4.25,-16.0,0.3409499165473575
mapa,4.25,-15.75,0.3385270325294438
mapa,4.25,-15.5,0.3360810145541226
mapa,4.25,-15.25,0.33361208941627574
mapa,4.25,-15.0,0.3311205002818918
mapa,4.25,-14.75,0.3286065068884111
mapa,4.25,-14.5,0.3260703857297648
mapa,4.25,-14.25,0.32351243022523063
mapa,4.25,-14.0,0.32093295087122437
mapa,4.25,-13.75,0.31833227537515624
mapa,4.25,-13.5,0.3157107487704877
mapa,4.25,-13.25,0.3130687335121386
mapa,4.25,-13.0,0.31040660955141086
mapa,4.25,-12.75,0.30772477438962087
mapa,4.25,-12.5,0.3050236431096607
mapa,4.25,-12.25,0.3023036483847511
mapa,4.25,-12.0,0.29956524046369837
mapa,4.25,-11.75,0.29680888713204434
mapa,4.25,-11.5,0.29403507364859205
mapa,4.25,-11.25,0.29124430265693096
mapa,4.25,-11.0,0.28843709407178314
mapa,4.25,-10.75,0.2856139849402848
mapa,4.25,-10.5,0.2827755292787481
mapa,4.25,-10.25,0.27992229788610523
mapa,4.25,-10.0,0.27705487813622587
mapa,4.25,-9.75,0.2741738737528301
mapa,4.25,-9.5,0.2712799045730635
mapa,4.25,-9.25,0.2683736063094375
mapa,4.25,-9.0,0.26545563032547703
mapa,4.25,-8.75,0.26252664344916765
mapa,4.25,-8.5,0.25958732786190875
mapa,4.25,-8.25,0.2566383811218382
mapa,4.25,-8.0,0.2536805164133097
mapa,4.25,-7.75,0.2507144631654595
mapa,4.25,-7.5,0.24774096826227304
mapa,4.25,-7.25,0.24476079818986723
mapa,4.25,-7.0,0.24177474265777255
mapa,4.25,-6.75,0.23878362052647517
mapa,4.25,-6.5,0.2357882893293319
mapa,4.25,-6.25,0.23278966037804408
mapa,4.25,-6.0,0.22978872251483856
mapa,4.25,-5.75,0.22678657921140727
mapa,4.25,-5.5,0.22378450619353887
mapa,4.25,-5.25,0.2207840404933806
mapa,4.25,-5.0,0.2177871173631053
mapa,4.25,-4.75,0.21479627958864494
mapa,4.25,-4.5,0.2118149953972931
mapa,4.25,-4.25,0.20884813749404826
mapa,4.25,-4.0,0.20590269787278917
mapa,4.25,-3.75,0.2029888414419037
mapa,4.25,-3.5,0.2001214350390658
mapa,4.25,-3.25,0.19732222230366592
mapa,4.25,-3.0,0.19462283744003533
mapa,4.25,-2.75,0.1920688389133138
mapa,4.25,-2.5,0.18972485767004418
mapa,4.25,-2.25,0.18768073447102232
mapa,4.25,-2.0,0.18605809628561873
mapa,4.25,-1.75,0.1850161382706219
mapa,4.25,-1.5,0.18475446224817146
mapa,4.25,-1.25,0.18550988144317848
mapa,4.25,-1.0,0.1875436160873675
mapa,4.25,-0.75,0.19111601484952875
mapa,4.25,-0.5,0.1964485581465272
mapa,4.25,-0.25,0.20367751203976064
mapa,4.25,0.0,0.2128089750442385
mapa,4.25,0.25,0.22368857706212653
mapa,4.25,0.5,0.23599790350476024
mapa,4.25,0.75,0.2492828480990663
mapa,4.25,1.0,0.2630088733790965
mapa,4.25,1.25,0.276629340335016
mapa,4.25,1.5,0.2896498775005443
mapa,4.25,1.75,0.3016751524999214
mapa,4.25,2.0,0.31243184746733876
mapa,4.25,2.25,0.3217692156202575
mapa,4.25,2.5,0.329643475125099
mapa,4.25,2.75,0.3360937496758989
mapa,4.25,3.0,0.3412161735455551
mapa,4.25,3.25,0.34514055001937965
mapa,4.25,3.5,0.3480117136473774
mapa,4.25,3.75,0.34997607392218716
mapa,4.25,4.0,0.35117282958451834
mapa,4.25,4.25,0.3517289127528949
mapa,4.25,4.5,0.3517566537149228
mapa,4.25,4.75,0.35135327727436816
mapa,4.25,5.0,0.35060153117289905
mapa,4.25,5.25,0.34957093881933266
mapa,4.25,5.5,0.3483193315871197
mapa,4.25,5.75,0.34689444141409137
mapa,4.25,6.0,0.3453354245057913
mapa,4.25,6.25,0.3436742480603142
mapa,4.25,6.5,0.34193691129363735
mapa,4.25,6.75,0.34014449599653596
mapa,4.25,7.0,0.33831405539545195
mapa,4.25,7.25,0.3364593568906886
mapa,4.25,7.5,0.334591496871238
mapa,4.25,7.75,0.33271940597964605
mapa,4.25,8.0,0.3308502620402544
mapa,4.25,8.25,0.3289898260695715
mapa,4.25,8.5,0.3271427147788978
mapa,4.25,8.75,0.32531262099612346
mapa,4.25,9.0,0.32350249160113465
mapa,4.25,9.25,0.32171467094325845
mapa,4.25,9.5,0.31995101630453404
mapa,4.25,9.75,0.31821299078168896
mapa,4.25,10.0,0.3165017379635547
mapa,4.25,10.25,0.3148181419557396
mapa,4.25,10.5,0.3131628756263851
mapa,4.25,10.75,0.31153643939282305
mapa,4.25,11.0,0.30993919241824736
mapa,4.25,11.25,0.30837137772215256
mapa,4.25,11.5,0.3068331424128804
mapa,4.25,11.75,0.3053245540123138
mapa,4.25,12.0,0.30384561365081564
mapa,4.25,12.25,0.30239626675614256
mapa,4.25,12.5,0.3009764117360273
mapa,4.25,12.75,0.29958590705457144
mapa,4.25,13.0,0.2982245770227077
mapa,4.25,13.25,0.2968922165589707
mapa,4.25,13.5,0.2955885951254976
mapa,4.25,13.75,0.2943134600030767
mapa,4.25,14.0,0.2930665390361515
mapa,4.25,14.25,0.29184754295234316
mapa,4.25,14.5,0.29065616733996563
mapa,4.25,14.75,0.28949209435014545
mapa,4.25,15.0,0.288354994176664
mapa,4.25,15.25,0.28724452635585707
mapa,4.25,15.5,0.28616034092028586
mapa,4.25,15.75,0.28510207943300414
mapa,4.25,16.0,0.2840693759237533
mapa,4.5,-16.0,0.310419706142964
mapa,4.5,-15.75,0.307737972188501
mapa,4.5,-15.5,0.305036940073287
mapa,4.5,-15.25,0.3023170423683506
mapa,4.5,-15.0,0.29957872921862777
mapa,4.5,-14.75,0.2968224683033774
mapa,4.5,-14.5,0.2940487447714801
mapa,4.5,-14.25,0.29125806115096575
mapa,4.5,-14.0,0.2884509372321543
mapa,4.5,-13.75,0.28562790992384174
mapa,4.5,-13.5,0.2827895330820154
mapa,4.5,-13.25,0.27993637731063675
mapa,4.5,-13.0,0.27706902973409425
mapa,4.5,-12.75,0.2741880937409972
mapa,4.5,-12.5,0.2712941886990638
mapa,4.5,-12.25,0.2683879496409476
mapa,4.5,-12.0,0.26547002692095917
mapa,4.5,-11.75,0.26254108584277974
mapa,4.5,-11.5,0.25960180625844675
mapa,4.5,-11.25,0.25665288213912957
mapa,4.5,-11.0,0.2536950211185584
mapa,4.5,-10.75,0.2507289440104556
mapa,4.5,-10.5,0.24775538430203417
mapa,4.5,-10.25,0.24477508762671182
mapa,4.5,-10.0,0.24178881122081114
mapa,4.5,-9.75,0.23879732337153026
mapa,4.5,-9.5,0.23580140286731496
mapa,4.5,-9.25,0.23280183846773306
mapa,4.5,-9.0,0.22979942841920054
mapa,4.5,-8.75,0.22679498005728282
mapa,4.5,-8.5,0.22378930955863072
mapa,4.5,-8.25,0.22078324194033813
mapa,4.5,-8.0,0.21777761145848068
mapa,4.5,-7.75,0.21477326264141544
mapa,4.5,-7.5,0.2117710523234644
mapa,4.5,-7.25,0.20877185324605108
mapa,4.5,-7.0,0.20577656010482626
mapa,4.5,-6.75,0.20278609940165515
mapa,4.5,-6.5,0.1998014451987822
mapa,4.5,-6.25,0.19682364400305802
mapa,4.5,-6.0,0.19385385373012062
mapa,4.5,-5.75,0.19089340430384785
mapa,4.5,-5.5,0.1879438913549467
mapa,4.5,-5.25,0.18500732028136077
mapa,4.5,-5.0,0.18208632641237774
mapa,4.5,-4.75,0.17918450917931278
mapa,4.5,-4.5,0.17630693518344046
mapa,4.5,-4.25,0.17346088791744066
mapa,4.5,-4.0,0.1706569710238418
mapa,4.5,-3.75,0.16791070590855503
mapa,4.5,-3.5,0.16524479785180854
mapa,4.5,-3.25,0.16269226465642206
mapa,4.5,-3.0,0.1603006033587222
mapa,4.5,-2.75,0.15813707139681094
mapa,4.5,-2.5,0.15629491764869735
mapa,4.5,-2.25,0.1548999447682629
mapa,4.5,-2.0,0.15411606870024594
mapa,4.5,-1.75,0.1541476067780905
mapa,4.5,-1.5,0.15523510824344258
mapa,4.5,-1.25,0.15764115792867997
mapa,4.5,-1.0,0.16162349357108788
mapa,4.5,-0.75,0.1673956561251988
mapa,4.5,-0.5,0.17508019392516339
mapa,4.5,-0.25,0.18466475034839172
mapa,4.5,0.0,0.1959744466424861
mapa,4.5,0.25,0.20867208920763702
mapa,4.5,0.5,0.22229026252278247
mapa,4.5,0.75,0.23628903964675702
mapa,4.5,1.0,0.25012472873938735
mapa,4.5,1.25,0.26331270961860687
mapa,4.5,1.5,0.2754714859343681
mapa,4.5,1.75,0.2863427397575634
mapa,4.5,2.0,0.29578953570241545
mapa,4.5,2.25,0.3037792828391037
mapa,4.5,2.5,0.31035913972396656
mapa,4.5,2.75,0.3156302434896997
mapa,4.5,3.0,0.31972486427474933
mapa,4.5,3.25,0.3227883966146913
mapa,4.5,3.5,0.3249665101392415
mapa,4.5,3.75,0.3263968706649266
mapa,4.5,4.0,0.32720446720906826
mapa,4.5,4.25,0.3274995431848837
mapa,4.5,4.5,0.32737726373239207
mapa,4.5,4.75,0.3269184437304478
mapa,4.5,5.0,0.3261908503481829
mapa,4.5,5.25,0.32525075263740394
mapa,4.5,5.5,0.32414451159937696
mapa,4.5,5.75,0.3229100903341327
mapa,4.5,6.0,0.3215784219834355
mapa,4.5,6.25,0.3201746103581427
mapa,4.5,6.5,0.3187189605920154
mapa,4.5,6.75,0.3172278497169465
mapa,4.5,7.0,0.31571445323191116
mapa,4.5,7.25,0.31418934598889803
mapa,4.5,7.5,0.31266099568180294
mapa,4.5,7.75,0.31113616595671684
mapa,4.5,8.0,0.309620244323537
mapa,4.5,8.25,0.30811750803340515
mapa,4.5,8.5,0.3066313391166413
mapa,4.5,8.75,0.30516439796654365
mapa,4.5,9.0,0.3037187632551078
mapa,4.5,9.25,0.3022960445887782
mapa,4.5,9.5,0.30089747314626397
mapa,4.5,9.75,0.29952397456643254
mapa,4.5,10.0,0.2981762275485311
mapa,4.5,10.25,0.29685471096527455
mapa,4.5,10.5,0.29555974174895866
mapa,4.5,10.75,0.2942915053713666
mapa,4.5,11.0,0.29305008038216773
mapa,4.5,11.25,0.2918354581827208
mapa,4.5,11.5,0.29064755898008215
mapa,4.5,11.75,0.2894862446791173
mapa,4.5,12.0,0.28835132932031654
mapa,4.5,12.25,0.2872425875501804
mapa,4.5,12.5,0.286159761514134
mapa,4.5,12.75,0.28510256648419874
mapa,4.5,13.0,0.28407069547134206
mapa,4.5,13.25,0.28306382302250055
mapa,4.5,13.5,0.28208160836227786
mapa,4.5,13.75,0.2811236980073049
mapa,4.5,14.0,0.28018972795561525
mapa,4.5,14.25,0.2792793255328823
mapa,4.5,14.5,0.2783921109609546
mapa,4.5,14.75,0.27752769870100263
mapa,4.5,15.0,0.27668569861309383
mapa,4.5,15.25,0.27586571696562956
mapa,4.5,15.5,0.2750673573213669
mapa,4.5,15.75,0.2742902213213972
mapa,4.5,16.0,0.2735339093841765
mapa,4.75,-16.0,0.27708315621863544
mapa,4.75,-15.75,0.2742022928660103
mapa,4.75,-15.5,0.27130845731489867
mapa,4.75,-15.25,0.2684022845022426
mapa,4.75,-15.0,0.26548442468589223
mapa,4.75,-14.75,0.26255554307104917
mapa,4.75,-14.5,0.2596163194071627
mapa,4.75,-14.25,0.25666744755533666
mapa,4.75,-14.0,0.25370963502639166
mapa,4.75,-13.75,0.25074360248980654
mapa,4.75,-13.5,0.24777008325385524
mapa,4.75,-13.25,0.24478982271734434
mapa,4.75,-13.0,0.2418035777934585
mapa,4.75,-12.75,0.2388121163063233
mapa,4.75,-12.5,0.23581621636101602
mapa,4.75,-12.25,0.23281666568788795
mapa,4.75,-12.0,0.22981426096221946
mapa,4.75,-11.75,0.22680980710043644
mapa,4.75,-11.5,0.22380411653437307
mapa,4.75,-11.25,0.22079800846543057
mapa,4.75,-11.0,0.21779230810099381
mapa,4.75,-10.75,0.21478784587622232
mapa,4.75,-10.5,0.21178545666545473
mapa,4.75,-10.25,0.20878597898918197
mapa,4.75,-10.0,0.20579025422515937
mapa,4.75,-9.75,0.2027991258362834
mapa,4.75,-9.5,0.19981343863411916
mapa,4.75,-9.25,0.19683403810670422
mapa,4.75,-9.0,0.19386176985437845
mapa,4.75,-8.75,0.19089747920092565
mapa,4.75,-8.5,0.18794201108390587
mapa,4.75,-8.25,0.18499621038495
mapa,4.75,-8.0,0.18206092294915147
mapa,4.75,-7.75,0.17913699767978236
mapa,4.75,-7.5,0.17622529030691086
mapa,4.75,-7.25,0.173326669756743
mapa,4.75,-7.0,0.17044202855460874
mapa,4.75,-6.75,0.16757229947220179
mapa,4.75,-6.5,0.16471848181973645
mapa,4.75,-6.25,0.16188168259499308
mapa,4.75,-6.0,0.15906318043928294
mapa,4.75,-5.75,0.1562645244530054
mapa,4.75,-5.5,0.15348768600083149
mapa,4.75,-5.25,0.1507352905048291
mapa,4.75,-5.0,0.14801096890776028
mapa,4.75,-4.75,0.1453198861393822
mapa,4.75,-4.5,0.1426695275455401
mapa,4.75,-4.25,0.1400708540818337
mapa,4.75,-4.0,0.13753997133225498
mapa,4.75,-3.75,0.13510048998524027
mapa,4.75,-3.5,0.13278677226944177
mapa,4.75,-3.25,0.13064823319636892
mapa,4.75,-3.0,0.12875475273633033
mapa,4.75,-2.75,0.1272029920112594
mapa,4.75,-2.5,0.12612292246079046
mapa,4.75,-2.25,0.12568312976760707
mapa,4.75,-2.0,0.12609250432380065
mapa,4.75,-1.75,0.12759504367505003
mapa,4.75,-1.5,0.13045422286521685
mapa,4.75,-1.25,0.13492450847155402
mapa,4.75,-1.0,0.14121072904210172
mapa,4.75,-0.75,0.14942098421791317
mapa,4.75,-0.5,0.15952397694726914
mapa,4.75,-0.25,0.17132425721109015
mapa,4.75,0.0,0.1844662761559318
mapa,4.75,0.25,0.19847012447581433
mapa,4.75,0.5,0.21279147079297783
mapa,4.75,0.75,0.2268904675890317
mapa,4.75,1.0,0.24029286149550078
mapa,4.75,1.25,0.25263125011091536
mapa,4.75,1.5,0.2636622512481365
mapa,4.75,1.75,0.273262456130134
mapa,4.75,2.0,0.28141007529096906
mapa,4.75,2.25,0.2881599029859324
mapa,4.75,2.5,0.2936177304026589
mapa,4.75,2.75,0.2979180233696235
mapa,4.75,3.0,0.3012065467326364
mapa,4.75,3.25,0.30362811270450035
mapa,4.75,3.5,0.30531879409548296
mapa,4.75,3.75,0.3064016192077556
mapa,4.75,4.0,0.30698475651905105
mapa,4.75,4.25,0.30716134297560393
mapa,4.75,4.5,0.3070103043767938
mapa,4.75,4.75,0.30659770286098653
mapa,4.75,5.0,0.3059783006696392
mapa,4.75,5.25,0.30519714580805063
mapa,4.75,5.5,0.30429106760531377
mapa,4.75,5.75,0.3032900253721609
mapa,4.75,6.0,0.3022182884450037
mapa,4.75,6.25,0.301095446925957
mapa,4.75,6.5,0.2999372640446697
mapa,4.75,6.75,0.2987563866571412
mapa,4.75,7.0,0.29756293229650416
mapa,4.75,7.25,0.2963649709574077
mapa,4.75,7.5,0.2951689184301499
mapa,4.75,7.75,0.2939798561239635
mapa,4.75,8.0,0.29280179029979375
mapa,4.75,8.25,0.29163786167810385
mapa,4.75,8.5,0.2904905146017717
mapa,4.75,8.75,0.28936163336166015
mapa,4.75,9.0,0.2882526519410179
mapa,4.75,9.25,0.2871646422932961
mapa,4.75,9.5,0.28609838531568554
mapa,4.75,9.75,0.28505442789368274
mapa,4.75,10.0,0.28403312874619824
mapa,4.75,10.25,0.283034695273634
mapa,4.75,10.5,0.28205921318298155
mapa,4.75,10.75,0.28110667031697445
mapa,4.75,11.0,0.2801769758339276
mapa,4.75,11.25,0.2792699756588004
mapa,4.75,11.5,0.27838546494398864
mapa,4.75,11.75,0.2775231981319902
mapa,4.75,12.0,0.2766828970945266
mapa,4.75,12.25,0.2758642577283514
mapa,4.75,12.5,0.27506695531229847
mapa,4.75,12.75,0.2742906488694596
mapa,4.75,13.0,0.27353498472976995
mapa,4.75,13.25,0.2727995994493468
mapa,4.75,13.5,0.27208412221174644
mapa,4.75,13.75,0.2713881768113435
mapa,4.75,14.0,0.27071138329906347
mapa,4.75,14.25,0.2700533593547067
mapa,4.75,14.5,0.26941372143731673
mapa,4.75,14.75,0.26879208575481117
mapa,4.75,15.0,0.2681880690859102
mapa,4.75,15.25,0.2676012894808536
mapa,4.75,15.5,0.2670313668621626
mapa,4.75,15.75,0.26647792354252336
mapa,4.75,16.0,0.2659405846735162
mapa,5.0,-16.0,0.24181835421282435
mapa,5.0,-15.75,0.2388269251534478
mapa,5.0,-15.5,0.23583105358809778
mapa,5.0,-15.25,0.23283152718022734
mapa,5.0,-15.0,0.22982914253786724
mapa,5.0,-14.75,0.22682470450759876
mapa,5.0,-14.5,0.2238190254452168
mapa,5.0,-14.25,0.22081292446417292
mapa,5.0,-14.0,0.217807226662975
mapa,5.0,-13.75,0.2148027623328094
mapa,5.0,-13.5,0.21180036614673778
mapa,5.0,-13.25,0.20880087633191255
mapa,5.0,-13.0,0.2058051338263489
mapa,5.0,-12.75,0.20281398142189047
mapa,5.0,-12.5,0.19982826289512626
mapa,5.0,-12.25,0.1968488221281503
mapa,5.0,-12.0,0.19387650222123295
mapa,5.0,-11.75,0.19091214459971328
mapa,5.0,-11.5,0.1879565881177565
mapa,5.0,-11.25,0.18501066816211678
mapa,5.0,-11.0,0.18207521575978672
mapa,5.0,-10.75,0.17915105669455003
mapa,5.0,-10.5,0.1762390106391982
mapa,5.0,-10.25,0.17333989031287877
mapa,5.0,-10.0,0.170454500677248
mapa,5.0,-9.75,0.1675836381916462
mapa,5.0,-9.5,0.16472809015771708
mapa,5.0,-9.25,0.16188863419978197
mapa,5.0,-9.0,0.15906603795203644
mapa,5.0,-8.75,0.15626105906217
mapa,5.0,-8.5,0.15347444568095123
mapa,5.0,-8.25,0.15070693770044732
mapa,5.0,-8.0,0.1479592691480472
mapa,5.0,-7.75,0.14523217236727168
mapa,5.0,-7.5,0.14252638496227296
mapa,5.0,-7.25,0.13984266101610568
mapa,5.0,-7.0,0.13718178891184496
mapa,5.0,-6.75,0.13454461933817716
mapa,5.0,-6.5,0.1319321089661533
mapa,5.0,-6.25,0.12934538816087485
mapa,5.0,-6.0,0.12678586539755163
mapa,5.0,-5.75,0.12425538741927683
mapa,5.0,-5.5,0.12175648344639349
mapa,5.0,-5.25,0.11929273497139842
mapa,5.0,-5.0,0.11686933100232855
mapa,5.0,-4.75,0.11449389301088843
mapa,5.0,-4.5,0.11217768437462372
mapa,5.0,-4.25,0.10993735359969016
mapa,5.0,-4.0,0.10779739223069242
mapa,5.0,-3.75,0.10579350180829976
mapa,5.0,-3.5,0.10397703078733005
mapa,5.0,-3.25,0.10242051507571924
mapa,5.0,-3.0,0.10122406966939142
mapa,5.0,-2.75,0.1005218638825225
mapa,5.0,-2.5,0.10048713463052043
mapa,5.0,-2.25,0.10133323049264266
mapa,5.0,-2.0,0.10330733234296241
mapa,5.0,-1.75,0.10667335219822138
mapa,5.0,-1.5,0.1116818520306687
mapa,5.0,-1.25,0.11852821738848895
mapa,5.0,-1.0,0.1273054346806078
mapa,5.0,-0.75,0.13796287294704682
mapa,5.0,-0.5,0.15028455589697068
mapa,5.0,-0.25,0.16389710828534215
mapa,5.0,0.0,0.1783090262689637
mapa,5.0,0.25,0.19297261147259384
mapa,5.0,0.5,0.20735278169250315
mapa,5.0,0.75,0.22098627367847
mapa,5.0,1.0,0.2335200434037491
mapa,5.0,1.25,0.2447255961726541
mapa,5.0,1.5,0.2544927945974708
mapa,5.0,1.75,0.2628103031999289
mapa,5.0,2.0,0.26974020312203584
mapa,5.0,2.25,0.2753926451114437
mapa,5.0,2.5,0.27990407427330755
mapa,5.0,2.75,0.28342048905083383
mapa,5.0,3.0,0.28608577675572944
mapa,5.0,3.25,0.28803440394214846
mapa,5.0,3.5,0.2893874642518857
mapa,5.0,3.75,0.2902511039203953
mapa,5.0,4.0,0.2907165012905085
mapa,5.0,4.25,0.2908607725951414
mapa,5.0,4.5,0.2907483596725776
mapa,5.0,4.75,0.29043260490263056
mapa,5.0,5.0,0.2899573306635147
mapa,5.0,5.25,0.28935831930731976
mapa,5.0,5.5,0.28866464204671205
mapa,5.0,5.75,0.287899818234246
mapa,5.0,6.0,0.28708280617565846
mapa,5.0,6.25,0.28622883734704724
mapa,5.0,6.5,0.2853501109212147
mapa,5.0,6.75,0.2844563670796743
mapa,5.0,7.0,0.28355535717190555
mapa,5.0,7.25,0.2826532273289396
mapa,5.0,7.5,0.2817548302286674
mapa,5.0,7.75,0.2808639776904919
mapa,5.0,8.0,0.27998364483862154
mapa,5.0,8.25,0.27911613481225217
mapa,5.0,8.5,0.27826321145528704
mapa,5.0,8.75,0.2774262060931326
mapa,5.0,9.0,0.2766061033866969
mapa,5.0,9.25,0.2758036103227806
mapa,5.0,9.5,0.27501921163144444
mapa,5.0,9.75,0.2742532142906746
mapa,5.0,10.0,0.27350578326456343
mapa,5.0,10.25,0.2727769702035757
mapa,5.0,10.5,0.27206673649724683
mapa,5.0,10.75,0.2713749717964507
mapa,5.0,11.0,0.2707015089021061
mapa,5.0,11.25,0.27004613573988867
mapa,5.0,11.5,0.2694086049979621
mapa,5.0,11.75,0.2687886418902559
mapa,5.0,12.0,0.2681859504159278
mapa,5.0,12.25,0.2676002184119528
mapa,5.0,12.5,0.2670311216367034
mapa,5.0,12.75,0.2664783270750404
mapa,5.0,13.0,0.2659414956175123
mapa,5.0,13.25,0.2654202842358905
mapa,5.0,13.5,0.2649143477529429
mapa,5.0,13.75,0.26442334028488934
mapa,5.0,14.0,0.2639469164193907
mapa,5.0,14.25,0.26348473217945634
mapa,5.0,14.5,0.2630364458136706
mapa,5.0,14.75,0.26260171844515234
mapa,5.0,15.0,0.26218021460527013
mapa,5.0,15.25,0.2617716026730196
mapa,5.0,15.5,0.261375555236878
mapa,5.0,15.75,0.260991749392675
mapa,5.0,16.0,0.26061986698839945
mapa,5.25,-16.0,0.20582006516799567
mapa,5.25,-15.75,0.20282889705107163
mapa,5.25,-15.5,0.19984315833551874
mapa,5.25,-15.25,0.19686369288428918
mapa,5.25,-15.0,0.19389134377675568
mapa,5.25,-14.75,0.1909269524116978
mapa,5.25,-14.5,0.1879713576049142
mapa,5.25,-14.25,0.18502539468335094
mapa,5.25,-14.0,0.18208989457767505
mapa,5.25,-13.75,0.17916568291526128
mapa,5.25,-13.5,0.17625357911559425
mapa,5.25,-13.25,0.17335439549012768
mapa,5.25,-13.0,0.1704689363486813
mapa,5.25,-12.75,0.16759799711451198
mapa,5.25,-12.5,0.16474236345026833
mapa,5.25,-12.25,0.1619028103971548
mapa,5.25,-12.0,0.15908010152980082
mapa,5.25,-11.75,0.15627498812961935
mapa,5.25,-11.5,0.1534882083798736
mapa,5.25,-11.25,0.15072048658638348
mapa,5.25,-11.0,0.14797253242891586
mapa,5.25,-10.75,0.14524504025006849
mapa,5.25,-10.5,0.14253868839123585
mapa,5.25,-10.25,0.1398541385896023
mapa,5.25,-10.0,0.13719203545694564
mapa,5.25,-9.75,0.13455300607171983
mapa,5.25,-9.5,0.13193765973258717
mapa,5.25,-9.25,0.12934658794761753
mapa,5.25,-9.0,0.1267803647739655
mapa,5.25,-8.75,0.12423954768600097
mapa,5.25,-8.5,0.12172467924804524
mapa,5.25,-8.25,0.11923629002018779
mapa,5.25,-8.0,0.11677490336158948
mapa,5.25,-7.75,0.11434104316023469
mapa,5.25,-7.5,0.11193524607982597
mapa,5.25,-7.25,0.10955808077698685
mapa,5.25,-7.0,0.10721017786021303
mapa,5.25,-6.75,0.10489227636552784
mapa,5.25,-6.5,0.10260529554660137
mapa,5.25,-6.25,0.100350445295123
mapa,5.25,-6.0,0.09812939517809165
mapa,5.25,-5.75,0.09594453177101872
mapa,5.25,-5.5,0.09379934774761635
mapa,5.25,-5.25,0.09169902520888329
mapa,5.25,-5.0,0.08965130089693713
mapa,5.25,-4.75,0.0876677321339554
mapa,5.25,-4.5,0.0857655169665009
mapa,5.25,-4.25,0.08397005244480477
mapa,5.25,-4.0,0.0823184245890623
mapa,5.25,-3.75,0.08086398166582018
mapa,5.25,-3.5,0.07968199964210235
mapa,5.25,-3.25,0.07887613828342054
mapa,5.25,-3.0,0.07858483993901574
mapa,5.25,-2.75,0.07898601517432285
mapa,5.25,-2.5,0.08029739023574646
mapa,5.25,-2.25,0.0827690925352991
mapa,5.25,-2.0,0.08666504355411556
mapa,5.25,-1.75,0.09223129815612865
mapa,5.25,-1.5,0.09965311448947747
mapa,5.25,-1.25,0.1090077705902146
mapa,5.25,-1.0,0.12022500082585211
mapa,5.25,-0.75,0.13306845277885093
mapa,5.25,-0.5,0.14714755240834923
mapa,5.25,-0.25,0.16196017473440907
mapa,5.25,0.0,0.17695633286316653
mapa,5.25,0.25,0.1916066431687512
mapa,5.25,0.5,0.20545945256672052
mapa,5.25,0.75,0.21817633567541755
mapa,5.25,1.0,0.22954364201144853
mapa,5.25,1.25,0.23946426793535752
mapa,5.25,1.5,0.24793701301888904
mapa,5.25,1.75,0.2550309318810607
mapa,5.25,2.0,0.2608602783068722
mapa,5.25,2.25,0.265563297514562
mapa,5.25,2.5,0.26928611936116326
mapa,5.25,2.75,0.2721716696676998
mapa,5.25,3.0,0.2743528225446108
mapa,5.25,3.25,0.27594878644457244
mapa,5.25,3.5,0.27706375816405604
mapa,5.25,3.75,0.2777870441954158
mapa,5.25,4.0,0.2781940452492156
mapa,5.25,4.25,0.27834767974796265
mapa,5.25,4.5,0.278299967128964
mapa,5.25,4.75,0.2780935994452846
mapa,5.25,5.0,0.2777634048718864
mapa,5.25,5.25,0.277337656421433
mapa,5.25,5.5,0.27683921034875175
mapa,5.25,5.75,0.27628647708736914
mapa,5.25,6.0,0.2756942374498054
mapa,5.25,6.25,0.27507432133713783
mapa,5.25,6.5,0.27443616746742244
mapa,5.25,6.75,0.27378728204974473
mapa,5.25,7.0,0.2731336127955819
mapa,5.25,7.25,0.2724798527214567
mapa,5.25,7.5,0.27182968617910297
mapa,5.25,7.75,0.2711859876288635
mapa,5.25,8.0,0.27055098193590454
mapa,5.25,8.25,0.2699263734501652
mapa,5.25,8.5,0.2693134498319217
mapa,5.25,8.75,0.26871316549126895
mapa,5.25,9.0,0.26812620859984715
mapa,5.25,9.25,0.2675530548825434
mapa,5.25,9.5,0.266994010781837
mapa,5.25,9.75,0.26644924808602666
mapa,5.25,10.0,0.2659188317053862
mapa,5.25,10.25,0.26540274195065605
mapa,5.25,10.5,0.26490089240206305
mapa,5.25,10.75,0.26441314424247325
mapa,5.25,11.0,0.2639393177555716
mapa,5.25,11.25,0.26347920155112553
mapa,5.25,11.5,0.2630325599678838
mapa,5.25,11.75,0.2625991390151735
mapa,5.25,12.0,0.2621786711424906
mapa,5.25,12.25,0.2617708790688375
mapa,5.25,12.5,0.26137547885746143
mapa,5.25,12.75,0.26099218238470095
mapa,5.25,13.0,0.26062069932206955
mapa,5.25,13.25,0.2602607387270133
mapa,5.25,13.5,0.2599120103188085
mapa,5.25,13.75,0.2595742255008821
mapa,5.25,14.0,0.2592470981786781
mapa,5.25,14.25,0.2589303454124633
mapa,5.25,14.5,0.25862368793667406
mapa,5.25,14.75,0.25832685057117183
mapa,5.25,15.0,0.2580395625447789
mapa,5.25,15.25,0.25776155774747456
mapa,5.25,15.5,0.2574925749244269
mapa,5.25,15.75,0.25723235782247617
mapa,5.25,16.0,0.2569806552976304
mapa,5.5,-16.0,0.1704834684429811
mapa,5.5,-15.75,0.16761246381012337
mapa,5.5,-15.5,0.1647567604925445
mapa,5.5,-15.25,0.16191713356544946
mapa,5.5,-15.0,0.15909434663103483
mapa,5.5,-14.75,0.1562891509852199
mapa,5.5,-14.5,0.1535022848024056
mapa,5.5,-14.25,0.15073447234012838
mapa,5.5,-14.0,0.14798642316543847
mapa,5.5,-13.75,0.1452588314047907
mapa,5.5,-13.5,0.1425523750191961
mapa,5.5,-13.25,0.13986771510634916
mapa,5.5,-13.0,0.13720549523142775
mapa,5.5,-12.75,0.13456634078826235
mapa,5.5,-12.5,0.13195085839262574
mapa,5.5,-12.25,0.12935963530950312
mapa,5.5,-12.0,0.1267932389164362
mapa,5.5,-11.75,0.12425221620543732
mapa,5.5,-11.5,0.12173709332665456
mapa,5.5,-11.25,0.11924837517809363
mapa,5.5,-11.0,0.1167865450475111
mapa,5.5,-10.75,0.11435206431547829
mapa,5.5,-10.5,0.11194537223317731
mapa,5.5,-10.25,0.10956688579566237
mapa,5.5,-10.0,0.10721699974257218
mapa,5.5,-9.75,0.10489608673587231
mapa,5.5,-9.5,0.10260449779167133
mapa,5.5,-9.25,0.10034256308596931
mapa,5.5,-9.0,0.09811059332082227
mapa,5.5,-8.75,0.09590888194094999
mapa,5.5,-8.5,0.09373770865146137
mapa,5.5,-8.25,0.09159734493611078
mapa,5.5,-8.0,0.08948806265975515
mapa,5.5,-7.75,0.08741014743052605
mapa,5.5,-7.5,0.08536391930548856
mapa,5.5,-7.25,0.0833497648109602
mapa,5.5,-7.0,0.08136818635555099
mapa,5.5,-6.75,0.07941987828952546
mapa,5.5,-6.5,0.07750584360415835
mapa,5.5,-6.25,0.07562757225143926
mapa,5.5,-6.0,0.0737873121924864
mapa,5.5,-5.75,0.07198847863947147
mapa,5.5,-5.5,0.07023626668568056
mapa,5.5,-5.25,0.06853855845006691
mapa,5.5,-5.0,0.06690724768468286
mapa,5.5,-4.75,0.06536013946851171
mapa,5.5,-4.5,0.06392361165170087
mapa,5.5,-4.25,0.06263623005930864
mapa,5.5,-4.0,0.06155345832955517
mapa,5.5,-3.75,0.06075344400353083
mapa,5.5,-3.5,0.06034352680874993
mapa,5.5,-3.25,0.06046653673352205
mapa,5.5,-3.0,0.061305113098917716
mapa,5.5,-2.75,0.06308130399824755
mapa,5.5,-2.5,0.06604796408389792
mapa,5.5,-2.25,0.07046861132177162
mapa,5.5,-2.0,0.0765842106848496
mapa,5.5,-1.75,0.08456924357344342
mapa,5.5,-1.5,0.09448474226134995
mapa,5.5,-1.25,0.10624058504697684
mapa,5.5,-1.0,0.11958028243993638
mapa,5.5,-0.75,0.1340967684255114
mapa,5.5,-0.5,0.14927832250294398
mapa,5.5,-0.25,0.1645737660324988
mapa,5.5,0.0,0.1794603374359126
mapa,5.5,0.25,0.19349858986422425
mapa,5.5,0.5,0.20636495308791958
mapa,5.5,0.75,0.21786056334047285
mapa,5.5,1.0,0.22790111123703116
mapa,5.5,1.25,0.23649522096178113
mapa,5.5,1.5,0.24371862191006033
mapa,5.5,1.75,0.24968943115970746
mapa,5.5,2.0,0.25454753066233876
mapa,5.5,2.25,0.25843909251640107
mapa,5.5,2.5,0.26150605396228555
mapa,5.5,2.75,0.2638797163976593
mapa,5.5,3.0,0.2656774551725236
mapa,5.5,3.25,0.2670015901657359
mapa,5.5,3.5,0.26793964000456133
mapa,5.5,3.75,0.2685653790291369
mapa,5.5,4.0,0.2689402924081949
mapa,5.5,4.25,0.2691151652353182
mapa,5.5,4.5,0.26913164480317886
mapa,5.5,4.75,0.2690236868987207
mapa,5.5,5.0,0.26881884406477363
mapa,5.5,5.25,0.2685393831179941
mapa,5.5,5.5,0.2682032363453647
mapa,5.5,5.75,0.26782479989475894
mapa,5.5,6.0,0.2674155968982607
mapa,5.5,6.25,0.2669848238442074
mapa,5.5,6.5,0.26653979797615435
mapa,5.5,6.75,0.26608632188920295
mapa,5.5,7.0,0.265628979533053
mapa,5.5,7.25,0.2651713758179268
mapa,5.5,7.5,0.2647163301180569
mapa,5.5,7.75,0.2642660322566666
mapa,5.5,8.0,0.2638221680646336
mapa,5.5,8.25,0.2633860203318543
mapa,5.5,8.5,0.2629585499002349
mapa,5.5,8.75,0.26254046075786797
mapa,5.5,9.0,0.2621322522610128
mapa,5.5,9.25,0.2617342610103085
mapa,5.5,9.5,0.2613466944186065
mapa,5.5,9.75,0.26096965761083807
mapa,5.5,10.0,0.26060317497506696
mapa,5.5,10.25,0.2602472074244853
mapa,5.5,10.5,0.25990166622106814
mapa,5.5,10.75,0.2595664240433755
mapa,5.5,11.0,0.25924132384577026
mapa,5.5,11.25,0.2589261859477295
mapa,5.5,11.5,0.2586208137047865
mapa,5.5,11.75,0.2583249980427491
mapa,5.5,12.0,0.25803852108081315
mapa,5.5,12.25,0.2577611590242947
mapa,5.5,12.5,0.25749268447173157
mapa,5.5,12.75,0.2572328682522969
mapa,5.5,13.0,0.25698148088639666
mapa,5.5,13.25,0.25673829374384644
mapa,5.5,13.5,0.25650307995923527
mapa,5.5,13.75,0.25627561515223946
mapa,5.5,14.0,0.25605567799117124
mapa,5.5,14.25,0.2558430506304561
mapa,5.5,14.5,0.25563751904665744
mapa,5.5,14.75,0.25543887329280207
mapa,5.5,15.0,0.25524690768686414
mapa,5.5,15.25,0.255061420947148
mapa,5.5,15.5,0.2548822162848086
mapa,5.5,15.75,0.2547091014617511
mapa,5.5,16.0,0.25454188882054557
mapa,5.75,-16.0,0.1372190945826411
mapa,5.75,-15.75,0.13457983113146327
mapa,5.75,-15.5,0.13196423634762275
mapa,5.75,-15.25,0.12937289756816633
mapa,5.75,-15.0,0.12680638222697382
mapa,5.75,-14.75,0.12426523734568604
mapa,5.75,-14.5,0.12174998906032741
mapa,5.75,-14.25,0.11926114218453575
mapa,5.75,-14.0,0.11679917981021147
mapa,5.75,-13.75,0.11436456294631574
mapa,5.75,-13.5,0.11195773019646572
mapa,5.75,-13.25,0.1095790974759198
mapa,5.75,-13.0,0.10722905776851893
mapa,5.75,-12.75,0.10490798092417247
mapa,5.75,-12.5,0.10261621349758161
mapa,5.75,-12.25,0.10035407862911917
mapa,5.75,-12.0,0.09812187596920124
mapa,5.75,-11.75,0.09591988164820975
mapa,5.75,-11.5,0.09374834829521025
mapa,5.75,-11.25,0.09160750511063033
mapa,5.75,-11.0,0.08949755800112306
mapa,5.75,-10.75,0.08741868978966968
mapa,5.75,-10.5,0.08537106052157704
mapa,5.75,-10.25,0.08335480789892376
mapa,5.75,-10.0,0.08137004789461201
mapa,5.75,-9.75,0.0794168756262017
mapa,5.75,-9.5,0.07749536661491688
mapa,5.75,-9.25,0.07560557862554651
mapa,5.75,-9.0,0.07374755439222863
mapa,5.75,-8.75,0.07192132570456154
mapa,5.75,-8.5,0.07012691959079098
mapa,5.75,-8.25,0.06836436773985842
mapa,5.75,-8.0,0.06663372092768113
mapa,5.75,-7.75,0.06493507116948904
mapa,5.75,-7.5,0.0632685857800983
mapa,5.75,-7.25,0.06163455973939152
mapa,5.75,-7.0,0.0600334960958198
mapa,5.75,-6.75,0.05846622911287375
mapa,5.75,-6.5,0.056934112179158725
mapa,5.75,-6.25,0.0554393030825333
mapa,5.75,-6.0,0.053985194197350414
mapa,5.75,-5.75,0.052577055584279636
mapa,5.75,-5.5,0.051222985700497804
mapa,5.75,-5.25,0.04993529682565916
mapa,5.75,-5.0,0.04873249689962589
mapa,5.75,-4.75,0.04764205684053749
mapa,5.75,-4.5,0.04670415300328931
mapa,5.75,-4.25,0.04597651333880083
mapa,5.75,-4.0,0.04554031902948167
mapa,5.75,-3.75,0.04550675139737915
mapa,5.75,-3.5,0.046023163279974535
mapa,5.75,-3.25,0.047276990834829974
mapa,5.75,-3.0,0.04949455253685717
mapa,5.75,-2.75,0.052931207927601504
mapa,5.75,-2.5,0.05784965282487886
mapa,5.75,-2.25,0.06448517991410779
mapa,5.75,-2.0,0.07300086110949454
mapa,5.75,-1.75,0.08344098507006069
mapa,5.75,-1.5,0.09569541278118282
mapa,5.75,-1.25,0.10948782429363216
mapa,5.75,-1.0,0.12439542395166042
mapa,5.75,-0.75,0.13989794844645187
mapa,5.75,-0.5,0.15544411758349616
mapa,5.75,-0.25,0.17051868227784472
mapa,5.75,0.0,0.18469495294740462
mapa,5.75,0.25,0.1976644080324525
mapa,5.75,0.5,0.20924288064215524
mapa,5.75,0.75,0.21935859660375842
mapa,5.75,1.0,0.22802968516019373
mapa,5.75,1.25,0.2353382489065907
mapa,5.75,1.5,0.24140602782833573
mapa,5.75,1.75,0.2463743759556175
mapa,5.75,2.0,0.2503894149445684
mapa,5.75,2.25,0.25359206000814044
mapa,5.75,2.5,0.2561120503721073
mapa,5.75,2.75,0.25806496867047013
mapa,5.75,3.0,0.2595513166049932
mapa,5.75,3.25,0.2606568934816881
mapa,5.75,3.5,0.2614539196825575
mapa,5.75,3.75,0.2620025195392499
mapa,5.75,4.0,0.26235231387714153
mapa,5.75,4.25,0.2625439716672723
mapa,5.75,4.5,0.26261063850456784
mapa,5.75,4.75,0.26257920423910475
mapa,5.75,5.0,0.26247139968311206
mapa,5.75,5.25,0.26230472827777973
mapa,5.75,5.5,0.2620932469455397
mapa,5.75,5.75,0.26184821391548335
mapa,5.75,6.0,0.26157862201937143
mapa,5.75,6.25,0.26129163507520453
mapa,5.75,6.5,0.26099294330236766
mapa,5.75,6.75,0.2606870517322313
mapa,5.75,7.0,0.26037751357178346
mapa,5.75,7.25,0.260067118596573
mapa,5.75,7.5,0.2597580449642551
mapa,5.75,7.75,0.25945198137519865
mapa,5.75,8.0,0.2591502252590765
mapa,5.75,8.25,0.25885376161942636
mapa,5.75,8.5,0.25856332629906187
mapa,5.75,8.75,0.258279456713575
mapa,5.75,9.0,0.25800253251456057
mapa,5.75,9.25,0.25773280816725413
mapa,5.75,9.5,0.2574704390402978
mapa,5.75,9.75,0.25721550229225787
mapa,5.75,10.0,0.25696801358679866
mapa,5.75,10.25,0.2567279404647754
mapa,5.75,10.5,0.2564952130376716
mapa,5.75,10.75,0.25626973253511015
mapa,5.75,11.0,0.25605137813343276
mapa,5.75,11.25,0.2558400124074882
mapa,5.75,11.5,0.25563548567971994
mapa,5.75,11.75,0.2554376394860997
mapa,5.75,12.0,0.25524630933473386
mapa,5.75,12.25,0.2550613268979593
mapa,5.75,12.5,0.2548825217506897
mapa,5.75,12.75,0.25470972274531717
mapa,5.75,13.0,0.25454275909548674
mapa,5.75,13.25,0.2543814612266613
mapa,5.75,13.5,0.25422566143986935
mapa,5.75,13.75,0.25407519442579396
mapa,5.75,14.0,0.25392989765897855
mapa,5.75,14.25,0.2537896116960055
mapa,5.75,14.5,0.2536541803967728
mapa,5.75,14.75,0.2535234510841973
mapa,5.75,15.0,0.25339727465464285
mapa,5.75,15.25,0.25327550564893775
mapa,5.75,15.5,0.25315800229189933
mapa,5.75,15.75,0.25304462650672527
mapa,5.75,16.0,0.2529352439093597
mapa,6.0,-16.0,0.10724129457652555
mapa,6.0,-15.75,0.10492007782416336
mapa,6.0,-15.5,0.10262816843119359
mapa,6.0,-15.25,0.10036588961353438
mapa,6.0,-15.0,0.09813354106625019
mapa,6.0,-14.75,0.09593139891547064
mapa,6.0,-14.5,0.09375971570913805
mapa,6.0,-14.25,0.09161872044615564
mapa,6.0,-14.0,0.0895086186434272
mapa,6.0,-13.75,0.08742959244022008
mapa,6.0,-13.5,0.08538180073924467
mapa,6.0,-13.25,0.08336537938384768
mapa,6.0,-13.0,0.08138044137077712
mapa,6.0,-12.75,0.07942707709812273
mapa,6.0,-12.5,0.07750535464832278
mapa,6.0,-12.25,0.07561532010661487
mapa,6.0,-12.0,0.0737569979161219
mapa,6.0,-11.75,0.07193039127207627
mapa,6.0,-11.5,0.07013548255976729
mapa,6.0,-11.25,0.06837223384408903
mapa,6.0,-11.0,0.06664058742372805
mapa,6.0,-10.75,0.06494046647111601
mapa,6.0,-10.5,0.06327177579189797
mapa,6.0,-10.25,0.06163440275736573
mapa,6.0,-10.0,0.06002821849399555
mapa,6.0,-9.75,0.058453079461997785
mapa,6.0,-9.5,0.056908829629052714
mapa,6.0,-9.25,0.05539530356071773
mapa,6.0,-9.0,0.053912330927754853
mapa,6.0,-8.75,0.05245974320721993
mapa,6.0,-8.5,0.051037383781091086
mapa,6.0,-8.25,0.049645123293198874
mapa,6.0,-8.0,0.048282883132353245
mapa,6.0,-7.75,0.04695067144593433
mapa,6.0,-7.5,0.04564863841741103
mapa,6.0,-7.25,0.04437716104434117
mapa,6.0,-7.0,0.04313697286794623
mapa,6.0,-6.75,0.04192936176359084
mapa,6.0,-6.5,0.04075646994953123
mapa,6.0,-6.25,0.03962174592911927
mapa,6.0,-6.0,0.038530619264681834
mapa,6.0,-5.75,0.03749149654022661
mapa,6.0,-5.5,0.036517209814900725
mapa,6.0,-5.25,0.03562708324210246
mapa,6.0,-5.0,0.03484980895277142
mapa,6.0,-4.75,0.034227318631314674
mapa,6.0,-4.5,0.03381976535085334
mapa,6.0,-4.25,0.03371153487686056
mapa,6.0,-4.0,0.03401781636953783
mapa,6.0,-3.75,0.03489061938533811
mapa,6.0,-3.5,0.03652223601840583
mapa,6.0,-3.25,0.039143186300097166
mapa,6.0,-3.0,0.043011088216873425
mapa,6.0,-2.75,0.048387371338391785
mapa,6.0,-2.5,0.05550105588851701
mapa,6.0,-2.25,0.06450317159361901
mapa,6.0,-2.0,0.07542078941884017
mapa,6.0,-1.75,0.08812363569751125
mapa,6.0,-1.5,0.10231591636577762
mapa,6.0,-1.25,0.11755990443365519
mapa,6.0,-1.0,0.133327853399552
mapa,6.0,-0.75,0.14906944589841775
mapa,6.0,-0.5,0.1642777857804279
mapa,6.0,-0.25,0.1785394323544884
mapa,6.0,0.0,0.19156105104546572
mapa,6.0,0.25,0.2031730388001552
mapa,6.0,0.5,0.21331586790247226
mapa,6.0,0.75,0.22201683415262174
mapa,6.0,1.0,0.22936409933295387
mapa,6.0,1.25,0.2354827761280655
mapa,6.0,1.5,0.2405155160671862
mapa,6.0,1.75,0.24460828618457253
mapa,6.0,2.0,0.24790093262803722
mapa,6.0,2.25,0.2505216273589849
mapa,6.0,2.5,0.25258418333700966
mapa,6.0,2.75,0.25418732418599893
mapa,6.0,3.0,0.25541517889346177
mapa,6.0,3.25,0.25633846618853356
mapa,6.0,3.5,0.2570160015714988
mapa,6.0,3.75,0.2574962911572926
mapa,6.0,4.0,0.2578190715545493
mapa,6.0,4.25,0.2580167200266528
mapa,6.0,4.5,0.2581155013940734
mapa,6.0,4.75,0.258136644063864
mapa,6.0,5.0,0.2580972524213819
mapa,6.0,5.25,0.2580110704506658
mapa,6.0,5.5,0.25788911457874353
mapa,6.0,5.75,0.2577401941997803
mapa,6.0,6.0,0.2575713373233259
mapa,6.0,6.25,0.25738813705977664
mapa,6.0,6.5,0.25719503266104826
mapa,6.0,6.75,0.25699553683721554
mapa,6.0,7.0,0.25679241920976537
mapa,6.0,7.25,0.2565878541032342
mapa,6.0,7.5,0.2563835394390166
mapa,6.0,7.75,0.25618079227299473
mapa,6.0,8.0,0.25598062549452355
mapa,6.0,8.25,0.25578380935510686
mapa,6.0,8.5,0.2555909207964313
mapa,6.0,8.75,0.2554023829760784
mapa,6.0,9.0,0.2552184969241399
mapa,6.0,9.25,0.25503946688674456
mapa,6.0,9.5,0.25486542060740786
mapa,6.0,9.75,0.2546964255508938
mapa,6.0,10.0,0.25453250187593274
mapa,6.0,10.25,0.2543736328035602
mapa,6.0,10.5,0.2542197728996089
mapa,6.0,10.75,0.25407085468692386
mapa,6.0,11.0,0.25392679392025536
mapa,6.0,11.25,0.25378749379053556
mapa,6.0,11.5,0.25365284827214196
mapa,6.0,11.75,0.253522744784196
mapa,6.0,12.0,0.25339706630285597
mapa,6.0,12.25,0.2532756930342644
mapa,6.0,12.5,0.2531585037359462
mapa,6.0,12.75,0.2530453767569453
mapa,6.0,13.0,0.25293619085297825
mapa,6.0,13.25,0.2528308258216605
mapa,6.0,13.5,0.25272916299387965
mapa,6.0,13.75,0.2526310856102003
mapa,6.0,14.0,0.25253647910543375
mapa,6.0,14.25,0.2524452313198928
mapa,6.0,14.5,0.25235723265216914
mapa,6.0,14.75,0.2522723761653164
mapa,6.0,15.0,0.252190557655957
mapa,6.0,15.25,0.25211167569394355
mapa,6.0,15.5,0.2520356316386818
mapa,6.0,15.75,0.2519623296370195
mapa,6.0,16.0,0.25189167660662254
mapa,6.25,-16.0,0.08139105045639734
mapa,6.25,-15.75,0.07943753167070149
mapa,6.25,-15.5,0.07751565407460027
mapa,6.25,-15.25,0.07562546378645862
mapa,6.25,-15.0,0.07376698522852711
mapa,6.25,-14.75,0.07194022149171828
mapa,6.25,-14.5,0.07014515472768845
mapa,6.25,-14.25,0.06838174656688562
mapa,6.25,-14.0,0.06664993856122169
mapa,6.25,-13.75,0.06494965265005632
mapa,6.25,-13.5,0.06328079164825012
mapa,6.25,-13.25,0.06164323975517609
mapa,6.25,-13.0,0.06003686308380684
mapa,6.25,-12.75,0.058461510209361474
mapa,6.25,-12.5,0.0569170127375857
mapa,6.25,-12.25,0.05540318589366658
mapa,6.25,-12.0,0.05391982913423258
mapa,6.25,-11.75,0.05246672678716222
mapa,6.25,-11.5,0.05104364872746054
mapa,6.25,-11.25,0.049650351102979655
mapa,6.25,-11.0,0.048286577132354125
mapa,6.25,-10.75,0.046952058010907766
mapa,6.25,-10.5,0.04564651398113327
mapa,6.25,-10.25,0.04436965565678298
mapa,6.25,-10.0,0.0431211857400603
mapa,6.25,-9.75,0.041900801349789685
mapa,6.25,-9.5,0.04070819730011181
mapa,6.25,-9.25,0.03954307085779044
mapa,6.25,-9.0,0.03840512879784521
mapa,6.25,-8.75,0.03729409802718077
mapa,6.25,-8.5,0.036209741737988604
mapa,6.25,-8.25,0.03515188411307899
mapa,6.25,-8.0,0.03412044822179268
mapa,6.25,-7.75,0.03311551419367258
mapa,6.25,-7.5,0.032137408435525046
mapa,6.25,-7.25,0.031186840125155955
mapa,6.25,-7.0,0.03026510922976218
mapa,6.25,-6.75,0.029374421829829522
mapa,6.25,-6.5,0.028518364713338178
mapa,6.25,-6.25,0.02770261313135824
mapa,6.25,-6.0,0.02693597381616078
mapa,6.25,-5.75,0.026231898788842578
mapa,6.25,-5.5,0.025610639491662316
mapa,6.25,-5.25,0.025102233950645952
mapa,6.25,-5.0,0.024750509201793242
mapa,6.25,-4.75,0.024618197758156206
mapa,6.25,-4.5,0.024793051901884758
mapa,6.25,-4.25,0.02539442205839908
mapa,6.25,-4.0,0.02657909006077397
mapa,6.25,-3.75,0.028544237624482986
mapa,6.25,-3.5,0.031524484486225295
mapa,6.25,-3.25,0.03577942205559631
mapa,6.25,-3.0,0.04156873129283767
mapa,6.25,-2.75,0.04911453124900238
mapa,6.25,-2.5,0.05855516788794817
mapa,6.25,-2.25,0.06990003620838009
mapa,6.25,-2.0,0.082998646076269
mapa,6.25,-1.75,0.09753612553544191
mapa,6.25,-1.5,0.11306063920278217
mapa,6.25,-1.25,0.129038012199853
mapa,6.25,-1.0,0.14491991809843704
mapa,6.25,-0.75,0.16020859602988324
mapa,6.25,-0.5,0.17450428091161882
mapa,6.25,-0.25,0.18752890479959278
mapa,6.25,0.0,0.19912724998094192
mapa,6.25,0.25,0.20925171499721557
mapa,6.25,0.5,0.21793840321532298
mapa,6.25,0.75,0.2252812077449035
mapa,6.25,1.0,0.2314083527509013
mapa,6.25,1.25,0.23646360192637086
mapa,6.25,1.5,0.2405926516412015
mapa,6.25,1.75,0.24393421850771724
mapa,6.25,2.0,0.24661488720023586
mapa,6.25,2.25,0.2487467079385402
mapa,6.25,2.5,0.2504266494726456
mapa,6.25,2.75,0.25173720215231465
mapa,6.25,3.0,0.25274761790664996
mapa,6.25,3.25,0.25351543805230864
mapa,6.25,3.5,0.25408808644970543
mapa,6.25,3.75,0.2545043965700976
mapa,6.25,4.0,0.25479600291347043
mapa,6.25,4.25,0.2549885671310888
mapa,6.25,4.5,0.2551028335404032
mapa,6.25,4.75,0.2551555225134966
mapa,6.25,5.0,0.2551600771809894
mapa,6.25,5.25,0.25512728161570464
mapa,6.25,5.5,0.2550657688892205
mapa,6.25,5.75,0.254982436262534
mapa,6.25,6.0,0.25488278298930267
mapa,6.25,6.25,0.25477118420380757
mapa,6.25,6.5,0.254651112379593
mapa,6.25,6.75,0.25452531600674994
mapa,6.25,7.0,0.25439596350329163
mapa,6.25,7.25,0.2542647589648837
mapa,6.25,7.5,0.25413303516016567
mapa,6.25,7.75,0.2540018281772829
mapa,6.25,8.0,0.2538719372975913
mapa,6.25,8.25,0.2537439729904724
mapa,6.25,8.5,0.25361839536579706
mapa,6.25,8.75,0.2534955449670711
mapa,6.25,9.0,0.2533756674206097
mapa,6.25,9.25,0.25325893315878406
mapa,6.25,9.5,0.25314545319552356
mapa,6.25,9.75,0.2530352917390549
mapa,6.25,10.0,0.25292847627145193
mapa,6.25,10.25,0.2528250055997036
mapa,6.25,10.5,0.2527248562827535
mapa,6.25,10.75,0.2526279877585332
mapa,6.25,11.0,0.2525343464305197
mapa,6.25,11.25,0.25244386892164433
mapa,6.25,11.5,0.2523564846619678
mapa,6.25,11.75,0.25227211794334853
mapa,6.25,12.0,0.252190689547761
mapa,6.25,12.25,0.25211211803464123
mapa,6.25,12.5,0.25203632075559856
mapa,6.25,12.75,0.25196321465119753
mapa,6.25,13.0,0.25189271687358944
mapa,6.25,13.25,0.25182474527004084
mapa,6.25,13.5,0.25175921875540447
mapa,6.25,13.75,0.2516960575959856
mapa,6.25,14.0,0.25163518362276643
mapa,6.25,14.25,0.2515765203883757
mapa,6.25,14.5,0.25151999327930813
mapa,6.25,14.75,0.25146552959260854
mapa,6.25,15.0,0.25141305858439245
mapa,6.25,15.25,0.2513625114961015
mapa,6.25,15.5,0.2513138215632187
mapa,6.25,15.75,0.25126692401021566
mapa,6.25,16.0,0.25122175603475894
mapa,6.5,-16.0,0.06004576485510514
mapa,6.5,-15.75,0.058470258828904505
mapa,6.5,-15.5,0.056925608750452716
mapa,6.5,-15.25,0.055411629787153714
mapa,6.5,-15.0,0.053928121248521754
mapa,6.5,-14.75,0.05247486717769538
mapa,6.5,-14.5,0.051051636951963304
mapa,6.5,-14.25,0.049658185890899265
mapa,6.5,-14.0,0.04829425587079639
mapa,6.5,-13.75,0.04695957594422636
mapa,6.5,-13.5,0.04565386296374793
mapa,6.5,-13.25,0.04437682220908449
mapa,6.5,-13.0,0.04312814801753254
mapa,6.5,-12.75,0.041907524418035004
mapa,6.5,-12.5,0.040714625770378925
mapa,6.5,-12.25,0.039549117412552785
mapa,6.5,-12.0,0.03841065632173573
mapa,6.5,-11.75,0.037298891798161024
mapa,6.5,-11.5,0.03621346618695232
mapa,6.5,-11.25,0.03515401566213066
mapa,6.5,-11.0,0.03412017111114304
mapa,6.5,-10.75,0.03311155918028054
mapa,6.5,-10.5,0.03212780357559942
mapa,6.5,-10.25,0.031168526767198078
mapa,6.5,-10.0,0.030233352327405694
mapa,6.5,-9.75,0.029321908261763636
mapa,6.5,-9.5,0.02843383189049558
mapa,6.5,-9.25,0.02756877714558185
mapa,6.5,-9.0,0.02672642562271753
mapa,6.5,-8.75,0.025906503456454462
mapa,6.5,-8.5,0.025108807203153744
mapa,6.5,-8.25,0.024333243616973085
mapa,6.5,-8.0,0.023579890777742515
mapa,6.5,-7.75,0.022849091891543192
mapa,6.5,-7.5,0.022141598816657605
mapa,6.5,-7.25,0.021458790753018632
mapa,6.5,-7.0,0.02080300556784354
mapa,6.5,-6.75,0.020178038056809754
mapa,6.5,-6.5,0.019589882118821424
mapa,6.5,-6.25,0.01904782277013979
mapa,6.5,-6.0,0.018566017766326853
mapa,6.5,-5.75,0.01816574208158825
mapa,6.5,-5.5,0.0178784890835222
mapa,6.5,-5.25,0.01775010539272547
mapa,6.5,-5.0,0.017846040499178525
mapa,6.5,-4.75,0.018257556503256903
mapa,6.5,-4.5,0.019108296684927965
mapa,6.5,-4.25,0.020559903948831365
mapa,6.5,-4.0,0.022814450079318004
mapa,6.5,-3.75,0.026110512664720337
mapa,6.5,-3.5,0.030709327204460974
mapa,6.5,-3.25,0.03686830140846166
mapa,6.5,-3.0,0.04480199387056944
mapa,6.5,-2.75,0.05463541599336345
mapa,6.5,-2.5,0.06635984466043607
mapa,6.5,-2.25,0.07980452657204369
mapa,6.5,-2.0,0.09463594586299853
mapa,6.5,-1.75,0.11038900261650973
mapa,6.5,-1.5,0.12652413948893992
mapa,6.5,-1.25,0.14249600989277178
mapa,6.5,-1.0,0.15781671177216317
mapa,6.5,-0.75,0.17210051904045437
mapa,6.5,-0.5,0.18508465460210466
mapa,6.5,-0.25,0.19662806618996653
mapa,6.5,0.0,0.20669473120149778
mapa,6.5,0.25,0.215329185201359
mapa,6.5,0.5,0.22263071486122443
mapa,6.5,0.75,0.22873038747077346
mapa,6.5,1.0,0.23377288673169896
mapa,6.5,1.25,0.237903514543628
mapa,6.5,1.5,0.2412597884006395
mapa,6.5,1.75,0.24396667529550728
mapa,6.5,2.0,0.2461344583234722
mapa,6.5,2.25,0.2478583626625194
mapa,6.5,2.5,0.24921925955189173
mapa,6.5,2.75,0.2502849568338415
mapa,6.5,3.0,0.25111174435858113
mapa,6.5,3.25,0.25174598460092273
mapa,6.5,3.5,0.25222562596322856
mapa,6.5,3.75,0.2525815750762017
mapa,6.5,4.0,0.25283890211851445
mapa,6.5,4.25,0.2530178759913817
mapa,6.5,4.5,0.2531348389762169
mapa,6.5,4.75,0.253202936831435
mapa,6.5,5.0,0.25323272262575836
mapa,6.5,5.25,0.2532326526188415
mapa,6.5,5.5,0.2532094912581341
mapa,6.5,5.75,0.25316864053272364
mapa,6.5,6.0,0.2531144069108502
mapa,6.5,6.25,0.2530502171145189
mapa,6.5,6.5,0.25297879216954366
mapa,6.5,6.75,0.2529022875634438
mapa,6.5,7.0,0.25282240595908745
mapa,6.5,7.25,0.25274048773979263
mapa,6.5,7.5,0.25265758368212804
mapa,6.5,7.75,0.25257451324218766
mapa,6.5,8.0,0.25249191127538373
mapa,6.5,8.25,0.2524102654660669
mapa,6.5,8.5,0.252329946301085
mapa,6.5,8.75,0.25225123106302205
mapa,6.5,9.0,0.25217432302915976
mapa,6.5,9.25,0.2520993668285471
mapa,6.5,9.5,0.2520264607213723
mapa,6.5,9.75,0.25195566641350176
mapa,6.5,10.0,0.25188701689745124
mapa,6.5,10.25,0.2518205227134484
mapa,6.5,10.5,0.25175617694594055
mapa,6.5,10.75,0.2516939592081136
mapa,6.5,11.0,0.25163383881666407
mapa,6.5,11.25,0.251575777318749
mapa,6.5,11.5,0.2515197305007387
mapa,6.5,11.75,0.2514656499825345
mapa,6.5,12.0,0.25141348448050105
mapa,6.5,12.25,0.25136318080548564
mapa,6.5,12.5,0.25131468464911844
mapa,6.5,12.75,0.25126794120096757
mapa,6.5,13.0,0.2512228956306147
mapa,6.5,13.25,0.25117949346191365
mapa,6.5,13.5,0.2511376808612427
mapa,6.5,13.75,0.2510974048572066
mapa,6.5,14.0,0.25105861350574926
mapa,6.5,14.25,0.2510212560118498
mapa,6.5,14.5,0.2509852828167393
mapa,6.5,14.75,0.2509506456577828
mapa,6.5,15.0,0.25091729760674786
mapa,6.5,15.25,0.2508851930910249
mapa,6.5,15.5,0.2508542879014577
mapa,6.5,15.75,0.25082453918970227
mapa,6.5,16.0,0.25079590545744695
mapa,6.75,-16.0,0.043135427569910574
mapa,6.75,-15.75,0.04191466456173687
mapa,6.75,-15.5,0.040721627741852125
mapa,6.75,-15.25,0.03955598224978146
mapa,6.75,-15.0,0.03841738471901
mapa,6.75,-14.75,0.03730548388141253
mapa,6.75,-14.5,0.03621992116507519
mapa,6.75,-14.25,0.03516033128471423
mapa,6.75,-14.0,0.03412634282406809
mapa,6.75,-13.75,0.03311757880987072
mapa,6.75,-13.5,0.032133657277344845
mapa,6.75,-13.25,0.03117419182763824
mapa,6.75,-13.0,0.030238792178345974
mapa,6.75,-12.75,0.029327064709354707
mapa,6.75,-12.5,0.028438613007914525
mapa,6.75,-12.25,0.027573038419417484
mapa,6.75,-12.0,0.026729940614342973
mapa,6.75,-11.75,0.025908918188006003
mapa,6.75,-11.5,0.025109569319342995
mapa,6.75,-11.25,0.024331492529896286
mapa,6.75,-11.0,0.023574287607380586
mapa,6.75,-10.75,0.022837556794333712
mapa,6.75,-10.5,0.022120906398506678
mapa,6.75,-10.25,0.021423949068867874
mapa,6.75,-10.0,0.02074630711641671
mapa,6.75,-9.75,0.020087617468612463
mapa,6.75,-9.5,0.01944753917026158
mapa,6.75,-9.25,0.018825764843330258
mapa,6.75,-9.0,0.018222038285989776
mapa,6.75,-8.75,0.01763618156631882
mapa,6.75,-8.5,0.01706813675497419
mapa,6.75,-8.25,0.016518030145916227
mapa,6.75,-8.0,0.015986270868232382
mapa,6.75,-7.75,0.015473701799654033
mapa,6.75,-7.5,0.014981829463269388
mapa,6.75,-7.25,0.014513172142235888
mapa,6.75,-7.0,0.014071782932899124
mapa,6.75,-6.75,0.013664027895280042
mapa,6.75,-6.5,0.013299729127550416
mapa,6.75,-6.25,0.012993816777373957
mapa,6.75,-6.0,0.01276866677865394
mapa,6.75,-5.75,0.012657318754441618
mapa,6.75,-5.5,0.012707744693317697
mapa,6.75,-5.25,0.012988229726427832
mapa,6.75,-5.0,0.013593668835143015
mapa,6.75,-4.75,0.014652106701124835
mapa,6.75,-4.5,0.016330108485765934
mapa,6.75,-4.25,0.018834602818862352
mapa,6.75,-4.0,0.022407943486492755
mapa,6.75,-3.75,0.027312637673314752
mapa,6.75,-3.5,0.033803255650434794
mapa,6.75,-3.25,0.04208611012745103
mapa,6.75,-3.0,0.05227222365867307
mapa,6.75,-2.75,0.06433433493095254
mapa,6.75,-2.5,0.07808142065327023
mapa,6.75,-2.25,0.09316179548020119
mapa,6.75,-2.0,0.10909796061243818
mapa,6.75,-1.75,0.1253460136133009
mapa,6.75,-1.5,0.14136453883830752
mapa,6.75,-1.25,0.15667616112634167
mapa,6.75,-1.0,0.17090949875279463
mapa,6.75,-0.75,0.1838170408308823
mapa,6.75,-0.5,0.19527164625479645
mapa,6.75,-0.25,0.20524850351802426
mapa,6.75,0.0,0.21380019505395842
mapa,6.75,0.25,0.22103105941136078
mapa,6.75,0.5,0.22707473718273186
mapa,6.75,0.75,0.23207663859658575
mapa,6.75,1.0,0.23618154493555776
mapa,6.75,1.25,0.2395257012937631
mapa,6.75,1.5,0.24223242164453077
mapa,6.75,1.75,0.24441021169681443
mapa,6.75,2.0,0.24615255789846438
mapa,6.75,2.25,0.24753872517461145
mapa,6.75,2.5,0.24863509323733818
mapa,6.75,2.75,0.24949671658218547
mapa,6.75,3.0,0.2501689108314166
mapa,6.75,3.25,0.2506887513940764
mapa,6.75,3.5,0.2510864263166057
mapa,6.75,3.75,0.25138642079485424
mapa,6.75,4.0,0.25160853218625
mapa,6.75,4.25,0.2517687262034849
mapa,6.75,4.5,0.2518798507023009
mapa,6.75,4.75,0.25195222546027196
mapa,6.75,5.0,0.25199412615711747
mapa,6.75,5.25,0.25201217942488596
mapa,6.75,5.5,0.252011683968504
mapa,6.75,5.75,0.25199687073869576
mapa,6.75,6.0,0.25197111318058246
mapa,6.75,6.25,0.2519370967898196
mapa,6.75,6.5,0.25189695562896214
mapa,6.75,6.75,0.2518523820987518
mapa,6.75,7.0,0.25180471511137426
mapa,6.75,7.25,0.2517550108550685
mapa,6.75,7.5,0.2517040995478234
mapa,6.75,7.75,0.2516526309281451
mapa,6.75,8.0,0.25160111070048097
mapa,6.75,8.25,0.2515499297217628
mapa,6.75,8.5,0.2514993873662314
mapa,6.75,8.75,0.25144971022344714
mapa,6.75,9.0,0.2514010670567579
mapa,6.75,9.25,0.2513535807662174
mapa,6.75,9.5,0.25130733795255966
mapa,6.75,9.75,0.2512623965604456
mapa,6.75,10.0,0.25121879198415253
mapa,6.75,10.25,0.2511765419426485
mapa,6.75,10.5,0.25113565036986696
mapa,6.75,10.75,0.2510961105170086
mapa,6.75,11.0,0.2510579074244526
mapa,6.75,11.25,0.25102101988941955
mapa,6.75,11.5,0.2509854220303532
mapa,6.75,11.75,0.25095108452883325
mapa,6.75,12.0,0.2509179756136909
mapa,6.75,12.25,0.2508860618390799
mapa,6.75,12.5,0.2508553086979202
mapa,6.75,12.75,0.2508256811038492
mapa,6.75,13.0,0.2507971437681962
mapa,6.75,13.25,0.2507696614931923
mapa,6.75,13.5,0.2507431993983874
mapa,6.75,13.75,0.25071772309384843
mapa,6.75,14.0,0.2506931988110001
mapa,6.75,14.25,0.25066959349979
mapa,6.75,14.5,0.250646874899126
mapa,6.75,14.75,0.25062501158613687
mapa,6.75,15.0,0.25060397300869613
mapa,6.75,15.25,0.2505837295047558
mapa,6.75,15.5,0.2505642523113253
mapa,6.75,15.75,0.2505455135653572
mapa,6.75,16.0,0.25052748629834865
mapa,7.0,-16.0,0.03024464985128866
mapa,7.0,-15.75,0.029332803912019284
mapa,7.0,-15.5,0.028444235087397993
mapa,7.0,-15.25,0.027578544322310956
mapa,7.0,-15.0,0.026735330650507944
mapa,7.0,-14.75,0.025914191663503415
mapa,7.0,-14.5,0.025114723965081014
mapa,7.0,-14.25,0.024336523611429933
mapa,7.0,-14.0,0.023579186537178404
mapa,7.0,-13.75,0.022842308967925228
mapa,7.0,-13.5,0.02212548782036599
mapa,7.0,-13.25,0.021428321091856523
mapa,7.0,-13.0,0.020750408242388864
mapa,7.0,-12.75,0.020091350573699887
mapa,7.0,-12.5,0.01945075161292729
mapa,7.0,-12.25,0.018828217512406265
mapa,7.0,-12.0,0.01822335748369682
mapa,7.0,-11.75,0.017635784294035305
mapa,7.0,-11.5,0.017065114869131533
mapa,7.0,-11.25,0.016510971070711106
mapa,7.0,-11.0,0.015972980755284888
mapa,7.0,-10.75,0.015450779279840671
mapa,7.0,-10.5,0.014944011712126668
mapa,7.0,-10.25,0.01445233614588067
mapa,7.0,-10.0,0.013975428742342528
mapa,7.0,-9.75,0.013512991460919967
mapa,7.0,-9.5,0.013064763968305236
mapa,7.0,-9.25,0.01263054202401398
mapa,7.0,-9.0,0.012210205877226947
mapa,7.0,-8.75,0.011803764091391047
mapa,7.0,-8.5,0.011411421055276174
mapa,7.0,-8.25,0.011033680693985184
mapa,7.0,-8.0,0.010671505188557221
mapa,7.0,-7.75,0.010326556684230177
mapa,7.0,-7.5,0.010001563056668904
mapa,7.0,-7.25,0.009700866965714238
mapa,7.0,-7.0,0.009431241630131317
mapa,7.0,-6.75,0.009203087121915561
mapa,7.0,-6.5,0.009032155425666745
mapa,7.0,-6.25,0.008941984383143683
mapa,7.0,-6.0,0.00896723497803915
mapa,7.0,-5.75,0.009158094954044944
mapa,7.0,-5.5,0.009585788182857474
mapa,7.0,-5.25,0.010348948825570404
mapa,7.0,-5.0,0.011580112029293547
mapa,7.0,-4.75,0.013450802393695897
mapa,7.0,-4.5,0.016172742226983235
mapa,7.0,-4.25,0.019991844155813714
mapa,7.0,-4.0,0.02517147646230538
mapa,7.0,-3.75,0.031962774369505106
mapa,7.0,-3.5,0.04056310065526167
mapa,7.0,-3.25,0.051068839692862994
mapa,7.0,-3.0,0.06343380216090509
mapa,7.0,-2.75,0.07744673441711974
mapa,7.0,-2.5,0.09273830073311766
mapa,7.0,-2.25,0.1088194931417638
mapa,7.0,-2.0,0.12514309465950074
mapa,7.0,-1.75,0.14117253656068057
mapa,7.0,-1.5,0.15644158767242053
mapa,7.0,-1.25,0.17059346411240695
mapa,7.0,-1.0,0.1833958547995702
mapa,7.0,-0.75,0.19473524836434797
mapa,7.0,-0.5,0.20459766313456923
mapa,7.0,-0.25,0.2130433393722617
mapa,7.0,0.0,0.22018132756672917
mapa,7.0,0.25,0.22614757554759718
mapa,7.0,0.5,0.23108803018539795
mapa,7.0,0.75,0.2351468283945194
mapa,7.0,1.0,0.23845887050414608
mapa,7.0,1.25,0.24114578171222276
mapa,7.0,1.5,0.24331427864449934
mapa,7.0,1.75,0.24505611175325423
mapa,7.0,2.0,0.24644894996792277
mapa,7.0,2.25,0.24755775821247744
mapa,7.0,2.5,0.24843636915534384
mapa,7.0,2.75,0.24912906365629997
mapa,7.0,3.0,0.2496720539728036
mapa,7.0,3.25,0.2500948168645575
mapa,7.0,3.5,0.2504212573095255
mapa,7.0,3.75,0.25067070353436227
mapa,7.0,4.0,0.2508587450052672
mapa,7.0,4.25,0.25099793019425365
mapa,7.0,4.5,0.2510983425860465
mapa,7.0,4.75,0.2511680730193573
mapa,7.0,5.0,0.2512136050228936
mapa,7.0,5.25,0.2512401279043703
mapa,7.0,5.5,0.2512517903308591
mapa,7.0,5.75,0.251251905196244
mapa,7.0,6.0,0.2512431148043504
mapa,7.0,6.25,0.25122752384401714
mapa,7.0,6.5,0.251206806300737
mapa,7.0,6.75,0.25118229132607794
mapa,7.0,7.0,0.2511550321498779
mapa,7.0,7.25,0.25112586134702375
mapa,7.0,7.5,0.2510954351365126
mapa,7.0,7.75,0.251064268873151
mapa,7.0,8.0,0.25103276547191966
mapa,7.0,8.25,0.2510012381646123
mapa,7.0,8.5,0.2509699287133236
mapa,7.0,8.75,0.2509390219836367
mapa,7.0,9.0,0.2509086576018344
mapa,7.0,9.25,0.25087893927694616
mapa,7.0,9.5,0.2508499422531473
mapa,7.0,9.75,0.2508217192655018
mapa,7.0,10.0,0.25079430529781455
mapa,7.0,10.25,0.25076772138185865
mapa,7.0,10.5,0.25074197762955186
mapa,7.0,10.75,0.25071707565145485
mapa,7.0,11.0,0.25069301048435927
mapa,7.0,11.25,0.2506697721262335
mapa,7.0,11.5,0.2506473467571683
mapa,7.0,11.75,0.25062571770926406
mapa,7.0,12.0,0.2506048662358214
mapa,7.0,12.25,0.250584772120138
mapa,7.0,12.5,0.25056541415615674
mapa,7.0,12.75,0.25054677052676594
mapa,7.0,13.0,0.25052881910039165
mapa,7.0,13.25,0.25051153766239637
mapa,7.0,13.5,0.25049490409448993
mapa,7.0,13.75,0.2504788965127213
mapa,7.0,14.0,0.25046349337249774
mapa,7.0,14.25,0.25044867354739003
mapa,7.0,14.5,0.2504344163871262
mapa,7.0,14.75,0.25042070175909087
mapa,7.0,15.0,0.25040751007678363
mapa,7.0,15.25,0.25039482231799304
mapa,7.0,15.5,0.25038262003488837
mapa,7.0,15.75,0.2503708853577891
mapa,7.0,16.0,0.25035960099401317
mapa,7.25,-16.0,0.020755101566129936
mapa,7.25,-15.75,0.02009594848702584
mapa,7.25,-15.5,0.019455254999238968
mapa,7.25,-15.25,0.018832626557656856
mapa,7.25,-15.0,0.018227671290146522
mapa,7.25,-14.75,0.017640000278395483
mapa,7.25,-14.5,0.01706922782418235
mapa,7.25,-14.25,0.016514971701814228
mapa,7.25,-14.0,0.01597685339779695
mapa,7.25,-13.75,0.015454498339302635
mapa,7.25,-13.5,0.014947536113757827
mapa,7.25,-13.25,0.014455600683048398
mapa,7.25,-13.0,0.0139783305976506
mapa,7.25,-12.75,0.013515369218816693
mapa,7.25,-12.5,0.01306636496132918
mapa,7.25,-12.25,0.012630971576167853
mapa,7.25,-12.0,0.012208848503072448
mapa,7.25,-11.75,0.01179966133955681
mapa,7.25,-11.5,0.011403082498734894
mapa,7.25,-11.25,0.011018792168476826
mapa,7.25,-11.0,0.010646479746857411
mapa,7.25,-10.75,0.010285846025851364
mapa,7.25,-10.5,0.009936606545683953
mapa,7.25,-10.25,0.009598496775217971
mapa,7.25,-10.0,0.009271280133727178
mapa,7.25,-9.75,0.008954760424054098
mapa,7.25,-9.5,0.008648801098787535
mapa,7.25,-9.25,0.008353355082949253
mapa,7.25,-9.0,0.008068510855555476
mapa,7.25,-8.75,0.00779456347872613
mapa,7.25,-8.5,0.007532123727855501
mapa,7.25,-8.25,0.0072822850713871075
mapa,7.25,-8.0,0.007046877836099213
mapa,7.25,-7.75,0.006828853536277498
mapa,7.25,-7.5,0.006632861195124566
mapa,7.25,-7.25,0.006466102459341798
mapa,7.25,-7.0,0.0063395833425664554
mapa,7.25,-6.75,0.006269915047672201
mapa,7.25,-6.5,0.0062818470776144705
mapa,7.25,-6.25,0.00641172645305692
mapa,7.25,-6.0,0.006712037085237942
mapa,7.25,-5.75,0.007257034515413357
mapa,7.25,-5.5,0.008149186906639216
mapa,7.25,-5.25,0.009525594561744668
mapa,7.25,-5.0,0.011562759611347805
mapa,7.25,-4.75,0.014477109753458006
mapa,7.25,-4.5,0.018517868405984638
mapa,7.25,-4.25,0.023948821824688143
mapa,7.25,-4.0,0.031017045880327165
mapa,7.25,-3.75,0.03991023866207774
mapa,7.25,-3.5,0.050709510526369815
mapa,7.25,-3.25,0.06334939256615717
mapa,7.25,-3.0,0.0775984929476683
mapa,7.25,-2.75,0.09307039284592247
mapa,7.25,-2.5,0.10926549046655043
mapa,7.25,-2.25,0.12563427907403424
mapa,7.25,-2.0,0.14164591977929775
mapa,7.25,-1.75,0.15684589528526893
mapa,7.25,-1.5,0.17089222644136604
mapa,7.25,-1.25,0.18356769987045185
mapa,7.25,-1.0,0.19477213143130528
mapa,7.25,-0.75,0.2045019800757623
mapa,7.25,-0.5,0.21282475602151713
mapa,7.25,-0.25,0.2198538877680304
mapa,7.25,0.0,0.2257273718584299
mapa,7.25,0.25,0.23059150898275257
mapa,7.25,0.5,0.23458967358907998
mapa,7.25,0.75,0.23785535291187404
mapa,7.25,1.0,0.24050845021175984
mapa,7.25,1.25,0.24265388281537084
mapa,7.25,1.5,0.24438166862578384
mapa,7.25,1.75,0.24576789113352085
mapa,7.25,2.0,0.24687611380908556
mapa,7.25,2.25,0.24775896093001115
mapa,7.25,2.5,0.2484596906158634
mapa,7.25,2.75,0.2490136618363154
mapa,7.25,3.0,0.24944964751089646
mapa,7.25,3.25,0.2497909774580067
mapa,7.25,3.5,0.250056513628914
mapa,7.25,3.75,0.25026147015376243
mapa,7.25,4.0,0.25041809536617854
mapa,7.25,4.25,0.2505362343109558
mapa,7.25,4.5,0.25062378969662524
mapa,7.25,4.75,0.25068709773871456
mapa,7.25,5.0,0.2507312334082025
mapa,7.25,5.25,0.25076025758113124
mapa,7.25,5.5,0.25077741666025793
mapa,7.25,5.75,0.25078530349725864
mapa,7.25,6.0,0.25078598691862036
mapa,7.25,6.25,0.25078111585286755
mapa,7.25,6.5,0.25077200295728846
mapa,7.25,6.75,0.2507596917271729
mapa,7.25,7.0,0.25074501031551943
mapa,7.25,7.25,0.2507286146723556
mapa,7.25,7.5,0.2507110231082375
mapa,7.25,7.75,0.25069264397671964
mapa,7.25,8.0,0.25067379783881333
mapa,7.25,8.25,0.25065473520449577
mapa,7.25,8.5,0.2506356507303292
mapa,7.25,8.75,0.2506166945783927
mapa,7.25,9.0,0.2505979815019581
mapa,7.25,9.25,0.2505795981110876
mapa,7.25,9.5,0.2505616086812361
mapa,7.25,9.75,0.25054405979568684
mapa,7.25,10.0,0.2505269840547127
mapa,7.25,10.25,0.2505104030379417
mapa,7.25,10.5,0.2504943296692076
mapa,7.25,10.75,0.2504787701033838
mapa,7.25,11.0,0.2504637252308454
mapa,7.25,11.25,0.25044919187610465
mapa,7.25,11.5,0.2504351637518803
mapa,7.25,11.75,0.25042163221762
mapa,7.25,12.0,0.25040858688170076
mapa,7.25,12.25,0.2503960160786959
mapa,7.25,12.5,0.2503839072468144
mapa,7.25,12.75,0.25037224722561
mapa,7.25,13.0,0.25036102249002656
mapa,7.25,13.25,0.2503502193336407
mapa,7.25,13.5,0.25033982401138405
mapa,7.25,13.75,0.25032982284997146
mapa,7.25,14.0,0.2503202023326132
mapa,7.25,14.25,0.25031094916327
mapa,7.25,14.5,0.2503020503146595
mapa,7.25,14.75,0.2502934930633713
mapa,7.25,15.0,0.250285265014781
mapa,7.25,15.25,0.2502773541199073
mapa,7.25,15.5,0.2502697486859264
mapa,7.25,15.75,0.2502624373817136
mapa,7.25,16.0,0.2502554092395014
mapa,7.5,-16.0,0.013982124379383688
mapa,7.5,-15.75,0.013519088885894558
mapa,7.5,-15.5,0.013070010375682294
mapa,7.5,-15.25,0.012634541443604303
mapa,7.5,-15.0,0.012212339739067709
mapa,7.5,-14.75,0.011803068079835981
mapa,7.5,-14.5,0.01140639455563114
mapa,7.5,-14.25,0.011021992622815922
mapa,7.5,-14.0,0.01064954119194334
mapa,7.5,-13.75,0.010288724710742376
mapa,7.5,-13.5,0.009939233246325093
mapa,7.5,-13.25,0.009600762572295606
mapa,7.5,-13.0,0.009273014269398496
mapa,7.5,-12.75,0.008955695852954337
mapa,7.5,-12.5,0.008648520947522716
mapa,7.5,-12.25,0.008351209540443855
mapa,7.5,-12.0,0.008063488363383838
mapa,7.5,-11.75,0.007785091478222268
mapa,7.5,-11.5,0.007515761185977469
mapa,7.5,-11.25,0.007255249443325261
mapa,7.5,-11.0,0.007003320073561363
mapa,7.5,-10.75,0.006759752217508908
mapa,7.5,-10.5,0.00652434571549043
mapa,7.5,-10.25,0.006296929490877185
mapa,7.5,-10.0,0.006077374590093284
mapa,7.5,-9.75,0.005865614430785074
mapa,7.5,-9.5,0.005661676179975626
mapa,7.5,-9.25,0.005465729265019116
mapa,7.5,-9.0,0.005278160157432194
mapa,7.5,-8.75,0.005099687254108074
mapa,7.5,-8.5,0.004931536588022589
mapa,7.5,-8.25,0.004775709119592983
mapa,7.5,-8.0,0.004635384572866931
mapa,7.5,-7.75,0.004515526334721707
mapa,7.5,-7.5,0.004423777677303866
mapa,7.5,-7.25,0.004371771234853602
mapa,7.5,-7.0,0.004377008343184282
mapa,7.5,-6.75,0.004465494261569404
mapa,7.5,-6.5,0.004675321740701451
mapa,7.5,-6.25,0.0050613466075088995
mapa,7.5,-6.0,0.0057009439469392536
mapa,7.5,-5.75,0.006700504120969231
mapa,7.5,-5.5,0.008201757435367373
mapa,7.5,-5.25,0.010386186768907346
mapa,7.5,-5.0,0.013474815827437599
mapa,7.5,-4.75,0.017719904236745528
mapa,7.5,-4.5,0.023385185323276856
mapa,7.5,-4.25,0.030713030393239322
mapa,7.5,-4.0,0.03988075424749029
mapa,7.5,-3.75,0.05095357819851717
mapa,7.5,-3.5,0.06384644691203714
mapa,7.5,-3.25,0.0783079794523802
mapa,7.5,-3.0,0.09393529120901142
mapa,7.5,-2.75,0.11021912751171926
mapa,7.5,-2.5,0.126608710581699
mapa,7.5,-2.25,0.14257978199839488
mapa,7.5,-2.0,0.1576900635113256
mapa,7.5,-1.75,0.17161254491796296
mapa,7.5,-1.5,0.18414497732388416
mapa,7.5,-1.25,0.19520018471811595
mapa,7.5,-1.0,0.20478467347153342
mapa,7.5,-0.75,0.21297284033548827
mapa,7.5,-0.5,0.21988216658546564
mapa,7.5,-0.25,0.22565244874923665
mapa,7.5,0.0,0.23043016754274484
mapa,7.5,0.25,0.23435782429395835
mapa,7.5,0.5,0.2375674305295315
mapa,7.5,0.75,0.24017713860881346
mapa,7.5,1.0,0.2422900593615957
mapa,7.5,1.25,0.24399448377020938
mapa,7.5,1.5,0.24536492208046176
mapa,7.5,1.75,0.24646355095957093
mapa,7.5,2.0,0.24734180088218788
mapa,7.5,2.25,0.24804192034328326
mapa,7.5,2.5,0.24859842598917803
mapa,7.5,2.75,0.24903939549149495
mapa,7.5,3.0,0.24938758977716788
mapa,7.5,3.25,0.24966140865825925
mapa,7.5,3.5,0.24987569319067623
mapa,7.5,3.75,0.2500423922323232
mapa,7.5,4.0,0.2501711117174131
mapa,7.5,4.25,0.2502695644629319
mapa,7.5,4.5,0.25034393673268474
mapa,7.5,4.75,0.2503991858285878
mapa,7.5,5.0,0.25043928096428136
mapa,7.5,5.25,0.2504673977698426
mapa,7.5,5.5,0.2504860750592874
mapa,7.5,5.75,0.2504973409941381
mapa,7.5,6.0,0.25050281449677936
mapa,7.5,6.25,0.2505037866914405
mapa,7.5,6.5,0.2505012862562107
mapa,7.5,6.75,0.25049613183220126
mapa,7.5,7.0,0.2504889740321314
mapa,7.5,7.25,0.2504803290985244
mapa,7.5,7.5,0.25047060586221426
mapa,7.5,7.75,0.2504601273285457
mapa,7.5,8.0,0.25044914795757905
mapa,7.5,8.25,0.25043786749420527
mapa,7.5,8.5,0.250426442034751
mapa,7.5,8.75,0.2504149928805445
mapa,7.5,9.0,0.2504036136196054
mapa,7.5,9.25,0.25039237578991114
mapa,7.5,9.5,0.25038133340733626
mapa,7.5,9.75,0.2503705265849719
mapa,7.5,10.0,0.2503599844253379
mapa,7.5,10.25,0.2503497273307997
mapa,7.5,10.5,0.25033976884850423
mapa,7.5,10.75,0.25033011714293585
mapa,7.5,11.0,0.2503207761705964
mapa,7.5,11.25,0.2503117466164429
mapa,7.5,11.5,0.2503030266397926
mapa,7.5,11.75,0.25029461246788287
mapa,7.5,12.0,0.2502864988676324
mapa,7.5,12.25,0.2502786795200514
mapa,7.5,12.5,0.2502711473168555
mapa,7.5,12.75,0.25026389459493353
mapa,7.5,13.0,0.25025691332118166
mapa,7.5,13.25,0.25025019523772135
mapa,7.5,13.5,0.25024373197550775
mapa,7.5,13.75,0.25023751514273423
mapa,7.5,14.0,0.25023153639315865
mapa,7.5,14.25,0.25022578747844393
mapa,7.5,14.5,0.2502202602877918
mapa,7.5,14.75,0.2502149468774857
mapa,7.5,15.0,0.2502098394924357
mapa,7.5,15.25,0.25020493058139764
mapa,7.5,15.5,0.2502002128072013
mapa,7.5,15.75,0.25019567905305384
mapa,7.5,16.0,0.2501913224257703
mapa,7.75,-16.0,0.00927614718607092
mapa,7.75,-15.75,0.008958771751981577
mapa,7.75,-15.5,0.008651538044899747
mapa,7.75,-15.25,0.008354164160268848
mapa,7.75,-15.0,0.008066373894253262
mapa,7.75,-14.75,0.007787896744668136
mapa,7.75,-14.5,0.007518467907545139
mapa,7.75,-14.25,0.00725782827117606
mapa,7.75,-14.0,0.007005724410289819
mapa,7.75,-13.75,0.006761908584291631
mapa,7.75,-13.5,0.006526138745485341
mapa,7.75,-13.25,0.006298178566310973
mapa,7.75,-13.0,0.00607779749948876
mapa,7.75,-12.75,0.005864770892543857
mapa,7.75,-12.5,0.005658880190010841
mapa,7.75,-12.25,0.00545991327505103
mapa,7.75,-12.0,0.005267665030924624
mapa,7.75,-11.75,0.0050819382474440655
mapa,7.75,-11.5,0.00490254506700804
mapa,7.75,-11.25,0.00472930927270721
mapa,7.75,-11.0,0.004562069888293624
mapa,7.75,-10.75,0.00440068681875304
mapa,7.75,-10.5,0.004245049660078368
mapa,7.75,-10.25,0.004095091422489889
mapa,7.75,-10.0,0.003950809855719559
mapa,7.75,-9.75,0.003812300506802572
mapa,7.75,-9.5,0.0036798078289722743
mapa,7.75,-9.25,0.0035538039556440733
mapa,7.75,-9.0,0.003435109667398661
mapa,7.75,-8.75,0.003325079313128978
mapa,7.75,-8.5,0.003225881913315539
mapa,7.75,-8.25,0.0031409254742329235
mapa,7.75,-8.0,0.003075491813306019
mapa,7.75,-7.75,0.003037675705356805
mapa,7.75,-7.5,0.003039754426780006
mapa,7.75,-7.25,0.0031001483979451096
mapa,7.75,-7.0,0.003246161433604614
mapa,7.75,-6.75,0.0035176909217689675
mapa,7.75,-6.5,0.0039720396840517615
mapa,7.75,-6.25,0.004689788907767934
mapa,7.75,-6.0,0.005781336147420887
mapa,7.75,-5.75,0.007393099775420603
mapa,7.75,-5.5,0.009711534479956065
mapa,7.75,-5.25,0.012962132037490018
mapa,7.75,-5.0,0.017399889865044763
mapa,7.75,-4.75,0.023287993025148702
mapa,7.75,-4.5,0.03086344654393794
mapa,7.75,-4.25,0.04029246493740027
mapa,7.75,-4.0,0.05162379202354636
mapa,7.75,-3.75,0.06475252872951556
mapa,7.75,-3.5,0.07940751363573666
mapa,7.75,-3.25,0.09517006374447508
mapa,7.75,-3.0,0.1115222364608107
mapa,7.75,-2.75,0.12791299387297084
mapa,7.75,-2.5,0.14382547591987796
mapa,7.75,-2.25,0.15883012514755052
mapa,7.75,-2.0,0.17261502451961616
mapa,7.75,-1.75,0.18499272855097662
mapa,7.75,-1.5,0.1958887368124334
mapa,7.75,-1.25,0.20531920849778224
mapa,7.75,-1.0,0.21336504989021796
mapa,7.75,-0.75,0.22014747993173853
mapa,7.75,-0.5,0.22580785724816513
mapa,7.75,-0.25,0.23049267863137177
mapa,7.75,0.0,0.23434346976690362
mapa,7.75,0.25,0.23749071019853024
mapa,7.75,0.5,0.2400507772025933
mapa,7.75,0.75,0.2421249714886765
mapa,7.75,1.0,0.24379986545597593
mapa,7.75,1.25,0.24514841043040983
mapa,7.75,1.5,0.24623141269587648
mapa,7.75,1.75,0.24709912507521656
mapa,7.75,2.0,0.24779280101362558
mapa,7.75,2.25,0.24834612721857177
mapa,7.75,2.5,0.2487864961249151
mapa,7.75,2.75,0.24913610747392662
mapa,7.75,3.0,0.24941290453971451
mapa,7.75,3.25,0.2496313590597395
mapa,7.75,3.5,0.24980312259924342
mapa,7.75,3.75,0.24993756285347246
mapa,7.75,4.0,0.25004220254519466
mapa,7.75,4.25,0.2501230769174683
mapa,7.75,4.5,0.2501850238457915
mapa,7.75,4.75,0.25023191858552735
mapa,7.75,5.0,0.2502668632841281
mapa,7.75,5.25,0.2502923396962904
mapa,7.75,5.5,0.25031033206869585
mapa,7.75,5.75,0.25032242590715154
mapa,7.75,6.0,0.25032988728631916
mapa,7.75,6.25,0.2503337264881479
mapa,7.75,6.5,0.2503347490352509
mapa,7.75,6.75,0.2503335965962837
mapa,7.75,7.0,0.2503307797604872
mapa,7.75,7.25,0.25032670428913806
mapa,7.75,7.5,0.2503216921365642
mapa,7.75,7.75,0.2503159982790365
mapa,7.75,8.0,0.25030982418489445
mapa,7.75,8.25,0.2503033285943532
mapa,7.75,8.5,0.25029663614489656
mapa,7.75,8.75,0.25028984427173134
mapa,7.75,9.0,0.2502830287273723
mapa,7.75,9.25,0.25027624799593995
mapa,7.75,9.5,0.2502695468228519
mapa,7.75,9.75,0.25026295903659385
mapa,7.75,10.0,0.25025650980401687
mapa,7.75,10.25,0.25025021743238274
mapa,7.75,10.5,0.25024409480877846
mapa,7.75,10.75,0.2502381505494251
mapa,7.75,11.0,0.25023238991692515
mapa,7.75,11.25,0.25022681555189397
mapa,7.75,11.5,0.250221428056142
mapa,7.75,11.75,0.2502162264571508
mapa,7.75,12.0,0.25021120857763385
mapa,7.75,12.25,0.2502063713292263
mapa,7.75,12.5,0.2502017109455338
mapa,7.75,12.75,0.25019722316672705
mapa,7.75,13.0,0.25019290338543304
mapa,7.75,13.25,0.2501887467617197
mapa,7.75,13.5,0.25018474831341475
mapa,7.75,13.75,0.25018090298674645
mapa,7.75,14.0,0.2501772057112977
mapa,7.75,14.25,0.2501736514424648
mapa,7.75,14.5,0.25017023519397164
mapa,7.75,14.75,0.2501669520624794
mapa,7.75,15.0,0.25016379724592325
mapa,7.75,15.25,0.2501607660568768
mapa,7.75,15.5,0.25015785393198636
mapa,7.75,15.75,0.2501550564383065
mapa,7.75,16.0,0.2501523692771999
mapa,8.0,-16.0,0.006080465563458655
mapa,8.0,-15.75,0.005867393519295008
mapa,8.0,-15.5,0.0056614530911462775
mapa,8.0,-15.25,0.0054624290675832085
mapa,8.0,-15.0,0.005270111518777294
mapa,8.0,-14.75,0.005084295740069714
mapa,8.0,-14.5,0.004904782196846138
mapa,8.0,-14.25,0.004731376473395599
mapa,8.0,-14.0,0.00456388922977417
mapa,8.0,-13.75,0.004402136172794181
mapa,8.0,-13.5,0.004245938050542964
mapa,8.0,-13.25,0.004095120684962521
mapa,8.0,-13.0,0.003949515065023407
mapa,8.0,-12.75,0.003808957535505878
mapa,8.0,-12.5,0.003673290135852773
mapa,8.0,-12.25,0.0035423611738521054
mapa,8.0,-12.0,0.0034160261660509026
mapa,8.0,-11.75,0.0032941493500904095
mapa,8.0,-11.5,0.0031766060879492384
mapa,8.0,-11.25,0.003063286655503729
mapa,8.0,-11.0,0.0029541021868083176
mapa,8.0,-10.75,0.0028489939629143843
mapa,8.0,-10.5,0.002747947883616544
mapa,8.0,-10.25,0.0026510169548831872
mapa,8.0,-10.0,0.0025583561418914724
mapa,8.0,-9.75,0.002470276238161331
mapa,8.0,-9.5,0.0023873268622697855
mapa,8.0,-9.25,0.002310423847319933
mapa,8.0,-9.0,0.0022410438607097945
mapa,8.0,-8.75,0.002181520022638074
mapa,8.0,-8.5,0.00213548769761199
mapa,8.0,-8.25,0.002108550634345905
mapa,8.0,-8.0,0.0021092649013276935
mapa,8.0,-7.75,0.0021505708823792826
mapa,8.0,-7.5,0.0022518380362763434
mapa,8.0,-7.25,0.002441713056454339
mapa,8.0,-7.0,0.0027619587442848205
mapa,8.0,-6.75,0.0032724017797632985
mapa,8.0,-6.5,0.00405691689792915
mapa,8.0,-6.25,0.005229992528634462
mapa,8.0,-6.0,0.006942787937503872
mapa,8.0,-5.75,0.009386709765800402
mapa,8.0,-5.5,0.012791572480680176
mapa,8.0,-5.25,0.01741479039604033
mapa,8.0,-5.0,0.023518482635165813
mapa,8.0,-4.75,0.031333612932472936
mapa,8.0,-4.5,0.04101458435883315
mapa,8.0,-4.25,0.052593105817926575
mapa,8.0,-4.0,0.06594423006377735
mapa,8.0,-3.75,0.0807772844242309
mapa,8.0,-3.5,0.09665850362873038
mapa,8.0,-3.25,0.11306224327093511
mapa,8.0,-3.0,0.12943820571148903
mapa,8.0,-2.75,0.1452777130994873
mapa,8.0,-2.5,0.160164367591267
mapa,8.0,-2.25,0.1738014313543655
mapa,8.0,-2.0,0.18601607573750947
mapa,8.0,-1.75,0.19674613208697211
mapa,8.0,-1.5,0.20601701809945772
mapa,8.0,-1.25,0.21391578008251833
mapa,8.0,-1.0,0.22056707024768862
mapa,8.0,-0.75,0.22611358253728783
mapa,8.0,-0.5,0.23070167579350873
mapa,8.0,-0.25,0.2344718056663459
mapa,8.0,0.0,0.23755286975035125
mapa,8.0,0.25,0.2400594508081581
mapa,8.0,0.5,0.2420910393534835
mapa,8.0,0.75,0.24373250022441836
mapa,8.0,1.0,0.24505524225378889
mapa,8.0,1.25,0.246118719493392
mapa,8.0,1.5,0.2469720247752329
mapa,8.0,1.75,0.2476554324577483
mapa,8.0,2.0,0.2482018130234595
mapa,8.0,2.25,0.24863788498948705
mapa,8.0,2.5,0.24898529592374807
mapa,8.0,2.75,0.24926153947800864
mapa,8.0,3.0,0.24948072315186462
mapa,8.0,3.25,0.24965420473494832
mapa,8.0,3.5,0.2497911158951372
mapa,8.0,3.75,0.24989879040022625
mapa,8.0,4.0,0.2499831127431179
mapa,8.0,4.25,0.2500488009488099
mapa,8.0,4.5,0.25009963534178864
mapa,8.0,4.75,0.2501386431870227
mapa,8.0,5.0,0.25016824745240057
mapa,8.0,5.25,0.2501903864958669
mapa,8.0,5.5,0.2502066102521321
mapa,8.0,5.75,0.25021815746412457
mapa,8.0,6.0,0.25022601765028113
mapa,8.0,6.25,0.250230980795961
mapa,8.0,6.5,0.250233677182429
mapa,8.0,6.75,0.25023460929888014
mapa,8.0,7.0,0.2502341774033792
mapa,8.0,7.25,0.25023269999154146
mapa,8.0,7.5,0.25023043018399205
mapa,8.0,7.75,0.2502275688440006
mapa,8.0,8.0,0.25022427507608297
mapa,8.0,8.25,0.2502206746272938
mapa,8.0,8.5,0.2502168666093016
mapa,8.0,8.75,0.2502129288761867
mapa,8.0,9.0,0.2502089223262271
mapa,8.0,9.25,0.250204894342486
mapa,8.0,9.5,0.2502008815441918
mapa,8.0,9.75,0.2501969119865942
mapa,8.0,10.0,0.25019300691950574
mapa,8.0,10.25,0.2501891821927404
mapa,8.0,10.5,0.25018544937904563
mapa,8.0,10.75,0.2501818166710258
mapa,8.0,11.0,0.25017828959727156
mapa,8.0,11.25,0.25017487159387153
mapa,8.0,11.5,0.2501715644602595
mapa,8.0,11.75,0.25016836872256004
mapa,8.0,12.0,0.25016528392296833
mapa,8.0,12.25,0.2501623088499925
mapa,8.0,12.5,0.2501594417214249
mapa,8.0,12.75,0.2501566803295342
mapa,8.0,13.0,0.2501540221560706
mapa,8.0,13.25,0.25015146446316183
mapa,8.0,13.5,0.25014900436495713
mapa,8.0,13.75,0.2501466388839081
mapa,8.0,14.0,0.2501443649947921
mapa,8.0,14.25,0.25014217965896884
mapa,8.0,14.5,0.250140079850854
mapa,8.0,14.75,0.25013806257820187
mapa,8.0,15.0,0.25013612489746695
mapa,8.0,15.25,0.2501342639252592
mapa,8.0,15.5,0.25013247684670725
mapa,8.0,15.75,0.2501307609213718
mapa,8.0,16.0,0.25012911348723565
mapa,8.25,-16.0,0.003951867702350933
mapa,8.25,-15.75,0.0038112699816816318
mapa,8.25,-15.5,0.003675554248302475
mapa,8.25,-15.25,0.0035445637362800336
mapa,8.25,-15.0,0.003418146058605429
mapa,8.25,-14.75,0.0032961531353547066
mapa,8.25,-14.5,0.0031784411284902516
mapa,8.25,-14.25,0.0030648703874250533
mapa,8.25,-14.0,0.002955305411690597
mapa,8.25,-13.75,0.00284961484051695
mapa,8.25,-13.5,0.0027476714845471374
mapa,8.25,-13.25,0.002649352423355854
mapa,8.25,-13.0,0.002554539205614865
mapa,8.25,-12.75,0.0024631182092755767
mapa,8.25,-12.5,0.0023749812511058266
mapa,8.25,-12.25,0.0022900265846579233
mapa,8.25,-12.0,0.002208160503058083
mapa,8.25,-11.75,0.0021292998830311984
mapa,8.25,-11.5,0.002053376192612102
mapa,8.25,-11.25,0.001980341772787804
mapa,8.25,-11.0,0.0019101796474296376
mapa,8.25,-10.75,0.00184291879909257
mapa,8.25,-10.5,0.001778657895193826
mapa,8.25,-10.25,0.0017176020453785541
mapa,8.25,-10.0,0.0016601195893704802
mapa,8.25,-9.75,0.0016068295489683746
mapa,8.25,-9.5,0.0015587357819541537
mapa,8.25,-9.25,0.0015174318010187924
mapa,8.25,-9.0,0.0014854116323981645
mapa,8.25,-8.75,0.0014665381167062851
mapa,8.25,-8.5,0.0014667417963179785
mapa,8.25,-8.25,0.0014950515593391137
mapa,8.25,-8.0,0.0015650915229212681
mapa,8.25,-7.75,0.0016972127513296097
mapa,8.25,-7.5,0.0019214521601939988
mapa,8.25,-7.25,0.002281501970186512
mapa,8.25,-7.0,0.002839792558125698
mapa,8.25,-6.75,0.0036835815061240784
mapa,8.25,-6.5,0.004931531179551572
mapa,8.25,-6.25,0.006739589705367789
mapa,8.25,-6.0,0.00930408502553046
mapa,8.25,-5.75,0.01285899154390119
mapa,8.25,-5.5,0.017663797505158757
mapa,8.25,-5.25,0.02397901731565534
mapa,8.25,-5.0,0.03202888752452393
mapa,8.25,-4.75,0.04195529785366043
mapa,8.25,-4.5,0.05377239943883505
mapa,8.25,-4.25,0.06733504760180062
mapa,8.25,-4.0,0.0823333882494315
mapa,8.25,-3.75,0.09831933629712825
mapa,8.25,-3.5,0.11476054917962562
mapa,8.25,-3.25,0.1311084561623087
mapa,8.25,-3.0,0.14686330968622255
mapa,8.25,-2.75,0.16162226746631567
mapa,8.25,-2.5,0.17510382007817862
mapa,8.25,-2.25,0.1871495454407516
mapa,8.25,-2.0,0.19770925323568245
mapa,8.25,-1.75,0.20681722672494884
mapa,8.25,-1.5,0.2145662907755661
mapa,8.25,-1.25,0.22108423729256238
mapa,8.25,-1.0,0.22651487968751124
mapa,8.25,-0.75,0.23100429443926113
mapa,8.25,-0.5,0.2346917805366201
mapa,8.25,-0.25,0.2377046096070403
mapa,8.25,0.0,0.24015555488207488
mapa,8.25,0.25,0.2421422998405058
mapa,8.25,0.5,0.24374801517704117
mapa,8.25,0.75,0.2450425854869588
mapa,8.25,1.0,0.24608413220794084
mapa,8.25,1.25,0.24692060709083602
mapa,8.25,1.5,0.2475913224967178
mapa,8.25,1.75,0.2481283474615318
mapa,8.25,2.0,0.2485577389421046
mapa,8.25,2.25,0.24890060237725276
mapa,8.25,2.5,0.2491739897466639
mapa,8.25,2.75,0.2493916504329032
mapa,8.25,3.0,0.24956465301219455
mapa,8.25,3.25,0.2497018963841216
mapa,8.25,3.5,0.24981052754719035
mapa,8.25,3.75,0.24989628155660634
mapa,8.25,4.0,0.24996375719672773
mapa,8.25,4.25,0.2500166399115813
mapa,8.25,4.5,0.25005788169330423
mapa,8.25,4.75,0.2500898459893427
mapa,8.25,5.0,0.2501144242714597
mapa,8.25,5.25,0.25013312970641305
mapa,8.25,5.5,0.2501471723610398
mapa,8.25,5.75,0.25015751954004795
mapa,8.25,6.0,0.2501649441687214
mapa,8.25,6.25,0.250170063571946
mapa,8.25,6.5,0.25017337054463146
mapa,8.25,6.75,0.2501752582385955
mapa,8.25,7.0,0.25017604009178135
mapa,8.25,7.25,0.25017596578426915
mapa,8.25,7.5,0.25017523401109565
mapa,8.25,7.75,0.25017400270547735
mapa,8.25,8.0,0.2501723972203531
mapa,8.25,8.25,0.25017051687525416
mapa,8.25,8.5,0.25016844019455564
mapa,8.25,8.75,0.25016622909824665
mapa,8.25,9.0,0.25016393225432687
mapa,8.25,9.25,0.25016158776024466
mapa,8.25,9.5,0.25015922528739826
mapa,8.25,9.75,0.25015686779597995
mapa,8.25,10.0,0.250154532906024
mapa,8.25,10.25,0.25015223399337955
mapa,8.25,10.5,0.2501499810656026
mapa,8.25,10.75,0.25014778146177785
mapa,8.25,11.0,0.2501456404114879
mapa,8.25,11.25,0.2501435614811106
mapa,8.25,11.5,0.250141546929996
mapa,8.25,11.75,0.25013959799456265
mapa,8.25,12.0,0.250137715114753
mapa,8.25,12.25,0.2501358981143991
mapa,8.25,12.5,0.25013414634473496
mapa,8.25,12.75,0.2501324587984581
mapa,8.25,13.0,0.2501308342002467
mapa,8.25,13.25,0.25012927107847077
mapa,8.25,13.5,0.2501277678218795
mapa,8.25,13.75,0.25012632272429414
mapa,8.25,14.0,0.2501249340197277
mapa,8.25,14.25,0.2501235999098692
mapa,8.25,14.5,0.25012231858548106
mapa,8.25,14.75,0.25012108824294826
mapa,8.25,15.0,0.2501199070969709
mapa,8.25,15.25,0.25011877339018845
mapa,8.25,15.5,0.2501176854003733
mapa,8.25,15.75,0.250116641445694
mapa,8.25,16.0,0.25011563988845603
mapa,8.5,-16.0,0.0025566824808499807
mapa,8.5,-15.75,0.002465219196097121
mapa,8.5,-15.5,0.0023770257247668863
mapa,8.5,-15.25,0.0022919919853162524
mapa,8.5,-15.0,0.002210011277385836
mapa,8.5,-14.75,0.002130980221083859
mapa,8.5,-14.5,0.002054798708785947
mapa,8.5,-14.25,0.001981369876057027
mapa,8.5,-14.0,0.001910600101964325
mapa,8.5,-13.75,0.0018423990547675646
mapa,8.5,-13.5,0.0017766798078906834
mapa,8.5,-13.25,0.001713359064983295
mapa,8.5,-13.0,0.0016523575545441674
mapa,8.5,-12.75,0.0015936006883109444
mapa,8.5,-12.5,0.0015370196300980572
mapa,8.5,-12.25,0.0014825530033221715
mapa,8.5,-12.0,0.0014301495920431252
mapa,8.5,-11.75,0.0013797725865173896
mapa,8.5,-11.5,0.0013314062276456068
mapa,8.5,-11.25,0.0012850661727093339
mapa,8.5,-11.0,0.0012408156244672983
mapa,8.5,-10.75,0.0011987903678810155
mapa,8.5,-10.5,0.0011592375381379847
mapa,8.5,-10.25,0.0011225754857857057
mapa,8.5,-10.0,0.0010894859206243375
mapa,8.5,-9.75,0.001061055181546287
mapa,8.5,-9.5,0.0010389897720553003
mapa,8.5,-9.25,0.0010259432103054554
mapa,8.5,-9.0,0.001026007908966682
mapa,8.5,-8.75,0.0010454482924012558
mapa,8.5,-8.5,0.0010937801257213352
mapa,8.5,-8.25,0.0011853347765080223
mapa,8.5,-8.0,0.0013414807570949574
mapa,8.5,-7.75,0.0015936961528744827
mapa,8.5,-7.5,0.0019876703224683354
mapa,8.5,-7.25,0.0025885204961478203
mapa,8.5,-7.0,0.003486978406901714
mapa,8.5,-6.75,0.00480596269461415
mapa,8.5,-6.5,0.006706253085345406
mapa,8.5,-6.25,0.009389056794488985
mapa,8.5,-6.0,0.01309232747440579
mapa,8.5,-5.75,0.0180772621309953
mapa,8.5,-5.5,0.02460221136326303
mapa,8.5,-5.25,0.03288398977025815
mapa,8.5,-5.0,0.04305128405514871
mapa,8.5,-4.75,0.0551002022708033
mapa,8.5,-4.5,0.06886530982426539
mapa,8.5,-4.25,0.08401796088003248
mapa,8.5,-4.0,0.1000965563370104
mapa,8.5,-3.75,0.11656307261868373
mapa,8.5,-3.5,0.13287163527226722
mapa,8.5,-3.25,0.1485321375084167
mapa,8.5,-3.0,0.16315564564034615
mapa,8.5,-2.75,0.17647589218385082
mapa,8.5,-2.5,0.18834862923239185
mapa,8.5,-2.25,0.1987352830573237
mapa,8.5,-2.0,0.20767861174245067
mapa,8.5,-1.75,0.2152768655727236
mapa,8.5,-1.5,0.22166069326901133
mapa,8.5,-1.25,0.2269748224328917
mapa,8.5,-1.0,0.23136491189969963
mapa,8.5,-0.75,0.2349690246343832
mapa,8.5,-0.5,0.23791276774286443
mapa,8.5,-0.25,0.24030709387385152
mapa,8.5,0.0,0.24224788546012482
mapa,8.5,0.25,0.24381663449151136
mapa,8.5,0.5,0.24508172106111345
mapa,8.5,0.75,0.2460999547470398
mapa,8.5,1.0,0.24691816605993738
mapa,8.5,1.25,0.24757472327031108
mapa,8.5,1.5,0.24810090950689856
mapa,8.5,1.75,0.24852213326228964
mapa,8.5,2.0,0.24885896862518714
mapa,8.5,2.25,0.24912803459300287
mapa,8.5,2.5,0.24934272929918525
mapa,8.5,2.75,0.24951383742273933
mapa,8.5,3.0,0.2496500291125548
mapa,8.5,3.25,0.2497582675434901
mapa,8.5,3.5,0.24984414040365738
mapa,8.5,3.75,0.2499121285999036
mapa,8.5,4.0,0.2499658234918809
mapa,8.5,4.25,0.2500081021442918
mapa,8.5,4.5,0.25004126847440994
mapa,8.5,4.75,0.2500671667808942
mapa,8.5,5.0,0.25008727296163075
mapa,8.5,5.25,0.2501027677434505
mapa,8.5,5.5,0.2501145954313993
mapa,8.5,5.75,0.25012351101553676
mapa,8.5,6.0,0.2501301179261572
mapa,8.5,6.25,0.25013489828338115
mapa,8.5,6.5,0.25013823712641386
mapa,8.5,6.75,0.25014044181622946
mapa,8.5,7.0,0.25014175757025814
mapa,8.5,7.25,0.25014237989826016
mapa,8.5,7.5,0.25014246455623795
mapa,8.5,7.75,0.25014213551285597
mapa,8.5,8.0,0.2501414913245825
mapa,8.5,8.25,0.25014061023695927
mapa,8.5,8.5,0.25013955426619305
mapa,8.5,8.75,0.25013837246462245
mapa,8.5,9.0,0.25013710353302104
mapa,8.5,9.25,0.2501357779101939
mapa,8.5,9.5,0.2501344194442909
mapa,8.5,9.75,0.2501330467294153
mapa,8.5,10.0,0.25013167417441606
mapa,8.5,10.25,0.25013031285739973
mapa,8.5,10.5,0.2501289712087953
mapa,8.5,10.75,0.25012765555726
mapa,8.5,11.0,0.25012637056585113
mapa,8.5,11.25,0.2501251195804191
mapa,8.5,11.5,0.2501239049077836
mapa,8.5,11.75,0.25012272803774666
mapa,8.5,12.0,0.2501215898201882
mapa,8.5,12.25,0.2501204906062402
mapa,8.5,12.5,0.25011943036073797
mapa,8.5,12.75,0.2501184087517076
mapa,8.5,13.0,0.25011742522149855
mapa,8.5,13.25,0.25011647904324574
mapa,8.5,13.5,0.25011556936561025
mapa,8.5,13.75,0.25011469524815877
mapa,8.5,14.0,0.25011385568926775
mapa,8.5,14.25,0.25011304964806114
mapa,8.5,14.5,0.2501122760615903
mapa,8.5,14.75,0.25011153385821894
mapa,8.5,15.0,0.25011082196798756
mapa,8.5,15.25,0.25011013933057225
mapa,8.5,15.5,0.25010948490133295
mapa,8.5,15.75,0.25010885765584395
mapa,8.5,16.0,0.25010825659322206
mapa,8.75,-16.0,0.001654359883781287
mapa,8.75,-15.75,0.0015955493672351777
mapa,8.75,-15.5,0.0015388906437686042
mapa,8.75,-15.25,0.001484308629198492
mapa,8.75,-15.0,0.001431730735120627
mapa,8.75,-14.75,0.0013810868350071623
mapa,8.75,-14.5,0.0013323092508171314
mapa,8.75,-14.25,0.0012853327709089356
mapa,8.75,-14.0,0.0012400947160804733
mapa,8.75,-13.75,0.0011965350799764615
mapa,8.75,-13.5,0.0011545967847775183
mapa,8.75,-13.25,0.001114226115947709
mapa,8.75,-13.0,0.0010753734354099066
mapa,8.75,-12.75,0.0010379943278835595
mapa,8.75,-12.5,0.0010020514211510046
mapa,8.75,-12.25,0.000967517254526862
mapa,8.75,-12.0,0.0009343787766509196
mapa,8.75,-11.75,0.0009026443735322601
mapa,8.75,-11.5,0.0008723548209470199
mapa,8.75,-11.25,0.0008436003133238134
mapa,8.75,-11.0,0.0008165468815443766
mapa,8.75,-10.75,0.0007914772787433592
mapa,8.75,-10.5,0.000768854084984365
mapa,8.75,-10.25,0.0007494167874170025
mapa,8.75,-10.0,0.0007343305309038655
mapa,8.75,-9.75,0.0007254129084638842
mapa,8.75,-9.5,0.0007254775845269403
mapa,8.75,-9.25,0.0007388508654581014
mapa,8.75,-9.0,0.0007721405822070888
mapa,8.75,-8.75,0.0008353661417884201
mapa,8.75,-8.5,0.0009435927130537311
mapa,8.75,-8.25,0.0011192454794816515
mapa,8.75,-8.0,0.0013952983029638932
mapa,8.75,-7.75,0.0018195090915235556
mapa,8.75,-7.5,0.002459768267361822
mapa,8.75,-7.25,0.003410374713953287
mapa,8.75,-7.0,0.004798584427114903
mapa,8.75,-6.75,0.006790045457302899
mapa,8.75,-6.5,0.009590789944728183
mapa,8.75,-6.25,0.013442551304336988
mapa,8.75,-6.0,0.018607847577331645
mapa,8.75,-5.75,0.025342286796565233
mapa,8.75,-5.5,0.03385455986666091
mapa,8.75,-5.25,0.044259475834580043
mapa,8.75,-5.0,0.05653465454881651
mapa,8.75,-4.75,0.07049433694120337
mapa,8.75,-4.5,0.0857915337134923
mapa,8.75,-4.25,0.10195197749953912
mapa,8.75,-4.0,0.11843299013987899
mapa,8.75,-3.75,0.13469234212153797
mapa,8.75,-3.5,0.15025023856447922
mapa,8.75,-3.25,0.16473196454157543
mapa,8.75,-3.0,0.1778864735201552
mapa,8.75,-2.75,0.1895834387071399
mapa,8.75,-2.5,0.19979553410964104
mapa,8.75,-2.25,0.20857360476169123
mapa,8.75,-2.0,0.21602098171522233
mapa,8.75,-1.75,0.2222708981203493
mapa,8.75,-1.5,0.22746880063326336
mapa,8.75,-1.25,0.23175980378402428
mapa,8.75,-1.0,0.23528066188804872
mapa,8.75,-0.75,0.23815528394291527
mapa,8.75,-0.5,0.2404927944773563
mapa,8.75,-0.25,0.2423872832890935
mapa,8.75,0.0,0.24391858075493597
mapa,8.75,0.25,0.24515358334402126
mapa,8.75,0.5,0.24614781035183037
mapa,8.75,0.75,0.24694699152362165
mapa,8.75,1.0,0.24758856947831284
mapa,8.75,1.25,0.2481030574616436
mapa,8.75,1.5,0.24851522906746581
mapa,8.75,1.75,0.24884513828461388
mapa,8.75,2.0,0.24910898029902256
mapa,8.75,2.25,0.24931980935600975
mapa,8.75,2.5,0.24948813205788553
mapa,8.75,2.75,0.24962239433362526
mapa,8.75,3.0,0.2497293789990365
mapa,8.75,3.25,0.24981452896729014
mapa,8.75,3.5,0.24988220915200998
mapa,8.75,3.75,0.2499359181426852
mapa,8.75,4.0,0.24997845893482254
mapa,8.75,4.25,0.25001207641148965
mapa,8.75,4.5,0.2500385679083736
mapa,8.75,4.75,0.25005937204081036
mapa,8.75,5.0,0.2500756400082374
mapa,8.75,5.25,0.25008829279526473
mapa,8.75,5.5,0.2500980670349024
mapa,8.75,5.75,0.25010555176582827
mapa,8.75,6.0,0.25011121788174934
mapa,8.75,6.25,0.25011544171939715
mapa,8.75,6.5,0.250118523947629
mapa,8.75,6.75,0.2501207046910001
mapa,8.75,7.0,0.25012217563669975
mapa,8.75,7.25,0.2501230897254003
mapa,8.75,7.5,0.2501235689073905
mapa,8.75,7.75,0.25012371034970615
mapa,8.75,8.0,0.2501235914032303
mapa,8.75,8.25,0.2501232735772124
mapa,8.75,8.5,0.2501228057193399
mapa,8.75,8.75,0.25012222655999317
mapa,8.75,9.0,0.25012156674766894
mapa,8.75,9.25,0.25012085047721505
mapa,8.75,9.5,0.2501200967922293
mapa,8.75,9.75,0.2501193206267351
mapa,8.75,10.0,0.2501185336382365
mapa,8.75,10.25,0.25011774487385474
mapa,8.75,10.5,0.25011696130291355
mapa,8.75,10.75,0.25011618824267473
mapa,8.75,11.0,0.2501154296985925
mapa,8.75,11.25,0.2501146886361816
mapa,8.75,11.5,0.25011396719818024
mapa,8.75,11.75,0.2501132668779548
mapa,8.75,12.0,0.25011258865790437
mapa,8.75,12.25,0.25011193311987046
mapa,8.75,12.5,0.25011130053316294
mapa,8.75,12.75,0.2501106909246854
mapa,8.75,13.0,0.25011010413474866
mapa,8.75,13.25,0.25010953986144474
mapa,8.75,13.5,0.25010899769587885
mapa,8.75,13.75,0.2501084771500961
mapa,8.75,14.0,0.25010797767917264
mapa,8.75,14.25,0.25010749869864846
mapa,8.75,14.5,0.25010703959824054
mapa,8.75,14.75,0.2501065997525904
mapa,8.75,15.0,0.25010617852964645
mapa,8.75,15.25,0.2501057752971616
mapa,8.75,15.5,0.25010538942769295
mapa,8.75,15.75,0.2501050203024073
mapa,8.75,16.0,0.25010466731394226
mapa,9.0,-16.0,0.001077270514662005
mapa,9.0,-15.75,0.001039813450595526
mapa,9.0,-15.5,0.0010037526289756636
mapa,9.0,-15.25,0.0009690380380173395
mapa,9.0,-15.0,0.0009356214712268073
mapa,9.0,-14.75,0.0009034565315032799
mapa,9.0,-14.5,0.0008724986681787765
mapa,9.0,-14.25,0.0008427052647321489
mapa,9.0,-14.0,0.0008140358048495276
mapa,9.0,-13.75,0.0007864521599910407
mapa,9.0,-13.5,0.000759919065748883
mapa,9.0,-13.25,0.0007344048918362637
mapa,9.0,-13.0,0.0007098828689567786
mapa,9.0,-12.75,0.0006863330265516911
mapa,9.0,-12.5,0.00066374523622518
mapa,9.0,-12.25,0.0006421239737436645
mapa,9.0,-12.0,0.0006214957496105542
mapa,9.0,-11.75,0.0006019206778806703
mapa,9.0,-11.5,0.0005835104512613093
mapa,9.0,-11.25,0.0005664562119009061
mapa,9.0,-11.0,0.000551071665530521
mapa,9.0,-10.75,0.0005378595943190239
mapa,9.0,-10.5,0.0005276141281809997
mapa,9.0,-10.25,0.0005215773573015582
mapa,9.0,-10.0,0.0005216779397871153
mapa,9.0,-9.75,0.0005308923137054323
mapa,9.0,-9.5,0.000553787115083074
mapa,9.0,-9.25,0.0005973254180503425
mapa,9.0,-9.0,0.0006720496086392699
mapa,9.0,-8.75,0.000793788094606293
mapa,9.0,-8.5,0.0009860651698006815
mapa,9.0,-8.25,0.0012834085421958201
mapa,9.0,-8.0,0.001735719517298323
mapa,9.0,-7.75,0.002413750869215898
mapa,9.0,-7.5,0.0034154628049583133
mapa,9.0,-7.25,0.004872527761482516
mapa,9.0,-7.0,0.00695549186111925
mapa,9.0,-6.75,0.00987514440432356
mapa,9.0,-6.5,0.013876779330734168
mapa,9.0,-6.25,0.019223825064609873
mapa,9.0,-6.0,0.02616854933580221
mapa,9.0,-5.75,0.03491081257652241
mapa,9.0,-5.5,0.04555088934409466
mapa,9.0,-5.25,0.05804750883145492
mapa,9.0,-5.0,0.07219461168386836
mapa,9.0,-4.75,0.0876273704300026
mapa,9.0,-4.5,0.10385973153606934
mapa,9.0,-4.25,0.12034539373610328
mapa,9.0,-4.0,0.1365466970858659
mapa,9.0,-3.75,0.1519947888976287
mapa,9.0,-3.5,0.1663294404875618
mapa,9.0,-3.25,0.1793147719936192
mapa,9.0,-3.0,0.19083410547225604
mapa,9.0,-2.75,0.20087098785465587
mapa,9.0,-2.5,0.20948396675105538
mapa,9.0,-2.25,0.21678111795209107
mapa,9.0,-2.0,0.22289799692283752
mapa,9.0,-1.75,0.22798058396837545
mapa,9.0,-1.5,0.2321733307806209
mapa,9.0,-1.25,0.23561161664639396
mapa,9.0,-1.0,0.2384176233812626
mapa,9.0,-0.75,0.24069864296507162
mapa,9.0,-0.5,0.24254698303376937
mapa,9.0,-0.25,0.24404083077640237
mapa,9.0,0.0,0.24524562077050033
mapa,9.0,0.25,0.2462156041632092
mapa,9.0,0.5,0.246995430795517
mapa,9.0,0.75,0.24762163637133808
mapa,9.0,1.0,0.24812398053766122
mapa,9.0,1.25,0.24852661580738572
mapa,9.0,1.5,0.2488490875800955
mapa,9.0,1.75,0.2491071766765748
mapa,9.0,2.0,0.2493136011075095
mapa,9.0,2.25,0.2494785955274355
mapa,9.0,2.5,0.2496103864979084
mapa,9.0,2.75,0.24971558027216292
mapa,9.0,3.0,0.24979947791942303
mapa,9.0,3.25,0.24986633058718155
mapa,9.0,3.5,0.24991954575308942
mapa,9.0,3.75,0.24996185354485792
mapa,9.0,4.0,0.24999544064764975
mapa,9.0,4.25,0.25002205798029725
mapa,9.0,4.5,0.25004310719233835
mapa,9.0,4.75,0.25005971009237127
mapa,9.0,5.0,0.25007276434053943
mapa,9.0,5.25,0.25008298810000795
mapa,9.0,5.5,0.2500909558217651
mapa,9.0,5.75,0.250097126914118
mapa,9.0,6.0,0.2501018687056555
mapa,9.0,6.25,0.2501054748336627
mapa,9.0,6.5,0.25010817996679857
mapa,9.0,6.75,0.25011017159116694
mapa,9.0,7.0,0.25011159944445055
mapa,9.0,7.25,0.2501125830667305
mapa,9.0,7.5,0.2501132178434731
mapa,9.0,7.75,0.25011357984145366
mapa,9.0,8.0,0.25011372967848855
mapa,9.0,8.25,0.2501137156198442
mapa,9.0,8.5,0.2501135760557303
mapa,9.0,8.75,0.25011334148348446
mapa,9.0,9.0,0.25011303609338426
mapa,9.0,9.25,0.2501126790372752
mapa,9.0,9.5,0.2501122854433896
mapa,9.0,9.75,0.2501118672280768
mapa,9.0,10.0,0.2501114337450311
mapa,9.0,10.25,0.2501109923044988
mapa,9.0,10.5,0.2501105485884564
mapa,9.0,10.75,0.25011010698255565
mapa,9.0,11.0,0.25010967084148006
mapa,9.0,11.25,0.2501092427010268
mapa,9.0,11.5,0.2501088244475715
mapa,9.0,11.75,0.25010841745344037
mapa,9.0,12.0,0.2501080226850118
mapa,9.0,12.25,0.25010764078900566
mapa,9.0,12.5,0.25010727216132594
mapa,9.0,12.75,0.25010691700195464
mapa,9.0,13.0,0.2501065753586871
mapa,9.0,13.25,0.25010624716195007
mapa,9.0,13.5,0.25010593225248917
mapa,9.0,13.75,0.2501056304033586
mapa,9.0,14.0,0.2501053413373562
mapa,9.0,14.25,0.2501050647408238
mapa,9.0,14.5,0.2501048002745412
mapa,9.0,14.75,0.25010454758230266
mapa,9.0,15.0,0.2501043062976444
mapa,9.0,15.25,0.2501040760490964
mapa,9.0,15.5,0.25010385646426
mapa,9.0,15.75,0.25010364717295047
mapa,9.0,16.0,0.2501034478095953
mapa,9.25,-16.0,0.0007116796327998166
mapa,9.25,-15.75,0.0006880079697628769
mapa,9.25,-15.5,0.0006652322867940114
mapa,9.25,-15.25,0.0006433199636491859
mapa,9.25,-15.0,0.0006222397047016582
mapa,9.25,-14.75,0.0006019615939532053
mapa,9.25,-14.5,0.0005824572032616677
mapa,9.25,-14.25,0.0005636997829834228
mapa,9.25,-14.0,0.0005456645805733577
mapa,9.25,-13.75,0.000528329358141873
mapa,9.25,-13.5,0.0005116752195920334
mapa,9.25,-13.25,0.0004956879195796853
mapa,9.25,-13.0,0.00048035992226064575
mapa,9.25,-12.75,0.0004656936262790713
mapa,9.25,-12.5,0.0004517064024019577
mapa,9.25,-12.25,0.00043843844552877645
mapa,9.25,-12.0,0.0004259649903514248
mapa,9.25,-11.75,0.0004144152807679873
mapa,9.25,-11.5,0.00040400196867904016
mapa,9.25,-11.25,0.000395066572217674
mapa,9.25,-11.0,0.0003881495735886452
mapa,9.25,-10.75,0.00038409814882227545
mapa,9.25,-10.5,0.00038423104160317204
mapa,9.25,-10.25,0.0003905895765926484
mapa,9.25,-10.0,0.00040631731198794845
mapa,9.25,-9.75,0.0004362295094463939
mapa,9.25,-9.5,0.00048765838220593907
mapa,9.25,-9.25,0.0005716909545905386
mapa,9.25,-9.0,0.0007049509483834629
mapa,9.25,-8.75,0.0009121071673253663
mapa,9.25,-8.5,0.0012293024188598759
mapa,9.25,-8.25,0.0017086593580372398
mapa,9.25,-8.0,0.0024238846591245716
mapa,9.25,-7.75,0.0034766946060428325
mapa,9.25,-7.5,0.005003254360680345
mapa,9.25,-7.25,0.007179029867904067
mapa,9.25,-7.0,0.010219485289949492
mapa,9.25,-6.75,0.01437323517661292
mapa,9.25,-6.5,0.0199041844838028
mapa,9.25,-6.25,0.027060644763400477
mapa,9.25,-6.0,0.036032936251359955
mapa,9.25,-5.75,0.0469061628020872
mapa,9.25,-5.5,0.05961980553160981
mapa,9.25,-5.25,0.0739475883098477
mapa,9.25,-5.0,0.08950740593317254
mapa,9.25,-4.75,0.10580233340004754
mapa,9.25,-4.5,0.12228347869712099
mapa,9.25,-4.25,0.1384186489622417
mapa,9.25,-4.0,0.15375052187317975
mapa,9.25,-3.75,0.16793358020290425
mapa,9.25,-3.5,0.18074702452459204
mapa,9.25,-3.25,0.19208753576771315
mapa,9.25,-3.0,0.20194915415540982
mapa,9.25,-2.75,0.21039774960523275
mapa,9.25,-2.5,0.21754581537008053
mapa,9.25,-2.25,0.22353097718710144
mapa,9.25,-2.0,0.2284995729558127
mapa,9.25,-1.75,0.23259528068455237
mapa,9.25,-1.5,0.23595204406365583
mapa,9.25,-1.25,0.23869029276973835
mapa,9.25,-1.0,0.240915484565473
mapa,9.25,-0.75,0.24271815715944042
mapa,9.25,-0.5,0.24417487404919255
mapa,9.25,-0.25,0.2453496302751149
mapa,9.25,0.0,0.24629543131836723
mapa,9.25,0.25,0.24705586817052844
mapa,9.25,0.5,0.2476665884744115
mapa,9.25,0.75,0.24815661465141986
mapa,9.25,1.0,0.24854949203951177
mapa,9.25,1.25,0.24886426906164394
mapa,9.25,1.5,0.2491163217417672
mapa,9.25,1.75,0.24931803965270818
mapa,9.25,2.0,0.2494793917932935
mapa,9.25,2.25,0.2496083903904132
mapa,9.25,2.5,0.2497114691253332
mapa,9.25,2.75,0.249793790359038
mapa,9.25,3.0,0.24985949391224455
mapa,9.25,3.25,0.24991189802621763
mapa,9.25,3.5,0.24995366138197056
mapa,9.25,3.75,0.24998691352341293
mapa,9.25,4.0,0.250013359718087
mapa,9.25,4.25,0.25003436518377226
mapa,9.25,4.5,0.25005102268892465
mapa,9.25,4.75,0.25006420677542407
mapa,9.25,5.0,0.25007461722953894
mapa,9.25,5.25,0.25008281391932635
mapa,9.25,5.5,0.2500892447043233
mapa,9.25,5.75,0.2500942677895016
mapa,9.25,6.0,0.2500981696257742
mapa,9.25,6.25,0.25010117924193775
mapa,9.25,6.5,0.25010347971794245
mapa,9.25,6.75,0.2501052173686913
mapa,9.25,7.0,0.2501065090945788
mapa,9.25,7.25,0.25010744826428827
mapa,9.25,7.5,0.2501081094226316
mapa,9.25,7.75,0.2501085520579006
mapa,9.25,8.0,0.2501088236164673
mapa,9.25,8.25,0.2501089619149365
mapa,9.25,8.5,0.25010899707016154
mapa,9.25,8.75,0.25010895304343056
mapa,9.25,9.0,0.2501088488758985
mapa,9.25,9.25,0.250108699676955
mapa,9.25,9.5,0.2501085174148947
mapa,9.25,9.75,0.2501083115493982
mapa,9.25,10.0,0.2501080895374374
mapa,9.25,10.25,0.2501078572379058
mapa,9.25,10.5,0.2501076192352164
mapa,9.25,10.75,0.2501073790980677
mapa,9.25,11.0,0.2501071395863378
mapa,9.25,11.25,0.2501069028164801
mapa,9.25,11.5,0.25010667039372
mapa,9.25,11.75,0.2501064435176898
mapa,9.25,12.0,0.2501062230668191
mapa,9.25,12.25,0.25010600966572916
mapa,9.25,12.5,0.25010580373903324
mapa,9.25,12.75,0.25010560555426575
mapa,9.25,13.0,0.25010541525611474
mapa,9.25,13.25,0.25010523289370334
mapa,9.25,13.5,0.25010505844231196
mapa,9.25,13.75,0.25010489182065604
mapa,9.25,14.0,0.25010473290461205
mapa,9.25,14.25,0.25010458153810666
mapa,9.25,14.5,0.2501044375417369
mapa,9.25,14.75,0.2501043007195813
mapa,9.25,15.0,0.2501041708645645
mapa,9.25,15.25,0.25010404776266976
mapa,9.25,15.5,0.2501039311962311
mapa,9.25,15.75,0.2501038209464924
mapa,9.25,16.0,0.25010371679558513
mapa,9.5,-16.0,0.00048202778352822825
mapa,9.5,-15.75,0.0004671648745026711
mapa,9.5,-15.5,0.00045287209136148446
mapa,9.5,-15.25,0.0004391286324635842
mapa,9.5,-15.0,0.0004259147394781477
mapa,9.5,-14.75,0.0004132118240915706
mapa,9.5,-14.5,0.0004010026814047325
mapa,9.5,-14.25,0.0003892718380841907
mapa,9.5,-14.0,0.0003780061101925115
mapa,9.5,-13.75,0.00036719548742833214
mapa,9.5,-13.5,0.0003568345255114364
mapa,9.5,-13.25,0.0003469245294122214
mapa,9.5,-13.0,0.0003374769667183024
mapa,9.5,-12.75,0.0003285187928724475
mapa,9.5,-12.5,0.0003201007445282407
mapa,9.5,-12.25,0.0003123102341657169
mapa,9.5,-12.0,0.00030529136458231563
mapa,9.5,-11.75,0.00029927593483129625
mapa,9.5,-11.5,0.0002946313645201653
mapa,9.5,-11.25,0.0002919345627410308
mapa,9.5,-11.0,0.0002920853972395509
mapa,9.5,-10.75,0.00029648024869546923
mapa,9.5,-10.5,0.000307276046022953
mapa,9.5,-10.25,0.0003277892492000168
mapa,9.5,-10.0,0.00036309362510453036
mapa,9.5,-9.75,0.00042090621405434887
mapa,9.5,-9.5,0.0005128824021060906
mapa,9.5,-9.25,0.0006564756861658769
mapa,9.5,-9.0,0.0008775474859853978
mapa,9.5,-8.75,0.001213919871286642
mapa,9.5,-8.5,0.0017200175748491322
mapa,9.5,-8.25,0.002472594677024073
mapa,9.5,-8.0,0.0035772182787147757
mapa,9.5,-7.75,0.0051746189431824685
mapa,9.5,-7.5,0.007445195181710394
mapa,9.5,-7.25,0.010608988105433557
mapa,9.5,-7.0,0.014917671447051811
mapa,9.5,-6.75,0.020635169522919144
mapa,9.5,-6.5,0.02800520472967356
mapa,9.5,-6.25,0.0372078466994994
mapa,9.5,-6.0,0.04831241586962615
mapa,9.5,-5.75,0.0612388351424453
mapa,9.5,-5.5,0.07574075478574684
mapa,9.5,-5.25,0.0914194053640739
mapa,9.5,-5.0,0.1077679338783122
mapa,9.5,-4.75,0.12423588675553507
mapa,9.5,-4.5,0.140297405780569
mapa,9.5,-4.25,0.15550724408602734
mapa,9.5,-4.0,0.16953477946266132
mapa,9.5,-3.75,0.18217417617627574
mapa,9.5,-3.5,0.19333516786108867
mapa,9.5,-3.25,0.20302190470974782
mapa,9.5,-3.0,0.211307203380449
mapa,9.5,-2.75,0.21830765619744105
mapa,9.5,-2.5,0.2241627170214213
mapa,9.5,-2.25,0.2290189143046159
mapa,9.5,-2.0,0.2330190488224922
mapa,9.5,-1.75,0.23629557353214442
mapa,9.5,-1.5,0.2389671447916436
mapa,9.5,-1.25,0.24113738694790554
mapa,9.5,-1.0,0.24289508153174316
mapa,9.5,-0.75,0.24431518870772564
mapa,9.5,-0.5,0.24546028677554424
mapa,9.5,-0.25,0.24638215822186
mapa,9.5,0.0,0.24712335629387513
mapa,9.5,0.25,0.24771865941199975
mapa,9.5,0.5,0.2481963691096609
mapa,9.5,0.75,0.2485794374256699
mapa,9.5,1.0,0.24888642740725933
mapa,9.5,1.25,0.24913231986201737
mapa,9.5,1.5,0.24932918375850407
mapa,9.5,1.75,0.2494867287916667
mapa,9.5,2.0,0.24961275796626592
mapa,9.5,2.25,0.2497135364786434
mapa,9.5,2.5,0.2497940912270162
mapa,9.5,2.75,0.24985845326468747
mapa,9.5,3.0,0.2499098535995213
mapa,9.5,3.25,0.2499508810196613
mapa,9.5,3.5,0.2499836091204049
mapa,9.5,3.75,0.25000969842121323
mapa,9.5,4.0,0.250030478380157
mapa,9.5,4.25,0.2500470132135899
mapa,9.5,4.5,0.2500601546871962
mapa,9.5,4.75,0.250070584437055
mapa,9.5,5.0,0.2500788478842215
mapa,9.5,5.25,0.250085381404319
mapa,9.5,5.5,0.2500905340882538
mapa,9.5,5.75,0.2500945851674083
mapa,9.5,6.0,0.2500977579648945
mapa,9.5,6.25,0.2501002310640194
mapa,9.5,6.5,0.25010214724810415
mapa,9.5,6.75,0.2501036206557785
mapa,9.5,7.0,0.25010474250757236
mapa,9.5,7.25,0.250105585688812
mapa,9.5,7.5,0.25010620841705516
mapa,9.5,7.75,0.2501066571768139
mapa,9.5,8.0,0.2501069690678613
mapa,9.5,8.25,0.2501071736842382
mapa,9.5,8.5,0.2501072946176956
mapa,9.5,8.75,0.2501073506605994
mapa,9.5,9.0,0.2501073567683424
mapa,9.5,9.25,0.25010732482931464
mapa,9.5,9.5,0.2501072642808888
mapa,9.5,9.75,0.25010718260219095
mapa,9.5,10.0,0.25010708570828405
mapa,9.5,10.25,0.2501069782654666
mapa,9.5,10.5,0.2501068639434553
mapa,9.5,10.75,0.2501067456170695
mapa,9.5,11.0,0.2501066255275099
mapa,9.5,11.25,0.25010650541131296
mapa,9.5,11.5,0.25010638660344287
mapa,9.5,11.75,0.250106270119693
mapa,9.5,12.0,0.25010615672253617
mapa,9.5,12.25,0.2501060469737329
mapa,9.5,12.5,0.25010594127634933
mapa,9.5,12.75,0.2501058399083025
mapa,9.5,13.0,0.25010574304913014
mapa,9.5,13.25,0.25010565080134095
mapa,9.5,13.5,0.2501055632074324
mapa,9.5,13.75,0.250105480263443
mapa,9.5,14.0,0.2501054019297364
mapa,9.5,14.25,0.2501053281395685
mapa,9.5,14.5,0.2501052588058895
mapa,9.5,14.75,0.2501051938267291
mapa,9.5,15.0,0.250105133089455
mapa,9.5,15.25,0.2501050764741293
mapa,9.5,15.5,0.25010502385614636
mapa,9.5,15.75,0.2501049751082972
mapa,9.5,16.0,0.25010493010237583
mapa,9.75,-16.0,0.00033894427742602056
mapa,9.75,-15.75,0.00032966468830201436
mapa,9.75,-15.5,0.0003207458387068643
mapa,9.75,-15.25,0.00031217491179466096
mapa,9.75,-15.0,0.00030394004368192927
mapa,9.75,-14.75,0.00029603055782637284
mapa,9.75,-14.5,0.0002884373413686478
mapa,9.75,-14.25,0.0002811534425066871
mapa,9.75,-14.0,0.0002741750120787107
mapa,9.75,-13.75,0.0002675027811053118
mapa,9.75,-13.5,0.0002611443725325572
mapa,9.75,-13.25,0.00025511791055253795
mapa,9.75,-13.0,0.0002494576464795264
mapa,9.75,-12.75,0.0002442227148802798
mapa,9.75,-12.5,0.0002395107414432916
mapa,9.75,-12.25,0.00023547895649858646
mapa,9.75,-12.0,0.00023237689190421722
mapa,9.75,-11.75,0.00023059690025151574
mapa,9.75,-11.5,0.00023075199103063664
mapa,9.75,-11.25,0.00023379533474991908
mapa,9.75,-11.0,0.0002412029376559955
mapa,9.75,-10.75,0.00025525134449323045
mapa,9.75,-10.5,0.00027943688090689456
mapa,9.75,-10.25,0.0003191030402657997
mapa,9.75,-10.0,0.0003823689401393594
mapa,9.75,-9.75,0.0004814838978358184
mapa,9.75,-9.5,0.000634767822505652
mapa,9.75,-9.25,0.0008693253509478819
mapa,9.75,-9.0,0.0012247246537249483
mapa,9.75,-8.75,0.0017577757550389394
mapa,9.75,-8.5,0.0025483752059925805
mapa,9.75,-8.25,0.0037060350832574564
mapa,9.75,-8.0,0.0053761196380350835
mapa,9.75,-7.75,0.007743962707503408
mapa,9.75,-7.5,0.011034067804832976
mapa,9.75,-7.25,0.015500884181851493
mapa,9.75,-7.0,0.021407875077159112
mapa,9.75,-6.75,0.028993524897982046
mapa,9.75,-6.5,0.03842694401946366
mapa,9.75,-6.25,0.04976108317755
mapa,9.75,-6.0,0.06289604634560765
mapa,9.75,-5.75,0.07756561312691221
mapa,9.75,-5.5,0.093355014104734
mapa,9.75,-5.25,0.1097484366278017
mapa,9.75,-5.0,0.12619488766096762
mapa,9.75,-4.75,0.1421756786826145
mapa,9.75,-4.5,0.1572581395851156
mapa,9.75,-4.25,0.1711266858991135
mapa,9.75,-4.0,0.18359029987562528
mapa,9.75,-3.75,0.19457144703432822
mapa,9.75,-3.5,0.20408400164089296
mapa,9.75,-3.25,0.21220735681221353
mapa,9.75,-3.0,0.21906189457316877
mapa,9.75,-2.75,0.2247886644964043
mapa,9.75,-2.5,0.2295342272537586
mapa,9.75,-2.25,0.23344040978701835
mapa,9.75,-2.0,0.2366381242822999
mapa,9.75,-1.75,0.23924423608644427
mapa,9.75,-1.5,0.24136053915886274
mapa,9.75,-1.25,0.24307407391784358
mapa,9.75,-1.0,0.2444582182513997
mapa,9.75,-0.75,0.24557415681942193
mapa,9.75,-0.5,0.24647247185666724
mapa,9.75,-0.25,0.24719469991698828
mapa,9.75,0.0,0.24777476892744688
mapa,9.75,0.25,0.24824027574797575
mapa,9.75,0.5,0.24861359288120452
mapa,9.75,0.75,0.24891280950893518
mapa,9.75,1.0,0.24915252073907393
mapa,9.75,1.25,0.24934448273286022
mapa,9.75,1.5,0.2494981522216911
mapa,9.75,1.75,0.24962112811129414
mapa,9.75,2.0,0.24971951122930908
mapa,9.75,2.25,0.24979819630107075
mapa,9.75,2.5,0.2498611082283719
mapa,9.75,2.75,0.24991139285459374
mapa,9.75,3.0,0.24995157070182192
mapa,9.75,3.25,0.2499836606874503
mapa,9.75,3.5,0.2500092795676015
mapa,9.75,3.75,0.2500297217963691
mapa,9.75,4.0,0.2500460236108113
mapa,9.75,4.25,0.25005901442749207
mapa,9.75,4.5,0.25006935804359176
mapa,9.75,4.75,0.2500775856527332
mapa,9.75,5.0,0.250084122293783
mapa,9.75,5.25,0.250089308033793
mapa,9.75,5.5,0.25009341493025433
mapa,9.75,5.75,0.25009666061154934
mapa,9.75,6.0,0.2500992191484996
mapa,9.75,6.25,0.25010122975649013
mapa,9.75,6.5,0.25010280376052024
mapa,9.75,6.75,0.25010403016955973
mapa,9.75,7.0,0.250104980137646
mapa,9.75,7.25,0.25010571053389347
mapa,9.75,7.5,0.2501062667992957
mapa,9.75,7.75,0.2501066852327296
mapa,9.75,8.0,0.25010699482015436
mapa,9.75,8.25,0.250107218698247
mapa,9.75,8.5,0.2501073753255028
mapa,9.75,8.75,0.2501074794192439
mapa,9.75,9.0,0.2501075427053072
mapa,9.75,9.25,0.2501075745178456
mapa,9.75,9.5,0.25010758227918983
mapa,9.75,9.75,0.2501075718837432
mapa,9.75,10.0,0.25010754800508794
mapa,9.75,10.25,0.25010751434164996
mapa,9.75,10.5,0.25010747381320253
mapa,9.75,10.75,0.25010742871803837
mapa,9.75,11.0,0.2501073808586674
mapa,9.75,11.25,0.2501073316423384
mapa,9.75,11.5,0.25010728216141337
mapa,9.75,11.75,0.25010723325762546
mapa,9.75,12.0,0.2501071855734432
mapa,9.75,12.25,0.25010713959311925
mapa,9.75,12.5,0.2501070956754874
mapa,9.75,12.75,0.2501070540801587
mapa,9.75,13.0,0.250107014988438
mapa,9.75,13.25,0.25010697852001745
mapa,9.75,13.5,0.2501069447462928
mapa,9.75,13.75,0.2501069137009787
mapa,9.75,14.0,0.25010688538856485
mapa,9.75,14.25,0.2501068597910455
mapa,9.75,14.5,0.25010683687326923
mapa,9.75,14.75,0.2501068165871861
mapa,9.75,15.0,0.25010679887521264
mapa,9.75,15.25,0.25010678367289507
mapa,9.75,15.5,0.25010677091100836
mapa,9.75,15.75,0.25010676051720865
mapa,9.75,16.0,0.25010675241732744
mapa,10.0,-16.0,0.0002505901941483684
mapa,10.0,-15.75,0.0002448274023059275
mapa,10.0,-15.5,0.00023929247886146272
mapa,10.0,-15.25,0.00023397810705683576
mapa,10.0,-15.0,0.00022887803538911082
mapa,10.0,-14.75,0.0002239874812224914
mapa,10.0,-14.5,0.0002193037674652771
mapa,10.0,-14.25,0.0002148273222880737
mapa,10.0,-14.0,0.00021056324419792724
mapa,10.0,-13.75,0.00020652374710243207
mapa,10.0,-13.5,0.00020273197413413668
mapa,10.0,-13.25,0.00019922793847333516
mapa,10.0,-13.0,0.00019607776540781006
mapa,10.0,-12.75,0.0001933880501649951
mapa,10.0,-12.5,0.00019132812785450394
mapa,10.0,-12.25,0.00019016455009132543
mapa,10.0,-12.0,0.00019031433520371306
mapa,10.0,-11.75,0.00019242697834294286
mapa,10.0,-11.5,0.00019751030135999352
mapa,10.0,-11.25,0.00020712270972243394
mapa,10.0,-11.0,0.00022366523856667505
mapa,10.0,-10.75,0.0002508220249106
mapa,10.0,-10.5,0.00029421866300406653
mapa,10.0,-10.25,0.0003623949841849946
mapa,10.0,-10.0,0.00046822148870782936
mapa,10.0,-9.75,0.000630923154841358
mapa,10.0,-9.5,0.0008789007727279139
mapa,10.0,-9.25,0.0012535379431165843
mapa,10.0,-9.0,0.0018141154334780933
mapa,10.0,-8.75,0.002643768526113059
mapa,10.0,-8.5,0.003856047311647315
mapa,10.0,-8.25,0.005601012869381022
mapa,10.0,-8.0,0.008068926195485689
mapa,10.0,-7.75,0.011488621070672429
mapa,10.0,-7.5,0.016117015760270248
mapa,10.0,-7.25,0.022216608950639524
mapa,10.0,-7.0,0.030019983820913837
mapa,10.0,-6.75,0.039684587189556336
mapa,10.0,-6.5,0.051246443196284804
mapa,10.0,-6.25,0.06458562758539341
mapa,10.0,-6.0,0.07941631185110178
mapa,10.0,-5.75,0.09530843907460632
mapa,10.0,-5.5,0.11173822623252383
mapa,10.0,-5.25,0.1281551520636416
mapa,10.0,-5.0,0.14404849796113128
mapa,10.0,-4.75,0.15899862765642161
mapa,10.0,-4.5,0.17270509729224015
mapa,10.0,-4.25,0.18499153405017504
mapa,10.0,-4.0,0.19579280141041525
mapa,10.0,-3.75,0.20513211033300202
mapa,10.0,-3.5,0.21309506595624148
mapa,10.0,-3.25,0.21980553978358583
mapa,10.0,-3.0,0.2254059542796621
mapa,10.0,-2.75,0.23004275243360997
mapa,10.0,-2.5,0.23385669738827522
mapa,10.0,-2.25,0.23697711532647514
mapa,10.0,-2.0,0.2395190661267991
mapa,10.0,-1.75,0.24158251841159203
mapa,10.0,-1.5,0.24325278770444092
mapa,10.0,-1.25,0.24460169124141895
mapa,10.0,-1.0,0.2456890433432225
mapa,10.0,-0.75,0.24656424871959737
mapa,10.0,-0.5,0.24726784815373692
mapa,10.0,-0.25,0.2478329376329646
mapa,10.0,0.0,0.2482864253750944
mapa,10.0,0.25,0.2486501179407421
mapa,10.0,0.5,0.24894164201284916
mapa,10.0,0.75,0.24917521640156007
mapa,10.0,1.0,0.24936229217183228
mapa,10.0,1.25,0.24951207937255235
mapa,10.0,1.5,0.24963197789762093
mapa,10.0,1.75,0.24972792830620075
mapa,10.0,2.0,0.24980469644111297
mapa,10.0,2.25,0.24986610368239182
mapa,10.0,2.5,0.24991521280232504
mapa,10.0,2.75,0.24995447771650442
mapa,10.0,3.0,0.24998586397419303
mapa,10.0,3.25,0.25001094559666837
mapa,10.0,3.5,0.25003098283688013
mapa,10.0,3.75,0.2500469845747775
mapa,10.0,4.0,0.25005975835567157
mapa,10.0,4.25,0.2500699505006507
mapa,10.0,4.5,0.25007807824717376
mapa,10.0,4.75,0.25008455549596387
mapa,10.0,5.0,0.25008971343131675
mapa,10.0,5.25,0.25009381703253825
mapa,10.0,5.5,0.25009707829329386
mapa,10.0,5.75,0.25009966680398854
mapa,10.0,6.0,0.25010171822238353
mapa,10.0,6.25,0.25010334105333554
mapa,10.0,6.5,0.2501046220748448
mapa,10.0,6.75,0.25010563068047986
mapa,10.0,7.0,0.2501064223544381
mapa,10.0,7.25,0.2501070414523944
mapa,10.0,7.5,0.25010752342675563
mapa,10.0,7.75,0.25010789660727645
mapa,10.0,8.0,0.2501081836258511
mapa,10.0,8.25,0.25010840255656075
mapa,10.0,8.5,0.2501085678278644
mapa,10.0,8.75,0.25010869095245875
mapa,10.0,9.0,0.2501087811112392
mapa,10.0,9.25,0.2501088456205164
mapa,10.0,9.5,0.25010889030581895
mapa,10.0,9.75,0.250108919800948
mapa,10.0,10.0,0.2501089377872258
mapa,10.0,10.25,0.2501089471848888
mapa,10.0,10.5,0.2501089503061908
mapa,10.0,10.75,0.25010894897787017
mapa,10.0,11.0,0.25010894463910455
mapa,10.0,11.25,0.2501089384198528
mapa,10.0,11.5,0.25010893120350636
mapa,10.0,11.75,0.25010892367698495
mapa,10.0,12.0,0.25010891637078997
mapa,10.0,12.25,0.250108909691021
mapa,10.0,12.5,0.2501089039449649
mapa,10.0,12.75,0.2501088993615412
mapa,10.0,13.0,0.25010889610763537
mapa,10.0,13.25,0.25010889430114025
mapa,10.0,13.5,0.25010889402136616
mapa,10.0,13.75,0.25010889531734626
mapa,10.0,14.0,0.25010889821445875
mapa,10.0,14.25,0.25010890271970226
mapa,10.0,14.5,0.2501089088258963
mapa,10.0,14.75,0.2501089165150208
mapa,10.0,15.0,0.250108925760869
mapa,10.0,15.25,0.25010893653114924
mapa,10.0,15.5,0.2501089487891507
mapa,10.0,15.75,0.25010896249505665
mapa,10.0,16.0,0.2501089776069789
mapa,10.25,-16.0,0.00019664397848723227
mapa,10.25,-15.75,0.00019308619980121353
mapa,10.25,-15.5,0.000189673209407103
mapa,10.25,-15.25,0.00018640174173359647
mapa,10.25,-15.0,0.00018326995853431985
mapa,10.25,-14.75,0.00018027812517946363
mapa,10.25,-14.5,0.0001774296699082911
mapa,10.25,-14.25,0.00017473283949991214
mapa,10.25,-14.0,0.00017220328328303858
mapa,10.25,-13.75,0.00016986808102938957
mapa,10.25,-13.5,0.00016777201435121158
mapa,10.25,-13.25,0.00016598731963230807
mapa,10.25,-13.0,0.00016462883503078616
mapa,10.25,-12.75,0.0001638774878121725
mapa,10.25,-12.5,0.00016401664468066536
mapa,10.25,-12.25,0.0001654882366444575
mapa,10.25,-12.0,0.0001689791607884945
mapa,10.25,-11.75,0.00017555380262306274
mapa,10.25,-11.5,0.0001868563595966534
mapa,10.25,-11.25,0.00020541793775455934
mapa,10.25,-11.0,0.00023511926625129098
mapa,10.25,-10.75,0.0002818814325196128
mapa,10.25,-10.5,0.0003546848815412423
mapa,10.25,-10.25,0.00046705011850429887
mapa,10.25,-10.0,0.0006391477616528715
mapa,10.25,-9.75,0.0009007299142326731
mapa,10.25,-9.5,0.0012950672858857836
mapa,10.25,-9.25,0.0018839988671685596
mapa,10.25,-9.0,0.0027539957939566313
mapa,10.25,-8.75,0.004022737570610064
mapa,10.25,-8.5,0.0058450393611084095
mapa,10.25,-8.25,0.008416069316033614
mapa,10.25,-8.0,0.011968840871269482
mapa,10.25,-7.75,0.016762411470549587
mapa,10.25,-7.5,0.023057789143445858
mapa,10.25,-7.25,0.031080979847630343
mapa,10.25,-7.0,0.04097706963894496
mapa,10.25,-6.75,0.05276463151238166
mapa,10.25,-6.5,0.06630355692197558
mapa,10.25,-6.25,0.08128873101734206
mapa,10.25,-6.0,0.09727556735732149
mapa,10.25,-5.75,0.11373331878976574
mapa,10.25,-5.5,0.13011293259007253
mapa,10.25,-5.25,0.14591242341386668
mapa,10.25,-5.0,0.1607256014866546
mapa,10.25,-4.75,0.17426722772761388
mapa,10.25,-4.5,0.18637537551953284
mapa,10.25,-4.25,0.19699696080723453
mapa,10.25,-4.0,0.20616414344107042
mapa,10.25,-3.75,0.21396838251755837
mapa,10.25,-3.5,0.22053674806053417
mapa,10.25,-3.25,0.22601282205783163
mapa,10.25,-3.0,0.23054278808491485
mapa,10.25,-2.75,0.23426626186937932
mapa,10.25,-2.5,0.2373109429000184
mapa,10.25,-2.25,0.2397900741449051
mapa,10.25,-2.0,0.24180180578664137
mapa,10.25,-1.75,0.2434297456891841
mapa,10.25,-1.5,0.24474417252573835
mapa,10.25,-1.25,0.24580355369776888
mapa,10.25,-1.0,0.24665613903736075
mapa,10.25,-0.75,0.24734149429883207
mapa,10.25,-0.5,0.2478919018628831
mapa,10.25,-0.25,0.24833359711336248
mapa,10.25,0.0,0.24868783405737005
mapa,10.25,0.25,0.24897178806712417
mapa,10.25,0.5,0.24919931090895883
mapa,10.25,0.75,0.24938155614459248
mapa,10.25,1.0,0.24952749333096796
mapa,10.25,1.25,0.24964432837109224
mapa,10.25,1.5,0.24973784561024986
mapa,10.25,1.75,0.24981268527071643
mapa,10.25,2.0,0.24987256782622919
mapa,10.25,2.25,0.24992047506846793
mapa,10.25,2.5,0.24995879597223963
mapa,10.25,2.75,0.24998944404168585
mapa,10.25,3.0,0.25001395161043516
mapa,10.25,3.25,0.2500335455559685
mapa,10.25,3.5,0.25004920804920994
mapa,10.25,3.75,0.250061725270166
mapa,10.25,4.0,0.2500717264562063
mapa,10.25,4.25,0.2500797151903916
mapa,10.25,4.5,0.25008609446490293
mapa,10.25,4.75,0.25009118675351133
mapa,10.25,5.0,0.25009525008405503
mapa,10.25,5.25,0.2500984909061764
mapa,10.25,5.5,0.25010107439212836
mapa,10.25,5.75,0.2501031326819494
mapa,10.25,6.0,0.250104771482738
mapa,10.25,6.25,0.2501060753502606
mapa,10.25,6.5,0.2501071119157828
mapa,10.25,6.75,0.25010793526863695
mapa,10.25,7.0,0.25010858866306784
mapa,10.25,7.25,0.2501091066842853
mapa,10.25,7.5,0.25010951698172595
mapa,10.25,7.75,0.2501098416559708
mapa,10.25,8.0,0.2501100983685052
mapa,10.25,8.25,0.2501103012296941
mapa,10.25,8.5,0.2501104615092836
mapa,10.25,8.75,0.25011058820488996
mapa,10.25,9.0,0.25011068849685386
mapa,10.25,9.25,0.2501107681121679
mapa,10.25,9.5,0.2501108316156461
mapa,10.25,9.75,0.25011088264287945
mapa,10.25,10.0,0.250110924086607
mapa,10.25,10.25,0.2501109582458178
mapa,10.25,10.5,0.2501109869450282
mapa,10.25,10.75,0.25011101162969973
mapa,10.25,11.0,0.250111033442562
mapa,10.25,11.25,0.25011105328466315
mapa,10.25,11.5,0.25011107186419534
mapa,10.25,11.75,0.25011108973554336
mapa,10.25,12.0,0.25011110733050845
mapa,10.25,12.25,0.25011112498327415
mapa,10.25,12.5,0.25011114295036263
mapa,10.25,12.75,0.2501111614265869
mapa,10.25,13.0,0.25011118055779596
mapa,10.25,13.25,0.25011120045105895
mapa,10.25,13.5,0.25011122118279555
mapa,10.25,13.75,0.25011124280526886
mapa,10.25,14.0,0.25011126535176464
mapa,10.25,14.25,0.2501112888407221
mapa,10.25,14.5,0.250111313279026
mapa,10.25,14.75,0.2501113386646276
mapa,10.25,15.0,0.2501113649886296
mapa,10.25,15.25,0.25011139223694234
mapa,10.25,15.5,0.25011142039159845
mapa,10.25,15.75,0.2501114494317926
mapa,10.25,16.0,0.250111479334704
mapa,10.5,-16.0,0.00016424077667553848
mapa,10.5,-15.75,0.00016206184888978154
mapa,10.5,-15.5,0.00015997704899257018
mapa,10.5,-15.25,0.00015798655163270215
mapa,10.5,-15.0,0.000156092672306186
mapa,10.5,-14.75,0.00015430098810840546
mapa,10.5,-14.5,0.00015262208771459832
mapa,10.5,-14.25,0.00015107430073899947
mapa,10.5,-14.0,0.0001496879502460003
mapa,10.5,-13.75,0.0001485119716516835
mapa,10.5,-13.5,0.00014762420325787427
mapa,10.5,-13.25,0.0001471473641689104
mapa,10.5,-13.0,0.00014727382364639955
mapa,10.5,-12.75,0.00014830392446922352
mapa,10.5,-12.5,0.00015070513394750475
mapa,10.5,-12.25,0.00015520306651741603
mapa,10.5,-12.0,0.00016292102181591676
mapa,10.5,-11.75,0.00017559288270758625
mapa,10.5,-11.5,0.00019588600247632122
mapa,10.5,-11.25,0.00022788721769779644
mapa,10.5,-11.0,0.00027782742949914867
mapa,10.5,-10.75,0.00035514878138925095
mapa,10.5,-10.5,0.0004740521073078462
mapa,10.5,-10.25,0.0006556960860729421
mapa,10.5,-10.0,0.0009312414439456404
mapa,10.5,-9.75,0.0013459199198415188
mapa,10.5,-9.5,0.001964218051965238
mapa,10.5,-9.25,0.0028760404988896534
mapa,10.5,-9.0,0.004203285433561513
mapa,10.5,-8.75,0.0061055727507021
mapa,10.5,-8.5,0.008782945025459035
mapa,10.5,-8.25,0.01247242542770888
mapa,10.5,-8.0,0.01743485704284327
mapa,10.5,-7.75,0.023929209086608196
mapa,10.5,-7.5,0.032174223382725506
mapa,10.5,-7.25,0.04230193797008587
mapa,10.5,-7.0,0.0543129854219753
mapa,10.5,-6.75,0.06804697170611225
mapa,10.5,-6.5,0.08317987591881168
mapa,10.5,-6.25,0.0992533826492846
mapa,10.5,-6.0,0.11573079983676306
mapa,10.5,-5.75,0.132065522137835
mapa,10.5,-5.5,0.14776502215021126
mapa,10.5,-5.25,0.16243692485103384
mapa,10.5,-5.0,0.17581122266642785
mapa,10.5,-4.75,0.18774021248499997
mapa,10.5,-4.5,0.1981825071600737
mapa,10.5,-4.25,0.20717882821562092
mapa,10.5,-4.0,0.21482613750980026
mapa,10.5,-3.75,0.22125442198882928
mapa,10.5,-3.5,0.22660821910475434
mapa,10.5,-3.25,0.23103331921230885
mapa,10.5,-3.0,0.2346681130894043
mapa,10.5,-2.75,0.23763863714056027
mapa,10.5,-2.5,0.2400563087980847
mapa,10.5,-2.25,0.242017468395967
mapa,10.5,-2.0,0.243604034276256
mapa,10.5,-1.75,0.24488476901824593
mapa,10.5,-1.5,0.24591681658086798
mapa,10.5,-1.25,0.24674729443902302
mapa,10.5,-1.0,0.2474148138419598
mapa,10.5,-0.75,0.24795086164597538
mapa,10.5,-0.5,0.24838101595971618
mapa,10.5,-0.25,0.24872599139605944
mapa,10.5,0.0,0.2490025230043007
mapa,10.5,0.25,0.24922410459206285
mapa,10.5,0.5,0.2494015996726669
mapa,10.5,0.75,0.24954374339148994
mapa,10.5,1.0,0.24965755259599626
mapa,10.5,1.25,0.2497486594076352
mapa,10.5,1.5,0.24982158164315302
mapa,10.5,1.75,0.24987994145301354
mapa,10.5,2.0,0.24992664171813547
mapa,10.5,2.25,0.24996400812710612
mapa,10.5,2.5,0.2499939034583611
mapa,10.5,2.75,0.2500178194074237
mapa,10.5,3.0,0.25003695030894996
mapa,10.5,3.25,0.2500522522834342
mapa,10.5,3.5,0.2500644906647142
mapa,10.5,3.75,0.25007427801397447
mapa,10.5,4.0,0.25008210457821595
mapa,10.5,4.25,0.25008836268821943
mapa,10.5,4.5,0.25009336629761614
mapa,10.5,4.75,0.2500973666279829
mapa,10.5,5.0,0.25010056469423914
mapa,10.5,5.25,0.25010312133130247
mapa,10.5,5.5,0.25010516521976106
mapa,10.5,5.75,0.2501067993094295
mapa,10.5,6.0,0.2501081059603072
mapa,10.5,6.25,0.25010915105684534
mapa,10.5,6.5,0.25010998730043466
mapa,10.5,6.75,0.25011065684417294
mapa,10.5,7.0,0.2501111934012481
mapa,10.5,7.25,0.2501116239320636
mapa,10.5,7.5,0.2501119699942489
mapa,10.5,7.75,0.25011224882290023
mapa,10.5,8.0,0.2501124741949451
mapa,10.5,8.25,0.25011265712076464
mapa,10.5,8.5,0.2501128063975873
mapa,10.5,8.75,0.25011292905227495
mapa,10.5,9.0,0.25011303069560537
mapa,10.5,9.25,0.25011311580573525
mapa,10.5,9.5,0.25011318795499815
mapa,10.5,9.75,0.2501132499913598
mapa,10.5,10.0,0.2501133041835946
mapa,10.5,10.25,0.2501133523374327
mapa,10.5,10.5,0.2501133958884798
mapa,10.5,10.75,0.25011343597655233
mapa,10.5,11.0,0.25011347350514246
mapa,10.5,11.25,0.25011350918898534
mapa,10.5,11.5,0.25011354359210647
mapa,10.5,11.75,0.25011357715825316
mapa,10.5,12.0,0.2501136102352312
mapa,10.5,12.25,0.25011364309436646
mapa,10.5,12.5,0.2501136759460659
mapa,10.5,12.75,0.25011370895225776
mapa,10.5,13.0,0.2501137422363343
mapa,10.5,13.25,0.2501137758910986
mapa,10.5,13.5,0.25011380998511296
mapa,10.5,13.75,0.2501138445677686
mapa,10.5,14.0,0.2501138796733347
mapa,10.5,14.25,0.25011391532418853
mapa,10.5,14.5,0.250113951533392
mapa,10.5,14.75,0.2501139883067457
mapa,10.5,15.0,0.2501140256444243
mapa,10.5,15.25,0.25011406354227866
mapa,10.5,15.5,0.2501141019928695
mapa,10.5,15.75,0.25011414098628904
mapa,10.5,16.0,0.2501141805108108
mapa,10.75,-16.0,0.00014528920702941732
mapa,10.75,-15.75,0.0001439728104241921
mapa,10.75,-15.5,0.0001427214225263214
mapa,10.75,-15.25,0.0001415388199292626
mapa,10.75,-15.0,0.00014043217082443992
mapa,10.75,-14.75,0.00013941388358552895
mapa,10.75,-14.5,0.00013850448859896577
mapa,10.75,-14.25,0.0001377371268752451
mapa,10.75,-14.0,0.00013716453465198556
mapa,10.75,-13.75,0.0001368699000454241
mapa,10.75,-13.5,0.00013698371619200007
mapa,10.75,-13.25,0.00013770990100806443
mapa,10.75,-13.0,0.00013936619842082565
mapa,10.75,-12.75,0.00014244651514827363
mapa,10.75,-12.5,0.0001477168051660359
mapa,10.75,-12.25,0.0001563619839619644
mapa,10.75,-12.0,0.0001702099334238147
mapa,10.75,-11.75,0.00019207095326948648
mapa,10.75,-11.5,0.0002262481732392429
mapa,10.75,-11.25,0.0002792975028941395
mapa,10.75,-11.0,0.00036114501062690495
mapa,10.75,-10.75,0.00048670364986481583
mapa,10.75,-10.5,0.0006781643976745712
mapa,10.75,-10.25,0.0009681560184843944
mapa,10.75,-10.0,0.0014039473583288245
mapa,10.75,-9.75,0.0020527635056754438
mapa,10.75,-9.5,0.0030080405507303507
mapa,10.75,-9.25,0.004395981939816083
mapa,10.75,-9.0,0.006381055608723903
mapa,10.75,-8.75,0.009168132232176373
mapa,10.75,-8.5,0.012998054709381833
mapa,10.75,-8.25,0.01813307427089565
mapa,10.75,-8.0,0.02482955185427074
mapa,10.75,-7.75,0.03329826932715564
mapa,10.75,-7.5,0.0436575423616238
mapa,10.75,-7.25,0.05588961196721369
mapa,10.75,-7.0,0.06981375369940031
mapa,10.75,-6.75,0.08508747845675527
mapa,10.75,-6.5,0.10123958186824181
mapa,10.75,-6.25,0.11772845517679602
mapa,10.75,-6.0,0.1340108980790615
mapa,10.75,-5.75,0.1496045255805796
mapa,10.75,-5.5,0.16413110150617086
mapa,10.75,-5.25,0.1773358404718512
mapa,10.75,-5.0,0.1890850179392548
mapa,10.75,-4.75,0.19934857952940804
mapa,10.75,-4.5,0.20817542277268428
mapa,10.75,-4.25,0.21566766841018836
mapa,10.75,-4.0,0.22195794814633032
mapa,10.75,-3.75,0.2271915600016686
mapa,10.75,-3.5,0.2315137749870649
mapa,10.75,-3.25,0.23506168722554718
mapa,10.75,-3.0,0.2379596377238167
mapa,10.75,-2.75,0.2403172123901805
mapa,10.75,-2.5,0.24222895185871912
mapa,10.75,-2.25,0.24377510389081827
mapa,10.75,-2.0,0.24502293775018522
mapa,10.75,-1.75,0.24602829743681554
mapa,10.75,-1.5,0.24683719042642527
mapa,10.75,-1.25,0.2474872937428199
mapa,10.75,-1.0,0.24800931652899486
mapa,10.75,-0.75,0.2484281949112149
mapa,10.75,-0.5,0.24876411702383647
mapa,10.75,-0.25,0.24903338836753483
mapa,10.75,0.0,0.24924915369498088
mapa,10.75,0.25,0.24942199377560204
mapa,10.75,0.5,0.24956041530146164
mapa,10.75,0.75,0.2496712509024395
mapa,10.75,1.0,0.24975998438994054
mapa,10.75,1.25,0.2498310143316814
mapa,10.75,1.5,0.24988786709402036
mapa,10.75,1.75,0.24993336868509938
mapa,10.75,2.0,0.24996978313969018
mapa,10.75,2.25,0.24999892381556907
mapa,10.75,2.5,0.2500222428115308
mapa,10.75,2.75,0.25004090274877844
mapa,10.75,3.0,0.25005583435653483
mapa,10.75,3.25,0.2500677826451348
mapa,10.75,3.5,0.2500773439129161
mapa,10.75,3.75,0.250084995396678
mapa,10.75,4.0,0.25009111902172787
mapa,10.75,4.25,0.2500960204216402
mapa,10.75,4.5,0.25009994416726106
mapa,10.75,4.75,0.2501030859588178
mapa,10.75,5.0,0.25010560238566887
mapa,10.75,5.25,0.25010761873827614
mapa,10.75,5.5,0.25010923526068024
mapa,10.75,5.75,0.2501105321545212
mapa,10.75,6.0,0.2501115735837046
mapa,10.75,6.25,0.25011241087917746
mapa,10.75,6.5,0.25011308510350694
mapa,10.75,6.75,0.25011362910310225
mapa,10.75,7.0,0.2501140691504034
mapa,10.75,7.25,0.2501144262579426
mapa,10.75,7.5,0.2501147172298245
mapa,10.75,7.75,0.25011495550308604
mapa,10.75,8.0,0.2501151518209173
mapa,10.75,8.25,0.2501153147713388
mapa,10.75,8.5,0.25011545121821954
mapa,10.75,8.75,0.2501155666461498
mapa,10.75,9.0,0.25011566543638125
mapa,10.75,9.25,0.25011575108761247
mapa,10.75,9.5,0.2501158263926398
mapa,10.75,9.75,0.2501158935796949
mapa,10.75,10.0,0.2501159544255264
mapa,10.75,10.25,0.25011601034587294
mapa,10.75,10.5,0.2501160624678444
mapa,10.75,10.75,0.2501161116878307
mapa,10.75,11.0,0.250116158717827
mapa,10.75,11.25,0.25011620412249347
mapa,10.75,11.5,0.25011624834879936
mapa,10.75,11.75,0.25011629174973665
mapa,10.75,12.0,0.2501163346032848
mapa,10.75,12.25,0.2501163771275799
mapa,10.75,12.5,0.2501164194930438
mapa,10.75,12.75,0.25011646183208425
mapa,10.75,13.0,0.2501165042468477
mapa,10.75,13.25,0.25011654681541917
mapa,10.75,13.5,0.2501165895967747
mapa,10.75,13.75,0.25011663263473977
mapa,10.75,14.0,0.25011667596115034
mapa,10.75,14.25,0.25011671959837783
mapa,10.75,14.5,0.2501167635613436
mapa,10.75,14.75,0.2501168078591256
mapa,10.75,15.0,0.2501168524962404
mapa,10.75,15.25,0.25011689747366367
mapa,10.75,15.5,0.2501169427896428
mapa,10.75,15.75,0.2501169884403424
mapa,10.75,16.0,0.2501170344203577
mapa,11.0,-16.0,0.0001347272326594242
mapa,11.0,-15.75,0.0001339539439608474
mapa,11.0,-15.5,0.00013323175750295136
mapa,11.0,-15.25,0.00013256907402947526
mapa,11.0,-15.0,0.00013197979239884414
mapa,11.0,-14.75,0.00013148635166991467
mapa,11.0,-14.5,0.00013112446818603615
mapa,11.0,-14.25,0.00013095050532092314
mapa,11.0,-14.0,0.00013105292654882198
mapa,11.0,-13.75,0.00013157007073486395
mapa,11.0,-13.5,0.0001327176945421663
mapa,11.0,-13.25,0.00013483156209195032
mapa,11.0,-13.0,0.00013843313557067557
mapa,11.0,-12.75,0.0001443305749949071
mapa,11.0,-12.5,0.00015377340699952616
mapa,11.0,-12.25,0.00016868819431685572
mapa,11.0,-12.0,0.00019203536013586965
mapa,11.0,-11.75,0.0002283451468218314
mapa,11.0,-11.5,0.0002845145140332724
mapa,11.0,-11.25,0.00037097680521496206
mapa,11.0,-11.0,0.0005033903407031592
mapa,11.0,-10.75,0.0007050244406303593
mapa,11.0,-10.5,0.0010100374025899426
mapa,11.0,-10.25,0.0014678133453417295
mapa,11.0,-10.0,0.002148408429075691
mapa,11.0,-9.75,0.00314888801678777
mapa,11.0,-9.5,0.004599844270893478
mapa,11.0,-9.25,0.006670628412678921
mapa,11.0,-9.0,0.0095708784400748
mapa,11.0,-8.75,0.013545046174037088
mapa,11.0,-8.5,0.018856389390347155
mapa,11.0,-8.25,0.025758070886697165
mapa,11.0,-8.0,0.03445221001492659
mapa,11.0,-7.75,0.0450427416603317
mapa,11.0,-7.5,0.05749310503563235
mapa,11.0,-7.25,0.07160225779134395
mapa,11.0,-7.0,0.0870097368020258
mapa,11.0,-6.75,0.10323232491113485
mapa,11.0,-6.5,0.11972452990566106
mapa,11.0,-6.25,0.13594748991431813
mapa,11.0,-6.0,0.15142960530000357
mapa,11.0,-5.75,0.16580705909941493
mapa,11.0,-5.5,0.1788402442348638
mapa,11.0,-5.25,0.1904091493052666
mapa,11.0,-5.0,0.20049468140569468
mapa,11.0,-4.75,0.2091535308619564
mapa,11.0,-4.5,0.21649264114461247
mapa,11.0,-4.25,0.22264702603462624
mapa,11.0,-4.0,0.2277625582345376
mapa,11.0,-3.75,0.23198387073637655
mapa,11.0,-3.5,0.23544669489053222
mapa,11.0,-3.25,0.23827364785878263
mapa,11.0,-3.0,0.24057248050800575
mapa,11.0,-2.75,0.24243594535534896
mapa,11.0,-2.5,0.24394263923882434
mapa,11.0,-2.25,0.24515836113408507
mapa,11.0,-2.0,0.24613767853207905
mapa,11.0,-1.75,0.24692551107756008
mapa,11.0,-1.5,0.24755862158570482
mapa,11.0,-1.25,0.24806695901297132
mapa,11.0,-1.0,0.24847483252011723
mapa,11.0,-0.75,0.24880191642688948
mapa,11.0,-0.5,0.2490640972388787
mapa,11.0,-0.25,0.24927417936936339
mapa,11.0,0.0,0.24944246799131456
mapa,11.0,0.25,0.24957724717286664
mapa,11.0,0.5,0.24968517006007854
mapa,11.0,0.75,0.24977157598498112
mapa,11.0,1.0,0.24984074735732933
mapa,11.0,1.25,0.24989611724776772
mapa,11.0,1.5,0.24994043679088113
mapa,11.0,1.75,0.2499759099710324
mapa,11.0,2.0,0.2500043020092665
mapa,11.0,2.25,0.2500270264342253
mapa,11.0,2.5,0.2500452149732638
mapa,11.0,2.75,0.2500597736177084
mapa,11.0,3.0,0.25007142757440876
mapa,11.0,3.25,0.2500807572919922
mapa,11.0,3.5,0.25008822732460456
mapa,11.0,3.75,0.2500942094511479
mapa,11.0,4.0,0.2500990011894559
mapa,11.0,4.25,0.25010284062022037
mapa,11.0,4.5,0.2501059182546371
mapa,11.0,4.75,0.25010838653432116
mapa,11.0,5.0,0.25011036743523596
mapa,11.0,5.25,0.2501119585536215
mapa,11.0,5.5,0.25011323797669777
mapa,11.0,5.75,0.2501142681806287
mapa,11.0,6.0,0.2501150991499021
mapa,11.0,6.25,0.25011577087357045
mapa,11.0,6.5,0.2501163153427878
mapa,11.0,6.75,0.2501167581492429
mapa,11.0,7.0,0.2501171197642109
mapa,11.0,7.25,0.2501174165620232
mapa,11.0,7.5,0.2501176616390192
mapa,11.0,7.75,0.25011786546884146
mapa,11.0,8.0,0.2501180364267726
mapa,11.0,8.25,0.2501181812092858
mapa,11.0,8.5,0.25011830516974276
mapa,11.0,8.75,0.2501184125870005
mapa,11.0,9.0,0.2501185068803304
mapa,11.0,9.25,0.25011859078137993
mapa,11.0,9.5,0.25011866647176306
mapa,11.0,9.75,0.25011873569314536
mapa,11.0,10.0,0.2501187998353242
mapa,11.0,10.25,0.2501188600066999
mapa,11.0,10.5,0.25011891709065637
mapa,11.0,10.75,0.25011897179067005
mapa,11.0,11.0,0.2501190246663971
mapa,11.0,11.25,0.2501190761625447
mapa,11.0,11.5,0.25011912663196567
mapa,11.0,11.75,0.2501191763541347
mapa,11.0,12.0,0.25011922554992605
mapa,11.0,12.25,0.25011927439343357
mapa,11.0,12.5,0.25011932302142537
mapa,11.0,12.75,0.2501193715409032
mapa,11.0,13.0,0.2501194200351482
mapa,11.0,13.25,0.2501194685685544
mapa,11.0,13.5,0.250119517190492
mapa,11.0,13.75,0.25011956593839596
mapa,11.0,14.0,0.2501196148402333
mapa,11.0,14.25,0.250119663916474
mapa,11.0,14.5,0.25011971318166526
mapa,11.0,14.75,0.2501197626456882
mapa,11.0,15.0,0.2501198123147599
mapa,11.0,15.25,0.250119862192233
mapa,11.0,15.5,0.2501199122792325
mapa,11.0,15.75,0.25011996257516356
mapa,11.0,16.0,0.2501200130781136
mapa,11.25,-16.0,0.0001294028917852866
mapa,11.25,-15.75,0.00012897884579518402
mapa,11.25,-15.5,0.0001286042535287475
mapa,11.25,-15.25,0.0001282943049706574
mapa,11.25,-15.0,0.00012807318223821045
mapa,11.25,-14.75,0.00012797905837310324
mapa,11.25,-14.5,0.00012807187290779856
mapa,11.25,-14.25,0.00012844541346493732
mapa,11.25,-14.0,0.0001292460628002362
mapa,11.25,-13.75,0.00013070184008917213
mapa,11.25,-13.5,0.0001331672955128777
mapa,11.25,-13.25,0.00013719273154818955
mapa,11.25,-13.0,0.00014363058435617248
mapa,11.25,-12.75,0.00015379824410262838
mapa,11.25,-12.5,0.00016972597314484804
mapa,11.25,-12.25,0.0001945319482427309
mapa,11.25,-12.0,0.0002329849606256044
mapa,11.25,-11.75,0.00029233990064588325
mapa,11.25,-11.5,0.00038356186175803487
mapa,11.25,-11.25,0.0005230892426236592
mapa,11.25,-11.0,0.0007353175640997126
mapa,11.25,-10.75,0.0010559982187871308
mapa,11.25,-10.5,0.0015367107891293484
mapa,11.25,-10.25,0.002250436388357636
mapa,11.25,-10.0,0.0032979671102898772
mapa,11.25,-9.75,0.004814363588858021
mapa,11.25,-9.5,0.006973886769606614
mapa,11.25,-9.25,0.009990865901454858
mapa,11.25,-9.0,0.014113129453406878
mapa,11.25,-8.75,0.01960451601577861
mapa,11.25,-8.5,0.026714381060582666
mapa,11.25,-8.25,0.03563547445006149
mapa,11.25,-8.0,0.04645671086891448
mapa,11.25,-7.75,0.05912236106765426
mapa,11.25,-7.5,0.07341113563620243
mapa,11.25,-7.25,0.08894514638843692
mapa,11.25,-7.0,0.10523007227302568
mapa,11.25,-6.75,0.12171757196540686
mapa,11.25,-6.5,0.13787402826620013
mapa,11.25,-6.25,0.15323922726497283
mapa,11.25,-6.0,0.1674640084514235
mapa,11.25,-5.75,0.18032386616374796
mapa,11.25,-5.5,0.19171221792780077
mapa,11.25,-5.25,0.2016205552474697
mapa,11.25,-5.0,0.2101129813378345
mapa,11.25,-4.75,0.2173009343328757
mapa,11.25,-4.5,0.22332155691396793
mapa,11.25,-4.25,0.22832111942515837
mapa,11.25,-4.0,0.23244350537946565
mapa,11.25,-3.75,0.2358230225909797
mapa,11.25,-3.5,0.23858053959645031
mapa,11.25,-3.25,0.24082197101951908
mapa,11.25,-3.0,0.24263829416450036
mapa,11.25,-2.75,0.24410647524083642
mapa,11.25,-2.5,0.2452908661604603
mapa,11.25,-2.25,0.24624478128756913
mapa,11.25,-2.0,0.24701207439300477
mapa,11.25,-1.75,0.24762861382396378
mapa,11.25,-1.5,0.24812360558436658
mapa,11.25,-1.25,0.2485207466048212
mapa,11.25,-1.0,0.24883920979853463
mapa,11.25,-0.75,0.2490944730054324
mapa,11.25,-0.5,0.24929900882363748
mapa,11.25,-0.25,0.2494628538168823
mapa,11.25,0.0,0.2495940751265839
mapa,11.25,0.25,0.2496991510410515
mapa,11.25,0.5,0.2497832801568055
mapa,11.25,0.75,0.24985063174743216
mapa,11.25,1.0,0.2499045480215126
mapa,11.25,1.25,0.24994770719648488
mapa,11.25,1.5,0.24998225477662442
mapa,11.25,1.75,0.25000990910495785
mapa,11.25,2.0,0.2500320461476729
mapa,11.25,2.25,0.2500497675440805
mapa,11.25,2.5,0.2500639551912326
mapa,11.25,2.75,0.25007531500597
mapa,11.25,3.0,0.2500844119963396
mapa,11.25,3.25,0.25009169835936695
mapa,11.25,3.5,0.2500975359861526
mapa,11.25,3.75,0.25010221448384257
mapa,11.25,4.0,0.25010596560520804
mapa,11.25,4.25,0.25010897480042676
mapa,11.25,4.5,0.250111390464056
mapa,11.25,4.75,0.25011333133643726
mapa,11.25,5.0,0.2501148924274925
mapa,11.25,5.25,0.25011614975764856
mapa,11.25,5.5,0.2501171641519251
mapa,11.25,5.75,0.25011798427618065
mapa,11.25,6.0,0.25011864906682446
mapa,11.25,6.25,0.25011918967511226
mapa,11.25,6.5,0.2501196310229792
mapa,11.25,6.75,0.2501199930480032
mapa,11.25,7.0,0.25012029169960054
mapa,11.25,7.25,0.2501205397361565
mapa,11.25,7.5,0.2501207473628608
mapa,11.25,7.75,0.25012092274208014
mapa,11.25,8.0,0.2501210724017336
mapa,11.25,8.25,0.25012120156205553
mapa,11.25,8.5,0.25012131439705193
mapa,11.25,8.75,0.2501214142437032
mapa,11.25,9.0,0.25012150376935405
mapa,11.25,9.25,0.25012158510564714
mapa,11.25,9.5,0.2501216599556865
mapa,11.25,9.75,0.25012172967978047
mapa,11.25,10.0,0.25012179536404483
mapa,11.25,10.25,0.25012185787529356
mapa,11.25,10.5,0.2501219179049539
mapa,11.25,10.75,0.25012197600420355
mapa,11.25,11.0,0.25012203261208077
mapa,11.25,11.25,0.25012208807797526
mapa,11.25,11.5,0.25012214267961913
mapa,11.25,11.75,0.2501221966374809
mapa,11.25,12.0,0.2501222501262793
mapa,11.25,12.25,0.2501223032841939
mapa,11.25,12.5,0.2501223562202311
mapa,11.25,12.75,0.2501224090201172
mapa,11.25,13.0,0.25012246175100983
mapa,11.25,13.25,0.250122514465266
mapa,11.25,13.5,0.250122567203455
mapa,11.25,13.75,0.25012261999676694
mapa,11.25,14.0,0.25012267286893775
mapa,11.25,14.25,0.2501227258377869
mapa,11.25,14.5,0.25012277891644724
mapa,11.25,14.75,0.2501228321143462
mapa,11.25,15.0,0.2501228854379889
mapa,11.25,15.25,0.250122938891584
mapa,11.25,15.5,0.25012299247754205
mapa,11.25,15.75,0.25012304619687314
mapa,11.25,16.0,0.2501231000495031
mapa,11.5,-16.0,0.00012736345959916522
mapa,11.5,-15.75,0.00012717642788616108
mapa,11.5,-15.5,0.00012704935284556682
mapa,11.5,-15.25,0.0001270080791784674
mapa,11.5,-15.0,0.00012709320219149187
mapa,11.5,-14.75,0.00012736827110823346
mapa,11.5,-14.5,0.00012793253315967457
mapa,11.5,-14.25,0.0001289407047510462
mapa,11.5,-14.0,0.00013063359200464882
mapa,11.5,-13.75,0.0001333854129565408
mapa,11.5,-13.5,0.00013777673556281816
mapa,11.5,-13.25,0.00014470652049904621
mapa,11.5,-13.0,0.00015556350944499826
mapa,11.5,-12.75,0.00017248700352809855
mapa,11.5,-12.5,0.00019876100582715377
mapa,11.5,-12.25,0.00023940490659089757
mapa,11.5,-12.0,0.0003020492521286546
mapa,11.5,-11.75,0.0003982164997959452
mapa,11.5,-11.5,0.0005451613214423191
mapa,11.5,-11.25,0.0007684551250959276
mapa,11.5,-11.0,0.0011055080209994234
mapa,11.5,-10.75,0.001610177210927303
mapa,11.5,-10.5,0.0023584638379545017
mapa,11.5,-10.25,0.0034549834731184
mapa,11.5,-10.0,0.005039340746969862
mapa,11.5,-9.75,0.00729072321028913
mapa,11.5,-9.5,0.010428059162206965
mapa,11.5,-9.25,0.01470229937583509
mapa,11.5,-9.0,0.020377413486972668
mapa,11.5,-8.75,0.027698322367106284
mapa,11.5,-8.5,0.03684769746520751
mapa,11.5,-8.25,0.047898815963302595
mapa,11.5,-8.0,0.06077645957113413
mapa,11.5,-7.75,0.0752392216300939
mapa,11.5,-7.5,0.09089239083984729
mapa,11.5,-7.25,0.10723148027279919
mapa,11.5,-7.0,0.12370633107772258
mapa,11.5,-6.75,0.13978944713408037
mapa,11.5,-6.5,0.15503255721600778
mapa,11.5,-6.25,0.16910135215807423
mapa,11.5,-6.0,0.1817863194409898
mapa,11.5,-5.75,0.19299400424464022
mapa,11.5,-5.5,0.20272610097062985
mapa,11.5,-5.25,0.2110537499107087
mapa,11.5,-5.0,0.21809256420081538
mapa,11.5,-4.75,0.22398157174929875
mapa,11.5,-4.5,0.22886727217473035
mapa,11.5,-4.25,0.23289269503356866
mapa,11.5,-4.0,0.23619066896758378
mapa,11.5,-3.75,0.23888029258495577
mapa,11.5,-3.5,0.24106564523379911
mapa,11.5,-3.25,0.24283594312588927
mapa,11.5,-3.0,0.24426654270293988
mapa,11.5,-2.75,0.2454203721878293
mapa,11.5,-2.5,0.24634951610381975
mapa,11.5,-2.25,0.24709678407658184
mapa,11.5,-2.0,0.24769716944015593
mapa,11.5,-1.75,0.2481791521820247
mapa,11.5,-1.5,0.2485658314538986
mapa,11.5,-1.25,0.24887589091338272
mapa,11.5,-1.0,0.2491244098392814
mapa,11.5,-0.75,0.249323537346808
mapa,11.5,-0.5,0.24948304821663972
mapa,11.5,-0.25,0.2496107982274546
mapa,11.5,0.0,0.24971309532684907
mapa,11.5,0.25,0.2497950010312848
mapa,11.5,0.5,0.24986057442885642
mapa,11.5,0.75,0.24991306924295803
mapa,11.5,1.0,0.249955092685302
mapa,11.5,1.25,0.24998873331502092
mapa,11.5,1.5,0.250015663828259
mapa,11.5,1.75,0.25003722361516506
mapa,11.5,2.0,0.25005448501658684
mapa,11.5,2.25,0.2500683064667521
mapa,11.5,2.5,0.250079375097029
mapa,11.5,2.75,0.25008824087764336
mapa,11.5,3.0,0.25009534396969607
mapa,11.5,3.25,0.250101036632356
mapa,11.5,3.5,0.2501056007656597
mapa,11.5,3.75,0.25010926195619476
mapa,11.5,4.0,0.2501122007214003
mapa,11.5,4.25,0.2501145615103078
mapa,11.5,4.5,0.2501164599078015
mapa,11.5,4.75,0.250117988400588
mapa,11.5,5.0,0.25011922099178696
mapa,11.5,5.25,0.2501202168939021
mapa,11.5,5.5,0.2501210234841396
mapa,11.5,5.75,0.2501216786693542
mapa,11.5,6.0,0.2501222127785173
mapa,11.5,6.25,0.25012265007707574
mapa,11.5,6.5,0.25012300997872855
mapa,11.5,6.75,0.25012330801506916
mapa,11.5,7.0,0.25012355661146823
mapa,11.5,7.25,0.25012376570791156
mapa,11.5,7.5,0.25012394325577003
mapa,11.5,7.75,0.250124095615296
mapa,11.5,8.0,0.2501242278736797
mapa,11.5,8.25,0.2501243440995438
mapa,11.5,8.5,0.2501244475465748
mapa,11.5,8.75,0.2501245408164585
mapa,11.5,9.0,0.2501246259892494
mapa,11.5,9.25,0.2501247047276853
mapa,11.5,9.5,0.2501247783606501
mapa,11.5,9.75,0.25012484794995743
mapa,11.5,10.0,0.2501249143437825
mapa,11.5,10.25,0.25012497821941426
mapa,11.5,10.5,0.25012504011746245
mapa,11.5,10.75,0.250125100469225
mapa,11.5,11.0,0.25012515961858406
mapa,11.5,11.25,0.25012521783952524
mapa,11.5,11.5,0.2501252753501524
mapa,11.5,11.75,0.2501253323239005
mapa,11.5,12.0,0.2501253888985058
mapa,11.5,12.25,0.25012544518318125
mapa,11.5,12.5,0.2501255012643572
mapa,11.5,12.75,0.25012555721027135
mapa,11.5,13.0,0.2501256130746425
mapa,11.5,13.25,0.250125668899606
mapa,11.5,13.5,0.25012572471806394
mapa,11.5,13.75,0.250125780555561
mapa,11.5,14.0,0.2501258364317873
mapa,11.5,14.25,0.2501258923617782
mapa,11.5,14.5,0.25012594835687224
mapa,11.5,14.75,0.25012600442547883
mapa,11.5,15.0,0.2501260605736891
mapa,11.5,15.25,0.25012611680576524
mapa,11.5,15.5,0.25012617312452984
mapa,11.5,15.75,0.25012622953167785
mapa,11.5,16.0,0.2501262860280234
mapa,11.75,-16.0,0.00012740824770142878
mapa,11.75,-15.75,0.0001274020489657375
mapa,11.75,-15.5,0.00012748128985389534
mapa,11.75,-15.25,0.00012768901115885303
mapa,11.75,-15.0,0.00012809246443897638
mapa,11.75,-14.75,0.0001287965544715909
mapa,11.75,-14.5,0.00012996468978988097
mapa,11.75,-14.25,0.000131851067179338
mapa,11.75,-14.0,0.00013485055063454095
mapa,11.75,-13.75,0.00013957552170647312
mapa,11.75,-13.5,0.00014697387755998752
mapa,11.75,-13.25,0.00015850942391766324
mapa,11.75,-13.0,0.0001764361538316903
mapa,11.75,-12.75,0.00020421241175682566
mapa,11.75,-12.5,0.00024712085808253524
mapa,11.75,-12.25,0.0003131862804085751
mapa,11.75,-12.0,0.0004145152761541543
mapa,11.75,-11.75,0.0005692164963241687
mapa,11.75,-11.5,0.0008040887735881286
mapa,11.75,-11.25,0.0011582686160998507
mapa,11.75,-11.0,0.0016879749021926115
mapa,11.75,-10.75,0.002472324903035529
mapa,11.75,-10.5,0.0036198533559285056
mapa,11.75,-10.25,0.005274779618838212
mapa,11.75,-10.0,0.007621224405242916
mapa,11.75,-9.75,0.010882605915830543
mapa,11.75,-9.5,0.015312720272823504
mapa,11.75,-9.25,0.021175194566432153
mapa,11.75,-9.0,0.028709871099884043
mapa,11.75,-8.75,0.038088634628871465
mapa,11.75,-8.5,0.04936853275611103
mapa,11.75,-8.25,0.06245458601574117
mapa,11.75,-8.0,0.0770854596267192
mapa,11.75,-7.75,0.09285027202762036
mapa,11.75,-7.5,0.10923533385515995
mapa,11.75,-7.25,0.1256896937740312
mapa,11.75,-7.0,0.1416928208483512
mapa,11.75,-6.75,0.15680889947877744
mapa,11.75,-6.5,0.17071862531257798
mapa,11.75,-6.25,0.18322734099125518
mapa,11.75,-6.0,0.19425440270020897
mapa,11.75,-5.75,0.20381132304813018
mapa,11.75,-5.5,0.21197590841285285
mapa,11.75,-5.25,0.2188676359481275
mapa,11.75,-5.0,0.22462718459073594
mapa,11.75,-4.75,0.22940112335840615
mapa,11.75,-4.5,0.233331530124743
mapa,11.75,-4.25,0.23654970363030897
mapa,11.75,-4.0,0.23917295454508863
mapa,11.75,-3.75,0.241303529940539
mapa,11.75,-3.5,0.24302890017431694
mapa,11.75,-3.25,0.24442283328155023
mapa,11.75,-3.0,0.24554685727926723
mapa,11.75,-2.75,0.24645185001404588
mapa,11.75,-2.5,0.24717959845280205
mapa,11.75,-2.25,0.24776424007839237
mapa,11.75,-2.0,0.24823354549719076
mapa,11.75,-1.75,0.248610030248585
mapa,11.75,-1.5,0.24891190062892377
mapa,11.75,-1.25,0.2491538472364951
mapa,11.75,-1.0,0.24934770384478333
mapa,11.75,-0.75,0.24950299011726507
mapa,11.75,-0.5,0.249627355901012
mapa,11.75,-0.25,0.2497269432109664
mapa,11.75,0.0,0.24980668005030565
mapa,11.75,0.25,0.24987051820065084
mapa,11.75,0.5,0.24992162521952976
mapa,11.75,0.75,0.24996253917838607
mapa,11.75,1.0,0.24999529318965388
mapa,11.75,1.25,0.25002151550491386
mapa,11.75,1.5,0.2500425099020869
mapa,11.75,1.75,0.2500593201955379
mapa,11.75,2.0,0.25007278197453725
mapa,11.75,2.25,0.2500835640791492
mapa,11.75,2.5,0.25009220183673675
mapa,11.75,2.75,0.2500991236879137
mapa,11.75,3.0,0.25010467251165114
mapa,11.75,3.25,0.2501091227015983
mapa,11.75,3.5,0.2501126938380536
mapa,11.75,3.75,0.25011556163294313
mapa,11.75,4.0,0.25011786669087216
mapa,11.75,4.25,0.2501197215214777
mapa,11.75,4.5,0.25012121615176736
mapa,11.75,4.75,0.2501224226177342
mapa,11.75,5.0,0.2501233985588986
mapa,11.75,5.25,0.2501241900948492
mapa,11.75,5.5,0.2501248341271449
mapa,11.75,5.75,0.250125360181331
mapa,11.75,6.0,0.2501257918809241
mapa,11.75,6.25,0.25012614812688305
mapa,11.75,6.5,0.2501264440414004
mapa,11.75,6.75,0.2501266917231012
mapa,11.75,7.0,0.25012690085132944
mapa,11.75,7.25,0.25012707916967747
mapa,11.75,7.5,0.25012723287288674
mapa,11.75,7.75,0.25012736691642873
mapa,11.75,8.0,0.250127485264217
mapa,11.75,8.25,0.250127591086815
mapa,11.75,8.5,0.25012768692003007
mapa,11.75,8.75,0.25012777479181314
mapa,11.75,9.0,0.2501278563237944
mapa,11.75,9.25,0.25012793281252765
mapa,11.75,9.5,0.250128005294495
mapa,11.75,9.75,0.25012807459812075
mapa,11.75,10.0,0.2501281413853872
mapa,11.75,10.25,0.25012820618513293
mapa,11.75,10.5,0.2501282694196958
mapa,11.75,10.75,0.2501283314262286
mapa,11.75,11.0,0.25012839247375485
mapa,11.75,11.25,0.25012845277681367
mapa,11.75,11.5,0.2501285125063777
mapa,11.75,11.75,0.25012857179858694
mapa,11.75,12.0,0.25012863076173675
mapa,11.75,12.25,0.25012868948186767
mapa,11.75,12.5,0.25012874802723795
mapa,11.75,12.75,0.25012880645190017
mapa,11.75,13.0,0.250128864798563
mapa,11.75,13.25,0.25012892310088014
mapa,11.75,13.5,0.25012898138528006
mapa,11.75,13.75,0.2501290396724305
mapa,11.75,14.0,0.2501290979784087
mapa,11.75,14.25,0.2501291563156369
mapa,11.75,14.5,0.250129214693631
mapa,11.75,14.75,0.25012927311959765
mapa,11.75,15.0,0.2501293315989126
mapa,11.75,15.25,0.25012939013550217
mapa,11.75,15.5,0.25012944873214743
mapa,11.75,15.75,0.2501295073907282
mapa,11.75,16.0,0.25012956611241627
mapa,12.0,-16.0,0.00012881035084795907
mapa,12.0,-15.75,0.00012897218503764044
mapa,12.0,-15.5,0.00012926645223442203
mapa,12.0,-15.25,0.00012976424143388126
mapa,12.0,-15.0,0.00013057635964017022
mapa,12.0,-14.75,0.00013187532001742385
mapa,12.0,-14.5,0.00013392937955444524
mapa,12.0,-14.25,0.0001371551106945816
mapa,12.0,-14.0,0.00014219836968283343
mapa,12.0,-13.75,0.00015005855842091157
mapa,12.0,-13.5,0.00016227847989682025
mapa,12.0,-13.25,0.0001812327870087382
mapa,12.0,-13.0,0.0002105631296657381
mapa,12.0,-12.75,0.00025582874451591885
mapa,12.0,-12.5,0.0003254681280726668
mapa,12.0,-12.25,0.0004321999859765829
mapa,12.0,-12.0,0.0005950261985206064
mapa,12.0,-11.75,0.000842026437166509
mapa,12.0,-11.5,0.001214133342625346
mapa,12.0,-11.25,0.0017700133598759675
mapa,12.0,-11.0,0.002591996820935592
mapa,12.0,-10.75,0.0037926318951292705
mapa,12.0,-10.5,0.005520818017369014
mapa,12.0,-10.25,0.007965604518447472
mapa,12.0,-10.0,0.011354772601024922
mapa,12.0,-9.75,0.01594466369819957
mapa,12.0,-9.5,0.021998065286560363
mapa,12.0,-9.25,0.02974908199645665
mapa,12.0,-9.0,0.03935810696509212
mapa,12.0,-8.75,0.050865394465176295
mapa,12.0,-8.5,0.06415598233760922
mapa,12.0,-8.25,0.07894885617293197
mapa,12.0,-8.0,0.09481766557263903
mapa,12.0,-7.75,0.11124050379961727
mapa,12.0,-7.5,0.127666641852656
mapa,12.0,-7.25,0.14358332353619238
mapa,12.0,-7.0,0.15856765741871381
mapa,12.0,-6.75,0.17231545706718904
mapa,12.0,-6.5,0.1846467543068046
mapa,12.0,-6.25,0.19549338595867594
mapa,12.0,-6.0,0.20487629617268954
mapa,12.0,-5.75,0.2128795919126015
mapa,12.0,-5.5,0.2196263122728176
mapa,12.0,-5.25,0.22525856244324277
mapa,12.0,-5.0,0.22992282926637259
mapa,12.0,-4.75,0.23376014772723494
mapa,12.0,-4.5,0.2369002406283307
mapa,12.0,-4.25,0.23945861581007383
mapa,12.0,-4.0,0.2415356929657682
mapa,12.0,-3.75,0.24321721286335035
mapa,12.0,-3.5,0.24457537693188972
mapa,12.0,-3.25,0.24567033653632842
mapa,12.0,-3.0,0.24655178586714155
mapa,12.0,-2.75,0.2472605104649311
mapa,12.0,-2.5,0.2478298108253631
mapa,12.0,-2.25,0.24828676450697892
mapa,12.0,-2.0,0.24865331731952972
mapa,12.0,-1.75,0.2489472098376106
mapa,12.0,-1.5,0.24918275363769965
mapa,12.0,-1.25,0.24937147510362076
mapa,12.0,-1.0,0.2495226452888508
mapa,12.0,-0.75,0.24964371340845945
mapa,12.0,-0.5,0.24974065984475835
mapa,12.0,-0.25,0.24981828256633443
mapa,12.0,0.0,0.24988042885597728
mapa,12.0,0.25,0.24993018236713407
mapa,12.0,0.5,0.2499700138502749
mapa,12.0,0.75,0.2500019024327021
mapa,12.0,1.0,0.25002743309442005
mapa,12.0,1.25,0.25004787494170594
mapa,12.0,1.5,0.2500642440161185
mapa,12.0,1.75,0.25007735366549344
mapa,12.0,2.0,0.2500878549215919
mapa,12.0,2.25,0.2500962688552461
mapa,12.0,2.5,0.2501030124954242
mapa,12.0,2.75,0.25010841958765334
mapa,12.0,3.0,0.2501127572162246
mapa,12.0,3.25,0.2501162391123666
mapa,12.0,3.5,0.2501190363078504
mapa,12.0,3.75,0.250121285662721
mapa,12.0,4.0,0.2501230966908434
mapa,12.0,4.25,0.2501245570226969
mapa,12.0,4.5,0.2501257367772848
mapa,12.0,4.75,0.2501266920608649
mapa,12.0,5.0,0.2501274677668107
mapa,12.0,5.25,0.25012809981614326
mapa,12.0,5.5,0.2501286169504379
mapa,12.0,5.75,0.25012904216650916
mapa,12.0,6.0,0.2501293938644338
mapa,12.0,6.25,0.25012968676617703
mapa,12.0,6.5,0.2501299326506562
mapa,12.0,6.75,0.250130140941916
mapa,12.0,7.0,0.2501303191797657
mapa,12.0,7.25,0.2501304733963654
mapa,12.0,7.5,0.25013060841755463
mapa,12.0,7.75,0.25013072810396175
mapa,12.0,8.0,0.25013083554392845
mapa,12.0,8.25,0.250130933207878
mapa,12.0,8.5,0.25013102307183366
mapa,12.0,8.75,0.25013110671625016
mapa,12.0,9.0,0.25013118540509366
mapa,12.0,9.25,0.2501312601491169
mapa,12.0,9.5,0.25013133175648766
mapa,12.0,9.75,0.2501314008732987
mapa,12.0,10.0,0.25013146801598
mapa,12.0,10.25,0.2501315335972342
mapa,12.0,10.5,0.25013159794678647
mapa,12.0,10.75,0.25013166132798753
mapa,12.0,11.0,0.25013172395109745
mapa,12.0,11.25,0.25013178598391483
mapa,12.0,11.5,0.25013184756027945
mapa,12.0,11.75,0.25013190878687624
mapa,12.0,12.0,0.25013196974867835
mapa,12.0,12.25,0.2501320305133024
mapa,12.0,12.5,0.25013209113449086
mapa,12.0,12.75,0.2501321516549008
mapa,12.0,13.0,0.2501322121083318
mapa,12.0,13.25,0.2501322725215102
mapa,12.0,13.5,0.2501323329155152
mapa,12.0,13.75,0.25013239330691955
mapa,12.0,14.0,0.2501324537087022
mapa,12.0,14.25,0.2501325141309776
mapa,12.0,14.5,0.25013257458157906
mapa,12.0,14.75,0.25013263506652533
mapa,12.0,15.0,0.2501326955903927
mapa,12.0,15.25,0.25013275615661357
mapa,12.0,15.5,0.2501328167677136
mapa,12.0,15.75,0.2501328774255022
mapa,12.0,16.0,0.2501329381312243
mapa,12.25,-16.0,0.0001311467088288593
mapa,12.25,-15.75,0.0001315047670240892
mapa,12.25,-15.5,0.00013207565172295146
mapa,12.25,-15.25,0.00013297635354346963
mapa,12.25,-15.0,0.0001343889476312739
mapa,12.25,-14.75,0.00013659647843794698
mapa,12.25,-14.5,0.00014003836702176532
mapa,12.25,-14.25,0.00014539571355666041
mapa,12.25,-14.0,0.00015372214688194206
mapa,12.25,-13.75,0.00016664362228179552
mapa,12.25,-13.5,0.00018666174090217898
mapa,12.25,-13.25,0.0002176108828885713
mapa,12.25,-13.0,0.0002653408212574278
mapa,12.25,-12.75,0.0003387241384145155
mapa,12.25,-12.5,0.0004511208425334197
mapa,12.25,-12.25,0.0006224668739746098
mapa,12.25,-12.0,0.0008821780608271176
mapa,12.25,-11.75,0.0012730549597821303
mapa,12.25,-11.5,0.0018562992286477668
mapa,12.25,-11.25,0.0027175518251807713
mapa,12.25,-11.0,0.003973466804868594
mapa,12.25,-10.75,0.005777683036744983
mapa,12.25,-10.5,0.008324162028739772
mapa,12.25,-10.25,0.011844902552073844
mapa,12.25,-10.0,0.016598467831798296
mapa,12.25,-9.75,0.022846285664649302
mapa,12.25,-9.5,0.030816050480772156
mapa,12.25,-9.25,0.04065596504457005
mapa,12.25,-9.0,0.05238895793990505
mapa,12.25,-8.75,0.06587991538431101
mapa,12.25,-8.5,0.0808284509578847
mapa,12.25,-8.25,0.09679349283818056
mapa,12.25,-8.0,0.11324591972519575
mapa,12.25,-7.75,0.12963622598333477
mapa,12.25,-7.5,0.14546020313839106
mapa,12.25,-7.25,0.16030830789482034
mapa,12.25,-7.0,0.17389154567348147
mapa,12.25,-6.75,0.18604444525057398
mapa,12.25,-6.5,0.19671098160703557
mapa,12.25,-6.25,0.20592114293313993
mapa,12.25,-6.0,0.21376497737803976
mapa,12.25,-5.75,0.22036879299493425
mapa,12.25,-5.5,0.2258759058006945
mapa,12.25,-5.25,0.2304325769905679
mapa,12.25,-5.0,0.23417871374602878
mapa,12.25,-4.75,0.23724242137673177
mapa,12.25,-4.5,0.23973739295118482
mapa,12.25,-4.25,0.24176222745733617
mapa,12.25,-4.0,0.24340095327688158
mapa,12.25,-3.75,0.24472422741600355
mapa,12.25,-3.5,0.24579084817709773
mapa,12.25,-3.25,0.24664934895176813
mapa,12.25,-3.0,0.2473395348229447
mapa,12.25,-2.75,0.24789388786140906
mapa,12.25,-2.5,0.24833880860893368
mapa,12.25,-2.25,0.24869568674615122
mapa,12.25,-2.0,0.24898180851311122
mapa,12.25,-1.75,0.2492111159040421
mapa,12.25,-1.5,0.24939483567867266
mapa,12.25,-1.25,0.24954199663131216
mapa,12.25,-1.0,0.24965985251500483
mapa,12.25,-0.75,0.24975422627292573
mapa,12.25,-0.5,0.24982978923081814
mapa,12.25,-0.25,0.24989028690971643
mapa,12.25,0.0,0.24993872126376548
mapa,12.25,0.25,0.2499774974958856
mapa,12.25,0.5,0.25000854217304014
mapa,12.25,0.75,0.2500333981472593
mapa,12.25,1.0,0.2500533007703576
mapa,12.25,1.25,0.2500692390461905
mapa,12.25,1.5,0.2500820046699943
mapa,12.25,1.75,0.25009223133666203
mapa,12.25,2.0,0.2501004262377642
mapa,12.25,2.25,0.25010699529240427
mapa,12.25,2.5,0.2501122633539589
mapa,12.25,2.75,0.2501164903902057
mapa,12.25,3.0,0.2501198844373536
mapa,12.25,3.25,0.25012261197001423
mapa,12.25,3.5,0.2501248062018154
mapa,12.25,3.75,0.25012657372910796
mapa,12.25,4.0,0.2501279998481951
mapa,12.25,4.25,0.25012915281072123
mapa,12.25,4.5,0.2501300872291429
mapa,12.25,4.75,0.25013084680194814
mapa,12.25,5.0,0.25013146649445483
mapa,12.25,5.25,0.2501319742839133
mapa,12.25,5.5,0.2501323925559372
mapa,12.25,5.75,0.2501327392219142
mapa,12.25,6.0,0.2501330286131383
mapa,12.25,6.25,0.25013327219627174
mapa,12.25,6.5,0.25013347914583645
mapa,12.25,6.75,0.2501336568023031
mapa,12.25,7.0,0.250133811038635
mapa,12.25,7.25,0.25013394655358334
mapa,12.25,7.5,0.25013406710636804
mapa,12.25,7.75,0.25013417570445884
mapa,12.25,8.0,0.2501342747538295
mapa,12.25,8.25,0.25013436617918317
mapa,12.25,8.5,0.25013445152015057
mapa,12.25,8.75,0.25013453200826247
mapa,12.25,9.0,0.25013460862853976
mapa,12.25,9.25,0.25013468216877277
mapa,12.25,9.5,0.2501347532589531
mapa,12.25,9.75,0.2501348224028238
mapa,12.25,10.0,0.25013489000312306
mapa,12.25,10.25,0.2501349563817842
mapa,12.25,10.5,0.2501350217960965
mapa,12.25,10.75,0.2501350864516364
mapa,12.25,11.0,0.2501351505126148
mapa,12.25,11.25,0.2501352141101544
mapa,12.25,11.5,0.25013527734891317
mapa,12.25,11.75,0.25013534031238444
mapa,12.25,12.0,0.2501354030671361
mapa,12.25,12.25,0.2501354656662028
mapa,12.25,12.5,0.2501355281517999
mapa,12.25,12.75,0.25013559055749446
mapa,12.25,13.0,0.250135652909942
mapa,12.25,13.25,0.25013571523027633
mapa,12.25,13.5,0.2501357775352205
mapa,12.25,13.75,0.25013583983797594
mapa,12.25,14.0,0.25013590214893366
mapa,12.25,14.25,0.2501359644762425
mapa,12.25,14.5,0.25013602682626435
mapa,12.25,14.75,0.2501360892039373
mapa,12.25,15.0,0.2501361516130666
mapa,12.25,15.25,0.25013621405655667
mapa,12.25,15.5,0.2501362765365972
mapa,12.25,15.75,0.25013633905481103
mapa,12.25,16.0,0.2501364016123731
mapa,12.5,-16.0,0.00013419869059483442
mapa,12.5,-15.75,0.00013482970852749275
mapa,12.5,-15.5,0.0001358075543397424
mapa,12.5,-15.25,0.00013732436187212108
mapa,12.5,-15.0,0.00013967874350629726
mapa,12.5,-14.75,0.00014333418356057847
mapa,12.5,-14.5,0.00014900890212103638
mapa,12.5,-14.25,0.00015781363223699147
mapa,12.5,-14.0,0.0001714618628936324
mapa,12.5,-13.75,0.00019258876158009792
mapa,12.5,-13.5,0.00022523133941092932
mapa,12.5,-13.25,0.00027554454246918184
mapa,12.5,-13.0,0.00035285635596093957
mapa,12.5,-12.75,0.00047119854830610835
mapa,12.5,-12.5,0.0006514835698589674
mapa,12.5,-12.25,0.0009245206536796969
mapa,12.5,-12.0,0.0013350520949854774
mapa,12.5,-11.75,0.0019469040799737728
mapa,12.5,-11.5,0.0028491261693944134
mapa,12.5,-11.25,0.004162568535008318
mapa,12.5,-11.0,0.006045662209119034
mapa,12.5,-10.75,0.008697251739034805
mapa,12.5,-10.5,0.012353388739247422
mapa,12.5,-10.25,0.01727451091106366
mapa,12.5,-10.0,0.023720143924305215
mapa,12.5,-9.75,0.03191088792878987
mapa,12.5,-9.5,0.04198206564018736
mapa,12.5,-9.25,0.05393878199636977
mapa,12.5,-9.0,0.06762565699779242
mapa,12.5,-8.75,0.0827232984114195
mapa,12.5,-8.5,0.09877670358095389
mapa,12.5,-8.25,0.11525055328398275
mapa,12.5,-8.0,0.13159754907111695
mapa,12.5,-7.75,0.14732276479979006
mapa,12.5,-7.5,0.16203038473656625
mapa,12.5,-7.25,0.1754466422173542
mapa,12.5,-7.0,0.18742034623709064
mapa,12.5,-6.75,0.19790725692498942
mapa,12.5,-6.5,0.20694601925123943
mapa,12.5,-6.25,0.21463226980079897
mapa,12.5,-6.0,0.2210953018479734
mapa,12.5,-5.75,0.22647943606470514
mapa,12.5,-5.5,0.23093057242371365
mapa,12.5,-5.25,0.23458741145004297
mapa,12.5,-5.0,0.23757640368284696
mapa,12.5,-4.75,0.24000941826232203
mapa,12.5,-4.5,0.2419832417985397
mapa,12.5,-4.25,0.24358020834738817
mapa,12.5,-4.0,0.24486945300494314
mapa,12.5,-3.75,0.24590844460435876
mapa,12.5,-3.5,0.2467445784145885
mapa,12.5,-3.25,0.24741669975738662
mapa,12.5,-3.0,0.24795649053664243
mapa,12.5,-2.75,0.24838969000687056
mapa,12.5,-2.5,0.24873714504029626
mapa,12.5,-2.25,0.24901569868041437
mapa,12.5,-2.0,0.2492389325628256
mapa,12.5,-1.75,0.24941778140523915
mapa,12.5,-1.5,0.24956103793992884
mapa,12.5,-1.25,0.24967576550051815
mapa,12.5,-1.0,0.2497676336798588
mapa,12.5,-0.75,0.2498411904671213
mapa,12.5,-0.5,0.24990008228922664
mapa,12.5,-0.25,0.24994723154963122
mapa,12.5,0.0,0.24998497963186295
mapa,12.5,0.25,0.25001520193096366
mapa,12.5,0.5,0.2500394002854439
mapa,12.5,0.75,0.2500587771865424
mapa,12.5,1.0,0.250074295316944
mapa,12.5,1.25,0.25008672529335546
mapa,12.5,1.5,0.25009668393353146
mapa,12.5,1.75,0.2501046649177982
mapa,12.5,2.0,0.2501110633498917
mapa,12.5,2.25,0.2501161954266211
mapa,12.5,2.5,0.2501203141876425
mapa,12.5,2.75,0.2501236221247459
mapa,12.5,3.0,0.25012628127573056
mapa,12.5,3.25,0.25012842130393637
mapa,12.5,3.5,0.25013014596495176
mapa,12.5,3.75,0.2501315382821483
mapa,12.5,4.0,0.2501326646886533
mapa,12.5,4.25,0.2501335783420422
mapa,12.5,4.5,0.2501343217769051
mapa,12.5,4.75,0.25013492902750106
mapa,12.5,5.0,0.2501354273263298
mapa,12.5,5.25,0.2501358384633274
mapa,12.5,5.5,0.2501361798734799
mapa,12.5,5.75,0.25013646550711216
mapa,12.5,6.0,0.25013670652627074
mapa,12.5,6.25,0.25013691186194925
mapa,12.5,6.5,0.25013708865996104
mapa,12.5,6.75,0.25013724263770887
mapa,12.5,7.0,0.2501373783696595
mapa,12.5,7.25,0.25013749951576647
mapa,12.5,7.5,0.250137609004245
mapa,12.5,7.75,0.2501377091778192
mapa,12.5,8.0,0.2501378019107426
mapa,12.5,8.25,0.2501378887024324
mapa,12.5,8.5,0.25013797075239014
mapa,12.5,8.75,0.2501380490201494
mapa,12.5,9.0,0.2501381242732433
mapa,12.5,9.25,0.25013819712558477
mapa,12.5,9.5,0.2501382680681773
mapa,12.5,9.75,0.25013833749368564
mapa,12.5,10.0,0.2501384057160985
mapa,12.5,10.25,0.25013847298645936
mapa,12.5,10.5,0.2501385395054539
mapa,12.5,10.75,0.25013860543348154
mapa,12.5,11.0,0.25013867089871383
mapa,12.5,11.25,0.2501387360035423
mapa,12.5,11.5,0.2501388008297367
mapa,12.5,11.75,0.25013886544257335
mapa,12.5,12.0,0.2501389298941367
mapa,12.5,12.25,0.2501389942259626
mapa,12.5,12.5,0.2501390584711508
mapa,12.5,12.75,0.25013912265605787
mapa,12.5,13.0,0.2501391868016488
mapa,12.5,13.25,0.25013925092458006
mapa,12.5,13.5,0.25013931503806547
mapa,12.5,13.75,0.25013937915256884
mapa,12.5,14.0,0.2501394432763578
mapa,12.5,14.25,0.2501395074159472
mapa,12.5,14.5,0.25013957157645356
mapa,12.5,14.75,0.2501396357618781
mapa,12.5,15.0,0.2501396999753338
mapa,12.5,15.25,0.25013976421922657
mapa,12.5,15.5,0.2501398284953994
mapa,12.5,15.75,0.2501398928052492
mapa,12.5,16.0,0.25013995714981846
mapa,12.75,-16.0,0.00013790082303940303
mapa,12.75,-15.75,0.00013894957600293814
mapa,12.75,-15.5,0.00014056625987853656
mapa,12.75,-15.25,0.0001430658865490667
mapa,12.75,-15.0,0.00014693729189313684
mapa,12.75,-14.75,0.00015293779961684677
mapa,12.75,-14.5,0.00016223828282727374
mapa,12.75,-14.25,0.00017664437899643154
mapa,12.75,-14.0,0.0001989317814872956
mapa,12.75,-13.75,0.00023335052694283697
mapa,12.75,-13.5,0.0002863760730877072
mapa,12.75,-13.25,0.00036781409794324954
mapa,12.75,-13.0,0.0004923998906972576
mapa,12.75,-12.75,0.0006820665202813612
mapa,12.75,-12.5,0.0009690758290730476
mapa,12.75,-12.25,0.001400187697416154
mapa,12.75,-12.0,0.0020419437265829657
mapa,12.75,-11.75,0.0029869002311239128
mapa,12.75,-11.5,0.0043601910674968035
mapa,12.75,-11.25,0.0063250848722063565
mapa,12.75,-11.0,0.00908526658540238
mapa,12.75,-10.75,0.012880655919801871
mapa,12.75,-10.5,0.017973193712746784
mapa,12.75,-10.25,0.024619939439836726
mapa,12.75,-10.0,0.03303370535985677
mapa,12.75,-9.75,0.04333625652643461
mapa,12.75,-9.5,0.0555144136082113
mapa,12.75,-9.25,0.0693924716421099
mapa,12.75,-9.0,0.08463245651315886
mapa,12.75,-8.75,0.10076626547317907
mapa,12.75,-8.5,0.11725340790486641
mapa,12.75,-8.25,0.13354975588523774
mapa,12.75,-8.0,0.14917036027738556
mapa,12.75,-7.75,0.163733468019711
mapa,12.75,-7.5,0.1769805399499886
mapa,12.75,-7.25,0.1887744258121395
mapa,12.75,-7.0,0.19908230885733436
mapa,12.75,-6.75,0.2079511048251266
mapa,12.75,-6.5,0.21548169313261936
mapa,12.75,-6.25,0.22180607789326495
mapa,12.75,-6.0,0.22706938740242685
mapa,12.75,-5.75,0.23141703252007584
mapa,12.75,-5.5,0.23498643409698194
mapa,12.75,-5.25,0.23790235470134605
mapa,12.75,-5.0,0.24027483301733302
mapa,12.75,-4.75,0.2421988531450749
mapa,12.75,-4.5,0.24375507365432159
mapa,12.75,-4.25,0.24501113052376083
mapa,12.75,-4.0,0.24602318668481515
mapa,12.75,-3.75,0.24683752176308174
mapa,12.75,-3.5,0.2474920417363605
mapa,12.75,-3.25,0.2480176462935561
mapa,12.75,-3.0,0.24843942883115436
mapa,12.75,-2.75,0.24877770645668926
mapa,12.75,-2.5,0.24904888990930002
mapa,12.75,-2.25,0.24926620947713604
mapa,12.75,-2.0,0.249440315237737
mapa,12.75,-1.75,0.24957976990766345
mapa,12.75,-1.5,0.2496914513188226
mapa,12.75,-1.25,0.249780879699928
mapa,12.75,-1.0,0.24985248292604104
mapa,12.75,-0.75,0.24990981092950515
mapa,12.75,-0.5,0.24995570865657515
mapa,12.75,-0.25,0.24999245535506504
mapa,12.75,0.0,0.2500218766007248
mapa,12.75,0.25,0.2500454343042727
mapa,12.75,0.5,0.2500642989672485
mapa,12.75,0.75,0.2500794076493041
mapa,12.75,1.0,0.2500915104480132
mapa,12.75,1.25,0.2501012077520373
mapa,12.75,1.5,0.25010898008919563
mapa,12.75,1.75,0.2501152120349974
mapa,12.75,2.0,0.25012021135945567
mapa,12.75,2.25,0.2501242243579185
mapa,12.75,2.5,0.2501274481247672
mapa,12.75,2.75,0.2501300403785312
mapa,12.75,3.0,0.2501321273262179
mapa,12.75,3.25,0.250133809957729
mapa,12.75,3.5,0.25013516908347394
mapa,12.75,3.75,0.2501362693659441
mapa,12.75,4.0,0.25013716254604496
mapa,12.75,4.25,0.25013789002494496
mapa,12.75,4.5,0.25013848493013474
mapa,12.75,4.75,0.250138973768707
mapa,12.75,5.0,0.25013937775030876
mapa,12.75,5.25,0.25013971384575223
mapa,12.75,5.5,0.25013999563409445
mapa,12.75,5.75,0.25014023398045004
mapa,12.75,6.0,0.2501404375783556
mapa,12.75,6.25,0.2501406133837519
mapa,12.75,6.5,0.25014076696224
mapa,12.75,6.75,0.2501409027669415
mapa,12.75,7.0,0.25014102436083124
mapa,12.75,7.25,0.2501411345946374
mapa,12.75,7.5,0.25014123574918934
mapa,12.75,7.75,0.2501413296493176
mapa,12.75,8.0,0.25014141775499216
mapa,12.75,8.25,0.2501415012342444
mapa,12.75,8.5,0.2501415810215187
mapa,12.75,8.75,0.2501416578643593
mapa,12.75,9.0,0.2501417323607695
mapa,12.75,9.25,0.2501418049891018
mapa,12.75,9.5,0.25014187613197647
mapa,12.75,9.75,0.2501419460954185
mapa,12.75,10.0,0.25014201512417056
mapa,12.75,10.25,0.25014208341394506
mapa,12.75,10.5,0.2501421511212276
mapa,12.75,10.75,0.25014221837112094
mapa,12.75,11.0,0.25014228526362176
mapa,12.75,11.25,0.2501423518786416
mapa,12.75,11.5,0.25014241828002565
mapa,12.75,11.75,0.2501424845187669
mapa,12.75,12.0,0.2501425506355791
mapa,12.75,12.25,0.2501426166629541
mapa,12.75,12.5,0.2501426826268087
mapa,12.75,12.75,0.25014274854780233
mapa,12.75,13.0,0.2501428144423901
mapa,12.75,13.25,0.25014288032366727
mapa,12.75,13.5,0.2501429462020426
mapa,12.75,13.75,0.25014301208577866
mapa,12.75,14.0,0.25014307798142366
mapa,12.75,14.25,0.2501431438941561
mapa,12.75,14.5,0.25014320982806154
mapa,12.75,14.75,0.25014327578635304
mapa,12.75,15.0,0.2501433417715483
mapa,12.75,15.25,0.25014340778561045
mapa,12.75,15.5,0.2501434738300613
mapa,12.75,15.75,0.25014353990607147
mapa,12.75,16.0,0.25014360601453245
mapa,13.0,-16.0,0.00014232613475239316
mapa,13.0,-15.75,0.00014404171542440993
mapa,13.0,-15.5,0.0001466883453328401
mapa,13.0,-15.25,0.00015078157466460947
mapa,13.0,-15.0,0.00015711992479292393
mapa,13.0,-14.75,0.0001669376084996091
mapa,13.0,-14.5,0.00018213726869333334
mapa,13.0,-14.25,0.00020564243921008504
mapa,13.0,-14.0,0.00024192709049875808
mapa,13.0,-13.75,0.00029780325975563835
mapa,13.0,-13.5,0.00038357761611212005
mapa,13.0,-13.25,0.0005147220737674776
mapa,13.0,-13.0,0.000714236127245731
mapa,13.0,-12.75,0.001015895411842618
mapa,13.0,-12.5,0.0014685552420697114
mapa,13.0,-12.25,0.002141564980959241
mapa,13.0,-12.0,0.0031310857620158376
mapa,13.0,-11.75,0.004566619569333862
mapa,13.0,-11.5,0.006616310112160893
mapa,13.0,-11.25,0.00948862575155741
mapa,13.0,-11.0,0.013427148841810796
mapa,13.0,-10.75,0.018694927859293626
mapa,13.0,-10.5,0.025545971305762864
mapa,13.0,-10.25,0.03418460257767042
mapa,13.0,-10.0,0.04471836656123071
mapa,13.0,-9.75,0.057115379199566774
mapa,13.0,-9.5,0.07117960892465038
mapa,13.0,-9.25,0.0865549802606749
mapa,13.0,-9.0,0.10276115804277879
mapa,13.0,-8.75,0.11925351273214628
mapa,13.0,-8.5,0.13549202669272062
mapa,13.0,-8.25,0.151002381196766
mapa,13.0,-8.0,0.1654171770578041
mapa,13.0,-7.75,0.17849306721289693
mapa,13.0,-7.5,0.1901066817067418
mapa,13.0,-7.25,0.20023625733860906
mapa,13.0,-7.0,0.20893659680061163
mapa,13.0,-6.75,0.21631348432481287
mapa,13.0,-6.5,0.22250136991399794
mapa,13.0,-6.25,0.22764600146409966
mapa,13.0,-6.0,0.23189218030048503
mapa,13.0,-5.75,0.2353759801917761
mapa,13.0,-5.5,0.2382204464171031
mapa,13.0,-5.25,0.24053378315401328
mapa,13.0,-5.0,0.2424091832920052
mapa,13.0,-4.75,0.24392564946000586
mapa,13.0,-4.5,0.2451493415454019
mapa,13.0,-4.25,0.2461351400922603
mapa,13.0,-4.0,0.24692823135080716
mapa,13.0,-3.75,0.24756560208674847
mapa,13.0,-3.5,0.24807738741875285
mapa,13.0,-3.25,0.24848805001596339
mapa,13.0,-3.0,0.24881738999107794
mapa,13.0,-2.75,0.24908139642894275
mapa,13.0,-2.5,0.24929295707265503
mapa,13.0,-2.25,0.2494624445846174
mapa,13.0,-2.0,0.24959819756420656
mapa,13.0,-1.75,0.24970691313700602
mapa,13.0,-1.5,0.2497939660533164
mapa,13.0,-1.25,0.2498636672145266
mapa,13.0,-1.0,0.2499194725912739
mapa,13.0,-0.75,0.24996415171211886
mapa,13.0,-0.5,0.24999992332926366
mapa,13.0,-0.25,0.25002856451670585
mapa,13.0,0.0,0.25005149831490137
mapa,13.0,0.25,0.25006986408394954
mapa,13.0,0.5,0.250084573940497
mapa,13.0,0.75,0.2500963580079006
mapa,13.0,1.0,0.25010580068221516
mapa,13.0,1.25,0.2501133696882768
mapa,13.0,1.5,0.25011943935317993
mapa,13.0,1.75,0.2501243092440909
mapa,13.0,2.0,0.25012821909125077
mapa,13.0,2.25,0.2501313607349964
mapa,13.0,2.5,0.250133887689257
mapa,13.0,2.75,0.2501359227964066
mapa,13.0,3.0,0.25013756435397366
mapa,13.0,3.25,0.2501388910180039
mapa,13.0,3.5,0.25013996572717706
mapa,13.0,3.75,0.250140838843132
mapa,13.0,4.0,0.2501415506634814
mapa,13.0,4.25,0.25014213343278385
mapa,13.0,4.5,0.25014261295173945
mapa,13.0,4.75,0.25014300986486376
mapa,13.0,5.0,0.25014334069086847
mapa,13.0,5.25,0.2501436186471508
mapa,13.0,5.5,0.2501438543095302
mapa,13.0,5.75,0.25014405614014845
mapa,13.0,6.0,0.25014423090987764
mapa,13.0,6.25,0.2501443840363152
mapa,13.0,6.5,0.2501445198542345
mapa,13.0,6.75,0.2501446418319871
mapa,13.0,7.0,0.2501447527446591
mapa,13.0,7.25,0.2501448548126232
mapa,13.0,7.5,0.25014494981240115
mapa,13.0,7.75,0.2501450391653709
mapa,13.0,8.0,0.25014512400874567
mapa,13.0,8.25,0.2501452052523678
mapa,13.0,8.5,0.25014528362415284
mapa,13.0,8.75,0.2501453597064508
mapa,13.0,9.0,0.25014543396514144
mapa,13.0,9.25,0.250145506772914
mapa,13.0,9.5,0.2501455784278945
mapa,13.0,9.75,0.25014564916855087
mapa,13.0,10.0,0.2501457191856187
mapa,13.0,10.25,0.25014578863164316
mapa,13.0,10.5,0.2501458576286147
mapa,13.0,10.75,0.250145926274078
mapa,13.0,11.0,0.25014599464602016
mapa,13.0,11.25,0.25014606280678225
mapa,13.0,11.5,0.25014613080618786
mapa,13.0,11.75,0.25014619868404825
mapa,13.0,12.0,0.25014626647216454
mapa,13.0,12.25,0.25014633419593146
mapa,13.0,12.5,0.25014640187561965
mapa,13.0,12.75,0.25014646952740144
mapa,13.0,13.0,0.2501465371641723
mapa,13.0,13.25,0.25014660479620754
mapa,13.0,13.5,0.2501466724316876
mapa,13.0,13.75,0.25014674007711835
mapa,13.0,14.0,0.250146807737668
mapa,13.0,14.25,0.25014687541743524
mapa,13.0,14.5,0.25014694311966523
mapa,13.0,14.75,0.2501470108469214
mapa,13.0,15.0,0.2501470786012229
mapa,13.0,15.25,0.2501471463841554
mapa,13.0,15.5,0.2501472141969582
mapa,13.0,15.75,0.25014728204059516
mapa,13.0,16.0,0.25014734991581117
mapa,13.25,-16.0,0.00014770504080010742
mapa,13.25,-15.75,0.00015050274259427357
mapa,13.25,-15.5,0.00015482609886042668
mapa,13.25,-15.25,0.00016151703680293707
mapa,13.25,-15.0,0.00017187647869583797
mapa,13.25,-14.75,0.00018790918212579502
mapa,13.25,-14.5,0.00021269420618212062
mapa,13.25,-14.25,0.0002509408986238222
mapa,13.25,-14.0,0.0003098147022770583
mapa,13.25,-13.75,0.00040014762071231824
mapa,13.25,-13.5,0.0005381826830586516
mapa,13.25,-13.25,0.0007480333543389361
mapa,13.25,-13.0,0.0010650522458782697
mapa,13.25,-12.75,0.0015402699286878748
mapa,13.25,-12.5,0.002245937209046509
mapa,13.25,-12.25,0.0032819177381221767
mapa,13.25,-12.0,0.004782162454564737
mapa,13.25,-11.75,0.006919718929279063
mapa,13.25,-11.5,0.009907766828360443
mapa,13.25,-11.25,0.013993324329855117
mapa,13.25,-11.0,0.019440127865807448
mapa,13.25,-10.75,0.02649853053097343
mapa,13.25,-10.5,0.035363660839581146
mapa,13.25,-10.25,0.046128199202628985
mapa,13.25,-10.0,0.05874117926094288
mapa,13.25,-9.75,0.0729862992966592
mapa,13.25,-9.5,0.08848991814640582
mapa,13.25,-9.25,0.10476036944562697
mapa,13.25,-9.0,0.12124991923734413
mapa,13.25,-8.75,0.1374235734379144
mapa,13.25,-8.5,0.15281825475790511
mapa,13.25,-8.25,0.1670811657664534
mapa,13.25,-8.0,0.17998408266674631
mapa,13.25,-7.75,0.19141713612494607
mapa,13.25,-7.5,0.20136924077718305
mapa,13.25,-7.25,0.20990270552346588
mapa,13.25,-7.0,0.21712788936824062
mapa,13.25,-6.75,0.2231814327294634
mapa,13.25,-6.5,0.2282095239424018
mapa,13.25,-6.25,0.2323562416236128
mapa,13.25,-6.0,0.23575625043904958
mapa,13.25,-5.75,0.23853085275324235
mapa,13.25,-5.5,0.24078641651768437
mapa,13.25,-5.25,0.24261435603774525
mapa,13.25,-5.0,0.2440920381828069
mapa,13.25,-4.75,0.24528416996472896
mapa,13.25,-4.5,0.2462443729761593
mapa,13.25,-4.25,0.24701676213562979
mapa,13.25,-4.0,0.24763742483807155
mapa,13.25,-3.75,0.2481357489690195
mapa,13.25,-3.5,0.24853558130452574
mapa,13.25,-3.25,0.24885621746181402
mapa,13.25,-3.0,0.24911323528317036
mapa,13.25,-2.75,0.24931918856403304
mapa,13.25,-2.5,0.24948417960336366
mapa,13.25,-2.25,0.24961632863717367
mapa,13.25,-2.0,0.2497221567604472
mapa,13.25,-1.75,0.2498068970325612
mapa,13.25,-1.5,0.24987474644148006
mapa,13.25,-1.25,0.24992906946384047
mapa,13.25,-1.0,0.249972562197246
mapa,13.25,-0.75,0.25000738449577703
mapa,13.25,-0.5,0.2500352662148881
mapa,13.25,-0.25,0.25005759255469906
mapa,13.25,0.0,0.2500754725599678
mapa,13.25,0.25,0.2500897940665997
mapa,13.25,0.5,0.2501012677544285
mapa,13.25,0.75,0.25011046245201807
mapa,13.25,1.0,0.2501178334216629
mapa,13.25,1.25,0.2501237450146097
mapa,13.25,1.5,0.2501284888133565
mapa,13.25,1.75,0.2501322981576479
mapa,13.25,2.0,0.2501353597734945
mapa,13.25,2.25,0.250137823082006
mapa,13.25,2.5,0.25013980765033783
mapa,13.25,2.75,0.25014140915515687
mapa,13.25,3.0,0.2501427041553283
mapa,13.25,3.25,0.2501437539114367
mapa,13.25,3.5,0.2501446074423951
mapa,13.25,3.75,0.2501453039714596
mapa,13.25,4.0,0.25014587488358225
mapa,13.25,4.25,0.25014634529169744
mapa,13.25,4.5,0.2501467352900568
mapa,13.25,4.75,0.2501470609571334
mapa,13.25,5.0,0.2501473351581223
mapa,13.25,5.25,0.2501475681870828
mapa,13.25,5.5,0.2501477682807596
mapa,13.25,5.75,0.2501479420297253
mapa,13.25,6.0,0.2501480947073614
mapa,13.25,6.25,0.2501482305330951
mapa,13.25,6.5,0.25014835288303117
mapa,13.25,6.75,0.2501484644584893
mapa,13.25,7.0,0.25014856742086183
mapa,13.25,7.25,0.250148663499519
mapa,13.25,7.5,0.2501487540781508
mapa,13.25,7.75,0.250148840263853
mapa,13.25,8.0,0.2501489229424069
mapa,13.25,8.25,0.25014900282251096
mapa,13.25,8.5,0.2501490804711732
mapa,13.25,8.75,0.2501491563420302
mapa,13.25,9.0,0.25014923079800666
mapa,13.25,9.25,0.25014930412944575
mapa,13.25,9.5,0.2501493765686172
mapa,13.25,9.75,0.25014944830132496
mapa,13.25,10.0,0.2501495194761953
mapa,13.25,10.25,0.25014959021210875
mapa,13.25,10.5,0.25014966060414634
mapa,13.25,10.75,0.2501497307283479
mapa,13.25,11.0,0.2501498006455189
mapa,13.25,11.25,0.25014987040427666
mapa,13.25,11.5,0.250149940043488
mapa,13.25,11.75,0.25015000959421896
mapa,13.25,12.0,0.2501500790812954
mapa,13.25,12.25,0.2501501485245513
mapa,13.25,12.5,0.25015021793982806
mapa,13.25,12.75,0.25015028733977307
mapa,13.25,13.0,0.25015035673448005
mapa,13.25,13.25,0.2501504261319998
mapa,13.25,13.5,0.2501504955387502
mapa,13.25,13.75,0.25015056495984306
mapa,13.25,14.0,0.2501506343993468
mapa,13.25,14.25,0.2501507038604953
mapa,13.25,14.5,0.2501507733458563
mapa,13.25,14.75,0.2501508428574648
mapa,13.25,15.0,0.2501509123969308
mapa,13.25,15.25,0.2501509819655253
mapa,13.25,15.5,0.25015105156424816
mapa,13.25,15.75,0.2501511211938837
mapa,13.25,16.0,0.25015119085504417
mapa,13.5,-16.0,0.0001544825429516148
mapa,13.5,-15.75,0.0001590461431410702
mapa,13.5,-15.5,0.00016610651928487913
mapa,13.5,-15.25,0.00017703485054453586
mapa,13.5,-15.0,0.00019394338191373246
mapa,13.5,-14.75,0.0002200747690259556
mapa,13.5,-14.5,0.0002603857385521276
mapa,13.5,-14.25,0.00032241275394377666
mapa,13.5,-14.0,0.00041753857962378545
mapa,13.5,-13.75,0.0005628132778842739
mapa,13.5,-13.5,0.0007835136057167725
mapa,13.5,-13.25,0.0011166343496909802
mapa,13.5,-13.0,0.001615463095350749
mapa,13.5,-12.75,0.002355246968135208
mapa,13.5,-12.5,0.0034396491657208007
mapa,13.5,-12.25,0.005007146274556985
mapa,13.5,-12.0,0.007235709107469225
mapa,13.5,-11.75,0.010343140559214209
mapa,13.5,-11.5,0.014579645852026805
mapa,13.5,-11.25,0.020209205584161984
mapa,13.5,-11.0,0.02747789456902893
mapa,13.5,-10.75,0.03657093781712092
mapa,13.5,-10.5,0.04756552827019409
mapa,13.5,-10.25,0.06039128514054606
mapa,13.5,-10.0,0.07481175182604316
mapa,13.5,-9.75,0.09043631057687034
mapa,13.5,-9.5,0.10676289504537537
mapa,13.5,-9.25,0.12324169952250989
mapa,13.5,-9.0,0.13934363752815013
mapa,13.5,-8.75,0.15461744098997274
mapa,13.5,-8.5,0.1687251195365188
mapa,13.5,-8.25,0.18145347199394637
mapa,13.5,-8.0,0.19270583246725229
mapa,13.5,-7.75,0.20248141293106703
mapa,13.5,-7.5,0.21084965163442534
mapa,13.5,-7.25,0.2179251606240774
mapa,13.5,-7.0,0.22384652474746494
mapa,13.5,-6.75,0.22876020231830502
mapa,13.5,-6.5,0.2328094430940138
mapa,13.5,-6.25,0.23612744578495154
mapa,13.5,-6.0,0.23883374772356278
mapa,13.5,-5.75,0.24103288110647483
mapa,13.5,-5.5,0.24281449550920312
mapa,13.5,-5.25,0.2442543427928546
mapa,13.5,-5.0,0.24541570045825778
mapa,13.5,-4.75,0.24635095448072156
mapa,13.5,-4.5,0.24710317025470838
mapa,13.5,-4.25,0.24770755535078337
mapa,13.5,-4.0,0.24819276745081553
mapa,13.5,-3.75,0.2485820519779941
mapa,13.5,-3.5,0.24889421228647995
mapa,13.5,-3.25,0.24914442515330634
mapa,13.5,-3.0,0.24934491882246473
mapa,13.5,-2.75,0.2495055321113503
mapa,13.5,-2.5,0.24963417250481584
mapa,13.5,-2.25,0.2497371896259672
mapa,13.5,-2.0,0.24981967853475104
mapa,13.5,-1.75,0.2498857252876261
mapa,13.5,-1.5,0.2499386052712929
mapa,13.5,-1.25,0.24998094308760038
mapa,13.5,-1.0,0.25001484124838025
mapa,13.5,-0.75,0.25004198364021823
mapa,13.5,-0.5,0.2500637186258485
mapa,13.5,-0.25,0.25008112573912133
mapa,13.5,0.0,0.2500950691800843
mapa,13.5,0.25,0.25010624070181675
mapa,13.5,0.5,0.2501151939793595
mapa,13.5,0.75,0.2501223721439923
mapa,13.5,1.0,0.2501281298365586
mapa,13.5,1.25,0.25013275086738207
mapa,13.5,1.5,0.25013646235578807
mapa,13.5,1.75,0.25013944604956867
mapa,13.5,2.0,0.25014184738592354
mapa,13.5,2.25,0.2501437827439229
mapa,13.5,2.5,0.2501453452490755
mapa,13.5,2.75,0.2501466094188189
mapa,13.5,3.0,0.25014763488023045
mapa,13.5,3.25,0.25014846934514984
mapa,13.5,3.5,0.25014915099098084
mapa,13.5,3.75,0.25014971036585193
mapa,13.5,4.0,0.250150171913138
mapa,13.5,4.25,0.25015055519137247
mapa,13.5,4.5,0.250150875850405
mapa,13.5,4.75,0.2501511464125021
mapa,13.5,5.0,0.2501513768973617
mapa,13.5,5.25,0.2501515753222322
mapa,13.5,5.5,0.2501517481020887
mapa,13.5,5.75,0.2501519003698407
mapa,13.5,6.0,0.25015203623254745
mapa,13.5,6.25,0.2501521589764322
mapa,13.5,6.5,0.2501522712309255
mapa,13.5,6.75,0.25015237509992494
mapa,13.5,7.0,0.25015247226682297
mapa,13.5,7.25,0.2501525640785465
mapa,13.5,7.5,0.25015265161280015
mapa,13.5,7.75,0.25015273573187136
mapa,13.5,8.0,0.2501528171256831
mapa,13.5,8.25,0.25015289634624194
mapa,13.5,8.5,0.25015297383520246
mapa,13.5,8.75,0.2501530499459217
mapa,13.5,9.0,0.2501531249611074
mapa,13.5,9.25,0.25015319910693806
mapa,13.5,9.5,0.2501532725643618
mapa,13.5,9.75,0.2501533454781367
mapa,13.5,10.0,0.2501534179640649
mapa,13.5,10.25,0.2501534901147799
mapa,13.5,10.5,0.2501535620043788
mapa,13.5,10.75,0.25015363369212684
mapa,13.5,11.0,0.25015370522542335
mapa,13.5,11.25,0.25015377664217414
mapa,13.5,11.5,0.2501538479726891
mapa,13.5,11.75,0.2501539192412015
mapa,13.5,12.0,0.25015399046708336
mapa,13.5,12.25,0.250154061665818
mapa,13.5,12.5,0.25015413284977717
mapa,13.5,12.75,0.25015420402884486
mapa,13.5,13.0,0.25015427521091416
mapa,13.5,13.25,0.2501543464022864
mapa,13.5,13.5,0.25015441760799006
mapa,13.5,13.75,0.25015448883203534
mapa,13.5,14.0,0.2501545600776186
mapa,13.5,14.25,0.2501546313472858
mapa,13.5,14.5,0.25015470264306255
mapa,13.5,14.75,0.2501547739665592
mapa,13.5,15.0,0.250154845319054
mapa,13.5,15.25,0.25015491670156015
mapa,13.5,15.5,0.25015498811487924
mapa,13.5,15.75,0.25015505955964396
mapa,13.5,16.0,0.25015513103635256
mapa,13.75,-16.0,0.0001634274390307509
mapa,13.75,-15.75,0.0001708758519550507
mapa,13.75,-15.5,0.00018240246313373245
mapa,13.75,-15.25,0.0002002326532763018
mapa,13.75,-15.0,0.00022778114974429718
mapa,13.75,-14.75,0.00027026464189258725
mapa,13.75,-14.5,0.0003356090494053377
mapa,13.75,-14.25,0.0004357744461965635
mapa,13.75,-14.0,0.0005886553173185709
mapa,13.75,-13.75,0.0008207428472360927
mapa,13.75,-13.5,0.0011707412254009053
mapa,13.75,-13.25,0.001694278698734292
mapa,13.75,-13.0,0.0024696946255818794
mapa,13.75,-12.75,0.0036045477821242456
mapa,13.75,-12.5,0.005241912417240009
mapa,13.75,-12.25,0.007564691808096502
mapa,13.75,-12.0,0.010795207231039926
mapa,13.75,-11.75,0.01518657966643987
mapa,13.75,-11.5,0.021002566180235816
mapa,13.75,-11.25,0.028484323356729412
mapa,13.75,-11.0,0.03780646405309317
mapa,13.75,-10.75,0.04903009518571363
mapa,13.75,-10.5,0.062065137271705616
mapa,13.75,-10.25,0.07665515332771955
mapa,13.75,-10.0,0.09239318954505327
mapa,13.75,-9.75,0.1087677371393361
mapa,13.75,-9.5,0.12522794568230544
mapa,13.75,-9.25,0.14125148862103146
mapa,13.75,-9.0,0.15639943097689318
mapa,13.75,-8.75,0.17034875306169694
mapa,13.75,-8.5,0.18290114554208312
mapa,13.75,-8.25,0.19397283297692894
mapa,13.75,-8.0,0.20357294068200205
mapa,13.75,-7.75,0.21177766403220397
mapa,13.75,-7.5,0.2187055549889243
mapa,13.75,-7.25,0.22449690631623914
mapa,13.75,-7.0,0.22929828437201466
mapa,13.75,-6.75,0.23325201070215362
mapa,13.75,-6.5,0.23648976615959819
mapa,13.75,-6.25,0.23912930425598905
mapa,13.75,-6.0,0.24127332395973888
mapa,13.75,-5.75,0.2430097251037095
mapa,13.75,-5.5,0.24441266579957016
mapa,13.75,-5.25,0.24554401751193594
mapa,13.75,-5.0,0.24645495380934682
mapa,13.75,-4.75,0.24718751212318615
mapa,13.75,-4.5,0.24777603944750984
mapa,13.75,-4.25,0.24824847998280733
mapa,13.75,-4.0,0.24862749204827028
mapa,13.75,-3.75,0.24893139870413145
mapa,13.75,-3.5,0.24917498560902013
mapa,13.75,-3.25,0.24937016365435827
mapa,13.75,-3.0,0.2495265148915438
mapa,13.75,-2.75,0.24965173952796252
mapa,13.75,-2.5,0.24975202015921258
mapa,13.75,-2.25,0.24983231744354528
mapa,13.75,-2.0,0.24989660941136144
mapa,13.75,-1.75,0.24994808470137303
mapa,13.75,-1.5,0.24998929830458697
mapa,13.75,-1.25,0.2500222969058474
mapa,13.75,-1.0,0.25004871963981673
mapa,13.75,-0.75,0.2500698790084642
mapa,13.75,-0.5,0.25008682581801167
mapa,13.75,-0.25,0.25010040126055666
mapa,13.75,0.0,0.250111278665583
mapa,13.75,0.25,0.2501199969576747
mapa,13.75,0.5,0.2501269874598988
mapa,13.75,0.75,0.25013259536116167
mapa,13.75,1.0,0.25013709690652874
mapa,13.75,1.25,0.25014071316052994
mapa,13.75,1.5,0.25014362102529314
mapa,13.75,1.75,0.25014596206018264
mapa,13.75,2.0,0.2501478495410612
mapa,13.75,2.25,0.25014937411018767
mapa,13.75,2.5,0.2501506082978989
mapa,13.75,2.75,0.2501516101412212
mapa,13.75,3.0,0.2501524260796796
mapa,13.75,3.25,0.2501530932726214
mapa,13.75,3.5,0.250153641453579
mapa,13.75,3.75,0.25015409441413744
mapa,13.75,4.0,0.2501544711913162
mapa,13.75,4.25,0.2501547870176934
mapa,13.75,4.5,0.2501550540816754
mapa,13.75,4.75,0.25015528213584265
mapa,13.75,5.0,0.25015547898373036
mapa,13.75,5.25,0.2501556508693317
mapa,13.75,5.5,0.25015580278876465
mapa,13.75,5.75,0.2501559387396546
mapa,13.75,6.0,0.2501560619206805
mapa,13.75,6.25,0.2501561748912424
mapa,13.75,6.5,0.2501562796992211
mapa,13.75,6.75,0.25015637798320434
mapa,13.75,7.0,0.25015647105428446
mapa,13.75,7.25,0.2501565599615096
mapa,13.75,7.5,0.2501566455442525
mapa,13.75,7.75,0.2501567284741158
mapa,13.75,8.0,0.2501568092884611
mapa,13.75,8.25,0.25015688841723815
mapa,13.75,8.5,0.25015696620445166
mapa,13.75,8.75,0.2501570429253383
mapa,13.75,9.0,0.2501571188001107
mapa,13.75,9.25,0.25015719400495523
mapa,13.75,9.5,0.2501572686808304
mapa,13.75,9.75,0.25015734294050884
mapa,13.75,10.0,0.2501574168742106
mapa,13.75,10.25,0.25015749055411096
mapa,13.75,10.5,0.2501575640379473
mapa,13.75,10.75,0.25015763737190544
mapa,13.75,11.0,0.25015771059292835
mapa,13.75,11.25,0.25015778373056424
mapa,13.75,11.5,0.25015785680844527
mapa,13.75,11.75,0.25015792984546975
mapa,13.75,12.0,0.2501580028567491
mapa,13.75,12.25,0.25015807585436556
mapa,13.75,12.5,0.2501581488479774
mapa,13.75,12.75,0.2501582218453039
mapa,13.75,13.0,0.25015829485251406
mapa,13.75,13.25,0.25015836787453577
mapa,13.75,13.5,0.2501584409153052
mapa,13.75,13.75,0.25015851397796496
mapa,13.75,14.0,0.2501585870650229
mapa,13.75,14.25,0.25015866017848004
mapa,13.75,14.5,0.2501587333199313
mapa,13.75,14.75,0.25015880649064787
mapa,13.75,15.0,0.2501588796916415
mapa,13.75,15.25,0.2501589529237174
mapa,13.75,15.5,0.25015902618751507
mapa,13.75,15.75,0.25015909948354237
mapa,13.75,16.0,0.25015917281220174
mapa,14.0,-16.0,0.0001758190668850482
mapa,14.0,-15.75,0.00018797543838674764
mapa,14.0,-15.5,0.0002067760458277395
mapa,14.0,-15.25,0.00023581658571115272
mapa,14.0,-15.0,0.00028058690119300205
mapa,14.0,-14.75,0.0003494216573353378
mapa,14.0,-14.5,0.000454885948485832
mapa,14.0,-14.25,0.0006157575866383712
mapa,14.0,-14.0,0.0008597951691604159
mapa,14.0,-13.75,0.001227481551895762
mapa,14.0,-13.5,0.00177687112177124
mapa,14.0,-13.25,0.0025894922477955355
mapa,14.0,-13.0,0.0037768939684067067
mapa,14.0,-12.75,0.005486814958735741
mapa,14.0,-12.5,0.007907089257463753
mapa,14.0,-12.25,0.011264434105659245
mapa,14.0,-12.0,0.01581459196760895
mapa,14.0,-11.75,0.021820605089857295
mapa,14.0,-11.5,0.02951805633048854
mapa,14.0,-11.25,0.03907024040605195
mapa,14.0,-11.0,0.050521607201915314
mapa,14.0,-10.75,0.06376214436014425
mapa,14.0,-10.5,0.07851566838972326
mapa,14.0,-10.25,0.09435957911022089
mapa,14.0,-10.0,0.11077390540308872
mapa,14.0,-9.75,0.12720776981732537
mapa,14.0,-9.5,0.14314642402517658
mapa,14.0,-9.25,0.15816374568303582
mapa,14.0,-9.0,0.171951808765305
mapa,14.0,-8.75,0.1843270365666994
mapa,14.0,-8.5,0.19521821698035394
mapa,14.0,-8.25,0.20464400239105315
mapa,14.0,-8.0,0.21268697839956868
mapa,14.0,-7.75,0.21946933260095697
mapa,14.0,-7.5,0.22513283859396666
mapa,14.0,-7.25,0.22982401718816609
mapa,14.0,-7.0,0.2336841689363269
mapa,14.0,-6.75,0.23684340967036632
mapa,14.0,-6.5,0.23941769344722527
mapa,14.0,-6.25,0.24150789045932514
mapa,14.0,-6.0,0.24320016682658993
mapa,14.0,-5.75,0.24456710861862554
mapa,14.0,-5.5,0.24566920481300833
mapa,14.0,-5.25,0.24655643963856935
mapa,14.0,-5.0,0.24726984386845932
mapa,14.0,-4.75,0.2478429228665565
mapa,14.0,-4.5,0.24830292376791854
mapa,14.0,-4.25,0.24867193174811444
mapa,14.0,-4.0,0.24896780128308396
mapa,14.0,-3.75,0.24920493663344392
mapa,14.0,-3.5,0.24939493934343882
mapa,14.0,-3.25,0.24954714125123206
mapa,14.0,-3.0,0.24966904062498932
mapa,14.0,-2.75,0.24976665736545525
mapa,14.0,-2.5,0.24984482123537738
mapa,14.0,-2.25,0.249907405069915
mapa,14.0,-2.0,0.24995751304113972
mapa,14.0,-1.75,0.2499976323650745
mapa,14.0,-1.5,0.25002975537522737
mapa,14.0,-1.25,0.2500554776393648
mapa,14.0,-1.0,0.25007607674962956
mapa,14.0,-0.75,0.25009257554725856
mapa,14.0,-0.5,0.25010579282774364
mapa,14.0,-0.25,0.2501163839868484
mapa,14.0,0.0,0.25012487359112145
mapa,14.0,0.25,0.25013168146969544
mapa,14.0,0.5,0.25013714361118317
mapa,14.0,0.75,0.2501415288968523
mapa,14.0,1.0,0.2501450524976981
mapa,14.0,1.25,0.2501478865992536
mapa,14.0,1.5,0.250150168986341
mapa,14.0,1.75,0.2501520099142727
mapa,14.0,2.0,0.25015349760819644
mapa,14.0,2.25,0.25015470266426504
mapa,14.0,2.5,0.250155681571789
mapa,14.0,2.75,0.2501564795318451
mapa,14.0,3.0,0.2501571327128143
mapa,14.0,3.25,0.25015767005529943
mapa,14.0,3.5,0.2501581147164233
mapa,14.0,3.75,0.25015848522554696
mapa,14.0,4.0,0.2501587964090545
mapa,14.0,4.25,0.2501590601303474
mapa,14.0,4.5,0.250159285881966
mapa,14.0,4.75,0.25015948125938653
mapa,14.0,5.0,0.25015965234013654
mapa,14.0,5.25,0.25015980398714943
mapa,14.0,5.5,0.25015994009149517
mapa,14.0,5.75,0.2501600637666047
mapa,14.0,6.0,0.25016017750367836
mapa,14.0,6.25,0.2501602832960381
mapa,14.0,6.5,0.25016038273862784
mapa,14.0,6.75,0.25016047710762856
mapa,14.0,7.0,0.25016056742416415
mapa,14.0,7.25,0.2501606545052736
mapa,14.0,7.5,0.25016073900469854
mapa,14.0,7.75,0.2501608214455185
mapa,14.0,8.0,0.25016090224626336
mapa,14.0,8.25,0.2501609817418093
mapa,14.0,8.5,0.2501610602000962
mapa,14.0,8.75,0.2501611378355066
mapa,14.0,9.0,0.2501612148195682
mapa,14.0,9.25,0.2501612912895203
mapa,14.0,9.5,0.25016136735516553
mapa,14.0,9.75,0.2501614431043544
mapa,14.0,10.0,0.25016151860737235
mapa,14.0,10.25,0.25016159392045073
mapa,14.0,10.5,0.2501616690885762
mapa,14.0,10.75,0.25016174414773756
mapa,14.0,11.0,0.2501618191267256
mapa,14.0,11.25,0.2501618940485705
mapa,14.0,11.5,0.2501619689316948
mapa,14.0,11.75,0.2501620437908338
mapa,14.0,12.0,0.2501621186377729
mapa,14.0,12.25,0.2501621934819375
mapa,14.0,12.5,0.2501622683308653
mapa,14.0,12.75,0.25016234319058317
mapa,14.0,13.0,0.25016241806590994
mapa,14.0,13.25,0.25016249296069787
mapa,14.0,13.5,0.250162567878026
mapa,14.0,13.75,0.25016264282035505
mapa,14.0,14.0,0.25016271778965143
mapa,14.0,14.25,0.2501627927874857
mapa,14.0,14.5,0.2501628678151125
mapa,14.0,14.75,0.25016294287353363
mapa,14.0,15.0,0.25016301796354845
mapa,14.0,15.25,0.25016309308579554
mapa,14.0,15.5,0.2501631682407838
mapa,14.0,15.75,0.25016324342891916
mapa,14.0,16.0,0.25016331865052566
mapa,14.25,-16.0,0.0001937541065357678
mapa,14.25,-15.75,0.00021357679188077064
mapa,14.25,-15.5,0.0002441885400862057
mapa,14.25,-15.25,0.00029136617278880056
mapa,14.25,-15.0,0.0003638732771113056
mapa,14.25,-14.75,0.0004749088819725912
mapa,14.25,-14.5,0.0006441745882507619
mapa,14.25,-14.25,0.0009007512755111582
mapa,14.25,-14.0,0.0012869717673657255
mapa,14.25,-13.75,0.0018634038331547542
mapa,14.25,-13.5,0.0027148623022878156
mapa,14.25,-13.25,0.003956979434418682
mapa,14.25,-13.0,0.005742219244737665
mapa,14.25,-12.75,0.00826333312202269
mapa,14.25,-12.5,0.011751293502538871
mapa,14.25,-12.25,0.016464146660823843
mapa,14.25,-12.0,0.02266370559870225
mapa,14.25,-11.75,0.030579310081733504
mapa,14.25,-11.5,0.04036223615687251
mapa,14.25,-11.25,0.052039736304198184
mapa,14.25,-11.0,0.06548168322413778
mapa,14.25,-10.75,0.08039243999607816
mapa,14.25,-10.5,0.09633449639617563
mapa,14.25,-10.25,0.11278041777741231
mapa,14.25,-10.0,0.12918030443624534
mapa,14.25,-9.75,0.1450277684655899
mapa,14.25,-9.5,0.15990993514213125
mapa,14.25,-9.25,0.17353405559935203
mapa,14.25,-9.0,0.1857310998550642
mapa,14.25,-8.75,0.19644207951077794
mapa,14.25,-8.5,0.20569478663256274
mapa,14.25,-8.25,0.21357783609672365
mapa,14.25,-8.0,0.22021675589871603
mapa,14.25,-7.75,0.22575458275476865
mapa,14.25,-7.5,0.2303376464813035
mapa,14.25,-7.25,0.23410614019941095
mapa,14.25,-7.0,0.23718857208565963
mapa,14.25,-6.75,0.23969908409464194
mapa,14.25,-6.5,0.2417367238958726
mapa,14.25,-6.25,0.2433859408824522
mapa,14.25,-6.0,0.2447177711820589
mapa,14.25,-5.75,0.24579134487510598
mapa,14.25,-5.5,0.24665547975582688
mapa,14.25,-5.25,0.24735022097933593
mapa,14.25,-5.0,0.24790825092177798
mapa,14.25,-4.75,0.24835613576358143
mapa,14.25,-4.5,0.24871540121163252
mapa,14.25,-4.25,0.24900344461156787
mapa,14.25,-4.0,0.24923429832394914
mapa,14.25,-3.75,0.24941926236158293
mapa,14.25,-3.5,0.24956742474282534
mapa,14.25,-3.25,0.24968608700246234
mapa,14.25,-3.0,0.24978111056991864
mapa,14.25,-2.75,0.24985719772927267
mapa,14.25,-2.5,0.24991811887844523
mapa,14.25,-2.25,0.24996689594510976
mapa,14.25,-2.0,0.2500059501583311
mapa,14.25,-1.75,0.25003722093731673
mapa,14.25,-1.5,0.25006226143684623
mapa,14.25,-1.25,0.2500823152651393
mapa,14.25,-1.0,0.25009837804097346
mapa,14.25,-0.75,0.25011124675842866
mapa,14.25,-0.5,0.2501215593564697
mapa,14.25,-0.25,0.2501298264256487
mapa,14.25,0.0,0.25013645660712336
mapa,14.25,0.25,0.25014177693419776
mapa,14.25,0.5,0.25014604912047167
mapa,14.25,0.75,0.2501494826004048
mapa,14.25,1.0,0.2501522449685957
mapa,14.25,1.25,0.25015447033589394
mapa,14.25,1.5,0.2501562660175421
mapa,14.25,1.75,0.2501577178859788
mapa,14.25,2.0,0.2501588946547037
mapa,14.25,2.25,0.25015985130654206
mapa,14.25,2.5,0.2501606318371082
mapa,14.25,2.75,0.2501612714502062
mapa,14.25,3.0,0.25016179831461893
mapa,14.25,3.25,0.2501622349698932
mapa,14.25,3.5,0.25016259945123637
mapa,14.25,3.75,0.25016290618963966
mapa,14.25,4.0,0.2501631667321365
mapa,14.25,4.25,0.2501633903181319
mapa,14.25,4.5,0.25016358434056357
mapa,14.25,4.75,0.2501637547149058
mapa,14.25,5.0,0.25016390617443246
mapa,14.25,5.25,0.2501640425064747
mapa,14.25,5.5,0.25016416674146386
mapa,14.25,5.75,0.2501642813041962
mapa,14.25,6.0,0.2501643881348672
mapa,14.25,6.25,0.2501644887859188
mapa,14.25,6.5,0.25016458449953094
mapa,14.25,6.75,0.2501646762696278
mapa,14.25,7.0,0.2501647648914907
mapa,14.25,7.25,0.25016485100145835
mapa,14.25,7.5,0.2501649351086906
mapa,14.25,7.75,0.2501650176205856
mapa,14.25,8.0,0.2501650988631171
mapa,14.25,8.25,0.25016517909710784
mapa,14.25,8.5,0.2501652585312495
mapa,14.25,8.75,0.250165337332522
mapa,14.25,9.0,0.2501654156345293
mapa,14.25,9.25,0.25016549354417045
mapa,14.25,9.5,0.25016557114697635
mapa,14.25,9.75,0.25016564851138084
mapa,14.25,10.0,0.25016572569213735
mapa,14.25,10.25,0.25016580273305383
mapa,14.25,10.5,0.2501658796691797
mapa,14.25,10.75,0.25016595652855694
mapa,14.25,11.0,0.250166033333621
mapa,14.25,11.25,0.25016611010232065
mapa,14.25,11.5,0.2501661868490157
mapa,14.25,11.75,0.25016626358519417
mapa,14.25,12.0,0.25016634032004625
mapa,14.25,12.25,0.2501664170609238
mapa,14.25,12.5,0.2501664938137082
mapa,14.25,12.75,0.250166570583104
mapa,14.25,13.0,0.25016664737287464
mapa,14.25,13.25,0.2501667241860302
mapa,14.25,13.5,0.25016680102497885
mapa,14.25,13.75,0.2501668778916467
mapa,14.25,14.0,0.25016695478757445
mapa,14.25,14.25,0.2501670317139946
mapa,14.25,14.5,0.2501671086718932
mapa,14.25,14.75,0.25016718566205925
mapa,14.25,15.0,0.25016726268512407
mapa,14.25,15.25,0.2501673397415931
mapa,14.25,15.5,0.25016741683187094
mapa,14.25,15.75,0.2501674939562821
mapa,14.25,16.0,0.2501675711150864
mapa,14.5,-16.0,0.00022064098008137427
mapa,14.5,-15.75,0.00025290743809767264
mapa,14.5,-15.5,0.00030261927735185823
mapa,14.5,-15.25,0.0003789901062636716
mapa,14.5,-15.0,0.0004958830472515147
mapa,14.5,-14.75,0.0006739655527081742
mapa,14.5,-14.5,0.000943697569179153
mapa,14.5,-14.25,0.0013493352232270862
mapa,14.5,-14.0,0.001954048592972447
mapa,14.5,-13.75,0.002846036878749093
mapa,14.5,-13.5,0.004145106393214238
mapa,14.5,-13.25,0.0060085009296230295
mapa,14.5,-13.0,0.008633863310191326
mapa,14.5,-12.75,0.012256261283061912
mapa,14.5,-12.5,0.017135703526488102
mapa,14.5,-12.25,0.023532236819975155
mapa,14.5,-12.0,0.03166827643593138
mapa,14.5,-11.75,0.04168238757033175
mapa,14.5,-11.5,0.05358411858365103
mapa,14.5,-11.25,0.06722309908930836
mapa,14.5,-11.0,0.08228459055206022
mapa,14.5,-10.75,0.09831695291982356
mapa,14.5,-10.5,0.11478630161834194
mapa,14.5,-10.25,0.1311447030778787
mapa,14.5,-10.0,0.14689487405455146
mapa,14.5,-9.75,0.16163757785850325
mapa,14.5,-9.5,0.17509528807144217
mapa,14.5,-9.25,0.1871133105916861
mapa,14.5,-9.0,0.1976445301808875
mapa,14.5,-8.75,0.20672549117632047
mapa,14.5,-8.5,0.21445048329639976
mapa,14.5,-8.25,0.22094808891156492
mapa,14.5,-8.0,0.22636239941485362
mapa,14.5,-7.75,0.2308394161298965
mapa,14.5,-7.5,0.23451814442318053
mapa,14.5,-7.25,0.23752544650618418
mapa,14.5,-7.0,0.23997364240657804
mapa,14.5,-6.75,0.241959965205286
mapa,14.5,-6.5,0.2435671654291389
mapa,14.5,-6.25,0.24486475170412797
mapa,14.5,-6.0,0.2459105188126261
mapa,14.5,-5.75,0.24675214084046304
mapa,14.5,-5.5,0.24742869809269483
mapa,14.5,-5.25,0.24797206829449092
mapa,14.5,-5.0,0.24840815247881776
mapa,14.5,-4.75,0.24875793027659884
mapa,14.5,-4.5,0.24903835310542935
mapa,14.5,-4.25,0.24926309070536562
mapa,14.5,-4.0,0.24944314918767405
mapa,14.5,-3.75,0.24958737898842734
mapa,14.5,-3.5,0.24970288998546133
mapa,14.5,-3.25,0.24979538925385322
mapa,14.5,-3.0,0.24986945492863938
mapa,14.5,-2.75,0.2499287576574765
mapa,14.5,-2.5,0.24997623928824741
mapa,14.5,-2.25,0.250014256804454
mapa,14.5,-2.0,0.250044698110399
mapa,14.5,-1.75,0.2500690750714585
mapa,14.5,-1.5,0.2500885982134341
mapa,14.5,-1.25,0.2501042366555637
mapa,14.5,-1.0,0.2501167661699707
mapa,14.5,-0.75,0.25012680770311635
mapa,14.5,-0.5,0.25013485824147297
mapa,14.5,-0.25,0.25014131553607377
mapa,14.5,0.0,0.2501464979034037
mapa,14.5,0.25,0.2501506600803262
mapa,14.5,0.5,0.2501540059176029
mapa,14.5,0.75,0.2501566985412306
mapa,14.5,1.0,0.25015886848599295
mapa,14.5,1.25,0.2501606202054177
mapa,14.5,1.5,0.2501620372819348
mapa,14.5,1.75,0.25016318659656467
mapa,14.5,2.0,0.2501641216657926
mapa,14.5,2.25,0.2501648853118926
mapa,14.5,2.5,0.2501655117997909
mapa,14.5,2.75,0.2501660285470111
mapa,14.5,3.0,0.2501664574919718
mapa,14.5,3.25,0.2501668161888845
mapa,14.5,3.5,0.25016711868387215
mapa,14.5,3.75,0.25016737621601765
mapa,14.5,4.0,0.25016759777832326
mapa,14.5,4.25,0.2501677905665715
mapa,14.5,4.5,0.2501679603384876
mapa,14.5,4.75,0.25016811170112724
mapa,14.5,5.0,0.25016824834083295
mapa,14.5,5.25,0.2501683732072347
mapa,14.5,5.5,0.2501684886604802
mapa,14.5,5.75,0.2501685965890414
mapa,14.5,6.0,0.25016869850397755
mapa,14.5,6.25,0.2501687956143607
mapa,14.5,6.5,0.250168888887628
mapa,14.5,6.75,0.2501689790978715
mapa,14.5,7.0,0.2501690668644786
mapa,14.5,7.25,0.25016915268304935
mapa,14.5,7.5,0.2501692369501362
mapa,14.5,7.75,0.25016931998303765
mapa,14.5,8.0,0.25016940203563837
mapa,14.5,8.25,0.2501694833110817
mapa,14.5,8.5,0.25016956397191115
mapa,14.5,8.75,0.25016964414818404
mapa,14.5,9.0,0.2501697239439641
mapa,14.5,9.25,0.2501698034425165
mapa,14.5,9.5,0.2501698827104647
mapa,14.5,9.75,0.250169961801116
mapa,14.5,10.0,0.2501700407571239
mapa,14.5,10.25,0.2501701196126162
mapa,14.5,10.5,0.25017019839489985
mapa,14.5,10.75,0.2501702771258241
mapa,14.5,11.0,0.25017035582287095
mapa,14.5,11.25,0.2501704345000287
mapa,14.5,11.5,0.2501705131684899
mapa,14.5,11.75,0.25017059183721035
mapa,14.5,12.0,0.25017067051335595
mapa,14.5,12.25,0.25017074920266125
mapa,14.5,12.5,0.25017082790971457
mapa,14.5,12.75,0.2501709066381882
mapa,14.5,13.0,0.25017098539102095
mapa,14.5,13.25,0.25017106417056506
mapa,14.5,13.5,0.2501711429787035
mapa,14.5,13.75,0.25017122181694373
mapa,14.5,14.0,0.25017130068649324
mapa,14.5,14.25,0.2501713795883189
mapa,14.5,14.5,0.2501714585231959
mapa,14.5,14.75,0.2501715374917454
mapa,14.5,15.0,0.2501716164944662
mapa,14.5,15.25,0.2501716955317582
mapa,14.5,15.5,0.2501717746039435
mapa,14.5,15.75,0.250171853711281
mapa,14.5,16.0,0.25017193285397965
mapa,14.75,-16.0,0.000261985869385955
mapa,14.75,-15.75,0.00031436544861107845
mapa,14.75,-15.5,0.0003948011390365847
mapa,14.75,-15.25,0.0005178516024979957
mapa,14.75,-15.0,0.0007051938486894204
mapa,14.75,-14.75,0.0009887256203287278
mapa,14.75,-14.5,0.0014147017051909835
mapa,14.75,-14.25,0.002048985008009932
mapa,14.75,-14.0,0.0029832572400501647
mapa,14.75,-13.75,0.004341587042824769
mapa,14.75,-13.5,0.006286045298156398
mapa,14.75,-13.25,0.009019127032793384
mapa,14.75,-13.0,0.01277981557607506
mapa,14.75,-12.75,0.017829716622547644
mapa,14.75,-12.5,0.02442655192646253
mapa,14.75,-12.25,0.032785120819159644
mapa,14.75,-12.0,0.043030596780496574
mapa,14.75,-11.75,0.05515435395222573
mapa,14.75,-11.5,0.0689857062094679
mapa,14.75,-11.25,0.08419122318461923
mapa,14.75,-11.0,0.10030595612679574
mapa,14.75,-10.75,0.1167905949937513
mapa,14.75,-10.5,0.13310014104443132
mapa,14.75,-10.25,0.14874712036664675
mapa,14.75,-10.0,0.16334628032497905
mapa,14.75,-9.75,0.17663532540798882
mapa,14.75,-9.5,0.18847366337709687
mapa,14.75,-9.25,0.19882569221829147
mapa,14.75,-9.0,0.20773632213465112
mapa,14.75,-8.75,0.21530517028007667
mapa,14.75,-8.5,0.2216635967041128
mapa,14.75,-8.25,0.2269565482040723
mapa,14.75,-8.0,0.23132956784710212
mapa,14.75,-7.75,0.2349203988112863
mapa,14.75,-7.5,0.23785422315763785
mapa,14.75,-7.25,0.24024153182764627
mapa,14.75,-7.0,0.2421777528145443
mapa,14.75,-6.75,0.24374395643595165
mapa,14.75,-6.5,0.24500814654685585
mapa,14.75,-6.25,0.24602680621059755
mapa,14.75,-6.0,0.24684648833630288
mapa,14.75,-5.75,0.2475053288680362
mapa,14.75,-5.5,0.24803441890979155
mapa,14.75,-5.25,0.24845900985240418
mapa,14.75,-5.0,0.24879954836468512
mapa,14.75,-4.75,0.24907255089068814
mapa,14.75,-4.5,0.24929133361512884
mapa,14.75,-4.25,0.24946661619556912
mapa,14.75,-4.0,0.24960701757080836
mapa,14.75,-3.75,0.24971946091170097
mapa,14.75,-3.5,0.24980950295190202
mapa,14.75,-3.25,0.24988160092193623
mapa,14.75,-3.0,0.2499393283368936
mapa,14.75,-2.75,0.2499855490732809
mapa,14.75,-2.5,0.25002255756498076
mapa,14.75,-2.25,0.25005219156410574
mapa,14.75,-2.0,0.25007592274066254
mapa,14.75,-1.75,0.2500949294157691
mapa,14.75,-1.5,0.2501101549129425
mapa,14.75,-1.25,0.25012235434646934
mapa,14.75,-1.0,0.2501321321223022
mapa,14.75,-0.75,0.2501399719848884
mapa,14.75,-0.5,0.2501462610850837
mapa,14.75,-0.25,0.2501513092547143
mapa,14.75,0.0,0.2501553644397694
mapa,14.75,0.25,0.2501586250560935
mapa,14.75,0.5,0.25016124988016764
mapa,14.75,0.75,0.25016336596602035
mapa,14.75,1.0,0.25016507498174106
mapa,14.75,1.25,0.25016645828079204
mapa,14.75,1.5,0.2501675809605594
mapa,14.75,1.75,0.2501684951102748
mapa,14.75,2.0,0.25016924241014576
mapa,14.75,2.25,0.2501698562112438
mapa,14.75,2.5,0.25017036319985425
mapa,14.75,2.75,0.25017078472928506
mapa,14.75,3.0,0.2501711378855667
mapa,14.75,3.25,0.2501714363402048
mapa,14.75,3.5,0.25017169103253284
mapa,14.75,3.75,0.2501719107157099
mapa,14.75,4.0,0.2501721023936097
mapa,14.75,4.25,0.25017227167040446
mapa,14.75,4.5,0.25017242303028747
mapa,14.75,4.75,0.2501725600612954
mapa,14.75,5.0,0.25017268563440204
mapa,14.75,5.25,0.25017280204682135
mapa,14.75,5.5,0.2501729111366715
mapa,14.75,5.75,0.2501730143747242
mapa,14.75,6.0,0.25017311293781824
mapa,14.75,6.25,0.25017320776760155
mapa,14.75,6.5,0.250173299617534
mapa,14.75,6.75,0.25017338909049636
mapa,14.75,7.0,0.2501734766688838
mapa,14.75,7.25,0.25017356273868435
mapa,14.75,7.5,0.25017364760874644
mapa,14.75,7.75,0.250173731526195
mapa,14.75,8.0,0.2501738146887671
mapa,14.75,8.25,0.250173897254682
mapa,14.75,8.5,0.250173979350539
mapa,14.75,8.75,0.25017406107763707
mapa,14.75,9.0,0.25017414251703035
mapa,14.75,9.25,0.25017422373357545
mapa,14.75,9.5,0.2501743047791672
mapa,14.75,9.75,0.25017438569533035
mapa,14.75,10.0,0.2501744665152916
mapa,14.75,10.25,0.25017454726563787
mapa,14.75,10.5,0.25017462796764384
mapa,14.75,10.75,0.25017470863833335
mapa,14.75,11.0,0.25017478929132897
mapa,14.75,11.25,0.25017486993753213
mapa,14.75,11.5,0.25017495058566686
mapa,14.75,11.75,0.25017503124271506
mapa,14.75,12.0,0.2501751119142644
mapa,14.75,12.25,0.2501751926047876
mapa,14.75,12.5,0.250175273317865
mapa,14.75,12.75,0.25017535405636315
mapa,14.75,13.0,0.25017543482257715
mapa,14.75,13.25,0.2501755156183452
mapa,14.75,13.5,0.2501755964451403
mapa,14.75,13.75,0.2501756773041424
mapa,14.75,14.0,0.25017575819629795
mapa,14.75,14.25,0.25017583912236613
mapa,14.75,14.5,0.25017592008295636
mapa,14.75,14.75,0.2501760010785584
mapa,14.75,15.0,0.25017608210956616
mapa,14.75,15.25,0.2501761631762973
mapa,14.75,15.5,0.25017624427900786
mapa,14.75,15.75,0.25017632541790513
mapa,14.75,16.0,0.2501764065931573
mapa,15.0,-16.0,0.0003266258701300217
mapa,15.0,-15.75,0.00041133774229180567
mapa,15.0,-15.5,0.0005408606830265853
mapa,15.0,-15.25,0.000737926650067336
mapa,15.0,-15.0,0.0010359318817348433
mapa,15.0,-14.75,0.0014832071903271768
mapa,15.0,-14.5,0.0021484003104578118
mapa,15.0,-14.25,0.0031267735814840486
mapa,15.0,-14.0,0.004546743238073732
mapa,15.0,-13.75,0.006575246756889662
mapa,15.0,-13.5,0.009419578014011451
mapa,15.0,-13.25,0.013322435642093766
mapa,15.0,-13.0,0.018546632828584625
mapa,15.0,-12.75,0.025346986546788245
mapa,15.0,-12.5,0.03392998082707825
mapa,15.0,-12.25,0.04440673091732136
mapa,15.0,-12.0,0.05675000611735083
mapa,15.0,-11.75,0.0707687887294766
mapa,15.0,-11.5,0.08611142323377297
mapa,15.0,-11.25,0.10230051105257734
mapa,15.0,-11.0,0.11879234805020517
mapa,15.0,-10.75,0.13504581617604328
mapa,15.0,-10.5,0.15058391455370185
mapa,15.0,-10.25,0.16503567659733703
mapa,15.0,-10.0,0.17815401079617182
mapa,15.0,-9.75,0.1898121713439706
mapa,15.0,-9.5,0.19998570160930615
mapa,15.0,-9.25,0.2087274932211598
mapa,15.0,-9.0,0.21614215084364566
mapa,15.0,-8.75,0.22236354492467117
mapa,15.0,-8.5,0.2275372874348174
mapa,15.0,-8.25,0.23180834094212197
mapa,15.0,-8.0,0.2353131176666285
mapa,15.0,-7.75,0.23817508926236494
mapa,15.0,-7.5,0.24050291293834075
mapa,15.0,-7.25,0.24239022255780973
mapa,15.0,-7.0,0.2439164276087026
mapa,15.0,-6.75,0.2451480501493353
mapa,15.0,-6.5,0.2461402850555427
mapa,15.0,-6.25,0.2469385863826907
mapa,15.0,-6.0,0.2475801659181409
mapa,15.0,-5.75,0.24809534586676218
mapa,15.0,-5.5,0.24850874318281413
mapa,15.0,-5.25,0.2488402844114517
mapa,15.0,-5.0,0.24910606173392463
mapa,15.0,-4.75,0.24931904663440077
mapa,15.0,-4.5,0.24948967958625207
mapa,15.0,-4.25,0.24962635396684485
mapa,15.0,-4.0,0.24973581106646137
mapa,15.0,-3.75,0.2498234611886808
mapa,15.0,-3.5,0.24989364382101775
mapa,15.0,-3.25,0.2499498378961349
mapa,15.0,-3.0,0.2499948313727943
mapa,15.0,-2.75,0.2500308577869062
mapa,15.0,-2.5,0.2500597060653667
mapa,15.0,-2.25,0.25008280874805744
mapa,15.0,-2.0,0.25010131280598935
mapa,15.0,-1.75,0.25011613645217223
mapa,15.0,-1.5,0.2501280146922401
mapa,15.0,-1.25,0.25013753583164855
mapa,15.0,-1.0,0.25014517072526804
mapa,15.0,-0.75,0.25015129620602605
mapa,15.0,-0.5,0.2501562138470826
mapa,15.0,-0.25,0.25016016498447685
mapa,15.0,0.0,0.25016334274396373
mapa,15.0,0.25,0.2501659016684299
mapa,15.0,0.5,0.2501679654239273
mapa,15.0,0.75,0.25016963296735745
mapa,15.0,1.0,0.2501709834826361
mapa,15.0,1.25,0.25017208033106514
mapa,15.0,1.5,0.250172974212672
mapa,15.0,1.75,0.25017370569604397
mapa,15.0,2.0,0.2501743072427598
mapa,15.0,2.25,0.2501748048273586
mapa,15.0,2.5,0.2501752192336336
mapa,15.0,2.75,0.25017556709191185
mapa,15.0,3.0,0.2501758617090656
mapa,15.0,3.25,0.2501761137326645
mapa,15.0,3.5,0.25017633168241366
mapa,15.0,3.75,0.2501765223753894
mapa,15.0,4.0,0.2501766912662994
mapa,15.0,4.25,0.25017684271974394
mapa,15.0,4.5,0.25017698022806945
mapa,15.0,4.75,0.25017710658568515
mapa,15.0,5.0,0.25017722402854337
mapa,15.0,5.25,0.25017733434574563
mapa,15.0,5.5,0.250177438968845
mapa,15.0,5.75,0.2501775390433011
mapa,15.0,6.0,0.25017763548565547
mapa,15.0,6.25,0.25017772902928104
mapa,15.0,6.5,0.2501778202609873
mapa,15.0,6.75,0.25017790965031167
mapa,15.0,7.0,0.25017799757295556
mapa,15.0,7.25,0.250178084329538
mapa,15.0,7.5,0.2501781701606008
mapa,15.0,7.75,0.2501782552586142
mapa,15.0,8.0,0.2501783397775855
mapa,15.0,8.25,0.2501784238407444
mapa,15.0,8.5,0.2501785075466948
mapa,15.0,8.75,0.25017859097433626
mapa,15.0,9.0,0.25017867418680156
mapa,15.0,9.25,0.2501787572346079
mapa,15.0,9.5,0.25017884015817893
mapa,15.0,9.75,0.2501789229898606
mapa,15.0,10.0,0.2501790057555368
mapa,15.0,10.25,0.25017908847591996
mapa,15.0,10.5,0.2501791711675855
mapa,15.0,10.75,0.25017925384379774
mapa,15.0,11.0,0.2501793365151725
mapa,15.0,11.25,0.2501794191902057
mapa,15.0,11.5,0.25017950187569776
mapa,15.0,11.75,0.2501795845770921
mapa,15.0,12.0,0.2501796672987464
mapa,15.0,12.25,0.2501797500441497
mapa,15.0,12.5,0.25017983281609607
mapa,15.0,12.75,0.2501799156168237
mapa,15.0,13.0,0.25017999844812544
mapa,15.0,13.25,0.2501800813114387
mapa,15.0,13.5,0.2501801642079157
mapa,15.0,13.75,0.2501802471384812
mapa,15.0,14.0,0.2501803301038773
mapa,15.0,14.25,0.2501804131047006
mapa,15.0,14.5,0.25018049614143106
mapa,15.0,14.75,0.2501805792144552
mapa,15.0,15.0,0.25018066232408503
mapa,15.0,15.25,0.2501807454705729
mapa,15.0,15.5,0.25018082865412344
mapa,15.0,15.75,0.25018091187490304
mapa,15.0,16.0,0.2501809951330476
mapa,15.25,-16.0,0.0004286334101576818
mapa,15.25,-15.75,0.0005649591932421512
mapa,15.25,-15.5,0.0007722347690744231
mapa,15.25,-15.25,0.0010854175635647875
mapa,15.25,-15.0,0.0015549937558994842
mapa,15.25,-14.75,0.0022524892788137805
mapa,15.25,-14.5,0.003276844919829742
mapa,15.25,-14.25,0.004760906276694554
mapa,15.25,-14.0,0.006876508422333763
mapa,15.25,-13.75,0.009835675783229601
mapa,15.25,-13.5,0.013884600810628884
mapa,15.25,-13.25,0.019286890470853513
mapa,15.25,-13.0,0.026293857269946475
mapa,15.25,-12.75,0.03510296494383826
mapa,15.25,-12.5,0.04581062142291114
mapa,15.25,-12.25,0.058370602762847036
mapa,15.25,-12.0,0.07257160173450375
mapa,15.25,-11.75,0.08804425987835338
mapa,15.25,-11.5,0.1042996220544525
mapa,15.25,-11.25,0.12079062439986113
mapa,15.25,-11.0,0.13698094962175175
mapa,15.25,-10.75,0.152404691459301
mapa,15.25,-10.5,0.16670542788793682
mapa,15.25,-10.25,0.17965121066881717
mapa,15.25,-10.0,0.1911288653354711
mapa,15.25,-9.75,0.20112470631641016
mapa,15.25,-9.5,0.20969922508710875
mapa,15.25,-9.25,0.2169616817793257
mapa,15.25,-9.0,0.2230481994256096
mapa,15.25,-8.75,0.22810487383732128
mapa,15.25,-8.5,0.2322759721424426
mapa,15.25,-8.25,0.23569651227465094
mapa,15.25,-8.0,0.2384882289627029
mapa,15.25,-7.75,0.2407579434028188
mapa,15.25,-7.5,0.24259750763779586
mapa,15.25,-7.25,0.24408469035758112
mapa,15.25,-7.0,0.24528455499775956
mapa,15.25,-6.75,0.2462510317052352
mapa,15.25,-6.5,0.2470284977827804
mapa,15.25,-6.25,0.24765326077546954
mapa,15.25,-6.0,0.24815489140300986
mapa,15.25,-5.75,0.24855738709116387
mapa,15.25,-5.5,0.24888016682807226
mapa,15.25,-5.25,0.24913890900318542
mapa,15.25,-5.0,0.2493462490485372
mapa,15.25,-4.75,0.24951235534820768
mapa,15.25,-4.5,0.24964540150809258
mapa,15.25,-4.25,0.24975195164360336
mapa,15.25,-4.0,0.24983727344043016
mapa,15.25,-3.75,0.2499055917235798
mapa,15.25,-3.5,0.24996029332754405
mapa,15.25,-3.25,0.2500040922935737
mapa,15.25,-3.0,0.2500391628680834
mapa,15.25,-2.75,0.25006724644490197
mapa,15.25,-2.5,0.2500897374709857
mapa,15.25,-2.25,0.2501077523992606
mapa,15.25,-2.0,0.2501221849993193
mapa,15.25,-1.75,0.25013375070278077
mapa,15.25,-1.5,0.2501430221429462
mapa,15.25,-1.25,0.25015045762820154
mapa,15.25,-1.0,0.2501564239482968
mapa,15.25,-0.75,0.2501612146377122
mapa,15.25,-0.5,0.25016506459865107
mapa,15.25,-0.25,0.2501681618077543
mapa,15.25,0.0,0.25017065668715344
mapa,15.25,0.25,0.2501726696052342
mapa,15.25,0.5,0.2501742968799877
mapa,15.25,0.75,0.25017561558362345
mapa,15.25,1.0,0.25017668738764626
mapa,15.25,1.25,0.250177561639918
mapa,15.25,1.5,0.25017827782704444
mapa,15.25,1.75,0.2501788675448271
mapa,15.25,2.0,0.2501793560750347
mapa,15.25,2.25,0.2501797636471295
mapa,15.25,2.5,0.2501801064478838
mapa,15.25,2.75,0.25018039742925485
mapa,15.25,3.0,0.2501806469548267
mapa,15.25,3.25,0.25018086331707134
mapa,15.25,3.5,0.25018105315124534
mapa,15.25,3.75,0.2501812217665731
mapa,15.25,4.0,0.25018137341124785
mapa,15.25,4.25,0.25018151148447393
mapa,15.25,4.5,0.25018163870613336
mapa,15.25,4.75,0.2501817572525474
mapa,15.25,5.0,0.2501818688651043
mapa,15.25,5.25,0.25018197493718086
mapa,15.25,5.5,0.25018207658369107
mapa,15.25,5.75,0.2501821746967367
mapa,15.25,6.0,0.2501822699901355
mapa,15.25,6.25,0.25018236303505165
mapa,15.25,6.5,0.25018245428850466
mapa,15.25,6.75,0.2501825441161811
mapa,15.25,7.0,0.2501826328106873
mapa,15.25,7.25,0.2501827206061543
mapa,15.25,7.5,0.2501828076899245
mapa,15.25,7.75,0.2501828942119021
mapa,15.25,8.0,0.2501829802920353
mapa,15.25,8.25,0.2501830660263025
mapa,15.25,8.5,0.25018315149150366
mapa,15.25,8.75,0.250183236749092
mapa,15.25,9.0,0.25018332184824194
mapa,15.25,9.25,0.250183406828303
mapa,15.25,9.5,0.2501834917207625
mapa,15.25,9.75,0.2501835765508179
mapa,15.25,10.0,0.2501836613386334
mapa,15.25,10.25,0.25018374610034544
mapa,15.25,10.5,0.2501838308488687
mapa,15.25,10.75,0.2501839155945391
mapa,15.25,11.0,0.25018400034562954
mapa,15.25,11.25,0.2501840851087622
mapa,15.25,11.5,0.25018416988923853
mapa,15.25,11.75,0.25018425469130323
mapa,15.25,12.0,0.25018433951835545
mapa,15.25,12.25,0.25018442437311733
mapa,15.25,12.5,0.25018450925777047
mapa,15.25,12.75,0.25018459417406264
mapa,15.25,13.0,0.25018467912339554
mapa,15.25,13.25,0.25018476410689333
mapa,15.25,13.5,0.2501848491254586
mapa,15.25,13.75,0.2501849341798164
mapa,15.25,14.0,0.2501850192705496
mapa,15.25,14.25,0.25018510439812786
mapa,15.25,14.5,0.2501851895629297
mapa,15.25,14.75,0.2501852747652609
mapa,15.25,15.0,0.25018536000536945
mapa,15.25,15.25,0.2501854452834565
mapa,15.25,15.5,0.2501855305996862
mapa,15.25,15.75,0.250185615954193
mapa,15.25,16.0,0.2501857013470873
mapa,15.5,-16.0,0.0005901987102948311
mapa,15.5,-15.75,0.0008081925972363764
mapa,15.5,-15.5,0.0011372886114727736
mapa,15.5,-15.25,0.001630209585852003
mapa,15.5,-15.0,0.0023614542486679415
mapa,15.5,-14.75,0.003433739061565269
mapa,15.5,-14.5,0.004984416750674088
mapa,15.5,-14.25,0.007190241758635307
mapa,15.5,-14.0,0.010267885002880507
mapa,15.5,-13.75,0.014466789448980182
mapa,15.5,-13.5,0.020050917990545418
mapa,15.5,-13.25,0.02726746022422736
mapa,15.5,-13.0,0.03630415137938693
mapa,15.5,-12.75,0.04724206352568019
mapa,15.5,-12.5,0.06001563590176723
mapa,15.5,-12.25,0.07439337244813568
mapa,15.5,-12.0,0.08998878785713874
mapa,15.5,-11.75,0.10630229457688768
mapa,15.5,-11.5,0.12278450249405848
mapa,15.5,-11.25,0.13890478657819522
mapa,15.5,-11.0,0.15420891370797177
mapa,15.5,-10.75,0.16835522215578982
mapa,15.5,-10.5,0.1811268140102919
mapa,15.5,-10.25,0.19242379312403102
mapa,15.5,-10.0,0.20224286554752893
mapa,15.5,-9.75,0.21065174471370887
mapa,15.5,-9.5,0.21776402241250153
mapa,15.5,-9.25,0.22371782593488576
mapa,15.5,-9.0,0.22865956234137494
mapa,15.5,-8.75,0.23273269545779682
mapa,15.5,-8.5,0.23607079082421226
mapa,15.5,-8.25,0.23879382327847065
mapa,15.5,-8.0,0.24100677794806485
mapa,15.5,-7.75,0.24279973861631837
mapa,15.5,-7.5,0.24424885379243685
mapa,15.5,-7.25,0.2454177516214177
mapa,15.5,-7.0,0.24635912088319326
mapa,15.5,-6.75,0.2471162839954897
mapa,15.5,-6.5,0.24772466388126468
mapa,15.5,-6.25,0.2482130968810186
mapa,15.5,-6.0,0.24860497550513747
mapa,15.5,-5.75,0.24891922348324846
mapa,15.5,-5.5,0.2491711156483202
mapa,15.5,-5.25,0.24937295982625923
mapa,15.5,-5.0,0.24953465923579288
mapa,15.5,-4.75,0.24966417335867563
mapa,15.5,-4.5,0.2497678937232402
mapa,15.5,-4.25,0.24985094911268874
mapa,15.5,-4.0,0.2499174526910054
mapa,15.5,-3.75,0.24997070161453117
mapa,15.5,-3.5,0.2500133379551864
mapa,15.5,-3.25,0.25004747823630163
mapa,15.5,-3.0,0.25007481757686056
mapa,15.5,-2.75,0.25009671334077477
mapa,15.5,-2.5,0.25011425227293765
mapa,15.5,-2.25,0.25012830434896804
mapa,15.5,-2.0,0.2501395659469395
mapa,15.5,-1.75,0.25014859444497856
mapa,15.5,-1.5,0.25015583593896795
mapa,15.5,-1.25,0.2501616474429304
mapa,15.5,-1.0,0.25016631466680345
mapa,15.5,-0.75,0.25017006625038457
mapa,15.5,-0.5,0.25017308515842535
mapa,15.5,-0.25,0.25017551780213787
mapa,15.5,0.0,0.25017748134015017
mapa,15.5,0.25,0.25017906952189567
mapa,15.5,0.5,0.25018035736417993
mapa,15.5,0.75,0.25018140489376584
mapa,15.5,1.0,0.2501822601424044
mapa,15.5,1.25,0.2501829615435699
mapa,15.5,1.5,0.2501835398503721
mapa,15.5,1.75,0.25018401967028214
mapa,15.5,2.0,0.2501844206932116
mapa,15.5,2.25,0.2501847586742041
mapa,15.5,2.5,0.25018504621976567
mapa,15.5,2.75,0.25018529341706447
mapa,15.5,3.0,0.2501855083373977
mapa,15.5,3.25,0.250185697439048
mapa,15.5,3.5,0.25018586588963476
mapa,15.5,3.75,0.25018601782404576
mapa,15.5,4.0,0.25018615655082427
mapa,15.5,4.25,0.2501862847173111
mapa,15.5,4.5,0.2501864044417839
mapa,15.5,4.75,0.2501865174191883
mapa,15.5,5.0,0.2501866250057405
mapa,15.5,5.25,0.2501867282866215
mapa,15.5,5.5,0.25018682813014226
mapa,15.5,5.75,0.25018692523108593
mapa,15.5,6.0,0.2501870201453863
mapa,15.5,6.25,0.2501871133178771
mapa,15.5,6.5,0.25018720510449494
mapa,15.5,6.75,0.2501872957900454
mapa,15.5,7.0,0.2501873856024188
mapa,15.5,7.25,0.250187474723964
mapa,15.5,7.5,0.25018756330059055
mapa,15.5,7.75,0.2501876514490507
mapa,15.5,8.0,0.25018773926276644
mapa,15.5,8.25,0.2501878268164923
mapa,15.5,8.5,0.250187914170046
mapa,15.5,8.75,0.25018800137129327
mapa,15.5,9.0,0.2501880884585369
mapa,15.5,9.25,0.25018817546242766
mapa,15.5,9.5,0.25018826240749353
mapa,15.5,9.75,0.2501883493133637
mapa,15.5,10.0,0.25018843619574727
mapa,15.5,10.25,0.2501885230672167
mapa,15.5,10.5,0.2501886099378348
mapa,15.5,10.75,0.2501886968156566
mapa,15.5,11.0,0.25018878370713
mapa,15.5,11.25,0.2501888706174173
mapa,15.5,11.5,0.2501889575506524
mapa,15.5,11.75,0.2501890445101459
mapa,15.5,12.0,0.25018913149854993
mapa,15.5,12.25,0.25018921851798953
mapa,15.5,12.5,0.25018930557016833
mapa,15.5,12.75,0.25018939265645257
mapa,15.5,13.0,0.25018947977793854
mapa,15.5,13.25,0.25018956693550654
mapa,15.5,13.5,0.25018965412986427
mapa,15.5,13.75,0.2501897413615812
mapa,15.5,14.0,0.2501898286311158
mapa,15.5,14.25,0.25018991593883866
mapa,15.5,14.5,0.25019000328504903
mapa,15.5,14.75,0.2501900906699901
mapa,15.5,15.0,0.25019017809385935
mapa,15.5,15.25,0.2501902655568181
mapa,15.5,15.5,0.2501903530589988
mapa,15.5,15.75,0.2501904406005107
mapa,15.5,16.0,0.2501905281814444
mapa,15.75,-16.0,0.0008458781166883047
mapa,15.75,-15.75,0.0011916557519807555
mapa,15.75,-15.5,0.0017090090401200282
mapa,15.75,-15.25,0.002475505179575346
mapa,15.75,-15.0,0.003597732617333434
mapa,15.75,-14.75,0.005217624430833836
mapa,15.75,-14.5,0.007516866233960635
mapa,15.75,-14.25,0.010716674803332561
mapa,15.75,-14.0,0.015069477936249428
mapa,15.75,-13.75,0.02083913263242844
mapa,15.75,-13.5,0.028268069710838024
mapa,15.75,-13.25,0.03753358700700245
mapa,15.75,-13.0,0.04870081585314501
mapa,15.75,-12.75,0.06168456237860457
mapa,15.75,-12.5,0.076233301553206
mapa,15.75,-12.25,0.09194404925769943
mapa,15.75,-12.0,0.10830753692419032
mapa,15.75,-11.75,0.12477307696119554
mapa,15.75,-11.5,0.14081659697789564
mapa,15.75,-11.25,0.1559960717540561
mapa,15.75,-11.0,0.16998477367970175
mapa,15.75,-10.75,0.18258073167038535
mapa,15.75,-10.5,0.1936970186572504
mapa,15.75,-10.25,0.20334034906346568
mapa,15.75,-10.0,0.21158528484647116
mapa,15.75,-9.75,0.21854943417973333
mapa,15.75,-9.5,0.22437268976533017
mapa,15.75,-9.25,0.22920160589152283
mapa,15.75,-9.0,0.2331787420734402
mapa,15.75,-8.75,0.23643615835418286
mapa,15.75,-8.5,0.23909205008728918
mapa,15.75,-8.25,0.2412495683636359
mapa,15.75,-8.0,0.2429970434237045
mapa,15.75,-7.75,0.2444090247355969
mapa,15.75,-7.5,0.245547728605188
mapa,15.75,-7.25,0.2464646256888367
mapa,15.75,-7.0,0.247202005142416
mapa,15.75,-6.75,0.2477944245890015
mapa,15.75,-6.5,0.24827000278830036
mapa,15.75,-6.25,0.24865154165619963
mapa,15.75,-6.0,0.24895748169792556
mapa,15.75,-5.75,0.24920270419365526
mapa,15.75,-5.5,0.2493991976107101
mapa,15.75,-5.25,0.24955660675906066
mapa,15.75,-5.0,0.24968268250420592
mapa,15.75,-4.75,0.2497836482600303
mapa,15.75,-4.5,0.24986449752818793
mapa,15.75,-4.25,0.24992923473605014
mapa,15.75,-4.0,0.2499810697191948
mapa,15.75,-3.75,0.25002257447766096
mapa,15.75,-3.5,0.25005580933711713
mapa,15.75,-3.25,0.2500824243668709
mapa,15.75,-3.0,0.2501037408310611
mapa,15.75,-2.75,0.2501208165552048
mapa,15.75,-2.5,0.2501344983532024
mapa,15.75,-2.25,0.25014546405625865
mapa,15.75,-2.0,0.2501542561932393
mapa,15.75,-1.75,0.25016130897263444
mapa,15.75,-1.5,0.25016696989308046
mapa,15.75,-1.25,0.2501715170484149
mapa,15.75,-1.0,0.25017517298289693
mapa,15.75,-0.75,0.25017811578296245
mapa,15.75,-0.5,0.25018048795581593
mapa,15.75,-0.25,0.2501824035358949
mapa,15.75,0.0,0.2501839537725553
mapa,15.75,0.25,0.2501852116820023
mapa,15.75,0.5,0.25018623569011195
mapa,15.75,0.75,0.25018707254761924
mapa,15.75,1.0,0.2501877596629497
mapa,15.75,1.25,0.2501883269689933
mapa,15.75,1.5,0.2501887984169043
mapa,15.75,1.75,0.2501891931714313
mapa,15.75,2.0,0.2501895265674022
mapa,15.75,2.25,0.2501898108750825
mapa,15.75,2.5,0.2501900559125957
mapa,15.75,2.75,0.2501902695359607
mapa,15.75,3.0,0.25019045803120504
mapa,15.75,3.25,0.25019062642811746
mapa,15.75,3.5,0.25019077875130086
mapa,15.75,3.75,0.2501909182210543
mapa,15.75,4.0,0.2501910474141102
mapa,15.75,4.25,0.25019116839224925
mapa,15.75,4.5,0.2501912828052115
mapa,15.75,4.75,0.25019139197304263
mapa,15.75,5.0,0.25019149695198145
mapa,15.75,5.25,0.25019159858718243
mapa,15.75,5.5,0.2501916975548998
mapa,15.75,5.75,0.25019179439624195
mapa,15.75,6.0,0.2501918895441808
mapa,15.75,6.25,0.25019198334516196
mapa,15.75,6.5,0.2501920760763972
mapa,15.75,6.75,0.2501921679597012
mapa,15.75,7.0,0.2501922591725618
mapa,15.75,7.25,0.25019234985699923
mapa,15.75,7.5,0.2501924401266543
mapa,15.75,7.75,0.25019253007245973
mapa,15.75,8.0,0.25019261976717855
mapa,15.75,8.25,0.2501927092690352
mapa,15.75,8.5,0.2501927986246211
mapa,15.75,8.75,0.2501928878712199
mapa,15.75,9.0,0.2501929770386667
mapa,15.75,9.25,0.2501930661508377
mapa,15.75,9.5,0.2501931552268405
mapa,15.75,9.75,0.2501932442819672
mapa,15.75,10.0,0.2501933333284571
mapa,15.75,10.25,0.25019342237610653
mapa,15.75,10.5,0.2501935114327574
mapa,15.75,10.75,0.2501936005046878
mapa,15.75,11.0,0.25019368959692423
mapa,15.75,11.25,0.2501937787134919
mapa,15.75,11.5,0.2501938678576149
mapa,15.75,11.75,0.2501939570318765
mapa,15.75,12.0,0.2501940462383468
mapa,15.75,12.25,0.25019413547868546
mapa,15.75,12.5,0.2501942247542242
mapa,15.75,12.75,0.2501943140660315
mapa,15.75,13.0,0.2501944034149658
mapa,15.75,13.25,0.25019449280171746
mapa,15.75,13.5,0.25019458222684227
mapa,15.75,13.75,0.2501946716907882
mapa,15.75,14.0,0.25019476119391704
mapa,15.75,14.25,0.25019485073652203
mapa,15.75,14.5,0.25019494031884076
mapa,15.75,14.75,0.2501950299410672
mapa,15.75,15.0,0.2501951196033598
mapa,15.75,15.25,0.25019520930584865
mapa,15.75,15.5,0.25019529904864163
mapa,15.75,15.75,0.25019538883182807
mapa,15.75,16.0,0.2501954786554834
mapa,16.0,-16.0,0.0012486345820005367
mapa,16.0,-15.75,0.001791552764296038
mapa,16.0,-15.5,0.002594859756072585
mapa,16.0,-15.25,0.0037691110411420554
mapa,16.0,-15.0,0.005460888163609266
mapa,16.0,-14.75,0.007856808975368203
mapa,16.0,-14.5,0.011182518106117272
mapa,16.0,-14.25,0.015693139626302147
mapa,16.0,-14.0,0.021651939140640297
mapa,16.0,-13.75,0.02929593688166728
mapa,16.0,-13.5,0.03879128639139675
mapa,16.0,-13.25,0.050186600171940175
mapa,16.0,-13.0,0.06337680450567375
mapa,16.0,-12.75,0.07809056461641728
mapa,16.0,-12.5,0.09390907535252853
mapa,16.0,-12.25,0.11031436202158312
mapa,16.0,-12.0,0.12675545989368736
mapa,16.0,-11.75,0.14271567611581043
mapa,16.0,-11.5,0.15776568388171158
mapa,16.0,-11.25,0.17159382260711148
mapa,16.0,-11.0,0.18401289567880308
mapa,16.0,-10.75,0.19494862132299293
mapa,16.0,-10.5,0.2044173365149839
mapa,16.0,-10.25,0.21250008346278051
mapa,16.0,-10.0,0.21931818023903601
mapa,16.0,-9.75,0.2250130555529486
mapa,16.0,-9.5,0.22973125528729763
mapa,16.0,-9.25,0.23361434026467298
mapa,16.0,-9.0,0.23679281671808305
mapa,16.0,-8.75,0.23938308412042053
mapa,16.0,-8.5,0.24148646351502426
mapa,16.0,-8.25,0.24318954738041845
mapa,16.0,-8.0,0.24456530774587346
mapa,16.0,-7.75,0.24567457261246192
mapa,16.0,-7.5,0.24656761761749282
mapa,16.0,-7.25,0.24728572002414054
mapa,16.0,-7.0,0.2478625911768431
mapa,16.0,-6.75,0.2483256487462117
mapa,16.0,-6.5,0.2486971180851657
mapa,16.0,-6.25,0.24899496824807893
mapa,16.0,-6.0,0.2492336967384602
mapa,16.0,-5.75,0.2494249807180397
mapa,16.0,-5.5,0.24957821318084802
mapa,16.0,-5.25,0.24970094174771035
mapa,16.0,-5.0,0.24979922607822685
mapa,16.0,-4.75,0.249877927921259
mapa,16.0,-4.5,0.24994094581679846
mapa,16.0,-4.25,0.24999140457598473
mapa,16.0,-4.0,0.2500318079749809
mapa,16.0,-3.75,0.25006416162727585
mapa,16.0,-3.5,0.2500900717454729
mapa,16.0,-3.25,0.2501108244512912
mapa,16.0,-3.0,0.25012744941869064
mapa,16.0,-2.75,0.25014077091537273
mapa,16.0,-2.5,0.25015144871891704
mapa,16.0,-2.25,0.2501600109040693
mapa,16.0,-2.0,0.25016688010840027
mapa,16.0,-1.75,0.2501723945685805
mapa,16.0,-1.5,0.25017682496524396
mapa,16.0,-1.25,0.2501803879095398
mapa,16.0,-1.0,0.25018325673960456
mapa,16.0,-0.75,0.250185570162701
mapa,16.0,-0.5,0.25018743917236425
mapa,16.0,-0.25,0.25018895258452944
mapa,16.0,0.0,0.2501901814681438
mapa,16.0,0.25,0.25019118269088536
mapa,16.0,0.5,0.25019200175663253
mapa,16.0,0.75,0.2501926750760971
mapa,16.0,1.0,0.25019323178382236
mapa,16.0,1.25,0.2501936951921483
mapa,16.0,1.5,0.2501940839546659
mapa,16.0,1.75,0.250194412997193
mapa,16.0,2.0,0.25019469426272173
mapa,16.0,2.25,0.2501949373075048
mapa,16.0,2.5,0.2501951497780241
mapa,16.0,2.75,0.25019533779264486
mapa,16.0,3.0,0.25019550624700054
mapa,16.0,3.25,0.2501956590583494
mapa,16.0,3.5,0.2501957993610989
mapa,16.0,3.75,0.25019592966325543
mapa,16.0,4.0,0.25019605197160827
mapa,16.0,4.25,0.25019616789189714
mapa,16.0,4.5,0.2501962787089602
mapa,16.0,4.75,0.2501963854508666
mapa,16.0,5.0,0.25019648894022967
mapa,16.0,5.25,0.25019658983526877
mapa,16.0,5.5,0.25019668866266154
mapa,16.0,5.75,0.2501967858438335
mapa,16.0,6.0,0.2501968817159917
mapa,16.0,6.25,0.2501969765489561
mapa,16.0,6.5,0.2501970705586269
mapa,16.0,6.75,0.25019716391776
mapa,16.0,7.0,0.25019725676458965
mapa,16.0,7.25,0.2501973492097273
mapa,16.0,7.5,0.25019744134168226
mapa,16.0,7.75,0.25019753323127875
mapa,16.0,8.0,0.25019762493518993
mapa,16.0,8.25,0.25019771649876654
mapa,16.0,8.5,0.25019780795829916
mapa,16.0,8.75,0.2501978993428292
mapa,16.0,9.0,0.25019799067559767
mapa,16.0,9.25,0.2501980819752041
mapa,16.0,9.5,0.2501981732565343
mapa,16.0,9.75,0.2501982645315029
mapa,16.0,10.0,0.2501983558096466
mapa,16.0,10.25,0.2501984470985998
mapa,16.0,10.5,0.25019853840447415
mapa,16.0,10.75,0.25019862973216406
mapa,16.0,11.0,0.25019872108558877
mapa,16.0,11.25,0.25019881246788794
mapa,16.0,11.5,0.25019890388157734
mapa,16.0,11.75,0.2501989953286731
mapa,16.0,12.0,0.2501990868107923
mapa,16.0,12.25,0.2501991783292323
mapa,16.0,12.5,0.2501992698850345
mapa,16.0,12.75,0.25019936147903593
mapa,16.0,13.0,0.25019945311190983
mapa,16.0,13.25,0.2501995447841984
mapa,16.0,13.5,0.2501996364963389
mapa,16.0,13.75,0.250199728248685
mapa,16.0,14.0,0.2501998200415233
mapa,16.0,14.25,0.2501999118750862
mapa,16.0,14.5,0.2502000037495639
mapa,16.0,14.75,0.2502000956651116
mapa,16.0,15.0,0.2502001876218575
mapa,16.0,15.25,0.2502002796199074
mapa,16.0,15.5,0.2502003716593499
mapa,16.0,15.75,0.25020046374025917
mapa,16.0,16.0,0.2502005558626985
