adjetivo,capa,mirada,palabra,porcion
alto,1,1,el,0.018169
alto,1,1,vaso,0.014413
alto,1,1,no,0.018483
alto,1,1,cabía,0.019867
alto,1,1,en,0.024123
alto,1,1,el,0.037646
alto,1,1,cajón,0.087408
alto,1,1,porque,0.123775
alto,1,1,era,0.049290
alto,1,1,demasiado,0.277266
alto,1,1,alto,0.329560
alto,1,2,el,0.000000
alto,1,2,vaso,0.000000
alto,1,2,no,0.000000
alto,1,2,cabía,0.000000
alto,1,2,en,0.000003
alto,1,2,el,0.000000
alto,1,2,cajón,0.000000
alto,1,2,porque,0.000000
alto,1,2,era,0.000000
alto,1,2,demasiado,0.000000
alto,1,2,alto,0.999996
alto,1,3,el,0.006305
alto,1,3,vaso,0.090719
alto,1,3,no,0.046254
alto,1,3,cabía,0.056520
alto,1,3,en,0.182744
alto,1,3,el,0.063496
alto,1,3,cajón,0.096611
alto,1,3,porque,0.126292
alto,1,3,era,0.084130
alto,1,3,demasiado,0.019602
alto,1,3,alto,0.227329
alto,1,4,el,0.025451
alto,1,4,vaso,0.029770
alto,1,4,no,0.018270
alto,1,4,cabía,0.042547
alto,1,4,en,0.033190
alto,1,4,el,0.034140
alto,1,4,cajón,0.034727
alto,1,4,porque,0.009328
alto,1,4,era,0.002815
alto,1,4,demasiado,0.009200
alto,1,4,alto,0.760562
alto,1,5,el,0.141535
alto,1,5,vaso,0.120192
alto,1,5,no,0.005726
alto,1,5,cabía,0.005530
alto,1,5,en,0.004324
alto,1,5,el,0.011862
alto,1,5,cajón,0.038170
alto,1,5,porque,0.017577
alto,1,5,era,0.032078
alto,1,5,demasiado,0.349019
alto,1,5,alto,0.273987
alto,1,6,el,0.599875
alto,1,6,vaso,0.000230
alto,1,6,no,0.000063
alto,1,6,cabía,0.062296
alto,1,6,en,0.151869
alto,1,6,el,0.025163
alto,1,6,cajón,0.001699
alto,1,6,porque,0.000007
alto,1,6,era,0.000030
alto,1,6,demasiado,0.009837
alto,1,6,alto,0.148931
alto,1,7,el,0.001869
alto,1,7,vaso,0.010191
alto,1,7,no,0.004374
alto,1,7,cabía,0.026680
alto,1,7,en,0.005408
alto,1,7,el,0.009141
alto,1,7,cajón,0.059188
alto,1,7,porque,0.002352
alto,1,7,era,0.017443
alto,1,7,demasiado,0.320184
alto,1,7,alto,0.543171
alto,1,8,el,0.000000
alto,1,8,vaso,0.000000
alto,1,8,no,0.000000
alto,1,8,cabía,0.000004
alto,1,8,en,0.000000
alto,1,8,el,0.000000
alto,1,8,cajón,0.002797
alto,1,8,porque,0.022203
alto,1,8,era,0.000694
alto,1,8,demasiado,0.029627
alto,1,8,alto,0.944674
alto,1,9,el,0.012226
alto,1,9,vaso,0.001830
alto,1,9,no,0.003348
alto,1,9,cabía,0.003291
alto,1,9,en,0.002321
alto,1,9,el,0.011056
alto,1,9,cajón,0.005399
alto,1,9,porque,0.010568
alto,1,9,era,0.001587
alto,1,9,demasiado,0.005394
alto,1,9,alto,0.942980
alto,1,10,el,0.018371
alto,1,10,vaso,0.025586
alto,1,10,no,0.021876
alto,1,10,cabía,0.038328
alto,1,10,en,0.037077
alto,1,10,el,0.056064
alto,1,10,cajón,0.139959
alto,1,10,porque,0.130690
alto,1,10,era,0.041717
alto,1,10,demasiado,0.307719
alto,1,10,alto,0.182614
alto,1,11,el,0.042837
alto,1,11,vaso,0.064649
alto,1,11,no,0.036349
alto,1,11,cabía,0.075317
alto,1,11,en,0.024874
alto,1,11,el,0.019397
alto,1,11,cajón,0.219890
alto,1,11,porque,0.065651
alto,1,11,era,0.029612
alto,1,11,demasiado,0.092714
alto,1,11,alto,0.328711
alto,1,12,el,0.000001
alto,1,12,vaso,0.001007
alto,1,12,no,0.005937
alto,1,12,cabía,0.000314
alto,1,12,en,0.000012
alto,1,12,el,0.000074
alto,1,12,cajón,0.002567
alto,1,12,porque,0.000023
alto,1,12,era,0.000008
alto,1,12,demasiado,0.039944
alto,1,12,alto,0.950113
alto,1,13,el,0.032717
alto,1,13,vaso,0.008441
alto,1,13,no,0.001239
alto,1,13,cabía,0.142841
alto,1,13,en,0.018357
alto,1,13,el,0.029213
alto,1,13,cajón,0.022164
alto,1,13,porque,0.193439
alto,1,13,era,0.115934
alto,1,13,demasiado,0.385748
alto,1,13,alto,0.049908
alto,1,14,el,0.000000
alto,1,14,vaso,0.000131
alto,1,14,no,0.000518
alto,1,14,cabía,0.000026
alto,1,14,en,0.000000
alto,1,14,el,0.000003
alto,1,14,cajón,0.000855
alto,1,14,porque,0.000004
alto,1,14,era,0.000002
alto,1,14,demasiado,0.111873
alto,1,14,alto,0.886589
alto,2,1,el,0.008362
alto,2,1,vaso,0.027430
alto,2,1,no,0.004577
alto,2,1,cabía,0.006928
alto,2,1,en,0.003661
alto,2,1,el,0.002278
alto,2,1,cajón,0.046342
alto,2,1,porque,0.021024
alto,2,1,era,0.005555
alto,2,1,demasiado,0.066005
alto,2,1,alto,0.807838
alto,2,2,el,0.053158
alto,2,2,vaso,0.122879
alto,2,2,no,0.021545
alto,2,2,cabía,0.036580
alto,2,2,en,0.058990
alto,2,2,el,0.017570
alto,2,2,cajón,0.137575
alto,2,2,porque,0.041842
alto,2,2,era,0.003495
alto,2,2,demasiado,0.055028
alto,2,2,alto,0.451339
alto,2,3,el,0.055454
alto,2,3,vaso,0.090049
alto,2,3,no,0.009551
alto,2,3,cabía,0.033664
alto,2,3,en,0.029184
alto,2,3,el,0.020789
alto,2,3,cajón,0.093654
alto,2,3,porque,0.030327
alto,2,3,era,0.027171
alto,2,3,demasiado,0.031987
alto,2,3,alto,0.578169
alto,2,4,el,0.072108
alto,2,4,vaso,0.075141
alto,2,4,no,0.012418
alto,2,4,cabía,0.105087
alto,2,4,en,0.064243
alto,2,4,el,0.037358
alto,2,4,cajón,0.168495
alto,2,4,porque,0.015794
alto,2,4,era,0.010019
alto,2,4,demasiado,0.055795
alto,2,4,alto,0.383542
alto,2,5,el,0.064966
alto,2,5,vaso,0.171092
alto,2,5,no,0.020379
alto,2,5,cabía,0.047599
alto,2,5,en,0.047478
alto,2,5,el,0.025952
alto,2,5,cajón,0.085048
alto,2,5,porque,0.125739
alto,2,5,era,0.052115
alto,2,5,demasiado,0.081157
alto,2,5,alto,0.278475
alto,2,6,el,0.067519
alto,2,6,vaso,0.141326
alto,2,6,no,0.016930
alto,2,6,cabía,0.053557
alto,2,6,en,0.023210
alto,2,6,el,0.007421
alto,2,6,cajón,0.261954
alto,2,6,porque,0.021383
alto,2,6,era,0.012760
alto,2,6,demasiado,0.050567
alto,2,6,alto,0.343374
alto,2,7,el,0.089770
alto,2,7,vaso,0.081074
alto,2,7,no,0.021348
alto,2,7,cabía,0.033938
alto,2,7,en,0.063451
alto,2,7,el,0.092529
alto,2,7,cajón,0.098177
alto,2,7,porque,0.056723
alto,2,7,era,0.050684
alto,2,7,demasiado,0.041586
alto,2,7,alto,0.370720
alto,2,8,el,0.356547
alto,2,8,vaso,0.126003
alto,2,8,no,0.012389
alto,2,8,cabía,0.125849
alto,2,8,en,0.018853
alto,2,8,el,0.006647
alto,2,8,cajón,0.116322
alto,2,8,porque,0.026957
alto,2,8,era,0.018029
alto,2,8,demasiado,0.024967
alto,2,8,alto,0.167436
alto,2,9,el,0.001947
alto,2,9,vaso,0.008520
alto,2,9,no,0.010840
alto,2,9,cabía,0.008731
alto,2,9,en,0.006195
alto,2,9,el,0.012980
alto,2,9,cajón,0.119566
alto,2,9,porque,0.168388
alto,2,9,era,0.226778
alto,2,9,demasiado,0.262365
alto,2,9,alto,0.173691
alto,2,10,el,0.000079
alto,2,10,vaso,0.032902
alto,2,10,no,0.015961
alto,2,10,cabía,0.000389
alto,2,10,en,0.000032
alto,2,10,el,0.000709
alto,2,10,cajón,0.091688
alto,2,10,porque,0.000274
alto,2,10,era,0.000202
alto,2,10,demasiado,0.045011
alto,2,10,alto,0.812753
alto,2,11,el,0.106743
alto,2,11,vaso,0.103548
alto,2,11,no,0.077829
alto,2,11,cabía,0.101069
alto,2,11,en,0.057937
alto,2,11,el,0.061536
alto,2,11,cajón,0.102154
alto,2,11,porque,0.122319
alto,2,11,era,0.112894
alto,2,11,demasiado,0.053398
alto,2,11,alto,0.100572
alto,2,12,el,0.244351
alto,2,12,vaso,0.085238
alto,2,12,no,0.034495
alto,2,12,cabía,0.042304
alto,2,12,en,0.033636
alto,2,12,el,0.039044
alto,2,12,cajón,0.064848
alto,2,12,porque,0.115979
alto,2,12,era,0.179115
alto,2,12,demasiado,0.105537
alto,2,12,alto,0.055454
alto,2,13,el,0.147030
alto,2,13,vaso,0.041277
alto,2,13,no,0.019170
alto,2,13,cabía,0.111079
alto,2,13,en,0.032724
alto,2,13,el,0.028870
alto,2,13,cajón,0.067745
alto,2,13,porque,0.123853
alto,2,13,era,0.101733
alto,2,13,demasiado,0.108386
alto,2,13,alto,0.218133
alto,2,14,el,0.007302
alto,2,14,vaso,0.045862
alto,2,14,no,0.015463
alto,2,14,cabía,0.129375
alto,2,14,en,0.048995
alto,2,14,el,0.090114
alto,2,14,cajón,0.137076
alto,2,14,porque,0.124733
alto,2,14,era,0.024644
alto,2,14,demasiado,0.158585
alto,2,14,alto,0.217851
alto,3,1,el,0.004255
alto,3,1,vaso,0.018723
alto,3,1,no,0.014462
alto,3,1,cabía,0.013267
alto,3,1,en,0.007464
alto,3,1,el,0.013891
alto,3,1,cajón,0.068476
alto,3,1,porque,0.048583
alto,3,1,era,0.025563
alto,3,1,demasiado,0.097428
alto,3,1,alto,0.687889
alto,3,2,el,0.100427
alto,3,2,vaso,0.047193
alto,3,2,no,0.033949
alto,3,2,cabía,0.045981
alto,3,2,en,0.039563
alto,3,2,el,0.051451
alto,3,2,cajón,0.114436
alto,3,2,porque,0.081211
alto,3,2,era,0.053404
alto,3,2,demasiado,0.121015
alto,3,2,alto,0.311369
alto,3,3,el,0.124850
alto,3,3,vaso,0.176457
alto,3,3,no,0.044040
alto,3,3,cabía,0.030333
alto,3,3,en,0.045680
alto,3,3,el,0.073128
alto,3,3,cajón,0.024840
alto,3,3,porque,0.060021
alto,3,3,era,0.010221
alto,3,3,demasiado,0.004050
alto,3,3,alto,0.406379
alto,3,4,el,0.004042
alto,3,4,vaso,0.003073
alto,3,4,no,0.005123
alto,3,4,cabía,0.015502
alto,3,4,en,0.008536
alto,3,4,el,0.009493
alto,3,4,cajón,0.061809
alto,3,4,porque,0.100139
alto,3,4,era,0.047352
alto,3,4,demasiado,0.100279
alto,3,4,alto,0.644652
alto,3,5,el,0.016115
alto,3,5,vaso,0.044328
alto,3,5,no,0.061656
alto,3,5,cabía,0.037814
alto,3,5,en,0.038366
alto,3,5,el,0.055496
alto,3,5,cajón,0.076473
alto,3,5,porque,0.268345
alto,3,5,era,0.183621
alto,3,5,demasiado,0.067330
alto,3,5,alto,0.150456
alto,3,6,el,0.012287
alto,3,6,vaso,0.098924
alto,3,6,no,0.020348
alto,3,6,cabía,0.035608
alto,3,6,en,0.046755
alto,3,6,el,0.077919
alto,3,6,cajón,0.055809
alto,3,6,porque,0.081634
alto,3,6,era,0.020763
alto,3,6,demasiado,0.031226
alto,3,6,alto,0.518726
alto,3,7,el,0.086357
alto,3,7,vaso,0.077965
alto,3,7,no,0.034364
alto,3,7,cabía,0.028477
alto,3,7,en,0.047788
alto,3,7,el,0.049055
alto,3,7,cajón,0.038432
alto,3,7,porque,0.177678
alto,3,7,era,0.058207
alto,3,7,demasiado,0.016800
alto,3,7,alto,0.384878
alto,3,8,el,0.063224
alto,3,8,vaso,0.025638
alto,3,8,no,0.005803
alto,3,8,cabía,0.019694
alto,3,8,en,0.016124
alto,3,8,el,0.047949
alto,3,8,cajón,0.032239
alto,3,8,porque,0.039317
alto,3,8,era,0.020322
alto,3,8,demasiado,0.015217
alto,3,8,alto,0.714473
alto,3,9,el,0.041325
alto,3,9,vaso,0.004994
alto,3,9,no,0.002048
alto,3,9,cabía,0.001944
alto,3,9,en,0.003573
alto,3,9,el,0.011669
alto,3,9,cajón,0.006868
alto,3,9,porque,0.025837
alto,3,9,era,0.008147
alto,3,9,demasiado,0.030462
alto,3,9,alto,0.863134
alto,3,10,el,0.012834
alto,3,10,vaso,0.001813
alto,3,10,no,0.003512
alto,3,10,cabía,0.001008
alto,3,10,en,0.003110
alto,3,10,el,0.005830
alto,3,10,cajón,0.014688
alto,3,10,porque,0.004442
alto,3,10,era,0.000920
alto,3,10,demasiado,0.008596
alto,3,10,alto,0.943246
alto,3,11,el,0.164329
alto,3,11,vaso,0.027821
alto,3,11,no,0.043499
alto,3,11,cabía,0.008689
alto,3,11,en,0.011653
alto,3,11,el,0.058120
alto,3,11,cajón,0.021009
alto,3,11,porque,0.028560
alto,3,11,era,0.015615
alto,3,11,demasiado,0.016748
alto,3,11,alto,0.603956
alto,3,12,el,0.005964
alto,3,12,vaso,0.003591
alto,3,12,no,0.008108
alto,3,12,cabía,0.003252
alto,3,12,en,0.001932
alto,3,12,el,0.003523
alto,3,12,cajón,0.010856
alto,3,12,porque,0.006892
alto,3,12,era,0.003159
alto,3,12,demasiado,0.008324
alto,3,12,alto,0.944399
alto,3,13,el,0.024976
alto,3,13,vaso,0.001629
alto,3,13,no,0.000948
alto,3,13,cabía,0.001468
alto,3,13,en,0.002884
alto,3,13,el,0.009393
alto,3,13,cajón,0.006955
alto,3,13,porque,0.005497
alto,3,13,era,0.001491
alto,3,13,demasiado,0.002989
alto,3,13,alto,0.941771
alto,3,14,el,0.120747
alto,3,14,vaso,0.031498
alto,3,14,no,0.031800
alto,3,14,cabía,0.011627
alto,3,14,en,0.023144
alto,3,14,el,0.067962
alto,3,14,cajón,0.059270
alto,3,14,porque,0.015688
alto,3,14,era,0.008684
alto,3,14,demasiado,0.020939
alto,3,14,alto,0.608641
alto,4,1,el,0.980728
alto,4,1,vaso,0.000193
alto,4,1,no,0.000059
alto,4,1,cabía,0.000078
alto,4,1,en,0.000143
alto,4,1,el,0.000019
alto,4,1,cajón,0.000013
alto,4,1,porque,0.000168
alto,4,1,era,0.000027
alto,4,1,demasiado,0.000205
alto,4,1,alto,0.018367
alto,4,2,el,0.163015
alto,4,2,vaso,0.049259
alto,4,2,no,0.023964
alto,4,2,cabía,0.037403
alto,4,2,en,0.027880
alto,4,2,el,0.017288
alto,4,2,cajón,0.090935
alto,4,2,porque,0.096515
alto,4,2,era,0.118441
alto,4,2,demasiado,0.149642
alto,4,2,alto,0.225658
alto,4,3,el,0.055544
alto,4,3,vaso,0.141594
alto,4,3,no,0.115111
alto,4,3,cabía,0.110822
alto,4,3,en,0.124376
alto,4,3,el,0.049181
alto,4,3,cajón,0.069953
alto,4,3,porque,0.134450
alto,4,3,era,0.095211
alto,4,3,demasiado,0.030204
alto,4,3,alto,0.073555
alto,4,4,el,0.725570
alto,4,4,vaso,0.047199
alto,4,4,no,0.037777
alto,4,4,cabía,0.024747
alto,4,4,en,0.014681
alto,4,4,el,0.007264
alto,4,4,cajón,0.022859
alto,4,4,porque,0.038210
alto,4,4,era,0.011642
alto,4,4,demasiado,0.016665
alto,4,4,alto,0.053387
alto,4,5,el,0.943659
alto,4,5,vaso,0.007710
alto,4,5,no,0.001914
alto,4,5,cabía,0.001435
alto,4,5,en,0.003094
alto,4,5,el,0.000306
alto,4,5,cajón,0.000512
alto,4,5,porque,0.003555
alto,4,5,era,0.000645
alto,4,5,demasiado,0.000863
alto,4,5,alto,0.036308
alto,4,6,el,0.998574
alto,4,6,vaso,0.000002
alto,4,6,no,0.000000
alto,4,6,cabía,0.000002
alto,4,6,en,0.000000
alto,4,6,el,0.000000
alto,4,6,cajón,0.000000
alto,4,6,porque,0.000015
alto,4,6,era,0.000002
alto,4,6,demasiado,0.000019
alto,4,6,alto,0.001385
alto,4,7,el,0.693305
alto,4,7,vaso,0.079862
alto,4,7,no,0.049098
alto,4,7,cabía,0.037286
alto,4,7,en,0.024442
alto,4,7,el,0.014441
alto,4,7,cajón,0.015886
alto,4,7,porque,0.024100
alto,4,7,era,0.008185
alto,4,7,demasiado,0.005171
alto,4,7,alto,0.048224
alto,4,8,el,0.867632
alto,4,8,vaso,0.000440
alto,4,8,no,0.002094
alto,4,8,cabía,0.000002
alto,4,8,en,0.000001
alto,4,8,el,0.000010
alto,4,8,cajón,0.000797
alto,4,8,porque,0.000006
alto,4,8,era,0.000001
alto,4,8,demasiado,0.001221
alto,4,8,alto,0.127794
alto,4,9,el,0.705458
alto,4,9,vaso,0.020060
alto,4,9,no,0.013694
alto,4,9,cabía,0.013223
alto,4,9,en,0.015600
alto,4,9,el,0.005256
alto,4,9,cajón,0.030499
alto,4,9,porque,0.034840
alto,4,9,era,0.022782
alto,4,9,demasiado,0.019879
alto,4,9,alto,0.118709
alto,4,10,el,0.878480
alto,4,10,vaso,0.010414
alto,4,10,no,0.011136
alto,4,10,cabía,0.005175
alto,4,10,en,0.004263
alto,4,10,el,0.006302
alto,4,10,cajón,0.017161
alto,4,10,porque,0.007910
alto,4,10,era,0.006086
alto,4,10,demasiado,0.017531
alto,4,10,alto,0.035542
alto,4,11,el,0.706827
alto,4,11,vaso,0.000345
alto,4,11,no,0.001986
alto,4,11,cabía,0.000998
alto,4,11,en,0.001224
alto,4,11,el,0.001226
alto,4,11,cajón,0.002037
alto,4,11,porque,0.013401
alto,4,11,era,0.002478
alto,4,11,demasiado,0.005026
alto,4,11,alto,0.264451
alto,4,12,el,0.914871
alto,4,12,vaso,0.006251
alto,4,12,no,0.004597
alto,4,12,cabía,0.008801
alto,4,12,en,0.007385
alto,4,12,el,0.002829
alto,4,12,cajón,0.005886
alto,4,12,porque,0.003577
alto,4,12,era,0.002437
alto,4,12,demasiado,0.011696
alto,4,12,alto,0.031669
alto,4,13,el,0.693672
alto,4,13,vaso,0.012526
alto,4,13,no,0.009337
alto,4,13,cabía,0.006960
alto,4,13,en,0.005144
alto,4,13,el,0.002108
alto,4,13,cajón,0.023907
alto,4,13,porque,0.021712
alto,4,13,era,0.010306
alto,4,13,demasiado,0.031710
alto,4,13,alto,0.182619
alto,4,14,el,0.729679
alto,4,14,vaso,0.044472
alto,4,14,no,0.002350
alto,4,14,cabía,0.007744
alto,4,14,en,0.008341
alto,4,14,el,0.014836
alto,4,14,cajón,0.013453
alto,4,14,porque,0.023260
alto,4,14,era,0.059152
alto,4,14,demasiado,0.016123
alto,4,14,alto,0.080589
alto,5,1,el,0.726881
alto,5,1,vaso,0.074889
alto,5,1,no,0.020285
alto,5,1,cabía,0.024586
alto,5,1,en,0.004693
alto,5,1,el,0.009329
alto,5,1,cajón,0.024712
alto,5,1,porque,0.016205
alto,5,1,era,0.012094
alto,5,1,demasiado,0.008394
alto,5,1,alto,0.077932
alto,5,2,el,0.413377
alto,5,2,vaso,0.212152
alto,5,2,no,0.079452
alto,5,2,cabía,0.079501
alto,5,2,en,0.014544
alto,5,2,el,0.013316
alto,5,2,cajón,0.018432
alto,5,2,porque,0.068287
alto,5,2,era,0.026040
alto,5,2,demasiado,0.006204
alto,5,2,alto,0.068694
alto,5,3,el,0.350375
alto,5,3,vaso,0.002691
alto,5,3,no,0.001819
alto,5,3,cabía,0.002067
alto,5,3,en,0.000463
alto,5,3,el,0.001177
alto,5,3,cajón,0.001339
alto,5,3,porque,0.017584
alto,5,3,era,0.011586
alto,5,3,demasiado,0.004351
alto,5,3,alto,0.606547
alto,5,4,el,0.183659
alto,5,4,vaso,0.184369
alto,5,4,no,0.080987
alto,5,4,cabía,0.120728
alto,5,4,en,0.015437
alto,5,4,el,0.026492
alto,5,4,cajón,0.195795
alto,5,4,porque,0.030258
alto,5,4,era,0.030617
alto,5,4,demasiado,0.054564
alto,5,4,alto,0.077094
alto,5,5,el,0.870363
alto,5,5,vaso,0.019889
alto,5,5,no,0.012869
alto,5,5,cabía,0.009901
alto,5,5,en,0.002887
alto,5,5,el,0.002591
alto,5,5,cajón,0.006249
alto,5,5,porque,0.012885
alto,5,5,era,0.002113
alto,5,5,demasiado,0.003690
alto,5,5,alto,0.056562
alto,5,6,el,0.852991
alto,5,6,vaso,0.004649
alto,5,6,no,0.005401
alto,5,6,cabía,0.001278
alto,5,6,en,0.001230
alto,5,6,el,0.001794
alto,5,6,cajón,0.004739
alto,5,6,porque,0.023907
alto,5,6,era,0.010810
alto,5,6,demasiado,0.013869
alto,5,6,alto,0.079332
alto,5,7,el,0.259732
alto,5,7,vaso,0.050628
alto,5,7,no,0.030542
alto,5,7,cabía,0.048416
alto,5,7,en,0.014982
alto,5,7,el,0.019071
alto,5,7,cajón,0.054663
alto,5,7,porque,0.155989
alto,5,7,era,0.138855
alto,5,7,demasiado,0.092562
alto,5,7,alto,0.134561
alto,5,8,el,0.723673
alto,5,8,vaso,0.028480
alto,5,8,no,0.012743
alto,5,8,cabía,0.030708
alto,5,8,en,0.009937
alto,5,8,el,0.007876
alto,5,8,cajón,0.039455
alto,5,8,porque,0.024545
alto,5,8,era,0.010211
alto,5,8,demasiado,0.038430
alto,5,8,alto,0.073942
alto,5,9,el,0.692845
alto,5,9,vaso,0.032640
alto,5,9,no,0.016333
alto,5,9,cabía,0.009356
alto,5,9,en,0.005416
alto,5,9,el,0.021724
alto,5,9,cajón,0.031126
alto,5,9,porque,0.029703
alto,5,9,era,0.010125
alto,5,9,demasiado,0.002138
alto,5,9,alto,0.148595
alto,5,10,el,0.899947
alto,5,10,vaso,0.020162
alto,5,10,no,0.009031
alto,5,10,cabía,0.008546
alto,5,10,en,0.004493
alto,5,10,el,0.003590
alto,5,10,cajón,0.007546
alto,5,10,porque,0.017233
alto,5,10,era,0.003031
alto,5,10,demasiado,0.006658
alto,5,10,alto,0.019763
alto,5,11,el,0.092352
alto,5,11,vaso,0.093131
alto,5,11,no,0.031982
alto,5,11,cabía,0.085702
alto,5,11,en,0.017210
alto,5,11,el,0.011246
alto,5,11,cajón,0.120684
alto,5,11,porque,0.089866
alto,5,11,era,0.076564
alto,5,11,demasiado,0.207931
alto,5,11,alto,0.173331
alto,5,12,el,0.360655
alto,5,12,vaso,0.057557
alto,5,12,no,0.028629
alto,5,12,cabía,0.041296
alto,5,12,en,0.018205
alto,5,12,el,0.019118
alto,5,12,cajón,0.046053
alto,5,12,porque,0.098448
alto,5,12,era,0.025864
alto,5,12,demasiado,0.101629
alto,5,12,alto,0.202547
alto,5,13,el,0.315605
alto,5,13,vaso,0.000025
alto,5,13,no,0.000475
alto,5,13,cabía,0.004710
alto,5,13,en,0.000019
alto,5,13,el,0.000001
alto,5,13,cajón,0.001100
alto,5,13,porque,0.004733
alto,5,13,era,0.000125
alto,5,13,demasiado,0.000039
alto,5,13,alto,0.673169
alto,5,14,el,0.241658
alto,5,14,vaso,0.272125
alto,5,14,no,0.020560
alto,5,14,cabía,0.025944
alto,5,14,en,0.006810
alto,5,14,el,0.006556
alto,5,14,cajón,0.174514
alto,5,14,porque,0.035101
alto,5,14,era,0.004365
alto,5,14,demasiado,0.043009
alto,5,14,alto,0.169358
alto,6,1,el,0.930399
alto,6,1,vaso,0.012791
alto,6,1,no,0.000531
alto,6,1,cabía,0.007182
alto,6,1,en,0.001213
alto,6,1,el,0.001066
alto,6,1,cajón,0.001628
alto,6,1,porque,0.010459
alto,6,1,era,0.002559
alto,6,1,demasiado,0.002025
alto,6,1,alto,0.030147
alto,6,2,el,0.112107
alto,6,2,vaso,0.046203
alto,6,2,no,0.083124
alto,6,2,cabía,0.279446
alto,6,2,en,0.044045
alto,6,2,el,0.018462
alto,6,2,cajón,0.011909
alto,6,2,porque,0.160317
alto,6,2,era,0.089339
alto,6,2,demasiado,0.061760
alto,6,2,alto,0.093288
alto,6,3,el,0.901052
alto,6,3,vaso,0.006768
alto,6,3,no,0.004888
alto,6,3,cabía,0.009162
alto,6,3,en,0.001594
alto,6,3,el,0.002045
alto,6,3,cajón,0.002234
alto,6,3,porque,0.019497
alto,6,3,era,0.002806
alto,6,3,demasiado,0.003485
alto,6,3,alto,0.046469
alto,6,4,el,0.865344
alto,6,4,vaso,0.007506
alto,6,4,no,0.002197
alto,6,4,cabía,0.001584
alto,6,4,en,0.000316
alto,6,4,el,0.001665
alto,6,4,cajón,0.000536
alto,6,4,porque,0.013898
alto,6,4,era,0.000906
alto,6,4,demasiado,0.000825
alto,6,4,alto,0.105225
alto,6,5,el,0.482889
alto,6,5,vaso,0.101310
alto,6,5,no,0.034778
alto,6,5,cabía,0.024099
alto,6,5,en,0.008758
alto,6,5,el,0.023826
alto,6,5,cajón,0.115411
alto,6,5,porque,0.080912
alto,6,5,era,0.021332
alto,6,5,demasiado,0.032657
alto,6,5,alto,0.074027
alto,6,6,el,0.309575
alto,6,6,vaso,0.178191
alto,6,6,no,0.062431
alto,6,6,cabía,0.031436
alto,6,6,en,0.004335
alto,6,6,el,0.016148
alto,6,6,cajón,0.014097
alto,6,6,porque,0.070488
alto,6,6,era,0.003926
alto,6,6,demasiado,0.002495
alto,6,6,alto,0.306879
alto,6,7,el,0.612627
alto,6,7,vaso,0.005016
alto,6,7,no,0.003927
alto,6,7,cabía,0.008091
alto,6,7,en,0.002258
alto,6,7,el,0.007394
alto,6,7,cajón,0.003932
alto,6,7,porque,0.030778
alto,6,7,era,0.009930
alto,6,7,demasiado,0.009083
alto,6,7,alto,0.306962
alto,6,8,el,0.632386
alto,6,8,vaso,0.100648
alto,6,8,no,0.043957
alto,6,8,cabía,0.013292
alto,6,8,en,0.008092
alto,6,8,el,0.052700
alto,6,8,cajón,0.046472
alto,6,8,porque,0.016162
alto,6,8,era,0.022106
alto,6,8,demasiado,0.012500
alto,6,8,alto,0.051685
alto,6,9,el,0.407203
alto,6,9,vaso,0.197898
alto,6,9,no,0.043560
alto,6,9,cabía,0.012268
alto,6,9,en,0.001736
alto,6,9,el,0.005382
alto,6,9,cajón,0.077147
alto,6,9,porque,0.030532
alto,6,9,era,0.007775
alto,6,9,demasiado,0.034010
alto,6,9,alto,0.182489
alto,6,10,el,0.357131
alto,6,10,vaso,0.000139
alto,6,10,no,0.000244
alto,6,10,cabía,0.001194
alto,6,10,en,0.000016
alto,6,10,el,0.000013
alto,6,10,cajón,0.004314
alto,6,10,porque,0.004487
alto,6,10,era,0.000554
alto,6,10,demasiado,0.000082
alto,6,10,alto,0.631826
alto,6,11,el,0.791881
alto,6,11,vaso,0.055261
alto,6,11,no,0.019301
alto,6,11,cabía,0.007094
alto,6,11,en,0.002661
alto,6,11,el,0.017220
alto,6,11,cajón,0.024264
alto,6,11,porque,0.013333
alto,6,11,era,0.011765
alto,6,11,demasiado,0.006462
alto,6,11,alto,0.050757
alto,6,12,el,0.475748
alto,6,12,vaso,0.035572
alto,6,12,no,0.017214
alto,6,12,cabía,0.043702
alto,6,12,en,0.009958
alto,6,12,el,0.004575
alto,6,12,cajón,0.069556
alto,6,12,porque,0.103173
alto,6,12,era,0.025056
alto,6,12,demasiado,0.098158
alto,6,12,alto,0.117287
alto,6,13,el,0.278130
alto,6,13,vaso,0.160492
alto,6,13,no,0.020158
alto,6,13,cabía,0.021987
alto,6,13,en,0.001840
alto,6,13,el,0.003847
alto,6,13,cajón,0.200356
alto,6,13,porque,0.023020
alto,6,13,era,0.023665
alto,6,13,demasiado,0.040744
alto,6,13,alto,0.225761
alto,6,14,el,0.266622
alto,6,14,vaso,0.053609
alto,6,14,no,0.027873
alto,6,14,cabía,0.011030
alto,6,14,en,0.004549
alto,6,14,el,0.008840
alto,6,14,cajón,0.044038
alto,6,14,porque,0.111125
alto,6,14,era,0.030961
alto,6,14,demasiado,0.056095
alto,6,14,alto,0.385256
alto,7,1,el,0.829996
alto,7,1,vaso,0.033324
alto,7,1,no,0.014527
alto,7,1,cabía,0.015235
alto,7,1,en,0.006068
alto,7,1,el,0.010672
alto,7,1,cajón,0.014053
alto,7,1,porque,0.017247
alto,7,1,era,0.008837
alto,7,1,demasiado,0.006028
alto,7,1,alto,0.044014
alto,7,2,el,0.181239
alto,7,2,vaso,0.067168
alto,7,2,no,0.053119
alto,7,2,cabía,0.084048
alto,7,2,en,0.036239
alto,7,2,el,0.036083
alto,7,2,cajón,0.077340
alto,7,2,porque,0.227706
alto,7,2,era,0.055876
alto,7,2,demasiado,0.044855
alto,7,2,alto,0.136327
alto,7,3,el,0.682028
alto,7,3,vaso,0.054631
alto,7,3,no,0.028808
alto,7,3,cabía,0.030086
alto,7,3,en,0.009633
alto,7,3,el,0.008995
alto,7,3,cajón,0.023060
alto,7,3,porque,0.044476
alto,7,3,era,0.016186
alto,7,3,demasiado,0.014272
alto,7,3,alto,0.087823
alto,7,4,el,0.648274
alto,7,4,vaso,0.086857
alto,7,4,no,0.031369
alto,7,4,cabía,0.020308
alto,7,4,en,0.008825
alto,7,4,el,0.018208
alto,7,4,cajón,0.025759
alto,7,4,porque,0.048761
alto,7,4,era,0.014933
alto,7,4,demasiado,0.016368
alto,7,4,alto,0.080339
alto,7,5,el,0.360677
alto,7,5,vaso,0.000098
alto,7,5,no,0.001719
alto,7,5,cabía,0.003241
alto,7,5,en,0.000437
alto,7,5,el,0.001275
alto,7,5,cajón,0.022919
alto,7,5,porque,0.015787
alto,7,5,era,0.011259
alto,7,5,demasiado,0.074626
alto,7,5,alto,0.507963
alto,7,6,el,0.318237
alto,7,6,vaso,0.168343
alto,7,6,no,0.093133
alto,7,6,cabía,0.131134
alto,7,6,en,0.036792
alto,7,6,el,0.041988
alto,7,6,cajón,0.053670
alto,7,6,porque,0.073333
alto,7,6,era,0.023786
alto,7,6,demasiado,0.012925
alto,7,6,alto,0.046660
alto,7,7,el,0.225729
alto,7,7,vaso,0.007505
alto,7,7,no,0.028300
alto,7,7,cabía,0.026850
alto,7,7,en,0.006673
alto,7,7,el,0.012809
alto,7,7,cajón,0.055987
alto,7,7,porque,0.244119
alto,7,7,era,0.127802
alto,7,7,demasiado,0.118067
alto,7,7,alto,0.146158
alto,7,8,el,0.329975
alto,7,8,vaso,0.072129
alto,7,8,no,0.011071
alto,7,8,cabía,0.023274
alto,7,8,en,0.003180
alto,7,8,el,0.006904
alto,7,8,cajón,0.094755
alto,7,8,porque,0.020447
alto,7,8,era,0.015921
alto,7,8,demasiado,0.012530
alto,7,8,alto,0.409814
alto,7,9,el,0.675662
alto,7,9,vaso,0.027844
alto,7,9,no,0.014163
alto,7,9,cabía,0.008583
alto,7,9,en,0.002233
alto,7,9,el,0.003676
alto,7,9,cajón,0.015814
alto,7,9,porque,0.030443
alto,7,9,era,0.010943
alto,7,9,demasiado,0.026091
alto,7,9,alto,0.184547
alto,7,10,el,0.444354
alto,7,10,vaso,0.001055
alto,7,10,no,0.002241
alto,7,10,cabía,0.001314
alto,7,10,en,0.000051
alto,7,10,el,0.000010
alto,7,10,cajón,0.006922
alto,7,10,porque,0.007328
alto,7,10,era,0.004109
alto,7,10,demasiado,0.000385
alto,7,10,alto,0.532230
alto,7,11,el,0.585703
alto,7,11,vaso,0.024573
alto,7,11,no,0.022921
alto,7,11,cabía,0.011577
alto,7,11,en,0.003259
alto,7,11,el,0.003662
alto,7,11,cajón,0.014839
alto,7,11,porque,0.046973
alto,7,11,era,0.014293
alto,7,11,demasiado,0.012347
alto,7,11,alto,0.259854
alto,7,12,el,0.763777
alto,7,12,vaso,0.043467
alto,7,12,no,0.006878
alto,7,12,cabía,0.002291
alto,7,12,en,0.001945
alto,7,12,el,0.010818
alto,7,12,cajón,0.007895
alto,7,12,porque,0.009914
alto,7,12,era,0.003547
alto,7,12,demasiado,0.003189
alto,7,12,alto,0.146277
alto,7,13,el,0.283797
alto,7,13,vaso,0.041786
alto,7,13,no,0.016564
alto,7,13,cabía,0.039529
alto,7,13,en,0.011443
alto,7,13,el,0.005330
alto,7,13,cajón,0.053909
alto,7,13,porque,0.060338
alto,7,13,era,0.037590
alto,7,13,demasiado,0.126682
alto,7,13,alto,0.323033
alto,7,14,el,0.835384
alto,7,14,vaso,0.014453
alto,7,14,no,0.004678
alto,7,14,cabía,0.000960
alto,7,14,en,0.001233
alto,7,14,el,0.003320
alto,7,14,cajón,0.004517
alto,7,14,porque,0.010117
alto,7,14,era,0.002005
alto,7,14,demasiado,0.002382
alto,7,14,alto,0.120951
alto,8,1,el,0.872192
alto,8,1,vaso,0.019912
alto,8,1,no,0.001202
alto,8,1,cabía,0.009886
alto,8,1,en,0.001096
alto,8,1,el,0.001616
alto,8,1,cajón,0.003257
alto,8,1,porque,0.016345
alto,8,1,era,0.012338
alto,8,1,demasiado,0.011429
alto,8,1,alto,0.050726
alto,8,2,el,0.899520
alto,8,2,vaso,0.013570
alto,8,2,no,0.002291
alto,8,2,cabía,0.003797
alto,8,2,en,0.000499
alto,8,2,el,0.000561
alto,8,2,cajón,0.003281
alto,8,2,porque,0.018999
alto,8,2,era,0.000879
alto,8,2,demasiado,0.002025
alto,8,2,alto,0.054577
alto,8,3,el,0.422592
alto,8,3,vaso,0.056988
alto,8,3,no,0.016610
alto,8,3,cabía,0.012750
alto,8,3,en,0.004013
alto,8,3,el,0.004400
alto,8,3,cajón,0.021019
alto,8,3,porque,0.232363
alto,8,3,era,0.051581
alto,8,3,demasiado,0.026759
alto,8,3,alto,0.150924
alto,8,4,el,0.892541
alto,8,4,vaso,0.010898
alto,8,4,no,0.002157
alto,8,4,cabía,0.000954
alto,8,4,en,0.000018
alto,8,4,el,0.000117
alto,8,4,cajón,0.001780
alto,8,4,porque,0.015289
alto,8,4,era,0.002369
alto,8,4,demasiado,0.007409
alto,8,4,alto,0.066468
alto,8,5,el,0.435691
alto,8,5,vaso,0.001330
alto,8,5,no,0.001945
alto,8,5,cabía,0.011618
alto,8,5,en,0.000803
alto,8,5,el,0.000847
alto,8,5,cajón,0.001372
alto,8,5,porque,0.026788
alto,8,5,era,0.008271
alto,8,5,demasiado,0.016825
alto,8,5,alto,0.494511
alto,8,6,el,0.826774
alto,8,6,vaso,0.017436
alto,8,6,no,0.006700
alto,8,6,cabía,0.002338
alto,8,6,en,0.001286
alto,8,6,el,0.001533
alto,8,6,cajón,0.004596
alto,8,6,porque,0.047173
alto,8,6,era,0.018437
alto,8,6,demasiado,0.010699
alto,8,6,alto,0.063030
alto,8,7,el,0.677209
alto,8,7,vaso,0.061078
alto,8,7,no,0.003842
alto,8,7,cabía,0.019658
alto,8,7,en,0.000774
alto,8,7,el,0.001179
alto,8,7,cajón,0.019107
alto,8,7,porque,0.011853
alto,8,7,era,0.012812
alto,8,7,demasiado,0.023926
alto,8,7,alto,0.168563
alto,8,8,el,0.979092
alto,8,8,vaso,0.006104
alto,8,8,no,0.000673
alto,8,8,cabía,0.000549
alto,8,8,en,0.000991
alto,8,8,el,0.000286
alto,8,8,cajón,0.000153
alto,8,8,porque,0.000836
alto,8,8,era,0.000087
alto,8,8,demasiado,0.000004
alto,8,8,alto,0.011225
alto,8,9,el,0.951081
alto,8,9,vaso,0.000162
alto,8,9,no,0.000027
alto,8,9,cabía,0.000025
alto,8,9,en,0.000100
alto,8,9,el,0.000031
alto,8,9,cajón,0.000014
alto,8,9,porque,0.000420
alto,8,9,era,0.000074
alto,8,9,demasiado,0.000004
alto,8,9,alto,0.048061
alto,8,10,el,0.291418
alto,8,10,vaso,0.007638
alto,8,10,no,0.030110
alto,8,10,cabía,0.030960
alto,8,10,en,0.008485
alto,8,10,el,0.002832
alto,8,10,cajón,0.008224
alto,8,10,porque,0.105516
alto,8,10,era,0.034158
alto,8,10,demasiado,0.349047
alto,8,10,alto,0.131613
alto,8,11,el,0.166379
alto,8,11,vaso,0.051220
alto,8,11,no,0.012561
alto,8,11,cabía,0.085910
alto,8,11,en,0.021377
alto,8,11,el,0.006889
alto,8,11,cajón,0.020197
alto,8,11,porque,0.059904
alto,8,11,era,0.035761
alto,8,11,demasiado,0.249350
alto,8,11,alto,0.290452
alto,8,12,el,0.905055
alto,8,12,vaso,0.016455
alto,8,12,no,0.006055
alto,8,12,cabía,0.002814
alto,8,12,en,0.005766
alto,8,12,el,0.001986
alto,8,12,cajón,0.002200
alto,8,12,porque,0.017179
alto,8,12,era,0.002990
alto,8,12,demasiado,0.000139
alto,8,12,alto,0.039361
alto,8,13,el,0.530819
alto,8,13,vaso,0.030220
alto,8,13,no,0.056289
alto,8,13,cabía,0.058592
alto,8,13,en,0.024332
alto,8,13,el,0.010222
alto,8,13,cajón,0.014297
alto,8,13,porque,0.112468
alto,8,13,era,0.041939
alto,8,13,demasiado,0.031688
alto,8,13,alto,0.089134
alto,8,14,el,0.791113
alto,8,14,vaso,0.011705
alto,8,14,no,0.004760
alto,8,14,cabía,0.002131
alto,8,14,en,0.001916
alto,8,14,el,0.003372
alto,8,14,cajón,0.004865
alto,8,14,porque,0.011370
alto,8,14,era,0.001756
alto,8,14,demasiado,0.000423
alto,8,14,alto,0.166588
alto,9,1,el,0.704644
alto,9,1,vaso,0.038248
alto,9,1,no,0.017797
alto,9,1,cabía,0.009361
alto,9,1,en,0.004693
alto,9,1,el,0.006779
alto,9,1,cajón,0.020601
alto,9,1,porque,0.028588
alto,9,1,era,0.007834
alto,9,1,demasiado,0.007200
alto,9,1,alto,0.154255
alto,9,2,el,0.811140
alto,9,2,vaso,0.016004
alto,9,2,no,0.001951
alto,9,2,cabía,0.002176
alto,9,2,en,0.001207
alto,9,2,el,0.001690
alto,9,2,cajón,0.007538
alto,9,2,porque,0.003735
alto,9,2,era,0.001484
alto,9,2,demasiado,0.001536
alto,9,2,alto,0.151537
alto,9,3,el,0.076738
alto,9,3,vaso,0.100710
alto,9,3,no,0.004300
alto,9,3,cabía,0.040618
alto,9,3,en,0.017499
alto,9,3,el,0.007622
alto,9,3,cajón,0.081496
alto,9,3,porque,0.038082
alto,9,3,era,0.039964
alto,9,3,demasiado,0.135611
alto,9,3,alto,0.457361
alto,9,4,el,0.000016
alto,9,4,vaso,0.000000
alto,9,4,no,0.000000
alto,9,4,cabía,0.000000
alto,9,4,en,0.000000
alto,9,4,el,0.000000
alto,9,4,cajón,0.000000
alto,9,4,porque,0.000000
alto,9,4,era,0.000000
alto,9,4,demasiado,0.000000
alto,9,4,alto,0.999983
alto,9,5,el,0.707411
alto,9,5,vaso,0.038783
alto,9,5,no,0.003058
alto,9,5,cabía,0.002561
alto,9,5,en,0.002714
alto,9,5,el,0.004526
alto,9,5,cajón,0.011211
alto,9,5,porque,0.022325
alto,9,5,era,0.001473
alto,9,5,demasiado,0.002368
alto,9,5,alto,0.203570
alto,9,6,el,0.109050
alto,9,6,vaso,0.019362
alto,9,6,no,0.017080
alto,9,6,cabía,0.051675
alto,9,6,en,0.014501
alto,9,6,el,0.008267
alto,9,6,cajón,0.016503
alto,9,6,porque,0.182725
alto,9,6,era,0.084352
alto,9,6,demasiado,0.198767
alto,9,6,alto,0.297718
alto,9,7,el,0.554466
alto,9,7,vaso,0.031149
alto,9,7,no,0.009539
alto,9,7,cabía,0.012748
alto,9,7,en,0.003290
alto,9,7,el,0.003370
alto,9,7,cajón,0.011858
alto,9,7,porque,0.092901
alto,9,7,era,0.018208
alto,9,7,demasiado,0.010644
alto,9,7,alto,0.251826
alto,9,8,el,0.124793
alto,9,8,vaso,0.000667
alto,9,8,no,0.000012
alto,9,8,cabía,0.000000
alto,9,8,en,0.000000
alto,9,8,el,0.000001
alto,9,8,cajón,0.000856
alto,9,8,porque,0.000004
alto,9,8,era,0.000004
alto,9,8,demasiado,0.051929
alto,9,8,alto,0.821736
alto,9,9,el,0.422733
alto,9,9,vaso,0.009766
alto,9,9,no,0.002415
alto,9,9,cabía,0.012489
alto,9,9,en,0.007403
alto,9,9,el,0.001835
alto,9,9,cajón,0.007482
alto,9,9,porque,0.079377
alto,9,9,era,0.055427
alto,9,9,demasiado,0.086624
alto,9,9,alto,0.314448
alto,9,10,el,0.654858
alto,9,10,vaso,0.037563
alto,9,10,no,0.049622
alto,9,10,cabía,0.037728
alto,9,10,en,0.023878
alto,9,10,el,0.013621
alto,9,10,cajón,0.008180
alto,9,10,porque,0.054019
alto,9,10,era,0.005481
alto,9,10,demasiado,0.004054
alto,9,10,alto,0.110995
alto,9,11,el,0.091264
alto,9,11,vaso,0.222299
alto,9,11,no,0.020883
alto,9,11,cabía,0.081534
alto,9,11,en,0.015874
alto,9,11,el,0.011020
alto,9,11,cajón,0.122748
alto,9,11,porque,0.031367
alto,9,11,era,0.053869
alto,9,11,demasiado,0.039324
alto,9,11,alto,0.309817
alto,9,12,el,0.496360
alto,9,12,vaso,0.013064
alto,9,12,no,0.010492
alto,9,12,cabía,0.027236
alto,9,12,en,0.005671
alto,9,12,el,0.005664
alto,9,12,cajón,0.060173
alto,9,12,porque,0.031773
alto,9,12,era,0.029704
alto,9,12,demasiado,0.115862
alto,9,12,alto,0.204000
alto,9,13,el,0.440645
alto,9,13,vaso,0.016798
alto,9,13,no,0.002527
alto,9,13,cabía,0.009143
alto,9,13,en,0.006310
alto,9,13,el,0.005758
alto,9,13,cajón,0.011290
alto,9,13,porque,0.092456
alto,9,13,era,0.045172
alto,9,13,demasiado,0.029386
alto,9,13,alto,0.340515
alto,9,14,el,0.263088
alto,9,14,vaso,0.041112
alto,9,14,no,0.047216
alto,9,14,cabía,0.032415
alto,9,14,en,0.015438
alto,9,14,el,0.009415
alto,9,14,cajón,0.013888
alto,9,14,porque,0.238343
alto,9,14,era,0.070444
alto,9,14,demasiado,0.068579
alto,9,14,alto,0.200063
alto,10,1,el,0.649220
alto,10,1,vaso,0.031329
alto,10,1,no,0.026042
alto,10,1,cabía,0.020775
alto,10,1,en,0.005558
alto,10,1,el,0.003795
alto,10,1,cajón,0.002382
alto,10,1,porque,0.104177
alto,10,1,era,0.003727
alto,10,1,demasiado,0.004042
alto,10,1,alto,0.148954
alto,10,2,el,0.427094
alto,10,2,vaso,0.002933
alto,10,2,no,0.002977
alto,10,2,cabía,0.006341
alto,10,2,en,0.003670
alto,10,2,el,0.001159
alto,10,2,cajón,0.003618
alto,10,2,porque,0.032284
alto,10,2,era,0.011547
alto,10,2,demasiado,0.005815
alto,10,2,alto,0.502562
alto,10,3,el,0.274332
alto,10,3,vaso,0.025462
alto,10,3,no,0.021512
alto,10,3,cabía,0.140997
alto,10,3,en,0.032318
alto,10,3,el,0.010692
alto,10,3,cajón,0.026371
alto,10,3,porque,0.155963
alto,10,3,era,0.026024
alto,10,3,demasiado,0.048107
alto,10,3,alto,0.238221
alto,10,4,el,0.490987
alto,10,4,vaso,0.036011
alto,10,4,no,0.029155
alto,10,4,cabía,0.055339
alto,10,4,en,0.014906
alto,10,4,el,0.006140
alto,10,4,cajón,0.035665
alto,10,4,porque,0.105796
alto,10,4,era,0.026864
alto,10,4,demasiado,0.016985
alto,10,4,alto,0.182151
alto,10,5,el,0.664688
alto,10,5,vaso,0.011655
alto,10,5,no,0.004964
alto,10,5,cabía,0.016371
alto,10,5,en,0.005851
alto,10,5,el,0.006234
alto,10,5,cajón,0.011855
alto,10,5,porque,0.014869
alto,10,5,era,0.001944
alto,10,5,demasiado,0.000565
alto,10,5,alto,0.261003
alto,10,6,el,0.063554
alto,10,6,vaso,0.100345
alto,10,6,no,0.127393
alto,10,6,cabía,0.122470
alto,10,6,en,0.026311
alto,10,6,el,0.012795
alto,10,6,cajón,0.012203
alto,10,6,porque,0.342256
alto,10,6,era,0.025456
alto,10,6,demasiado,0.027030
alto,10,6,alto,0.140186
alto,10,7,el,0.780139
alto,10,7,vaso,0.039724
alto,10,7,no,0.015338
alto,10,7,cabía,0.009500
alto,10,7,en,0.005165
alto,10,7,el,0.010825
alto,10,7,cajón,0.008490
alto,10,7,porque,0.017392
alto,10,7,era,0.000650
alto,10,7,demasiado,0.000554
alto,10,7,alto,0.112223
alto,10,8,el,1.000000
alto,10,8,vaso,0.000000
alto,10,8,no,0.000000
alto,10,8,cabía,0.000000
alto,10,8,en,0.000000
alto,10,8,el,0.000000
alto,10,8,cajón,0.000000
alto,10,8,porque,0.000000
alto,10,8,era,0.000000
alto,10,8,demasiado,0.000000
alto,10,8,alto,0.000000
alto,10,9,el,0.999939
alto,10,9,vaso,0.000053
alto,10,9,no,0.000000
alto,10,9,cabía,0.000001
alto,10,9,en,0.000000
alto,10,9,el,0.000006
alto,10,9,cajón,0.000000
alto,10,9,porque,0.000000
alto,10,9,era,0.000000
alto,10,9,demasiado,0.000000
alto,10,9,alto,0.000000
alto,10,10,el,0.999998
alto,10,10,vaso,0.000001
alto,10,10,no,0.000000
alto,10,10,cabía,0.000000
alto,10,10,en,0.000000
alto,10,10,el,0.000000
alto,10,10,cajón,0.000000
alto,10,10,porque,0.000000
alto,10,10,era,0.000000
alto,10,10,demasiado,0.000000
alto,10,10,alto,0.000000
alto,10,11,el,0.996079
alto,10,11,vaso,0.003280
alto,10,11,no,0.000052
alto,10,11,cabía,0.000115
alto,10,11,en,0.000007
alto,10,11,el,0.000355
alto,10,11,cajón,0.000038
alto,10,11,porque,0.000002
alto,10,11,era,0.000031
alto,10,11,demasiado,0.000025
alto,10,11,alto,0.000015
alto,10,12,el,0.986830
alto,10,12,vaso,0.001866
alto,10,12,no,0.000253
alto,10,12,cabía,0.001316
alto,10,12,en,0.000229
alto,10,12,el,0.002238
alto,10,12,cajón,0.001116
alto,10,12,porque,0.000359
alto,10,12,era,0.003965
alto,10,12,demasiado,0.000988
alto,10,12,alto,0.000841
alto,10,13,el,0.962881
alto,10,13,vaso,0.008897
alto,10,13,no,0.002167
alto,10,13,cabía,0.004042
alto,10,13,en,0.000828
alto,10,13,el,0.002686
alto,10,13,cajón,0.002721
alto,10,13,porque,0.003074
alto,10,13,era,0.005920
alto,10,13,demasiado,0.002832
alto,10,13,alto,0.003953
alto,10,14,el,0.986931
alto,10,14,vaso,0.004993
alto,10,14,no,0.000120
alto,10,14,cabía,0.000754
alto,10,14,en,0.000016
alto,10,14,el,0.005923
alto,10,14,cajón,0.000832
alto,10,14,porque,0.000012
alto,10,14,era,0.000184
alto,10,14,demasiado,0.000228
alto,10,14,alto,0.000007
alto,11,1,el,0.612992
alto,11,1,vaso,0.038048
alto,11,1,no,0.015599
alto,11,1,cabía,0.075712
alto,11,1,en,0.014279
alto,11,1,el,0.003917
alto,11,1,cajón,0.044632
alto,11,1,porque,0.036871
alto,11,1,era,0.010096
alto,11,1,demasiado,0.013398
alto,11,1,alto,0.134455
alto,11,2,el,0.897195
alto,11,2,vaso,0.022555
alto,11,2,no,0.005643
alto,11,2,cabía,0.007031
alto,11,2,en,0.002109
alto,11,2,el,0.001462
alto,11,2,cajón,0.009892
alto,11,2,porque,0.009871
alto,11,2,era,0.002741
alto,11,2,demasiado,0.003428
alto,11,2,alto,0.038072
alto,11,3,el,0.533958
alto,11,3,vaso,0.000251
alto,11,3,no,0.000156
alto,11,3,cabía,0.000119
alto,11,3,en,0.000005
alto,11,3,el,0.000015
alto,11,3,cajón,0.008798
alto,11,3,porque,0.005127
alto,11,3,era,0.000793
alto,11,3,demasiado,0.023665
alto,11,3,alto,0.427114
alto,11,4,el,0.342088
alto,11,4,vaso,0.094414
alto,11,4,no,0.052015
alto,11,4,cabía,0.058854
alto,11,4,en,0.015289
alto,11,4,el,0.004746
alto,11,4,cajón,0.029783
alto,11,4,porque,0.151889
alto,11,4,era,0.033030
alto,11,4,demasiado,0.032987
alto,11,4,alto,0.184905
alto,11,5,el,0.156275
alto,11,5,vaso,0.031595
alto,11,5,no,0.012775
alto,11,5,cabía,0.103566
alto,11,5,en,0.039785
alto,11,5,el,0.011487
alto,11,5,cajón,0.075220
alto,11,5,porque,0.099867
alto,11,5,era,0.090532
alto,11,5,demasiado,0.139527
alto,11,5,alto,0.239371
alto,11,6,el,0.650212
alto,11,6,vaso,0.081995
alto,11,6,no,0.015042
alto,11,6,cabía,0.017719
alto,11,6,en,0.006197
alto,11,6,el,0.003299
alto,11,6,cajón,0.028976
alto,11,6,porque,0.022141
alto,11,6,era,0.004445
alto,11,6,demasiado,0.007919
alto,11,6,alto,0.162056
alto,11,7,el,0.197672
alto,11,7,vaso,0.000002
alto,11,7,no,0.000175
alto,11,7,cabía,0.002890
alto,11,7,en,0.000000
alto,11,7,el,0.000000
alto,11,7,cajón,0.006047
alto,11,7,porque,0.005024
alto,11,7,era,0.000030
alto,11,7,demasiado,0.000006
alto,11,7,alto,0.788154
alto,11,8,el,0.536500
alto,11,8,vaso,0.046624
alto,11,8,no,0.022868
alto,11,8,cabía,0.015051
alto,11,8,en,0.004803
alto,11,8,el,0.005262
alto,11,8,cajón,0.018162
alto,11,8,porque,0.022523
alto,11,8,era,0.009266
alto,11,8,demasiado,0.009750
alto,11,8,alto,0.309191
alto,11,9,el,0.826670
alto,11,9,vaso,0.018824
alto,11,9,no,0.007260
alto,11,9,cabía,0.003242
alto,11,9,en,0.000977
alto,11,9,el,0.000979
alto,11,9,cajón,0.008284
alto,11,9,porque,0.001948
alto,11,9,era,0.000310
alto,11,9,demasiado,0.000335
alto,11,9,alto,0.131173
alto,11,10,el,0.660357
alto,11,10,vaso,0.051745
alto,11,10,no,0.018078
alto,11,10,cabía,0.022879
alto,11,10,en,0.009163
alto,11,10,el,0.008425
alto,11,10,cajón,0.054115
alto,11,10,porque,0.014036
alto,11,10,era,0.006264
alto,11,10,demasiado,0.004324
alto,11,10,alto,0.150613
alto,11,11,el,0.430175
alto,11,11,vaso,0.194747
alto,11,11,no,0.050344
alto,11,11,cabía,0.022236
alto,11,11,en,0.010539
alto,11,11,el,0.017199
alto,11,11,cajón,0.048703
alto,11,11,porque,0.016942
alto,11,11,era,0.013065
alto,11,11,demasiado,0.005206
alto,11,11,alto,0.190844
alto,11,12,el,0.222594
alto,11,12,vaso,0.022193
alto,11,12,no,0.024795
alto,11,12,cabía,0.108326
alto,11,12,en,0.027634
alto,11,12,el,0.007921
alto,11,12,cajón,0.087025
alto,11,12,porque,0.161707
alto,11,12,era,0.029440
alto,11,12,demasiado,0.069130
alto,11,12,alto,0.239235
alto,11,13,el,0.047906
alto,11,13,vaso,0.172556
alto,11,13,no,0.027300
alto,11,13,cabía,0.191580
alto,11,13,en,0.072758
alto,11,13,el,0.022213
alto,11,13,cajón,0.106744
alto,11,13,porque,0.040737
alto,11,13,era,0.035638
alto,11,13,demasiado,0.039571
alto,11,13,alto,0.242998
alto,11,14,el,0.670346
alto,11,14,vaso,0.076069
alto,11,14,no,0.017972
alto,11,14,cabía,0.028656
alto,11,14,en,0.012901
alto,11,14,el,0.011974
alto,11,14,cajón,0.062646
alto,11,14,porque,0.011321
alto,11,14,era,0.009370
alto,11,14,demasiado,0.005658
alto,11,14,alto,0.093086
alto,12,1,el,0.330260
alto,12,1,vaso,0.065656
alto,12,1,no,0.031902
alto,12,1,cabía,0.133891
alto,12,1,en,0.056590
alto,12,1,el,0.040945
alto,12,1,cajón,0.061172
alto,12,1,porque,0.123730
alto,12,1,era,0.018282
alto,12,1,demasiado,0.017748
alto,12,1,alto,0.119824
alto,12,2,el,0.980555
alto,12,2,vaso,0.000966
alto,12,2,no,0.000933
alto,12,2,cabía,0.002020
alto,12,2,en,0.001914
alto,12,2,el,0.004794
alto,12,2,cajón,0.000958
alto,12,2,porque,0.003841
alto,12,2,era,0.000311
alto,12,2,demasiado,0.000110
alto,12,2,alto,0.003599
alto,12,3,el,0.597653
alto,12,3,vaso,0.031415
alto,12,3,no,0.013737
alto,12,3,cabía,0.136031
alto,12,3,en,0.063082
alto,12,3,el,0.046521
alto,12,3,cajón,0.031835
alto,12,3,porque,0.048423
alto,12,3,era,0.005335
alto,12,3,demasiado,0.003289
alto,12,3,alto,0.022680
alto,12,4,el,0.945828
alto,12,4,vaso,0.018450
alto,12,4,no,0.007054
alto,12,4,cabía,0.004136
alto,12,4,en,0.001905
alto,12,4,el,0.003086
alto,12,4,cajón,0.012869
alto,12,4,porque,0.002655
alto,12,4,era,0.000818
alto,12,4,demasiado,0.000869
alto,12,4,alto,0.002331
alto,12,5,el,0.893470
alto,12,5,vaso,0.026815
alto,12,5,no,0.018861
alto,12,5,cabía,0.006137
alto,12,5,en,0.002735
alto,12,5,el,0.006323
alto,12,5,cajón,0.012672
alto,12,5,porque,0.011679
alto,12,5,era,0.002514
alto,12,5,demasiado,0.001032
alto,12,5,alto,0.017762
alto,12,6,el,0.811240
alto,12,6,vaso,0.047740
alto,12,6,no,0.019943
alto,12,6,cabía,0.014290
alto,12,6,en,0.006303
alto,12,6,el,0.007872
alto,12,6,cajón,0.049292
alto,12,6,porque,0.011654
alto,12,6,era,0.005763
alto,12,6,demasiado,0.007487
alto,12,6,alto,0.018417
alto,12,7,el,0.745915
alto,12,7,vaso,0.097715
alto,12,7,no,0.021139
alto,12,7,cabía,0.030244
alto,12,7,en,0.017260
alto,12,7,el,0.024917
alto,12,7,cajón,0.033731
alto,12,7,porque,0.011653
alto,12,7,era,0.003360
alto,12,7,demasiado,0.001941
alto,12,7,alto,0.012126
alto,12,8,el,0.999993
alto,12,8,vaso,0.000007
alto,12,8,no,0.000000
alto,12,8,cabía,0.000000
alto,12,8,en,0.000000
alto,12,8,el,0.000000
alto,12,8,cajón,0.000000
alto,12,8,porque,0.000000
alto,12,8,era,0.000000
alto,12,8,demasiado,0.000000
alto,12,8,alto,0.000000
alto,12,9,el,0.981039
alto,12,9,vaso,0.002179
alto,12,9,no,0.000680
alto,12,9,cabía,0.001863
alto,12,9,en,0.000789
alto,12,9,el,0.002191
alto,12,9,cajón,0.002947
alto,12,9,porque,0.003271
alto,12,9,era,0.002573
alto,12,9,demasiado,0.000821
alto,12,9,alto,0.001648
alto,12,10,el,0.999881
alto,12,10,vaso,0.000115
alto,12,10,no,0.000000
alto,12,10,cabía,0.000002
alto,12,10,en,0.000000
alto,12,10,el,0.000001
alto,12,10,cajón,0.000000
alto,12,10,porque,0.000000
alto,12,10,era,0.000000
alto,12,10,demasiado,0.000000
alto,12,10,alto,0.000000
alto,12,11,el,0.981291
alto,12,11,vaso,0.006378
alto,12,11,no,0.001297
alto,12,11,cabía,0.002182
alto,12,11,en,0.000438
alto,12,11,el,0.004471
alto,12,11,cajón,0.000980
alto,12,11,porque,0.000318
alto,12,11,era,0.001407
alto,12,11,demasiado,0.000808
alto,12,11,alto,0.000429
alto,12,12,el,0.999985
alto,12,12,vaso,0.000015
alto,12,12,no,0.000000
alto,12,12,cabía,0.000000
alto,12,12,en,0.000000
alto,12,12,el,0.000000
alto,12,12,cajón,0.000000
alto,12,12,porque,0.000000
alto,12,12,era,0.000000
alto,12,12,demasiado,0.000000
alto,12,12,alto,0.000000
alto,12,13,el,0.995041
alto,12,13,vaso,0.003174
alto,12,13,no,0.000112
alto,12,13,cabía,0.000511
alto,12,13,en,0.000028
alto,12,13,el,0.000713
alto,12,13,cajón,0.000238
alto,12,13,porque,0.000020
alto,12,13,era,0.000078
alto,12,13,demasiado,0.000047
alto,12,13,alto,0.000038
alto,12,14,el,0.999999
alto,12,14,vaso,0.000001
alto,12,14,no,0.000000
alto,12,14,cabía,0.000000
alto,12,14,en,0.000000
alto,12,14,el,0.000000
alto,12,14,cajón,0.000000
alto,12,14,porque,0.000000
alto,12,14,era,0.000000
alto,12,14,demasiado,0.000000
alto,12,14,alto,0.000000
alto,13,1,el,0.224157
alto,13,1,vaso,0.000007
alto,13,1,no,0.000437
alto,13,1,cabía,0.001557
alto,13,1,en,0.000000
alto,13,1,el,0.000000
alto,13,1,cajón,0.003470
alto,13,1,porque,0.014113
alto,13,1,era,0.000055
alto,13,1,demasiado,0.000002
alto,13,1,alto,0.756202
alto,13,2,el,0.257544
alto,13,2,vaso,0.077646
alto,13,2,no,0.023264
alto,13,2,cabía,0.059064
alto,13,2,en,0.023063
alto,13,2,el,0.019445
alto,13,2,cajón,0.048311
alto,13,2,porque,0.103681
alto,13,2,era,0.031146
alto,13,2,demasiado,0.050576
alto,13,2,alto,0.306260
alto,13,3,el,0.179224
alto,13,3,vaso,0.037265
alto,13,3,no,0.007929
alto,13,3,cabía,0.150882
alto,13,3,en,0.044171
alto,13,3,el,0.012114
alto,13,3,cajón,0.131474
alto,13,3,porque,0.052838
alto,13,3,era,0.034354
alto,13,3,demasiado,0.087411
alto,13,3,alto,0.262340
alto,13,4,el,0.913844
alto,13,4,vaso,0.009385
alto,13,4,no,0.001316
alto,13,4,cabía,0.007720
alto,13,4,en,0.002847
alto,13,4,el,0.001372
alto,13,4,cajón,0.009262
alto,13,4,porque,0.017493
alto,13,4,era,0.007770
alto,13,4,demasiado,0.008013
alto,13,4,alto,0.020979
alto,13,5,el,0.624400
alto,13,5,vaso,0.036689
alto,13,5,no,0.012364
alto,13,5,cabía,0.026899
alto,13,5,en,0.012554
alto,13,5,el,0.014054
alto,13,5,cajón,0.043924
alto,13,5,porque,0.031317
alto,13,5,era,0.035276
alto,13,5,demasiado,0.041799
alto,13,5,alto,0.120725
alto,13,6,el,0.449018
alto,13,6,vaso,0.113042
alto,13,6,no,0.024643
alto,13,6,cabía,0.058024
alto,13,6,en,0.013084
alto,13,6,el,0.007662
alto,13,6,cajón,0.062573
alto,13,6,porque,0.028231
alto,13,6,era,0.005701
alto,13,6,demasiado,0.004809
alto,13,6,alto,0.233211
alto,13,7,el,0.366505
alto,13,7,vaso,0.034686
alto,13,7,no,0.014441
alto,13,7,cabía,0.053504
alto,13,7,en,0.011518
alto,13,7,el,0.006889
alto,13,7,cajón,0.064366
alto,13,7,porque,0.102648
alto,13,7,era,0.024641
alto,13,7,demasiado,0.032848
alto,13,7,alto,0.287953
alto,13,8,el,0.345746
alto,13,8,vaso,0.127814
alto,13,8,no,0.026386
alto,13,8,cabía,0.080967
alto,13,8,en,0.039509
alto,13,8,el,0.022072
alto,13,8,cajón,0.107429
alto,13,8,porque,0.033145
alto,13,8,era,0.007270
alto,13,8,demasiado,0.024853
alto,13,8,alto,0.184807
alto,13,9,el,0.277966
alto,13,9,vaso,0.077752
alto,13,9,no,0.050091
alto,13,9,cabía,0.072893
alto,13,9,en,0.017978
alto,13,9,el,0.003355
alto,13,9,cajón,0.022703
alto,13,9,porque,0.084260
alto,13,9,era,0.006970
alto,13,9,demasiado,0.018966
alto,13,9,alto,0.367067
alto,13,10,el,0.150223
alto,13,10,vaso,0.510803
alto,13,10,no,0.161461
alto,13,10,cabía,0.069726
alto,13,10,en,0.007447
alto,13,10,el,0.004673
alto,13,10,cajón,0.023616
alto,13,10,porque,0.011315
alto,13,10,era,0.004020
alto,13,10,demasiado,0.001456
alto,13,10,alto,0.055260
alto,13,11,el,0.479708
alto,13,11,vaso,0.109810
alto,13,11,no,0.039985
alto,13,11,cabía,0.075142
alto,13,11,en,0.018719
alto,13,11,el,0.008009
alto,13,11,cajón,0.034542
alto,13,11,porque,0.070934
alto,13,11,era,0.008855
alto,13,11,demasiado,0.011338
alto,13,11,alto,0.142958
alto,13,12,el,0.329018
alto,13,12,vaso,0.181148
alto,13,12,no,0.050404
alto,13,12,cabía,0.070478
alto,13,12,en,0.029587
alto,13,12,el,0.018010
alto,13,12,cajón,0.123545
alto,13,12,porque,0.072031
alto,13,12,era,0.027199
alto,13,12,demasiado,0.013212
alto,13,12,alto,0.085368
alto,13,13,el,0.822583
alto,13,13,vaso,0.037600
alto,13,13,no,0.009839
alto,13,13,cabía,0.003571
alto,13,13,en,0.001926
alto,13,13,el,0.002050
alto,13,13,cajón,0.007246
alto,13,13,porque,0.009352
alto,13,13,era,0.000491
alto,13,13,demasiado,0.000624
alto,13,13,alto,0.104718
alto,13,14,el,0.488938
alto,13,14,vaso,0.091785
alto,13,14,no,0.027541
alto,13,14,cabía,0.036680
alto,13,14,en,0.016087
alto,13,14,el,0.018781
alto,13,14,cajón,0.074693
alto,13,14,porque,0.052887
alto,13,14,era,0.011403
alto,13,14,demasiado,0.014679
alto,13,14,alto,0.166526
alto,14,1,el,0.336824
alto,14,1,vaso,0.176635
alto,14,1,no,0.069954
alto,14,1,cabía,0.104259
alto,14,1,en,0.015582
alto,14,1,el,0.003901
alto,14,1,cajón,0.026779
alto,14,1,porque,0.039684
alto,14,1,era,0.011555
alto,14,1,demasiado,0.007195
alto,14,1,alto,0.207632
alto,14,2,el,0.740087
alto,14,2,vaso,0.005877
alto,14,2,no,0.009228
alto,14,2,cabía,0.005863
alto,14,2,en,0.001662
alto,14,2,el,0.000203
alto,14,2,cajón,0.002192
alto,14,2,porque,0.029248
alto,14,2,era,0.001833
alto,14,2,demasiado,0.003764
alto,14,2,alto,0.200045
alto,14,3,el,0.942084
alto,14,3,vaso,0.030783
alto,14,3,no,0.000885
alto,14,3,cabía,0.001574
alto,14,3,en,0.006010
alto,14,3,el,0.002096
alto,14,3,cajón,0.000141
alto,14,3,porque,0.000573
alto,14,3,era,0.000196
alto,14,3,demasiado,0.000033
alto,14,3,alto,0.015625
alto,14,4,el,0.188834
alto,14,4,vaso,0.003138
alto,14,4,no,0.001691
alto,14,4,cabía,0.012761
alto,14,4,en,0.009923
alto,14,4,el,0.001106
alto,14,4,cajón,0.003414
alto,14,4,porque,0.026442
alto,14,4,era,0.003058
alto,14,4,demasiado,0.000553
alto,14,4,alto,0.749079
alto,14,5,el,0.746314
alto,14,5,vaso,0.036026
alto,14,5,no,0.018610
alto,14,5,cabía,0.008519
alto,14,5,en,0.001225
alto,14,5,el,0.000145
alto,14,5,cajón,0.002529
alto,14,5,porque,0.009080
alto,14,5,era,0.000291
alto,14,5,demasiado,0.000194
alto,14,5,alto,0.177067
alto,14,6,el,0.856683
alto,14,6,vaso,0.061738
alto,14,6,no,0.012839
alto,14,6,cabía,0.006569
alto,14,6,en,0.001970
alto,14,6,el,0.000923
alto,14,6,cajón,0.004132
alto,14,6,porque,0.007166
alto,14,6,era,0.000295
alto,14,6,demasiado,0.000212
alto,14,6,alto,0.047474
alto,14,7,el,0.535006
alto,14,7,vaso,0.087753
alto,14,7,no,0.019311
alto,14,7,cabía,0.120802
alto,14,7,en,0.025292
alto,14,7,el,0.015482
alto,14,7,cajón,0.058570
alto,14,7,porque,0.029478
alto,14,7,era,0.011360
alto,14,7,demasiado,0.005765
alto,14,7,alto,0.091182
alto,14,8,el,0.722118
alto,14,8,vaso,0.048933
alto,14,8,no,0.023154
alto,14,8,cabía,0.021576
alto,14,8,en,0.007053
alto,14,8,el,0.004899
alto,14,8,cajón,0.009298
alto,14,8,porque,0.028780
alto,14,8,era,0.008893
alto,14,8,demasiado,0.002938
alto,14,8,alto,0.122358
alto,14,9,el,0.989272
alto,14,9,vaso,0.002016
alto,14,9,no,0.000284
alto,14,9,cabía,0.001190
alto,14,9,en,0.000180
alto,14,9,el,0.000102
alto,14,9,cajón,0.000446
alto,14,9,porque,0.000418
alto,14,9,era,0.001309
alto,14,9,demasiado,0.001300
alto,14,9,alto,0.003484
alto,14,10,el,0.807265
alto,14,10,vaso,0.069875
alto,14,10,no,0.006600
alto,14,10,cabía,0.005292
alto,14,10,en,0.001365
alto,14,10,el,0.001016
alto,14,10,cajón,0.001583
alto,14,10,porque,0.010822
alto,14,10,era,0.006813
alto,14,10,demasiado,0.000987
alto,14,10,alto,0.088381
alto,14,11,el,0.341784
alto,14,11,vaso,0.077337
alto,14,11,no,0.045006
alto,14,11,cabía,0.069488
alto,14,11,en,0.026672
alto,14,11,el,0.013308
alto,14,11,cajón,0.033059
alto,14,11,porque,0.117569
alto,14,11,era,0.022017
alto,14,11,demasiado,0.021639
alto,14,11,alto,0.232121
alto,14,12,el,0.297070
alto,14,12,vaso,0.161712
alto,14,12,no,0.070864
alto,14,12,cabía,0.091781
alto,14,12,en,0.018360
alto,14,12,el,0.014577
alto,14,12,cajón,0.034567
alto,14,12,porque,0.091120
alto,14,12,era,0.021073
alto,14,12,demasiado,0.007501
alto,14,12,alto,0.191375
alto,14,13,el,0.966170
alto,14,13,vaso,0.001271
alto,14,13,no,0.000139
alto,14,13,cabía,0.000261
alto,14,13,en,0.000093
alto,14,13,el,0.000057
alto,14,13,cajón,0.000093
alto,14,13,porque,0.001678
alto,14,13,era,0.000358
alto,14,13,demasiado,0.000070
alto,14,13,alto,0.029808
alto,14,14,el,0.361812
alto,14,14,vaso,0.063514
alto,14,14,no,0.029873
alto,14,14,cabía,0.114083
alto,14,14,en,0.029573
alto,14,14,el,0.016491
alto,14,14,cajón,0.036351
alto,14,14,porque,0.073478
alto,14,14,era,0.026014
alto,14,14,demasiado,0.017695
alto,14,14,alto,0.231115
alto,15,1,el,0.218920
alto,15,1,vaso,0.055285
alto,15,1,no,0.043929
alto,15,1,cabía,0.129929
alto,15,1,en,0.056425
alto,15,1,el,0.010900
alto,15,1,cajón,0.057619
alto,15,1,porque,0.141416
alto,15,1,era,0.032057
alto,15,1,demasiado,0.070245
alto,15,1,alto,0.183276
alto,15,2,el,0.163291
alto,15,2,vaso,0.000145
alto,15,2,no,0.002110
alto,15,2,cabía,0.019084
alto,15,2,en,0.000754
alto,15,2,el,0.000017
alto,15,2,cajón,0.010837
alto,15,2,porque,0.016318
alto,15,2,era,0.000405
alto,15,2,demasiado,0.000285
alto,15,2,alto,0.786754
alto,15,3,el,0.489086
alto,15,3,vaso,0.021144
alto,15,3,no,0.017682
alto,15,3,cabía,0.059476
alto,15,3,en,0.021265
alto,15,3,el,0.003046
alto,15,3,cajón,0.018252
alto,15,3,porque,0.119808
alto,15,3,era,0.009481
alto,15,3,demasiado,0.022120
alto,15,3,alto,0.218640
alto,15,4,el,0.637947
alto,15,4,vaso,0.107950
alto,15,4,no,0.031888
alto,15,4,cabía,0.031537
alto,15,4,en,0.013368
alto,15,4,el,0.005901
alto,15,4,cajón,0.038348
alto,15,4,porque,0.027613
alto,15,4,era,0.008793
alto,15,4,demasiado,0.030227
alto,15,4,alto,0.066429
alto,15,5,el,0.739480
alto,15,5,vaso,0.030892
alto,15,5,no,0.010821
alto,15,5,cabía,0.005822
alto,15,5,en,0.001572
alto,15,5,el,0.000431
alto,15,5,cajón,0.003840
alto,15,5,porque,0.006004
alto,15,5,era,0.000156
alto,15,5,demasiado,0.000084
alto,15,5,alto,0.200898
alto,15,6,el,0.639729
alto,15,6,vaso,0.047239
alto,15,6,no,0.014859
alto,15,6,cabía,0.050871
alto,15,6,en,0.032487
alto,15,6,el,0.013806
alto,15,6,cajón,0.031541
alto,15,6,porque,0.048753
alto,15,6,era,0.012547
alto,15,6,demasiado,0.019794
alto,15,6,alto,0.088375
alto,15,7,el,0.414546
alto,15,7,vaso,0.030524
alto,15,7,no,0.034052
alto,15,7,cabía,0.046611
alto,15,7,en,0.011202
alto,15,7,el,0.001783
alto,15,7,cajón,0.012230
alto,15,7,porque,0.113697
alto,15,7,era,0.003450
alto,15,7,demasiado,0.004020
alto,15,7,alto,0.327886
alto,15,8,el,0.552721
alto,15,8,vaso,0.041436
alto,15,8,no,0.015430
alto,15,8,cabía,0.062089
alto,15,8,en,0.017922
alto,15,8,el,0.004006
alto,15,8,cajón,0.027126
alto,15,8,porque,0.074695
alto,15,8,era,0.008169
alto,15,8,demasiado,0.032261
alto,15,8,alto,0.164146
alto,15,9,el,0.641257
alto,15,9,vaso,0.060272
alto,15,9,no,0.031175
alto,15,9,cabía,0.050692
alto,15,9,en,0.021709
alto,15,9,el,0.021481
alto,15,9,cajón,0.024439
alto,15,9,porque,0.058724
alto,15,9,era,0.018464
alto,15,9,demasiado,0.023781
alto,15,9,alto,0.048004
alto,15,10,el,0.864141
alto,15,10,vaso,0.024781
alto,15,10,no,0.012873
alto,15,10,cabía,0.021444
alto,15,10,en,0.005873
alto,15,10,el,0.006082
alto,15,10,cajón,0.009568
alto,15,10,porque,0.019354
alto,15,10,era,0.005986
alto,15,10,demasiado,0.013774
alto,15,10,alto,0.016123
alto,15,11,el,0.120872
alto,15,11,vaso,0.000104
alto,15,11,no,0.001247
alto,15,11,cabía,0.015808
alto,15,11,en,0.000034
alto,15,11,el,0.000001
alto,15,11,cajón,0.005062
alto,15,11,porque,0.014811
alto,15,11,era,0.000047
alto,15,11,demasiado,0.000017
alto,15,11,alto,0.841998
alto,15,12,el,0.913460
alto,15,12,vaso,0.018200
alto,15,12,no,0.012357
alto,15,12,cabía,0.004202
alto,15,12,en,0.000773
alto,15,12,el,0.000686
alto,15,12,cajón,0.002963
alto,15,12,porque,0.009245
alto,15,12,era,0.001136
alto,15,12,demasiado,0.002617
alto,15,12,alto,0.034362
alto,15,13,el,0.879367
alto,15,13,vaso,0.028420
alto,15,13,no,0.013520
alto,15,13,cabía,0.003920
alto,15,13,en,0.000825
alto,15,13,el,0.001509
alto,15,13,cajón,0.008235
alto,15,13,porque,0.006866
alto,15,13,era,0.002377
alto,15,13,demasiado,0.002262
alto,15,13,alto,0.052697
alto,15,14,el,0.621079
alto,15,14,vaso,0.063493
alto,15,14,no,0.024837
alto,15,14,cabía,0.038151
alto,15,14,en,0.014436
alto,15,14,el,0.012151
alto,15,14,cajón,0.045818
alto,15,14,porque,0.041472
alto,15,14,era,0.013825
alto,15,14,demasiado,0.021771
alto,15,14,alto,0.102968
alto,16,1,el,0.423568
alto,16,1,vaso,0.328863
alto,16,1,no,0.026838
alto,16,1,cabía,0.015547
alto,16,1,en,0.005787
alto,16,1,el,0.004853
alto,16,1,cajón,0.037969
alto,16,1,porque,0.013009
alto,16,1,era,0.002947
alto,16,1,demasiado,0.004997
alto,16,1,alto,0.135623
alto,16,2,el,0.257898
alto,16,2,vaso,0.015885
alto,16,2,no,0.003460
alto,16,2,cabía,0.004748
alto,16,2,en,0.002742
alto,16,2,el,0.001675
alto,16,2,cajón,0.004333
alto,16,2,porque,0.014596
alto,16,2,era,0.002211
alto,16,2,demasiado,0.000580
alto,16,2,alto,0.691873
alto,16,3,el,0.587470
alto,16,3,vaso,0.001493
alto,16,3,no,0.000287
alto,16,3,cabía,0.000001
alto,16,3,en,0.000000
alto,16,3,el,0.000001
alto,16,3,cajón,0.000658
alto,16,3,porque,0.000001
alto,16,3,era,0.000000
alto,16,3,demasiado,0.011245
alto,16,3,alto,0.398844
alto,16,4,el,0.644088
alto,16,4,vaso,0.006780
alto,16,4,no,0.001474
alto,16,4,cabía,0.002275
alto,16,4,en,0.001183
alto,16,4,el,0.000629
alto,16,4,cajón,0.004156
alto,16,4,porque,0.019194
alto,16,4,era,0.002067
alto,16,4,demasiado,0.003128
alto,16,4,alto,0.315026
alto,16,5,el,0.550968
alto,16,5,vaso,0.021495
alto,16,5,no,0.016659
alto,16,5,cabía,0.010617
alto,16,5,en,0.005355
alto,16,5,el,0.004174
alto,16,5,cajón,0.013160
alto,16,5,porque,0.124657
alto,16,5,era,0.052274
alto,16,5,demasiado,0.069568
alto,16,5,alto,0.131074
alto,16,6,el,0.729378
alto,16,6,vaso,0.048355
alto,16,6,no,0.026262
alto,16,6,cabía,0.011647
alto,16,6,en,0.001973
alto,16,6,el,0.000627
alto,16,6,cajón,0.010676
alto,16,6,porque,0.024640
alto,16,6,era,0.005119
alto,16,6,demasiado,0.009007
alto,16,6,alto,0.132315
alto,16,7,el,0.589376
alto,16,7,vaso,0.178379
alto,16,7,no,0.021134
alto,16,7,cabía,0.024095
alto,16,7,en,0.018004
alto,16,7,el,0.012246
alto,16,7,cajón,0.066999
alto,16,7,porque,0.011730
alto,16,7,era,0.007645
alto,16,7,demasiado,0.005895
alto,16,7,alto,0.064498
alto,16,8,el,0.665544
alto,16,8,vaso,0.111699
alto,16,8,no,0.016904
alto,16,8,cabía,0.020106
alto,16,8,en,0.012896
alto,16,8,el,0.022129
alto,16,8,cajón,0.029630
alto,16,8,porque,0.025617
alto,16,8,era,0.010684
alto,16,8,demasiado,0.009866
alto,16,8,alto,0.074926
alto,16,9,el,0.614331
alto,16,9,vaso,0.084060
alto,16,9,no,0.034920
alto,16,9,cabía,0.017416
alto,16,9,en,0.008603
alto,16,9,el,0.016380
alto,16,9,cajón,0.044641
alto,16,9,porque,0.026532
alto,16,9,era,0.012079
alto,16,9,demasiado,0.014552
alto,16,9,alto,0.126485
alto,16,10,el,0.631196
alto,16,10,vaso,0.103624
alto,16,10,no,0.017542
alto,16,10,cabía,0.026090
alto,16,10,en,0.013839
alto,16,10,el,0.015371
alto,16,10,cajón,0.043015
alto,16,10,porque,0.031512
alto,16,10,era,0.010871
alto,16,10,demasiado,0.020306
alto,16,10,alto,0.086635
alto,16,11,el,0.645611
alto,16,11,vaso,0.056991
alto,16,11,no,0.049206
alto,16,11,cabía,0.026168
alto,16,11,en,0.014018
alto,16,11,el,0.012591
alto,16,11,cajón,0.017322
alto,16,11,porque,0.043817
alto,16,11,era,0.010437
alto,16,11,demasiado,0.011670
alto,16,11,alto,0.112169
alto,16,12,el,0.735165
alto,16,12,vaso,0.082454
alto,16,12,no,0.014155
alto,16,12,cabía,0.008275
alto,16,12,en,0.004964
alto,16,12,el,0.016087
alto,16,12,cajón,0.010803
alto,16,12,porque,0.037240
alto,16,12,era,0.002079
alto,16,12,demasiado,0.002404
alto,16,12,alto,0.086374
alto,16,13,el,0.961726
alto,16,13,vaso,0.014601
alto,16,13,no,0.002035
alto,16,13,cabía,0.003509
alto,16,13,en,0.001089
alto,16,13,el,0.002920
alto,16,13,cajón,0.006900
alto,16,13,porque,0.001692
alto,16,13,era,0.000307
alto,16,13,demasiado,0.000434
alto,16,13,alto,0.004785
alto,16,14,el,0.681935
alto,16,14,vaso,0.085472
alto,16,14,no,0.032412
alto,16,14,cabía,0.026562
alto,16,14,en,0.009372
alto,16,14,el,0.031136
alto,16,14,cajón,0.063814
alto,16,14,porque,0.015675
alto,16,14,era,0.005001
alto,16,14,demasiado,0.004221
alto,16,14,alto,0.044400
alto,17,1,el,0.980805
alto,17,1,vaso,0.004658
alto,17,1,no,0.001140
alto,17,1,cabía,0.001067
alto,17,1,en,0.001880
alto,17,1,el,0.002357
alto,17,1,cajón,0.002149
alto,17,1,porque,0.002441
alto,17,1,era,0.000972
alto,17,1,demasiado,0.001030
alto,17,1,alto,0.001503
alto,17,2,el,0.999954
alto,17,2,vaso,0.000000
alto,17,2,no,0.000000
alto,17,2,cabía,0.000000
alto,17,2,en,0.000000
alto,17,2,el,0.000000
alto,17,2,cajón,0.000000
alto,17,2,porque,0.000023
alto,17,2,era,0.000001
alto,17,2,demasiado,0.000000
alto,17,2,alto,0.000021
alto,17,3,el,0.987676
alto,17,3,vaso,0.000385
alto,17,3,no,0.000400
alto,17,3,cabía,0.000069
alto,17,3,en,0.000076
alto,17,3,el,0.000041
alto,17,3,cajón,0.000020
alto,17,3,porque,0.004926
alto,17,3,era,0.000972
alto,17,3,demasiado,0.000016
alto,17,3,alto,0.005418
alto,17,4,el,0.991220
alto,17,4,vaso,0.000138
alto,17,4,no,0.000073
alto,17,4,cabía,0.000016
alto,17,4,en,0.000024
alto,17,4,el,0.000017
alto,17,4,cajón,0.000018
alto,17,4,porque,0.002735
alto,17,4,era,0.000184
alto,17,4,demasiado,0.000011
alto,17,4,alto,0.005564
alto,17,5,el,0.998962
alto,17,5,vaso,0.000014
alto,17,5,no,0.000033
alto,17,5,cabía,0.000001
alto,17,5,en,0.000000
alto,17,5,el,0.000000
alto,17,5,cajón,0.000000
alto,17,5,porque,0.000540
alto,17,5,era,0.000006
alto,17,5,demasiado,0.000000
alto,17,5,alto,0.000443
alto,17,6,el,0.976827
alto,17,6,vaso,0.003322
alto,17,6,no,0.003462
alto,17,6,cabía,0.000660
alto,17,6,en,0.000403
alto,17,6,el,0.000170
alto,17,6,cajón,0.000197
alto,17,6,porque,0.009686
alto,17,6,era,0.000216
alto,17,6,demasiado,0.000093
alto,17,6,alto,0.004964
alto,17,7,el,0.983646
alto,17,7,vaso,0.003132
alto,17,7,no,0.000590
alto,17,7,cabía,0.001450
alto,17,7,en,0.000235
alto,17,7,el,0.000180
alto,17,7,cajón,0.000329
alto,17,7,porque,0.003225
alto,17,7,era,0.002604
alto,17,7,demasiado,0.000653
alto,17,7,alto,0.003954
alto,17,8,el,0.960433
alto,17,8,vaso,0.003399
alto,17,8,no,0.002488
alto,17,8,cabía,0.001729
alto,17,8,en,0.003150
alto,17,8,el,0.001476
alto,17,8,cajón,0.000820
alto,17,8,porque,0.009260
alto,17,8,era,0.001619
alto,17,8,demasiado,0.002386
alto,17,8,alto,0.013239
alto,17,9,el,0.977466
alto,17,9,vaso,0.004926
alto,17,9,no,0.001494
alto,17,9,cabía,0.001005
alto,17,9,en,0.000349
alto,17,9,el,0.000623
alto,17,9,cajón,0.000433
alto,17,9,porque,0.001265
alto,17,9,era,0.000563
alto,17,9,demasiado,0.000262
alto,17,9,alto,0.011614
alto,17,10,el,0.996520
alto,17,10,vaso,0.000008
alto,17,10,no,0.000011
alto,17,10,cabía,0.000007
alto,17,10,en,0.000012
alto,17,10,el,0.000008
alto,17,10,cajón,0.000003
alto,17,10,porque,0.000643
alto,17,10,era,0.000037
alto,17,10,demasiado,0.000020
alto,17,10,alto,0.002730
alto,17,11,el,0.862889
alto,17,11,vaso,0.002336
alto,17,11,no,0.001230
alto,17,11,cabía,0.001439
alto,17,11,en,0.000470
alto,17,11,el,0.000668
alto,17,11,cajón,0.000438
alto,17,11,porque,0.004872
alto,17,11,era,0.001931
alto,17,11,demasiado,0.001233
alto,17,11,alto,0.122494
alto,17,12,el,0.809018
alto,17,12,vaso,0.018309
alto,17,12,no,0.015494
alto,17,12,cabía,0.002218
alto,17,12,en,0.003722
alto,17,12,el,0.006169
alto,17,12,cajón,0.002756
alto,17,12,porque,0.040144
alto,17,12,era,0.008417
alto,17,12,demasiado,0.005161
alto,17,12,alto,0.088592
alto,17,13,el,0.968207
alto,17,13,vaso,0.000616
alto,17,13,no,0.000827
alto,17,13,cabía,0.000153
alto,17,13,en,0.000089
alto,17,13,el,0.000040
alto,17,13,cajón,0.000044
alto,17,13,porque,0.012360
alto,17,13,era,0.000957
alto,17,13,demasiado,0.000158
alto,17,13,alto,0.016549
alto,17,14,el,0.793327
alto,17,14,vaso,0.007915
alto,17,14,no,0.007674
alto,17,14,cabía,0.002943
alto,17,14,en,0.003339
alto,17,14,el,0.005183
alto,17,14,cajón,0.003379
alto,17,14,porque,0.031948
alto,17,14,era,0.013601
alto,17,14,demasiado,0.003215
alto,17,14,alto,0.127476
alto,18,1,el,0.311471
alto,18,1,vaso,0.166156
alto,18,1,no,0.036787
alto,18,1,cabía,0.057407
alto,18,1,en,0.035452
alto,18,1,el,0.060229
alto,18,1,cajón,0.037240
alto,18,1,porque,0.039202
alto,18,1,era,0.044071
alto,18,1,demasiado,0.005506
alto,18,1,alto,0.206479
alto,18,2,el,0.754265
alto,18,2,vaso,0.026429
alto,18,2,no,0.017898
alto,18,2,cabía,0.006753
alto,18,2,en,0.005112
alto,18,2,el,0.004716
alto,18,2,cajón,0.014255
alto,18,2,porque,0.013856
alto,18,2,era,0.001521
alto,18,2,demasiado,0.001050
alto,18,2,alto,0.154145
alto,18,3,el,0.014872
alto,18,3,vaso,0.164914
alto,18,3,no,0.041997
alto,18,3,cabía,0.062339
alto,18,3,en,0.080175
alto,18,3,el,0.262871
alto,18,3,cajón,0.061607
alto,18,3,porque,0.057110
alto,18,3,era,0.189970
alto,18,3,demasiado,0.015799
alto,18,3,alto,0.048346
alto,18,4,el,0.766448
alto,18,4,vaso,0.007748
alto,18,4,no,0.010409
alto,18,4,cabía,0.006579
alto,18,4,en,0.003973
alto,18,4,el,0.002135
alto,18,4,cajón,0.007802
alto,18,4,porque,0.016024
alto,18,4,era,0.006906
alto,18,4,demasiado,0.003354
alto,18,4,alto,0.168622
alto,18,5,el,0.905112
alto,18,5,vaso,0.012928
alto,18,5,no,0.004502
alto,18,5,cabía,0.002102
alto,18,5,en,0.003229
alto,18,5,el,0.007190
alto,18,5,cajón,0.005507
alto,18,5,porque,0.005937
alto,18,5,era,0.001863
alto,18,5,demasiado,0.000576
alto,18,5,alto,0.051054
alto,18,6,el,0.933891
alto,18,6,vaso,0.008877
alto,18,6,no,0.002944
alto,18,6,cabía,0.003041
alto,18,6,en,0.007457
alto,18,6,el,0.014187
alto,18,6,cajón,0.005148
alto,18,6,porque,0.007882
alto,18,6,era,0.003547
alto,18,6,demasiado,0.001442
alto,18,6,alto,0.011585
alto,18,7,el,0.994101
alto,18,7,vaso,0.000795
alto,18,7,no,0.000292
alto,18,7,cabía,0.000151
alto,18,7,en,0.000044
alto,18,7,el,0.000057
alto,18,7,cajón,0.000201
alto,18,7,porque,0.000090
alto,18,7,era,0.000033
alto,18,7,demasiado,0.000025
alto,18,7,alto,0.004211
alto,18,8,el,0.973828
alto,18,8,vaso,0.006874
alto,18,8,no,0.002427
alto,18,8,cabía,0.003692
alto,18,8,en,0.000911
alto,18,8,el,0.000651
alto,18,8,cajón,0.001101
alto,18,8,porque,0.001760
alto,18,8,era,0.000964
alto,18,8,demasiado,0.000283
alto,18,8,alto,0.007509
alto,18,9,el,0.928585
alto,18,9,vaso,0.017098
alto,18,9,no,0.007836
alto,18,9,cabía,0.004314
alto,18,9,en,0.001014
alto,18,9,el,0.000762
alto,18,9,cajón,0.009637
alto,18,9,porque,0.006419
alto,18,9,era,0.000777
alto,18,9,demasiado,0.000910
alto,18,9,alto,0.022649
alto,18,10,el,0.878984
alto,18,10,vaso,0.002997
alto,18,10,no,0.004224
alto,18,10,cabía,0.000576
alto,18,10,en,0.000435
alto,18,10,el,0.000917
alto,18,10,cajón,0.000626
alto,18,10,porque,0.007048
alto,18,10,era,0.001365
alto,18,10,demasiado,0.003472
alto,18,10,alto,0.099355
alto,18,11,el,0.929098
alto,18,11,vaso,0.000810
alto,18,11,no,0.000171
alto,18,11,cabía,0.000251
alto,18,11,en,0.000064
alto,18,11,el,0.000140
alto,18,11,cajón,0.000154
alto,18,11,porque,0.001760
alto,18,11,era,0.000370
alto,18,11,demasiado,0.000202
alto,18,11,alto,0.066980
alto,18,12,el,0.842488
alto,18,12,vaso,0.013483
alto,18,12,no,0.018827
alto,18,12,cabía,0.009485
alto,18,12,en,0.003108
alto,18,12,el,0.002915
alto,18,12,cajón,0.003249
alto,18,12,porque,0.017102
alto,18,12,era,0.004954
alto,18,12,demasiado,0.004091
alto,18,12,alto,0.080298
alto,18,13,el,0.928202
alto,18,13,vaso,0.007559
alto,18,13,no,0.002784
alto,18,13,cabía,0.001465
alto,18,13,en,0.010135
alto,18,13,el,0.005344
alto,18,13,cajón,0.003286
alto,18,13,porque,0.008787
alto,18,13,era,0.001914
alto,18,13,demasiado,0.003568
alto,18,13,alto,0.026956
alto,18,14,el,0.894835
alto,18,14,vaso,0.001311
alto,18,14,no,0.000514
alto,18,14,cabía,0.000543
alto,18,14,en,0.000148
alto,18,14,el,0.000140
alto,18,14,cajón,0.000310
alto,18,14,porque,0.003271
alto,18,14,era,0.001139
alto,18,14,demasiado,0.001582
alto,18,14,alto,0.096207
alto,19,1,el,0.884928
alto,19,1,vaso,0.019144
alto,19,1,no,0.023708
alto,19,1,cabía,0.004399
alto,19,1,en,0.003912
alto,19,1,el,0.002591
alto,19,1,cajón,0.003399
alto,19,1,porque,0.011082
alto,19,1,era,0.002437
alto,19,1,demasiado,0.014831
alto,19,1,alto,0.029569
alto,19,2,el,0.953396
alto,19,2,vaso,0.021746
alto,19,2,no,0.005519
alto,19,2,cabía,0.002836
alto,19,2,en,0.001695
alto,19,2,el,0.001333
alto,19,2,cajón,0.003989
alto,19,2,porque,0.002035
alto,19,2,era,0.000711
alto,19,2,demasiado,0.000380
alto,19,2,alto,0.006359
alto,19,3,el,0.696881
alto,19,3,vaso,0.002905
alto,19,3,no,0.001023
alto,19,3,cabía,0.000821
alto,19,3,en,0.000287
alto,19,3,el,0.000225
alto,19,3,cajón,0.000562
alto,19,3,porque,0.006624
alto,19,3,era,0.000514
alto,19,3,demasiado,0.000339
alto,19,3,alto,0.289819
alto,19,4,el,0.921602
alto,19,4,vaso,0.000293
alto,19,4,no,0.000265
alto,19,4,cabía,0.000048
alto,19,4,en,0.000009
alto,19,4,el,0.000025
alto,19,4,cajón,0.000344
alto,19,4,porque,0.000444
alto,19,4,era,0.000073
alto,19,4,demasiado,0.001557
alto,19,4,alto,0.075338
alto,19,5,el,0.846755
alto,19,5,vaso,0.022614
alto,19,5,no,0.006863
alto,19,5,cabía,0.009765
alto,19,5,en,0.006071
alto,19,5,el,0.007115
alto,19,5,cajón,0.007444
alto,19,5,porque,0.014788
alto,19,5,era,0.006466
alto,19,5,demasiado,0.004230
alto,19,5,alto,0.067889
alto,19,6,el,0.905870
alto,19,6,vaso,0.013624
alto,19,6,no,0.015063
alto,19,6,cabía,0.007104
alto,19,6,en,0.006322
alto,19,6,el,0.002241
alto,19,6,cajón,0.003459
alto,19,6,porque,0.007344
alto,19,6,era,0.002823
alto,19,6,demasiado,0.004931
alto,19,6,alto,0.031219
alto,19,7,el,0.852361
alto,19,7,vaso,0.028984
alto,19,7,no,0.007585
alto,19,7,cabía,0.003914
alto,19,7,en,0.003086
alto,19,7,el,0.004432
alto,19,7,cajón,0.008755
alto,19,7,porque,0.012257
alto,19,7,era,0.003703
alto,19,7,demasiado,0.002062
alto,19,7,alto,0.072858
alto,19,8,el,0.949415
alto,19,8,vaso,0.000340
alto,19,8,no,0.000202
alto,19,8,cabía,0.000509
alto,19,8,en,0.000251
alto,19,8,el,0.000060
alto,19,8,cajón,0.000820
alto,19,8,porque,0.003973
alto,19,8,era,0.000837
alto,19,8,demasiado,0.002506
alto,19,8,alto,0.041087
alto,19,9,el,0.612653
alto,19,9,vaso,0.001014
alto,19,9,no,0.000097
alto,19,9,cabía,0.000070
alto,19,9,en,0.000009
alto,19,9,el,0.000008
alto,19,9,cajón,0.000389
alto,19,9,porque,0.002663
alto,19,9,era,0.000094
alto,19,9,demasiado,0.000087
alto,19,9,alto,0.382918
alto,19,10,el,0.552285
alto,19,10,vaso,0.017406
alto,19,10,no,0.010882
alto,19,10,cabía,0.006189
alto,19,10,en,0.001441
alto,19,10,el,0.000557
alto,19,10,cajón,0.006530
alto,19,10,porque,0.054159
alto,19,10,era,0.011813
alto,19,10,demasiado,0.012152
alto,19,10,alto,0.326587
alto,19,11,el,0.810904
alto,19,11,vaso,0.007474
alto,19,11,no,0.001198
alto,19,11,cabía,0.001604
alto,19,11,en,0.000132
alto,19,11,el,0.000061
alto,19,11,cajón,0.002609
alto,19,11,porque,0.004953
alto,19,11,era,0.000619
alto,19,11,demasiado,0.000577
alto,19,11,alto,0.169870
alto,19,12,el,0.865514
alto,19,12,vaso,0.004943
alto,19,12,no,0.003048
alto,19,12,cabía,0.003312
alto,19,12,en,0.000167
alto,19,12,el,0.000059
alto,19,12,cajón,0.001604
alto,19,12,porque,0.008956
alto,19,12,era,0.002201
alto,19,12,demasiado,0.003131
alto,19,12,alto,0.107065
alto,19,13,el,0.711727
alto,19,13,vaso,0.002811
alto,19,13,no,0.000565
alto,19,13,cabía,0.000560
alto,19,13,en,0.000098
alto,19,13,el,0.000018
alto,19,13,cajón,0.002010
alto,19,13,porque,0.003986
alto,19,13,era,0.000335
alto,19,13,demasiado,0.000721
alto,19,13,alto,0.277168
alto,19,14,el,0.909989
alto,19,14,vaso,0.005759
alto,19,14,no,0.006038
alto,19,14,cabía,0.002158
alto,19,14,en,0.000970
alto,19,14,el,0.001087
alto,19,14,cajón,0.009552
alto,19,14,porque,0.015563
alto,19,14,era,0.000887
alto,19,14,demasiado,0.001948
alto,19,14,alto,0.046047
alto,20,1,el,0.854208
alto,20,1,vaso,0.014036
alto,20,1,no,0.004638
alto,20,1,cabía,0.001101
alto,20,1,en,0.000369
alto,20,1,el,0.000220
alto,20,1,cajón,0.001352
alto,20,1,porque,0.008869
alto,20,1,era,0.001093
alto,20,1,demasiado,0.000805
alto,20,1,alto,0.113309
alto,20,2,el,0.588597
alto,20,2,vaso,0.000803
alto,20,2,no,0.000027
alto,20,2,cabía,0.000158
alto,20,2,en,0.000057
alto,20,2,el,0.000015
alto,20,2,cajón,0.000382
alto,20,2,porque,0.002786
alto,20,2,era,0.000102
alto,20,2,demasiado,0.000159
alto,20,2,alto,0.406914
alto,20,3,el,0.847481
alto,20,3,vaso,0.053969
alto,20,3,no,0.010325
alto,20,3,cabía,0.002340
alto,20,3,en,0.003679
alto,20,3,el,0.005520
alto,20,3,cajón,0.014180
alto,20,3,porque,0.004232
alto,20,3,era,0.002400
alto,20,3,demasiado,0.000830
alto,20,3,alto,0.055045
alto,20,4,el,0.926669
alto,20,4,vaso,0.000095
alto,20,4,no,0.000067
alto,20,4,cabía,0.000001
alto,20,4,en,0.000000
alto,20,4,el,0.000000
alto,20,4,cajón,0.000256
alto,20,4,porque,0.000093
alto,20,4,era,0.000016
alto,20,4,demasiado,0.000623
alto,20,4,alto,0.072179
alto,20,5,el,0.791126
alto,20,5,vaso,0.013805
alto,20,5,no,0.004163
alto,20,5,cabía,0.002991
alto,20,5,en,0.001402
alto,20,5,el,0.000989
alto,20,5,cajón,0.000763
alto,20,5,porque,0.008500
alto,20,5,era,0.001149
alto,20,5,demasiado,0.000757
alto,20,5,alto,0.174357
alto,20,6,el,0.708763
alto,20,6,vaso,0.034507
alto,20,6,no,0.008543
alto,20,6,cabía,0.010629
alto,20,6,en,0.002749
alto,20,6,el,0.002225
alto,20,6,cajón,0.010475
alto,20,6,porque,0.024836
alto,20,6,era,0.004358
alto,20,6,demasiado,0.003481
alto,20,6,alto,0.189434
alto,20,7,el,0.752012
alto,20,7,vaso,0.022552
alto,20,7,no,0.016634
alto,20,7,cabía,0.005618
alto,20,7,en,0.013037
alto,20,7,el,0.004960
alto,20,7,cajón,0.008706
alto,20,7,porque,0.026412
alto,20,7,era,0.008744
alto,20,7,demasiado,0.003645
alto,20,7,alto,0.137680
alto,20,8,el,0.728125
alto,20,8,vaso,0.039133
alto,20,8,no,0.011665
alto,20,8,cabía,0.033619
alto,20,8,en,0.005153
alto,20,8,el,0.001186
alto,20,8,cajón,0.046064
alto,20,8,porque,0.018415
alto,20,8,era,0.002636
alto,20,8,demasiado,0.007941
alto,20,8,alto,0.106062
alto,20,9,el,0.300097
alto,20,9,vaso,0.000126
alto,20,9,no,0.000355
alto,20,9,cabía,0.001150
alto,20,9,en,0.002064
alto,20,9,el,0.000157
alto,20,9,cajón,0.001137
alto,20,9,porque,0.009177
alto,20,9,era,0.001121
alto,20,9,demasiado,0.000203
alto,20,9,alto,0.684414
alto,20,10,el,0.438844
alto,20,10,vaso,0.009053
alto,20,10,no,0.005815
alto,20,10,cabía,0.004819
alto,20,10,en,0.000465
alto,20,10,el,0.000108
alto,20,10,cajón,0.005498
alto,20,10,porque,0.026004
alto,20,10,era,0.002019
alto,20,10,demasiado,0.002863
alto,20,10,alto,0.504510
alto,20,11,el,0.596415
alto,20,11,vaso,0.008546
alto,20,11,no,0.000597
alto,20,11,cabía,0.001920
alto,20,11,en,0.000473
alto,20,11,el,0.000121
alto,20,11,cajón,0.003647
alto,20,11,porque,0.014044
alto,20,11,era,0.000901
alto,20,11,demasiado,0.000217
alto,20,11,alto,0.373119
alto,20,12,el,0.684404
alto,20,12,vaso,0.001084
alto,20,12,no,0.001109
alto,20,12,cabía,0.000439
alto,20,12,en,0.000053
alto,20,12,el,0.000015
alto,20,12,cajón,0.002810
alto,20,12,porque,0.015032
alto,20,12,era,0.002866
alto,20,12,demasiado,0.005382
alto,20,12,alto,0.286805
alto,20,13,el,0.622231
alto,20,13,vaso,0.012873
alto,20,13,no,0.002148
alto,20,13,cabía,0.004424
alto,20,13,en,0.000929
alto,20,13,el,0.000378
alto,20,13,cajón,0.004375
alto,20,13,porque,0.010619
alto,20,13,era,0.000563
alto,20,13,demasiado,0.000792
alto,20,13,alto,0.340670
alto,20,14,el,0.693455
alto,20,14,vaso,0.018949
alto,20,14,no,0.011347
alto,20,14,cabía,0.011925
alto,20,14,en,0.003977
alto,20,14,el,0.002197
alto,20,14,cajón,0.015435
alto,20,14,porque,0.021935
alto,20,14,era,0.005295
alto,20,14,demasiado,0.013181
alto,20,14,alto,0.202303
alto,21,1,el,0.826876
alto,21,1,vaso,0.010118
alto,21,1,no,0.003088
alto,21,1,cabía,0.001009
alto,21,1,en,0.000921
alto,21,1,el,0.001219
alto,21,1,cajón,0.003890
alto,21,1,porque,0.010602
alto,21,1,era,0.001441
alto,21,1,demasiado,0.000259
alto,21,1,alto,0.140578
alto,21,2,el,0.890880
alto,21,2,vaso,0.006996
alto,21,2,no,0.002732
alto,21,2,cabía,0.001684
alto,21,2,en,0.001903
alto,21,2,el,0.002251
alto,21,2,cajón,0.006300
alto,21,2,porque,0.007322
alto,21,2,era,0.001064
alto,21,2,demasiado,0.000473
alto,21,2,alto,0.078395
alto,21,3,el,0.766931
alto,21,3,vaso,0.014865
alto,21,3,no,0.005466
alto,21,3,cabía,0.014039
alto,21,3,en,0.006161
alto,21,3,el,0.002986
alto,21,3,cajón,0.008685
alto,21,3,porque,0.042709
alto,21,3,era,0.007474
alto,21,3,demasiado,0.006374
alto,21,3,alto,0.124311
alto,21,4,el,0.737923
alto,21,4,vaso,0.002915
alto,21,4,no,0.003447
alto,21,4,cabía,0.000302
alto,21,4,en,0.000447
alto,21,4,el,0.001347
alto,21,4,cajón,0.001744
alto,21,4,porque,0.014245
alto,21,4,era,0.001266
alto,21,4,demasiado,0.000593
alto,21,4,alto,0.235771
alto,21,5,el,0.534859
alto,21,5,vaso,0.007506
alto,21,5,no,0.004713
alto,21,5,cabía,0.000877
alto,21,5,en,0.001241
alto,21,5,el,0.004421
alto,21,5,cajón,0.004873
alto,21,5,porque,0.031575
alto,21,5,era,0.007154
alto,21,5,demasiado,0.000540
alto,21,5,alto,0.402240
alto,21,6,el,0.963538
alto,21,6,vaso,0.005162
alto,21,6,no,0.001931
alto,21,6,cabía,0.000903
alto,21,6,en,0.000284
alto,21,6,el,0.000751
alto,21,6,cajón,0.002034
alto,21,6,porque,0.005510
alto,21,6,era,0.001086
alto,21,6,demasiado,0.000949
alto,21,6,alto,0.017851
alto,21,7,el,0.864574
alto,21,7,vaso,0.029174
alto,21,7,no,0.004737
alto,21,7,cabía,0.007018
alto,21,7,en,0.006582
alto,21,7,el,0.009560
alto,21,7,cajón,0.017426
alto,21,7,porque,0.018343
alto,21,7,era,0.004700
alto,21,7,demasiado,0.002509
alto,21,7,alto,0.035377
alto,21,8,el,0.796134
alto,21,8,vaso,0.015009
alto,21,8,no,0.010593
alto,21,8,cabía,0.014969
alto,21,8,en,0.008695
alto,21,8,el,0.016762
alto,21,8,cajón,0.005727
alto,21,8,porque,0.030637
alto,21,8,era,0.018265
alto,21,8,demasiado,0.007930
alto,21,8,alto,0.075279
alto,21,9,el,0.840280
alto,21,9,vaso,0.000438
alto,21,9,no,0.002854
alto,21,9,cabía,0.002566
alto,21,9,en,0.004193
alto,21,9,el,0.010194
alto,21,9,cajón,0.000258
alto,21,9,porque,0.022803
alto,21,9,era,0.012311
alto,21,9,demasiado,0.001524
alto,21,9,alto,0.102580
alto,21,10,el,0.846940
alto,21,10,vaso,0.008573
alto,21,10,no,0.011652
alto,21,10,cabía,0.005806
alto,21,10,en,0.005606
alto,21,10,el,0.011270
alto,21,10,cajón,0.001540
alto,21,10,porque,0.032599
alto,21,10,era,0.013148
alto,21,10,demasiado,0.001280
alto,21,10,alto,0.061585
alto,21,11,el,0.803155
alto,21,11,vaso,0.003427
alto,21,11,no,0.005631
alto,21,11,cabía,0.003365
alto,21,11,en,0.005704
alto,21,11,el,0.023386
alto,21,11,cajón,0.000914
alto,21,11,porque,0.034484
alto,21,11,era,0.010761
alto,21,11,demasiado,0.001265
alto,21,11,alto,0.107908
alto,21,12,el,0.969627
alto,21,12,vaso,0.000780
alto,21,12,no,0.001212
alto,21,12,cabía,0.001093
alto,21,12,en,0.000699
alto,21,12,el,0.001311
alto,21,12,cajón,0.000284
alto,21,12,porque,0.007183
alto,21,12,era,0.001852
alto,21,12,demasiado,0.000171
alto,21,12,alto,0.015787
alto,21,13,el,0.819297
alto,21,13,vaso,0.005471
alto,21,13,no,0.004296
alto,21,13,cabía,0.004629
alto,21,13,en,0.008901
alto,21,13,el,0.016271
alto,21,13,cajón,0.001060
alto,21,13,porque,0.035361
alto,21,13,era,0.014090
alto,21,13,demasiado,0.002220
alto,21,13,alto,0.088405
alto,21,14,el,0.071269
alto,21,14,vaso,0.011938
alto,21,14,no,0.005661
alto,21,14,cabía,0.012645
alto,21,14,en,0.005895
alto,21,14,el,0.011080
alto,21,14,cajón,0.007246
alto,21,14,porque,0.072769
alto,21,14,era,0.010282
alto,21,14,demasiado,0.002367
alto,21,14,alto,0.788848
alto,22,1,el,0.512513
alto,22,1,vaso,0.006266
alto,22,1,no,0.005091
alto,22,1,cabía,0.007234
alto,22,1,en,0.016240
alto,22,1,el,0.046444
alto,22,1,cajón,0.004255
alto,22,1,porque,0.037068
alto,22,1,era,0.028554
alto,22,1,demasiado,0.007252
alto,22,1,alto,0.329083
alto,22,2,el,0.739579
alto,22,2,vaso,0.020094
alto,22,2,no,0.002260
alto,22,2,cabía,0.020599
alto,22,2,en,0.017315
alto,22,2,el,0.033922
alto,22,2,cajón,0.018338
alto,22,2,porque,0.015514
alto,22,2,era,0.025392
alto,22,2,demasiado,0.008248
alto,22,2,alto,0.098739
alto,22,3,el,0.625071
alto,22,3,vaso,0.006344
alto,22,3,no,0.003311
alto,22,3,cabía,0.013143
alto,22,3,en,0.018792
alto,22,3,el,0.035956
alto,22,3,cajón,0.012260
alto,22,3,porque,0.034847
alto,22,3,era,0.036119
alto,22,3,demasiado,0.023882
alto,22,3,alto,0.190275
alto,22,4,el,0.572757
alto,22,4,vaso,0.012428
alto,22,4,no,0.002186
alto,22,4,cabía,0.014297
alto,22,4,en,0.016105
alto,22,4,el,0.038005
alto,22,4,cajón,0.017302
alto,22,4,porque,0.029397
alto,22,4,era,0.038393
alto,22,4,demasiado,0.006499
alto,22,4,alto,0.252632
alto,22,5,el,0.686760
alto,22,5,vaso,0.007385
alto,22,5,no,0.002744
alto,22,5,cabía,0.005187
alto,22,5,en,0.008695
alto,22,5,el,0.018983
alto,22,5,cajón,0.005401
alto,22,5,porque,0.038381
alto,22,5,era,0.044264
alto,22,5,demasiado,0.008382
alto,22,5,alto,0.173820
alto,22,6,el,0.713240
alto,22,6,vaso,0.010748
alto,22,6,no,0.003181
alto,22,6,cabía,0.005305
alto,22,6,en,0.008187
alto,22,6,el,0.018371
alto,22,6,cajón,0.006187
alto,22,6,porque,0.036428
alto,22,6,era,0.056641
alto,22,6,demasiado,0.003027
alto,22,6,alto,0.138684
alto,22,7,el,0.768996
alto,22,7,vaso,0.008749
alto,22,7,no,0.004143
alto,22,7,cabía,0.005032
alto,22,7,en,0.006901
alto,22,7,el,0.029491
alto,22,7,cajón,0.005088
alto,22,7,porque,0.028195
alto,22,7,era,0.030120
alto,22,7,demasiado,0.003366
alto,22,7,alto,0.109918
alto,22,8,el,0.775382
alto,22,8,vaso,0.000754
alto,22,8,no,0.001283
alto,22,8,cabía,0.000151
alto,22,8,en,0.000154
alto,22,8,el,0.001208
alto,22,8,cajón,0.001317
alto,22,8,porque,0.026372
alto,22,8,era,0.004404
alto,22,8,demasiado,0.000856
alto,22,8,alto,0.188118
alto,22,9,el,0.665441
alto,22,9,vaso,0.018430
alto,22,9,no,0.001967
alto,22,9,cabía,0.018361
alto,22,9,en,0.040520
alto,22,9,el,0.038636
alto,22,9,cajón,0.022826
alto,22,9,porque,0.022764
alto,22,9,era,0.041102
alto,22,9,demasiado,0.007041
alto,22,9,alto,0.122913
alto,22,10,el,0.021426
alto,22,10,vaso,0.000000
alto,22,10,no,0.000005
alto,22,10,cabía,0.000099
alto,22,10,en,0.000005
alto,22,10,el,0.000003
alto,22,10,cajón,0.000088
alto,22,10,porque,0.000555
alto,22,10,era,0.000051
alto,22,10,demasiado,0.000030
alto,22,10,alto,0.977738
alto,22,11,el,0.745057
alto,22,11,vaso,0.003074
alto,22,11,no,0.009227
alto,22,11,cabía,0.004857
alto,22,11,en,0.010278
alto,22,11,el,0.027700
alto,22,11,cajón,0.003929
alto,22,11,porque,0.035456
alto,22,11,era,0.035463
alto,22,11,demasiado,0.027363
alto,22,11,alto,0.097597
alto,22,12,el,0.796716
alto,22,12,vaso,0.007847
alto,22,12,no,0.001275
alto,22,12,cabía,0.008813
alto,22,12,en,0.009290
alto,22,12,el,0.030108
alto,22,12,cajón,0.006710
alto,22,12,porque,0.016142
alto,22,12,era,0.023274
alto,22,12,demasiado,0.007327
alto,22,12,alto,0.092497
alto,22,13,el,0.734862
alto,22,13,vaso,0.002344
alto,22,13,no,0.005994
alto,22,13,cabía,0.003219
alto,22,13,en,0.010043
alto,22,13,el,0.029485
alto,22,13,cajón,0.001472
alto,22,13,porque,0.047383
alto,22,13,era,0.019820
alto,22,13,demasiado,0.004742
alto,22,13,alto,0.140636
alto,22,14,el,0.706402
alto,22,14,vaso,0.004206
alto,22,14,no,0.002419
alto,22,14,cabía,0.020487
alto,22,14,en,0.041465
alto,22,14,el,0.044191
alto,22,14,cajón,0.007942
alto,22,14,porque,0.030919
alto,22,14,era,0.032243
alto,22,14,demasiado,0.004719
alto,22,14,alto,0.105008
alto,23,1,el,0.134534
alto,23,1,vaso,0.015234
alto,23,1,no,0.012611
alto,23,1,cabía,0.024154
alto,23,1,en,0.052567
alto,23,1,el,0.100071
alto,23,1,cajón,0.012990
alto,23,1,porque,0.076835
alto,23,1,era,0.071836
alto,23,1,demasiado,0.018763
alto,23,1,alto,0.480404
alto,23,2,el,0.187971
alto,23,2,vaso,0.004082
alto,23,2,no,0.009475
alto,23,2,cabía,0.011641
alto,23,2,en,0.058488
alto,23,2,el,0.077329
alto,23,2,cajón,0.004737
alto,23,2,porque,0.089168
alto,23,2,era,0.090743
alto,23,2,demasiado,0.023103
alto,23,2,alto,0.443262
alto,23,3,el,0.072582
alto,23,3,vaso,0.025280
alto,23,3,no,0.008444
alto,23,3,cabía,0.028913
alto,23,3,en,0.043487
alto,23,3,el,0.060568
alto,23,3,cajón,0.017131
alto,23,3,porque,0.099928
alto,23,3,era,0.107222
alto,23,3,demasiado,0.016581
alto,23,3,alto,0.519864
alto,23,4,el,0.128917
alto,23,4,vaso,0.012740
alto,23,4,no,0.020939
alto,23,4,cabía,0.015300
alto,23,4,en,0.047213
alto,23,4,el,0.064199
alto,23,4,cajón,0.007866
alto,23,4,porque,0.120423
alto,23,4,era,0.069635
alto,23,4,demasiado,0.016381
alto,23,4,alto,0.496387
alto,23,5,el,0.089924
alto,23,5,vaso,0.009828
alto,23,5,no,0.017071
alto,23,5,cabía,0.025994
alto,23,5,en,0.047093
alto,23,5,el,0.079410
alto,23,5,cajón,0.009837
alto,23,5,porque,0.093085
alto,23,5,era,0.095939
alto,23,5,demasiado,0.019502
alto,23,5,alto,0.512317
alto,23,6,el,0.106622
alto,23,6,vaso,0.004827
alto,23,6,no,0.009356
alto,23,6,cabía,0.018056
alto,23,6,en,0.040103
alto,23,6,el,0.056836
alto,23,6,cajón,0.004458
alto,23,6,porque,0.102084
alto,23,6,era,0.065381
alto,23,6,demasiado,0.018802
alto,23,6,alto,0.573475
alto,23,7,el,0.160179
alto,23,7,vaso,0.015438
alto,23,7,no,0.013110
alto,23,7,cabía,0.023752
alto,23,7,en,0.041778
alto,23,7,el,0.072442
alto,23,7,cajón,0.010145
alto,23,7,porque,0.110836
alto,23,7,era,0.089232
alto,23,7,demasiado,0.021331
alto,23,7,alto,0.441757
alto,23,8,el,0.105477
alto,23,8,vaso,0.014405
alto,23,8,no,0.010188
alto,23,8,cabía,0.009731
alto,23,8,en,0.020744
alto,23,8,el,0.049509
alto,23,8,cajón,0.015210
alto,23,8,porque,0.110424
alto,23,8,era,0.065456
alto,23,8,demasiado,0.017511
alto,23,8,alto,0.581345
alto,23,9,el,0.045134
alto,23,9,vaso,0.001015
alto,23,9,no,0.006698
alto,23,9,cabía,0.005027
alto,23,9,en,0.014285
alto,23,9,el,0.041695
alto,23,9,cajón,0.001422
alto,23,9,porque,0.152205
alto,23,9,era,0.039167
alto,23,9,demasiado,0.010845
alto,23,9,alto,0.682506
alto,23,10,el,0.133879
alto,23,10,vaso,0.004006
alto,23,10,no,0.004548
alto,23,10,cabía,0.008767
alto,23,10,en,0.014301
alto,23,10,el,0.049061
alto,23,10,cajón,0.007030
alto,23,10,porque,0.068433
alto,23,10,era,0.047576
alto,23,10,demasiado,0.014077
alto,23,10,alto,0.648322
alto,23,11,el,0.068028
alto,23,11,vaso,0.005137
alto,23,11,no,0.021986
alto,23,11,cabía,0.012317
alto,23,11,en,0.015698
alto,23,11,el,0.039881
alto,23,11,cajón,0.005468
alto,23,11,porque,0.135388
alto,23,11,era,0.046938
alto,23,11,demasiado,0.011410
alto,23,11,alto,0.637748
alto,23,12,el,0.103697
alto,23,12,vaso,0.009644
alto,23,12,no,0.009955
alto,23,12,cabía,0.025997
alto,23,12,en,0.035071
alto,23,12,el,0.084261
alto,23,12,cajón,0.015187
alto,23,12,porque,0.108274
alto,23,12,era,0.067388
alto,23,12,demasiado,0.023351
alto,23,12,alto,0.517175
alto,23,13,el,0.124169
alto,23,13,vaso,0.000485
alto,23,13,no,0.001139
alto,23,13,cabía,0.000833
alto,23,13,en,0.004150
alto,23,13,el,0.012148
alto,23,13,cajón,0.000356
alto,23,13,porque,0.048829
alto,23,13,era,0.017775
alto,23,13,demasiado,0.003762
alto,23,13,alto,0.786354
alto,23,14,el,0.176016
alto,23,14,vaso,0.004777
alto,23,14,no,0.001074
alto,23,14,cabía,0.007679
alto,23,14,en,0.024777
alto,23,14,el,0.053664
alto,23,14,cajón,0.007063
alto,23,14,porque,0.037103
alto,23,14,era,0.061607
alto,23,14,demasiado,0.016035
alto,23,14,alto,0.610204
alto,24,1,el,0.073343
alto,24,1,vaso,0.004955
alto,24,1,no,0.007550
alto,24,1,cabía,0.018191
alto,24,1,en,0.058721
alto,24,1,el,0.049787
alto,24,1,cajón,0.006851
alto,24,1,porque,0.088593
alto,24,1,era,0.036526
alto,24,1,demasiado,0.012525
alto,24,1,alto,0.642959
alto,24,2,el,0.000003
alto,24,2,vaso,0.000000
alto,24,2,no,0.000004
alto,24,2,cabía,0.000027
alto,24,2,en,0.000006
alto,24,2,el,0.000000
alto,24,2,cajón,0.000217
alto,24,2,porque,0.004018
alto,24,2,era,0.001889
alto,24,2,demasiado,0.000007
alto,24,2,alto,0.993827
alto,24,3,el,0.097489
alto,24,3,vaso,0.003107
alto,24,3,no,0.009792
alto,24,3,cabía,0.013735
alto,24,3,en,0.052214
alto,24,3,el,0.044978
alto,24,3,cajón,0.004066
alto,24,3,porque,0.090475
alto,24,3,era,0.058126
alto,24,3,demasiado,0.012787
alto,24,3,alto,0.613230
alto,24,4,el,0.105256
alto,24,4,vaso,0.010115
alto,24,4,no,0.011757
alto,24,4,cabía,0.018376
alto,24,4,en,0.062135
alto,24,4,el,0.059100
alto,24,4,cajón,0.010130
alto,24,4,porque,0.097711
alto,24,4,era,0.048315
alto,24,4,demasiado,0.021245
alto,24,4,alto,0.555861
alto,24,5,el,0.001348
alto,24,5,vaso,0.000015
alto,24,5,no,0.000264
alto,24,5,cabía,0.002660
alto,24,5,en,0.007119
alto,24,5,el,0.002099
alto,24,5,cajón,0.005881
alto,24,5,porque,0.049589
alto,24,5,era,0.022536
alto,24,5,demasiado,0.003368
alto,24,5,alto,0.905121
alto,24,6,el,0.182335
alto,24,6,vaso,0.001180
alto,24,6,no,0.004219
alto,24,6,cabía,0.002346
alto,24,6,en,0.014314
alto,24,6,el,0.021531
alto,24,6,cajón,0.000871
alto,24,6,porque,0.071156
alto,24,6,era,0.009787
alto,24,6,demasiado,0.006645
alto,24,6,alto,0.685616
alto,24,7,el,0.003955
alto,24,7,vaso,0.000467
alto,24,7,no,0.003850
alto,24,7,cabía,0.002425
alto,24,7,en,0.003929
alto,24,7,el,0.001277
alto,24,7,cajón,0.000902
alto,24,7,porque,0.048234
alto,24,7,era,0.017500
alto,24,7,demasiado,0.011405
alto,24,7,alto,0.906055
alto,24,8,el,0.070060
alto,24,8,vaso,0.017438
alto,24,8,no,0.006352
alto,24,8,cabía,0.055063
alto,24,8,en,0.058322
alto,24,8,el,0.082536
alto,24,8,cajón,0.014196
alto,24,8,porque,0.091334
alto,24,8,era,0.053373
alto,24,8,demasiado,0.022075
alto,24,8,alto,0.529248
alto,24,9,el,0.065810
alto,24,9,vaso,0.006704
alto,24,9,no,0.010088
alto,24,9,cabía,0.034101
alto,24,9,en,0.048719
alto,24,9,el,0.099631
alto,24,9,cajón,0.025318
alto,24,9,porque,0.121009
alto,24,9,era,0.063183
alto,24,9,demasiado,0.020670
alto,24,9,alto,0.504766
alto,24,10,el,0.045380
alto,24,10,vaso,0.008685
alto,24,10,no,0.008609
alto,24,10,cabía,0.033698
alto,24,10,en,0.069974
alto,24,10,el,0.095411
alto,24,10,cajón,0.019441
alto,24,10,porque,0.128159
alto,24,10,era,0.068599
alto,24,10,demasiado,0.021838
alto,24,10,alto,0.500206
alto,24,11,el,0.060414
alto,24,11,vaso,0.015367
alto,24,11,no,0.011899
alto,24,11,cabía,0.029336
alto,24,11,en,0.054580
alto,24,11,el,0.085579
alto,24,11,cajón,0.024275
alto,24,11,porque,0.094614
alto,24,11,era,0.052090
alto,24,11,demasiado,0.023443
alto,24,11,alto,0.548402
alto,24,12,el,0.071807
alto,24,12,vaso,0.007336
alto,24,12,no,0.008445
alto,24,12,cabía,0.034834
alto,24,12,en,0.067209
alto,24,12,el,0.079551
alto,24,12,cajón,0.022549
alto,24,12,porque,0.106869
alto,24,12,era,0.075545
alto,24,12,demasiado,0.029275
alto,24,12,alto,0.496580
alto,24,13,el,0.055821
alto,24,13,vaso,0.001204
alto,24,13,no,0.003670
alto,24,13,cabía,0.015556
alto,24,13,en,0.063334
alto,24,13,el,0.093970
alto,24,13,cajón,0.002896
alto,24,13,porque,0.098457
alto,24,13,era,0.038822
alto,24,13,demasiado,0.011409
alto,24,13,alto,0.614862
alto,24,14,el,0.070601
alto,24,14,vaso,0.006866
alto,24,14,no,0.010348
alto,24,14,cabía,0.034338
alto,24,14,en,0.048430
alto,24,14,el,0.093655
alto,24,14,cajón,0.015993
alto,24,14,porque,0.082170
alto,24,14,era,0.069431
alto,24,14,demasiado,0.023711
alto,24,14,alto,0.544458
bajo,1,1,el,0.015155
bajo,1,1,vaso,0.012022
bajo,1,1,no,0.015417
bajo,1,1,cabía,0.016571
bajo,1,1,en,0.020121
bajo,1,1,el,0.031401
bajo,1,1,cajón,0.072909
bajo,1,1,porque,0.103243
bajo,1,1,era,0.041114
bajo,1,1,demasiado,0.231272
bajo,1,1,bajo,0.440774
bajo,1,2,el,0.000000
bajo,1,2,vaso,0.000000
bajo,1,2,no,0.000000
bajo,1,2,cabía,0.000000
bajo,1,2,en,0.000003
bajo,1,2,el,0.000000
bajo,1,2,cajón,0.000000
bajo,1,2,porque,0.000000
bajo,1,2,era,0.000000
bajo,1,2,demasiado,0.000000
bajo,1,2,bajo,0.999996
bajo,1,3,el,0.006219
bajo,1,3,vaso,0.089482
bajo,1,3,no,0.045624
bajo,1,3,cabía,0.055749
bajo,1,3,en,0.180252
bajo,1,3,el,0.062630
bajo,1,3,cajón,0.095293
bajo,1,3,porque,0.124570
bajo,1,3,era,0.082983
bajo,1,3,demasiado,0.019335
bajo,1,3,bajo,0.237864
bajo,1,4,el,0.025164
bajo,1,4,vaso,0.029435
bajo,1,4,no,0.018064
bajo,1,4,cabía,0.042067
bajo,1,4,en,0.032816
bajo,1,4,el,0.033756
bajo,1,4,cajón,0.034336
bajo,1,4,porque,0.009223
bajo,1,4,era,0.002784
bajo,1,4,demasiado,0.009096
bajo,1,4,bajo,0.763260
bajo,1,5,el,0.130388
bajo,1,5,vaso,0.110726
bajo,1,5,no,0.005275
bajo,1,5,cabía,0.005094
bajo,1,5,en,0.003984
bajo,1,5,el,0.010928
bajo,1,5,cajón,0.035164
bajo,1,5,porque,0.016192
bajo,1,5,era,0.029552
bajo,1,5,demasiado,0.321531
bajo,1,5,bajo,0.331166
bajo,1,6,el,0.602847
bajo,1,6,vaso,0.000231
bajo,1,6,no,0.000063
bajo,1,6,cabía,0.062604
bajo,1,6,en,0.152622
bajo,1,6,el,0.025288
bajo,1,6,cajón,0.001708
bajo,1,6,porque,0.000007
bajo,1,6,era,0.000030
bajo,1,6,demasiado,0.009886
bajo,1,6,bajo,0.144715
bajo,1,7,el,0.002529
bajo,1,7,vaso,0.013790
bajo,1,7,no,0.005918
bajo,1,7,cabía,0.036100
bajo,1,7,en,0.007317
bajo,1,7,el,0.012369
bajo,1,7,cajón,0.080086
bajo,1,7,porque,0.003183
bajo,1,7,era,0.023602
bajo,1,7,demasiado,0.433235
bajo,1,7,bajo,0.381872
bajo,1,8,el,0.000000
bajo,1,8,vaso,0.000000
bajo,1,8,no,0.000000
bajo,1,8,cabía,0.000003
bajo,1,8,en,0.000000
bajo,1,8,el,0.000000
bajo,1,8,cajón,0.002148
bajo,1,8,porque,0.017050
bajo,1,8,era,0.000533
bajo,1,8,demasiado,0.022752
bajo,1,8,bajo,0.957513
bajo,1,9,el,0.012287
bajo,1,9,vaso,0.001839
bajo,1,9,no,0.003365
bajo,1,9,cabía,0.003308
bajo,1,9,en,0.002333
bajo,1,9,el,0.011110
bajo,1,9,cajón,0.005426
bajo,1,9,porque,0.010620
bajo,1,9,era,0.001594
bajo,1,9,demasiado,0.005421
bajo,1,9,bajo,0.942699
bajo,1,10,el,0.016581
bajo,1,10,vaso,0.023094
bajo,1,10,no,0.019745
bajo,1,10,cabía,0.034595
bajo,1,10,en,0.033466
bajo,1,10,el,0.050603
bajo,1,10,cajón,0.126327
bajo,1,10,porque,0.117960
bajo,1,10,era,0.037653
bajo,1,10,demasiado,0.277747
bajo,1,10,bajo,0.262228
bajo,1,11,el,0.038394
bajo,1,11,vaso,0.057944
bajo,1,11,no,0.032579
bajo,1,11,cabía,0.067505
bajo,1,11,en,0.022294
bajo,1,11,el,0.017385
bajo,1,11,cajón,0.197084
bajo,1,11,porque,0.058842
bajo,1,11,era,0.026540
bajo,1,11,demasiado,0.083098
bajo,1,11,bajo,0.398335
bajo,1,12,el,0.000001
bajo,1,12,vaso,0.001037
bajo,1,12,no,0.006109
bajo,1,12,cabía,0.000323
bajo,1,12,en,0.000012
bajo,1,12,el,0.000076
bajo,1,12,cajón,0.002641
bajo,1,12,porque,0.000024
bajo,1,12,era,0.000008
bajo,1,12,demasiado,0.041103
bajo,1,12,bajo,0.948666
bajo,1,13,el,0.020694
bajo,1,13,vaso,0.005339
bajo,1,13,no,0.000784
bajo,1,13,cabía,0.090349
bajo,1,13,en,0.011611
bajo,1,13,el,0.018478
bajo,1,13,cajón,0.014019
bajo,1,13,porque,0.122354
bajo,1,13,era,0.073330
bajo,1,13,demasiado,0.243993
bajo,1,13,bajo,0.399049
bajo,1,14,el,0.000000
bajo,1,14,vaso,0.000090
bajo,1,14,no,0.000358
bajo,1,14,cabía,0.000018
bajo,1,14,en,0.000000
bajo,1,14,el,0.000002
bajo,1,14,cajón,0.000591
bajo,1,14,porque,0.000003
bajo,1,14,era,0.000002
bajo,1,14,demasiado,0.077283
bajo,1,14,bajo,0.921655
bajo,2,1,el,0.006205
bajo,2,1,vaso,0.024428
bajo,2,1,no,0.004347
bajo,2,1,cabía,0.005420
bajo,2,1,en,0.002425
bajo,2,1,el,0.001502
bajo,2,1,cajón,0.043370
bajo,2,1,porque,0.016755
bajo,2,1,era,0.003964
bajo,2,1,demasiado,0.060270
bajo,2,1,bajo,0.831315
bajo,2,2,el,0.055537
bajo,2,2,vaso,0.124443
bajo,2,2,no,0.020481
bajo,2,2,cabía,0.035927
bajo,2,2,en,0.058155
bajo,2,2,el,0.017766
bajo,2,2,cajón,0.136081
bajo,2,2,porque,0.037859
bajo,2,2,era,0.002944
bajo,2,2,demasiado,0.052456
bajo,2,2,bajo,0.458350
bajo,2,3,el,0.045604
bajo,2,3,vaso,0.083144
bajo,2,3,no,0.009167
bajo,2,3,cabía,0.031214
bajo,2,3,en,0.025463
bajo,2,3,el,0.016927
bajo,2,3,cajón,0.091756
bajo,2,3,porque,0.024646
bajo,2,3,era,0.020243
bajo,2,3,demasiado,0.031453
bajo,2,3,bajo,0.620382
bajo,2,4,el,0.070759
bajo,2,4,vaso,0.077129
bajo,2,4,no,0.012747
bajo,2,4,cabía,0.106307
bajo,2,4,en,0.063261
bajo,2,4,el,0.035793
bajo,2,4,cajón,0.169783
bajo,2,4,porque,0.015510
bajo,2,4,era,0.009207
bajo,2,4,demasiado,0.057229
bajo,2,4,bajo,0.382274
bajo,2,5,el,0.069279
bajo,2,5,vaso,0.181215
bajo,2,5,no,0.019173
bajo,2,5,cabía,0.045879
bajo,2,5,en,0.045305
bajo,2,5,el,0.024750
bajo,2,5,cajón,0.082247
bajo,2,5,porque,0.113887
bajo,2,5,era,0.043904
bajo,2,5,demasiado,0.076571
bajo,2,5,bajo,0.297789
bajo,2,6,el,0.063496
bajo,2,6,vaso,0.144825
bajo,2,6,no,0.016085
bajo,2,6,cabía,0.052946
bajo,2,6,en,0.021581
bajo,2,6,el,0.006540
bajo,2,6,cajón,0.253186
bajo,2,6,porque,0.020018
bajo,2,6,era,0.010763
bajo,2,6,demasiado,0.048731
bajo,2,6,bajo,0.361828
bajo,2,7,el,0.083650
bajo,2,7,vaso,0.084846
bajo,2,7,no,0.020644
bajo,2,7,cabía,0.031265
bajo,2,7,en,0.059175
bajo,2,7,el,0.084143
bajo,2,7,cajón,0.091437
bajo,2,7,porque,0.051681
bajo,2,7,era,0.045239
bajo,2,7,demasiado,0.040367
bajo,2,7,bajo,0.407553
bajo,2,8,el,0.379176
bajo,2,8,vaso,0.122003
bajo,2,8,no,0.011652
bajo,2,8,cabía,0.117343
bajo,2,8,en,0.018399
bajo,2,8,el,0.006468
bajo,2,8,cajón,0.115476
bajo,2,8,porque,0.026699
bajo,2,8,era,0.016641
bajo,2,8,demasiado,0.022591
bajo,2,8,bajo,0.163550
bajo,2,9,el,0.001466
bajo,2,9,vaso,0.006809
bajo,2,9,no,0.009581
bajo,2,9,cabía,0.007642
bajo,2,9,en,0.004715
bajo,2,9,el,0.010135
bajo,2,9,cajón,0.119564
bajo,2,9,porque,0.168194
bajo,2,9,era,0.211974
bajo,2,9,demasiado,0.258542
bajo,2,9,bajo,0.201379
bajo,2,10,el,0.000049
bajo,2,10,vaso,0.029665
bajo,2,10,no,0.013757
bajo,2,10,cabía,0.000286
bajo,2,10,en,0.000019
bajo,2,10,el,0.000454
bajo,2,10,cajón,0.071180
bajo,2,10,porque,0.000161
bajo,2,10,era,0.000127
bajo,2,10,demasiado,0.038586
bajo,2,10,bajo,0.845716
bajo,2,11,el,0.103249
bajo,2,11,vaso,0.105120
bajo,2,11,no,0.077611
bajo,2,11,cabía,0.102210
bajo,2,11,en,0.057162
bajo,2,11,el,0.060802
bajo,2,11,cajón,0.103758
bajo,2,11,porque,0.117499
bajo,2,11,era,0.114534
bajo,2,11,demasiado,0.057308
bajo,2,11,bajo,0.100747
bajo,2,12,el,0.230511
bajo,2,12,vaso,0.086825
bajo,2,12,no,0.033197
bajo,2,12,cabía,0.044887
bajo,2,12,en,0.034193
bajo,2,12,el,0.040596
bajo,2,12,cajón,0.065693
bajo,2,12,porque,0.112425
bajo,2,12,era,0.172725
bajo,2,12,demasiado,0.107915
bajo,2,12,bajo,0.071032
bajo,2,13,el,0.150288
bajo,2,13,vaso,0.039580
bajo,2,13,no,0.017782
bajo,2,13,cabía,0.107561
bajo,2,13,en,0.030572
bajo,2,13,el,0.030187
bajo,2,13,cajón,0.066032
bajo,2,13,porque,0.117199
bajo,2,13,era,0.084115
bajo,2,13,demasiado,0.097032
bajo,2,13,bajo,0.259651
bajo,2,14,el,0.007543
bajo,2,14,vaso,0.045443
bajo,2,14,no,0.015224
bajo,2,14,cabía,0.126694
bajo,2,14,en,0.046084
bajo,2,14,el,0.087095
bajo,2,14,cajón,0.134194
bajo,2,14,porque,0.118154
bajo,2,14,era,0.022520
bajo,2,14,demasiado,0.140669
bajo,2,14,bajo,0.256380
bajo,3,1,el,0.003371
bajo,3,1,vaso,0.018285
bajo,3,1,no,0.015203
bajo,3,1,cabía,0.011540
bajo,3,1,en,0.006177
bajo,3,1,el,0.013809
bajo,3,1,cajón,0.068833
bajo,3,1,porque,0.033673
bajo,3,1,era,0.014942
bajo,3,1,demasiado,0.086354
bajo,3,1,bajo,0.727813
bajo,3,2,el,0.099504
bajo,3,2,vaso,0.046889
bajo,3,2,no,0.034226
bajo,3,2,cabía,0.045349
bajo,3,2,en,0.039405
bajo,3,2,el,0.051430
bajo,3,2,cajón,0.113739
bajo,3,2,porque,0.082085
bajo,3,2,era,0.054206
bajo,3,2,demasiado,0.118765
bajo,3,2,bajo,0.314402
bajo,3,3,el,0.136146
bajo,3,3,vaso,0.161914
bajo,3,3,no,0.039614
bajo,3,3,cabía,0.027625
bajo,3,3,en,0.044162
bajo,3,3,el,0.079459
bajo,3,3,cajón,0.024510
bajo,3,3,porque,0.060649
bajo,3,3,era,0.010222
bajo,3,3,demasiado,0.003941
bajo,3,3,bajo,0.411758
bajo,3,4,el,0.002034
bajo,3,4,vaso,0.001877
bajo,3,4,no,0.005522
bajo,3,4,cabía,0.011858
bajo,3,4,en,0.006164
bajo,3,4,el,0.007784
bajo,3,4,cajón,0.049489
bajo,3,4,porque,0.079078
bajo,3,4,era,0.031253
bajo,3,4,demasiado,0.084210
bajo,3,4,bajo,0.720731
bajo,3,5,el,0.017381
bajo,3,5,vaso,0.043674
bajo,3,5,no,0.057640
bajo,3,5,cabía,0.036661
bajo,3,5,en,0.036671
bajo,3,5,el,0.056546
bajo,3,5,cajón,0.076160
bajo,3,5,porque,0.279247
bajo,3,5,era,0.180037
bajo,3,5,demasiado,0.067674
bajo,3,5,bajo,0.148310
bajo,3,6,el,0.011264
bajo,3,6,vaso,0.090468
bajo,3,6,no,0.019096
bajo,3,6,cabía,0.032920
bajo,3,6,en,0.045335
bajo,3,6,el,0.074704
bajo,3,6,cajón,0.050716
bajo,3,6,porque,0.077831
bajo,3,6,era,0.021006
bajo,3,6,demasiado,0.031466
bajo,3,6,bajo,0.545192
bajo,3,7,el,0.077021
bajo,3,7,vaso,0.078387
bajo,3,7,no,0.038132
bajo,3,7,cabía,0.028755
bajo,3,7,en,0.047571
bajo,3,7,el,0.049344
bajo,3,7,cajón,0.040840
bajo,3,7,porque,0.169558
bajo,3,7,era,0.051476
bajo,3,7,demasiado,0.019070
bajo,3,7,bajo,0.399846
bajo,3,8,el,0.058022
bajo,3,8,vaso,0.020675
bajo,3,8,no,0.005618
bajo,3,8,cabía,0.016109
bajo,3,8,en,0.014912
bajo,3,8,el,0.052607
bajo,3,8,cajón,0.033997
bajo,3,8,porque,0.036486
bajo,3,8,era,0.018070
bajo,3,8,demasiado,0.017663
bajo,3,8,bajo,0.725841
bajo,3,9,el,0.035000
bajo,3,9,vaso,0.004158
bajo,3,9,no,0.002093
bajo,3,9,cabía,0.001726
bajo,3,9,en,0.003103
bajo,3,9,el,0.011788
bajo,3,9,cajón,0.007328
bajo,3,9,porque,0.025485
bajo,3,9,era,0.008552
bajo,3,9,demasiado,0.034771
bajo,3,9,bajo,0.865997
bajo,3,10,el,0.011331
bajo,3,10,vaso,0.001553
bajo,3,10,no,0.003210
bajo,3,10,cabía,0.000831
bajo,3,10,en,0.002518
bajo,3,10,el,0.006245
bajo,3,10,cajón,0.014532
bajo,3,10,porque,0.003697
bajo,3,10,era,0.000924
bajo,3,10,demasiado,0.008793
bajo,3,10,bajo,0.946366
bajo,3,11,el,0.163901
bajo,3,11,vaso,0.026066
bajo,3,11,no,0.041246
bajo,3,11,cabía,0.008370
bajo,3,11,en,0.011818
bajo,3,11,el,0.063843
bajo,3,11,cajón,0.021514
bajo,3,11,porque,0.029758
bajo,3,11,era,0.015810
bajo,3,11,demasiado,0.017375
bajo,3,11,bajo,0.600300
bajo,3,12,el,0.005434
bajo,3,12,vaso,0.002969
bajo,3,12,no,0.008802
bajo,3,12,cabía,0.003030
bajo,3,12,en,0.002192
bajo,3,12,el,0.004118
bajo,3,12,cajón,0.011593
bajo,3,12,porque,0.006522
bajo,3,12,era,0.002675
bajo,3,12,demasiado,0.008676
bajo,3,12,bajo,0.943989
bajo,3,13,el,0.025392
bajo,3,13,vaso,0.001601
bajo,3,13,no,0.001066
bajo,3,13,cabía,0.001469
bajo,3,13,en,0.002859
bajo,3,13,el,0.009807
bajo,3,13,cajón,0.007293
bajo,3,13,porque,0.005684
bajo,3,13,era,0.001444
bajo,3,13,demasiado,0.003055
bajo,3,13,bajo,0.940330
bajo,3,14,el,0.124282
bajo,3,14,vaso,0.030693
bajo,3,14,no,0.030833
bajo,3,14,cabía,0.011585
bajo,3,14,en,0.025751
bajo,3,14,el,0.074684
bajo,3,14,cajón,0.059173
bajo,3,14,porque,0.016806
bajo,3,14,era,0.009017
bajo,3,14,demasiado,0.022682
bajo,3,14,bajo,0.594492
bajo,4,1,el,0.979433
bajo,4,1,vaso,0.000199
bajo,4,1,no,0.000063
bajo,4,1,cabía,0.000102
bajo,4,1,en,0.000170
bajo,4,1,el,0.000018
bajo,4,1,cajón,0.000013
bajo,4,1,porque,0.000202
bajo,4,1,era,0.000024
bajo,4,1,demasiado,0.000223
bajo,4,1,bajo,0.019553
bajo,4,2,el,0.146506
bajo,4,2,vaso,0.049935
bajo,4,2,no,0.026085
bajo,4,2,cabía,0.040102
bajo,4,2,en,0.029364
bajo,4,2,el,0.017840
bajo,4,2,cajón,0.094041
bajo,4,2,porque,0.102706
bajo,4,2,era,0.125917
bajo,4,2,demasiado,0.153047
bajo,4,2,bajo,0.214456
bajo,4,3,el,0.054127
bajo,4,3,vaso,0.135973
bajo,4,3,no,0.113716
bajo,4,3,cabía,0.109087
bajo,4,3,en,0.124424
bajo,4,3,el,0.049080
bajo,4,3,cajón,0.070347
bajo,4,3,porque,0.140235
bajo,4,3,era,0.101665
bajo,4,3,demasiado,0.031344
bajo,4,3,bajo,0.070003
bajo,4,4,el,0.722230
bajo,4,4,vaso,0.048794
bajo,4,4,no,0.038079
bajo,4,4,cabía,0.025680
bajo,4,4,en,0.015707
bajo,4,4,el,0.007561
bajo,4,4,cajón,0.024421
bajo,4,4,porque,0.038768
bajo,4,4,era,0.012552
bajo,4,4,demasiado,0.017922
bajo,4,4,bajo,0.048286
bajo,4,5,el,0.940326
bajo,4,5,vaso,0.007237
bajo,4,5,no,0.001733
bajo,4,5,cabía,0.001579
bajo,4,5,en,0.003242
bajo,4,5,el,0.000292
bajo,4,5,cajón,0.000487
bajo,4,5,porque,0.004086
bajo,4,5,era,0.000664
bajo,4,5,demasiado,0.001040
bajo,4,5,bajo,0.039313
bajo,4,6,el,0.998191
bajo,4,6,vaso,0.000002
bajo,4,6,no,0.000000
bajo,4,6,cabía,0.000002
bajo,4,6,en,0.000000
bajo,4,6,el,0.000000
bajo,4,6,cajón,0.000000
bajo,4,6,porque,0.000016
bajo,4,6,era,0.000001
bajo,4,6,demasiado,0.000025
bajo,4,6,bajo,0.001761
bajo,4,7,el,0.702160
bajo,4,7,vaso,0.077172
bajo,4,7,no,0.047724
bajo,4,7,cabía,0.036492
bajo,4,7,en,0.023678
bajo,4,7,el,0.014488
bajo,4,7,cajón,0.016003
bajo,4,7,porque,0.024160
bajo,4,7,era,0.008327
bajo,4,7,demasiado,0.005217
bajo,4,7,bajo,0.044578
bajo,4,8,el,0.840021
bajo,4,8,vaso,0.000361
bajo,4,8,no,0.002173
bajo,4,8,cabía,0.000002
bajo,4,8,en,0.000001
bajo,4,8,el,0.000008
bajo,4,8,cajón,0.000700
bajo,4,8,porque,0.000004
bajo,4,8,era,0.000001
bajo,4,8,demasiado,0.001043
bajo,4,8,bajo,0.155686
bajo,4,9,el,0.695976
bajo,4,9,vaso,0.019915
bajo,4,9,no,0.014824
bajo,4,9,cabía,0.014428
bajo,4,9,en,0.017709
bajo,4,9,el,0.005304
bajo,4,9,cajón,0.034244
bajo,4,9,porque,0.035589
bajo,4,9,era,0.026684
bajo,4,9,demasiado,0.023035
bajo,4,9,bajo,0.112291
bajo,4,10,el,0.874920
bajo,4,10,vaso,0.010460
bajo,4,10,no,0.011895
bajo,4,10,cabía,0.005700
bajo,4,10,en,0.004537
bajo,4,10,el,0.006941
bajo,4,10,cajón,0.017684
bajo,4,10,porque,0.008155
bajo,4,10,era,0.006796
bajo,4,10,demasiado,0.018440
bajo,4,10,bajo,0.034471
bajo,4,11,el,0.697156
bajo,4,11,vaso,0.000319
bajo,4,11,no,0.001904
bajo,4,11,cabía,0.001009
bajo,4,11,en,0.001288
bajo,4,11,el,0.001187
bajo,4,11,cajón,0.002119
bajo,4,11,porque,0.014438
bajo,4,11,era,0.002879
bajo,4,11,demasiado,0.005162
bajo,4,11,bajo,0.272540
bajo,4,12,el,0.908895
bajo,4,12,vaso,0.006080
bajo,4,12,no,0.004844
bajo,4,12,cabía,0.009944
bajo,4,12,en,0.008658
bajo,4,12,el,0.003025
bajo,4,12,cajón,0.005746
bajo,4,12,porque,0.003638
bajo,4,12,era,0.002432
bajo,4,12,demasiado,0.013459
bajo,4,12,bajo,0.033278
bajo,4,13,el,0.673117
bajo,4,13,vaso,0.012613
bajo,4,13,no,0.010026
bajo,4,13,cabía,0.007469
bajo,4,13,en,0.006066
bajo,4,13,el,0.002304
bajo,4,13,cajón,0.025243
bajo,4,13,porque,0.025310
bajo,4,13,era,0.012335
bajo,4,13,demasiado,0.038488
bajo,4,13,bajo,0.187030
bajo,4,14,el,0.721162
bajo,4,14,vaso,0.044257
bajo,4,14,no,0.002528
bajo,4,14,cabía,0.007709
bajo,4,14,en,0.008775
bajo,4,14,el,0.014903
bajo,4,14,cajón,0.014128
bajo,4,14,porque,0.023074
bajo,4,14,era,0.059908
bajo,4,14,demasiado,0.016449
bajo,4,14,bajo,0.087107
bajo,5,1,el,0.718930
bajo,5,1,vaso,0.071270
bajo,5,1,no,0.019690
bajo,5,1,cabía,0.024714
bajo,5,1,en,0.004997
bajo,5,1,el,0.009697
bajo,5,1,cajón,0.026435
bajo,5,1,porque,0.018336
bajo,5,1,era,0.014291
bajo,5,1,demasiado,0.010815
bajo,5,1,bajo,0.080823
bajo,5,2,el,0.393280
bajo,5,2,vaso,0.222656
bajo,5,2,no,0.075784
bajo,5,2,cabía,0.083586
bajo,5,2,en,0.016231
bajo,5,2,el,0.014492
bajo,5,2,cajón,0.018789
bajo,5,2,porque,0.071830
bajo,5,2,era,0.030618
bajo,5,2,demasiado,0.007746
bajo,5,2,bajo,0.064988
bajo,5,3,el,0.369982
bajo,5,3,vaso,0.002777
bajo,5,3,no,0.001735
bajo,5,3,cabía,0.002253
bajo,5,3,en,0.000473
bajo,5,3,el,0.001204
bajo,5,3,cajón,0.001410
bajo,5,3,porque,0.019621
bajo,5,3,era,0.013238
bajo,5,3,demasiado,0.004724
bajo,5,3,bajo,0.582582
bajo,5,4,el,0.181020
bajo,5,4,vaso,0.176728
bajo,5,4,no,0.080221
bajo,5,4,cabía,0.127982
bajo,5,4,en,0.017303
bajo,5,4,el,0.027824
bajo,5,4,cajón,0.199913
bajo,5,4,porque,0.032258
bajo,5,4,era,0.034387
bajo,5,4,demasiado,0.061892
bajo,5,4,bajo,0.060473
bajo,5,5,el,0.862683
bajo,5,5,vaso,0.020556
bajo,5,5,no,0.013123
bajo,5,5,cabía,0.010463
bajo,5,5,en,0.003309
bajo,5,5,el,0.002978
bajo,5,5,cajón,0.006424
bajo,5,5,porque,0.015024
bajo,5,5,era,0.002430
bajo,5,5,demasiado,0.004203
bajo,5,5,bajo,0.058807
bajo,5,6,el,0.853639
bajo,5,6,vaso,0.003888
bajo,5,6,no,0.004993
bajo,5,6,cabía,0.001162
bajo,5,6,en,0.001063
bajo,5,6,el,0.001692
bajo,5,6,cajón,0.004915
bajo,5,6,porque,0.023364
bajo,5,6,era,0.010950
bajo,5,6,demasiado,0.014499
bajo,5,6,bajo,0.079835
bajo,5,7,el,0.261962
bajo,5,7,vaso,0.046779
bajo,5,7,no,0.030108
bajo,5,7,cabía,0.046399
bajo,5,7,en,0.015302
bajo,5,7,el,0.019626
bajo,5,7,cajón,0.055552
bajo,5,7,porque,0.155652
bajo,5,7,era,0.141136
bajo,5,7,demasiado,0.100041
bajo,5,7,bajo,0.127443
bajo,5,8,el,0.728834
bajo,5,8,vaso,0.028081
bajo,5,8,no,0.012326
bajo,5,8,cabía,0.031006
bajo,5,8,en,0.009825
bajo,5,8,el,0.007812
bajo,5,8,cajón,0.039314
bajo,5,8,porque,0.024077
bajo,5,8,era,0.010486
bajo,5,8,demasiado,0.038965
bajo,5,8,bajo,0.069274
bajo,5,9,el,0.707088
bajo,5,9,vaso,0.031108
bajo,5,9,no,0.015376
bajo,5,9,cabía,0.008523
bajo,5,9,en,0.005000
bajo,5,9,el,0.020276
bajo,5,9,cajón,0.029357
bajo,5,9,porque,0.028548
bajo,5,9,era,0.009619
bajo,5,9,demasiado,0.002072
bajo,5,9,bajo,0.143033
bajo,5,10,el,0.899935
bajo,5,10,vaso,0.020258
bajo,5,10,no,0.008989
bajo,5,10,cabía,0.008452
bajo,5,10,en,0.004726
bajo,5,10,el,0.003601
bajo,5,10,cajón,0.007649
bajo,5,10,porque,0.017235
bajo,5,10,era,0.003014
bajo,5,10,demasiado,0.006819
bajo,5,10,bajo,0.019320
bajo,5,11,el,0.096828
bajo,5,11,vaso,0.093011
bajo,5,11,no,0.032877
bajo,5,11,cabía,0.087053
bajo,5,11,en,0.018867
bajo,5,11,el,0.012469
bajo,5,11,cajón,0.124996
bajo,5,11,porque,0.096864
bajo,5,11,era,0.084953
bajo,5,11,demasiado,0.229890
bajo,5,11,bajo,0.122191
bajo,5,12,el,0.351331
bajo,5,12,vaso,0.058986
bajo,5,12,no,0.029559
bajo,5,12,cabía,0.042069
bajo,5,12,en,0.019621
bajo,5,12,el,0.021106
bajo,5,12,cajón,0.046485
bajo,5,12,porque,0.105672
bajo,5,12,era,0.028379
bajo,5,12,demasiado,0.109582
bajo,5,12,bajo,0.187211
bajo,5,13,el,0.306517
bajo,5,13,vaso,0.000023
bajo,5,13,no,0.000452
bajo,5,13,cabía,0.004357
bajo,5,13,en,0.000018
bajo,5,13,el,0.000001
bajo,5,13,cajón,0.000972
bajo,5,13,porque,0.004532
bajo,5,13,era,0.000117
bajo,5,13,demasiado,0.000039
bajo,5,13,bajo,0.682974
bajo,5,14,el,0.240573
bajo,5,14,vaso,0.274232
bajo,5,14,no,0.020294
bajo,5,14,cabía,0.025913
bajo,5,14,en,0.007094
bajo,5,14,el,0.006708
bajo,5,14,cajón,0.174443
bajo,5,14,porque,0.036217
bajo,5,14,era,0.004794
bajo,5,14,demasiado,0.045316
bajo,5,14,bajo,0.164416
bajo,6,1,el,0.931849
bajo,6,1,vaso,0.012823
bajo,6,1,no,0.000539
bajo,6,1,cabía,0.007816
bajo,6,1,en,0.001372
bajo,6,1,el,0.001081
bajo,6,1,cajón,0.001583
bajo,6,1,porque,0.009901
bajo,6,1,era,0.002718
bajo,6,1,demasiado,0.002239
bajo,6,1,bajo,0.028078
bajo,6,2,el,0.119847
bajo,6,2,vaso,0.041956
bajo,6,2,no,0.080558
bajo,6,2,cabía,0.272097
bajo,6,2,en,0.045463
bajo,6,2,el,0.018835
bajo,6,2,cajón,0.011644
bajo,6,2,porque,0.159927
bajo,6,2,era,0.090841
bajo,6,2,demasiado,0.066746
bajo,6,2,bajo,0.092086
bajo,6,3,el,0.898589
bajo,6,3,vaso,0.006421
bajo,6,3,no,0.004457
bajo,6,3,cabía,0.009305
bajo,6,3,en,0.001668
bajo,6,3,el,0.002046
bajo,6,3,cajón,0.002117
bajo,6,3,porque,0.019278
bajo,6,3,era,0.002667
bajo,6,3,demasiado,0.003501
bajo,6,3,bajo,0.049951
bajo,6,4,el,0.863729
bajo,6,4,vaso,0.007331
bajo,6,4,no,0.002330
bajo,6,4,cabía,0.001824
bajo,6,4,en,0.000381
bajo,6,4,el,0.001755
bajo,6,4,cajón,0.000572
bajo,6,4,porque,0.015193
bajo,6,4,era,0.001007
bajo,6,4,demasiado,0.000986
bajo,6,4,bajo,0.104893
bajo,6,5,el,0.518697
bajo,6,5,vaso,0.085581
bajo,6,5,no,0.030514
bajo,6,5,cabía,0.022279
bajo,6,5,en,0.008672
bajo,6,5,el,0.023106
bajo,6,5,cajón,0.112157
bajo,6,5,porque,0.076155
bajo,6,5,era,0.019619
bajo,6,5,demasiado,0.036588
bajo,6,5,bajo,0.066634
bajo,6,6,el,0.334593
bajo,6,6,vaso,0.165481
bajo,6,6,no,0.061698
bajo,6,6,cabía,0.030633
bajo,6,6,en,0.004468
bajo,6,6,el,0.017239
bajo,6,6,cajón,0.014252
bajo,6,6,porque,0.072507
bajo,6,6,era,0.003921
bajo,6,6,demasiado,0.002689
bajo,6,6,bajo,0.292519
bajo,6,7,el,0.626951
bajo,6,7,vaso,0.004839
bajo,6,7,no,0.003677
bajo,6,7,cabía,0.007995
bajo,6,7,en,0.002193
bajo,6,7,el,0.007254
bajo,6,7,cajón,0.003941
bajo,6,7,porque,0.030742
bajo,6,7,era,0.010131
bajo,6,7,demasiado,0.009348
bajo,6,7,bajo,0.292929
bajo,6,8,el,0.637866
bajo,6,8,vaso,0.095328
bajo,6,8,no,0.042121
bajo,6,8,cabía,0.013232
bajo,6,8,en,0.007975
bajo,6,8,el,0.051862
bajo,6,8,cajón,0.048521
bajo,6,8,porque,0.016390
bajo,6,8,era,0.023029
bajo,6,8,demasiado,0.013296
bajo,6,8,bajo,0.050380
bajo,6,9,el,0.408790
bajo,6,9,vaso,0.201241
bajo,6,9,no,0.042852
bajo,6,9,cabía,0.013875
bajo,6,9,en,0.001800
bajo,6,9,el,0.005786
bajo,6,9,cajón,0.089391
bajo,6,9,porque,0.030240
bajo,6,9,era,0.007981
bajo,6,9,demasiado,0.036099
bajo,6,9,bajo,0.161945
bajo,6,10,el,0.362684
bajo,6,10,vaso,0.000136
bajo,6,10,no,0.000268
bajo,6,10,cabía,0.001347
bajo,6,10,en,0.000017
bajo,6,10,el,0.000015
bajo,6,10,cajón,0.004583
bajo,6,10,porque,0.004636
bajo,6,10,era,0.000579
bajo,6,10,demasiado,0.000081
bajo,6,10,bajo,0.625655
bajo,6,11,el,0.793985
bajo,6,11,vaso,0.054396
bajo,6,11,no,0.018641
bajo,6,11,cabía,0.006939
bajo,6,11,en,0.002528
bajo,6,11,el,0.017457
bajo,6,11,cajón,0.025104
bajo,6,11,porque,0.012869
bajo,6,11,era,0.011094
bajo,6,11,demasiado,0.006207
bajo,6,11,bajo,0.050780
bajo,6,12,el,0.493879
bajo,6,12,vaso,0.034109
bajo,6,12,no,0.017607
bajo,6,12,cabía,0.044396
bajo,6,12,en,0.010025
bajo,6,12,el,0.004712
bajo,6,12,cajón,0.067802
bajo,6,12,porque,0.101510
bajo,6,12,era,0.025607
bajo,6,12,demasiado,0.100708
bajo,6,12,bajo,0.099645
bajo,6,13,el,0.301937
bajo,6,13,vaso,0.180017
bajo,6,13,no,0.023375
bajo,6,13,cabía,0.026322
bajo,6,13,en,0.002125
bajo,6,13,el,0.004379
bajo,6,13,cajón,0.217690
bajo,6,13,porque,0.025266
bajo,6,13,era,0.026594
bajo,6,13,demasiado,0.046983
bajo,6,13,bajo,0.145311
bajo,6,14,el,0.284920
bajo,6,14,vaso,0.052246
bajo,6,14,no,0.028136
bajo,6,14,cabía,0.012470
bajo,6,14,en,0.005090
bajo,6,14,el,0.009464
bajo,6,14,cajón,0.048567
bajo,6,14,porque,0.113405
bajo,6,14,era,0.033788
bajo,6,14,demasiado,0.063415
bajo,6,14,bajo,0.348499
bajo,7,1,el,0.828257
bajo,7,1,vaso,0.037298
bajo,7,1,no,0.015426
bajo,7,1,cabía,0.015562
bajo,7,1,en,0.006244
bajo,7,1,el,0.011458
bajo,7,1,cajón,0.014394
bajo,7,1,porque,0.017467
bajo,7,1,era,0.008484
bajo,7,1,demasiado,0.005876
bajo,7,1,bajo,0.039533
bajo,7,2,el,0.178589
bajo,7,2,vaso,0.066159
bajo,7,2,no,0.054314
bajo,7,2,cabía,0.081435
bajo,7,2,en,0.034777
bajo,7,2,el,0.035979
bajo,7,2,cajón,0.078084
bajo,7,2,porque,0.231459
bajo,7,2,era,0.057615
bajo,7,2,demasiado,0.048065
bajo,7,2,bajo,0.133525
bajo,7,3,el,0.685062
bajo,7,3,vaso,0.054770
bajo,7,3,no,0.030088
bajo,7,3,cabía,0.030528
bajo,7,3,en,0.009844
bajo,7,3,el,0.009445
bajo,7,3,cajón,0.024671
bajo,7,3,porque,0.045631
bajo,7,3,era,0.017232
bajo,7,3,demasiado,0.015132
bajo,7,3,bajo,0.077597
bajo,7,4,el,0.649811
bajo,7,4,vaso,0.085554
bajo,7,4,no,0.030741
bajo,7,4,cabía,0.020094
bajo,7,4,en,0.008754
bajo,7,4,el,0.018035
bajo,7,4,cajón,0.025582
bajo,7,4,porque,0.049578
bajo,7,4,era,0.015509
bajo,7,4,demasiado,0.016909
bajo,7,4,bajo,0.079432
bajo,7,5,el,0.364968
bajo,7,5,vaso,0.000087
bajo,7,5,no,0.001723
bajo,7,5,cabía,0.003188
bajo,7,5,en,0.000388
bajo,7,5,el,0.001155
bajo,7,5,cajón,0.021940
bajo,7,5,porque,0.013355
bajo,7,5,era,0.009176
bajo,7,5,demasiado,0.068416
bajo,7,5,bajo,0.515604
bajo,7,6,el,0.314317
bajo,7,6,vaso,0.172475
bajo,7,6,no,0.093651
bajo,7,6,cabía,0.128102
bajo,7,6,en,0.036231
bajo,7,6,el,0.041900
bajo,7,6,cajón,0.054824
bajo,7,6,porque,0.076405
bajo,7,6,era,0.024580
bajo,7,6,demasiado,0.013897
bajo,7,6,bajo,0.043617
bajo,7,7,el,0.223933
bajo,7,7,vaso,0.006885
bajo,7,7,no,0.028487
bajo,7,7,cabía,0.026255
bajo,7,7,en,0.006127
bajo,7,7,el,0.011781
bajo,7,7,cajón,0.055674
bajo,7,7,porque,0.250613
bajo,7,7,era,0.132353
bajo,7,7,demasiado,0.126790
bajo,7,7,bajo,0.131103
bajo,7,8,el,0.353080
bajo,7,8,vaso,0.087164
bajo,7,8,no,0.014100
bajo,7,8,cabía,0.028507
bajo,7,8,en,0.004073
bajo,7,8,el,0.008509
bajo,7,8,cajón,0.115071
bajo,7,8,porque,0.026333
bajo,7,8,era,0.019440
bajo,7,8,demasiado,0.017537
bajo,7,8,bajo,0.326186
bajo,7,9,el,0.641902
bajo,7,9,vaso,0.029833
bajo,7,9,no,0.015210
bajo,7,9,cabía,0.009088
bajo,7,9,en,0.002471
bajo,7,9,el,0.004190
bajo,7,9,cajón,0.017468
bajo,7,9,porque,0.033969
bajo,7,9,era,0.012190
bajo,7,9,demasiado,0.029381
bajo,7,9,bajo,0.204297
bajo,7,10,el,0.476083
bajo,7,10,vaso,0.001056
bajo,7,10,no,0.002213
bajo,7,10,cabía,0.001367
bajo,7,10,en,0.000050
bajo,7,10,el,0.000009
bajo,7,10,cajón,0.007498
bajo,7,10,porque,0.007681
bajo,7,10,era,0.004121
bajo,7,10,demasiado,0.000378
bajo,7,10,bajo,0.499542
bajo,7,11,el,0.555098
bajo,7,11,vaso,0.024148
bajo,7,11,no,0.022971
bajo,7,11,cabía,0.011521
bajo,7,11,en,0.003304
bajo,7,11,el,0.003481
bajo,7,11,cajón,0.015585
bajo,7,11,porque,0.050852
bajo,7,11,era,0.015067
bajo,7,11,demasiado,0.013965
bajo,7,11,bajo,0.284009
bajo,7,12,el,0.754961
bajo,7,12,vaso,0.043046
bajo,7,12,no,0.007121
bajo,7,12,cabía,0.002393
bajo,7,12,en,0.001999
bajo,7,12,el,0.010844
bajo,7,12,cajón,0.008586
bajo,7,12,porque,0.010104
bajo,7,12,era,0.003736
bajo,7,12,demasiado,0.003372
bajo,7,12,bajo,0.153838
bajo,7,13,el,0.285009
bajo,7,13,vaso,0.042934
bajo,7,13,no,0.018748
bajo,7,13,cabía,0.043645
bajo,7,13,en,0.013763
bajo,7,13,el,0.005905
bajo,7,13,cajón,0.059176
bajo,7,13,porque,0.071397
bajo,7,13,era,0.043699
bajo,7,13,demasiado,0.142193
bajo,7,13,bajo,0.273532
bajo,7,14,el,0.809928
bajo,7,14,vaso,0.017534
bajo,7,14,no,0.005549
bajo,7,14,cabía,0.001234
bajo,7,14,en,0.001536
bajo,7,14,el,0.003900
bajo,7,14,cajón,0.005771
bajo,7,14,porque,0.012041
bajo,7,14,era,0.002423
bajo,7,14,demasiado,0.003105
bajo,7,14,bajo,0.136978
bajo,8,1,el,0.860771
bajo,8,1,vaso,0.019754
bajo,8,1,no,0.001154
bajo,8,1,cabía,0.009501
bajo,8,1,en,0.000998
bajo,8,1,el,0.001322
bajo,8,1,cajón,0.003044
bajo,8,1,porque,0.019613
bajo,8,1,era,0.016162
bajo,8,1,demasiado,0.017662
bajo,8,1,bajo,0.050019
bajo,8,2,el,0.897934
bajo,8,2,vaso,0.014798
bajo,8,2,no,0.002388
bajo,8,2,cabía,0.004083
bajo,8,2,en,0.000506
bajo,8,2,el,0.000567
bajo,8,2,cajón,0.003353
bajo,8,2,porque,0.019762
bajo,8,2,era,0.001014
bajo,8,2,demasiado,0.002588
bajo,8,2,bajo,0.053007
bajo,8,3,el,0.400086
bajo,8,3,vaso,0.060194
bajo,8,3,no,0.016580
bajo,8,3,cabía,0.011872
bajo,8,3,en,0.003727
bajo,8,3,el,0.004223
bajo,8,3,cajón,0.021981
bajo,8,3,porque,0.264759
bajo,8,3,era,0.053770
bajo,8,3,demasiado,0.031729
bajo,8,3,bajo,0.131081
bajo,8,4,el,0.902916
bajo,8,4,vaso,0.010442
bajo,8,4,no,0.002213
bajo,8,4,cabía,0.000866
bajo,8,4,en,0.000016
bajo,8,4,el,0.000102
bajo,8,4,cajón,0.001641
bajo,8,4,porque,0.014990
bajo,8,4,era,0.002475
bajo,8,4,demasiado,0.007998
bajo,8,4,bajo,0.056340
bajo,8,5,el,0.394981
bajo,8,5,vaso,0.001189
bajo,8,5,no,0.001851
bajo,8,5,cabía,0.010975
bajo,8,5,en,0.000706
bajo,8,5,el,0.000692
bajo,8,5,cajón,0.001186
bajo,8,5,porque,0.025704
bajo,8,5,era,0.007706
bajo,8,5,demasiado,0.017143
bajo,8,5,bajo,0.537867
bajo,8,6,el,0.806992
bajo,8,6,vaso,0.017560
bajo,8,6,no,0.006827
bajo,8,6,cabía,0.002409
bajo,8,6,en,0.001421
bajo,8,6,el,0.001498
bajo,8,6,cajón,0.004478
bajo,8,6,porque,0.060557
bajo,8,6,era,0.021481
bajo,8,6,demasiado,0.015022
bajo,8,6,bajo,0.061755
bajo,8,7,el,0.712407
bajo,8,7,vaso,0.059028
bajo,8,7,no,0.003960
bajo,8,7,cabía,0.020434
bajo,8,7,en,0.000767
bajo,8,7,el,0.001071
bajo,8,7,cajón,0.018657
bajo,8,7,porque,0.012888
bajo,8,7,era,0.013599
bajo,8,7,demasiado,0.030709
bajo,8,7,bajo,0.126479
bajo,8,8,el,0.976072
bajo,8,8,vaso,0.005477
bajo,8,8,no,0.000821
bajo,8,8,cabía,0.000579
bajo,8,8,en,0.000970
bajo,8,8,el,0.000249
bajo,8,8,cajón,0.000151
bajo,8,8,porque,0.001211
bajo,8,8,era,0.000117
bajo,8,8,demasiado,0.000005
bajo,8,8,bajo,0.014346
bajo,8,9,el,0.948516
bajo,8,9,vaso,0.000143
bajo,8,9,no,0.000031
bajo,8,9,cabía,0.000025
bajo,8,9,en,0.000083
bajo,8,9,el,0.000022
bajo,8,9,cajón,0.000011
bajo,8,9,porque,0.000485
bajo,8,9,era,0.000074
bajo,8,9,demasiado,0.000004
bajo,8,9,bajo,0.050605
bajo,8,10,el,0.288682
bajo,8,10,vaso,0.006969
bajo,8,10,no,0.027052
bajo,8,10,cabía,0.029621
bajo,8,10,en,0.007995
bajo,8,10,el,0.002744
bajo,8,10,cajón,0.007476
bajo,8,10,porque,0.107789
bajo,8,10,era,0.037326
bajo,8,10,demasiado,0.372115
bajo,8,10,bajo,0.112233
bajo,8,11,el,0.131614
bajo,8,11,vaso,0.038561
bajo,8,11,no,0.009780
bajo,8,11,cabía,0.076792
bajo,8,11,en,0.018873
bajo,8,11,el,0.005464
bajo,8,11,cajón,0.016494
bajo,8,11,porque,0.052833
bajo,8,11,era,0.033052
bajo,8,11,demasiado,0.229054
bajo,8,11,bajo,0.387481
bajo,8,12,el,0.897676
bajo,8,12,vaso,0.014118
bajo,8,12,no,0.006575
bajo,8,12,cabía,0.002774
bajo,8,12,en,0.005060
bajo,8,12,el,0.001660
bajo,8,12,cajón,0.001993
bajo,8,12,porque,0.019507
bajo,8,12,era,0.003376
bajo,8,12,demasiado,0.000174
bajo,8,12,bajo,0.047085
bajo,8,13,el,0.526003
bajo,8,13,vaso,0.026205
bajo,8,13,no,0.046161
bajo,8,13,cabía,0.055406
bajo,8,13,en,0.023829
bajo,8,13,el,0.009182
bajo,8,13,cajón,0.013395
bajo,8,13,porque,0.127208
bajo,8,13,era,0.048008
bajo,8,13,demasiado,0.038703
bajo,8,13,bajo,0.085901
bajo,8,14,el,0.783671
bajo,8,14,vaso,0.009588
bajo,8,14,no,0.004581
bajo,8,14,cabía,0.001933
bajo,8,14,en,0.001653
bajo,8,14,el,0.002589
bajo,8,14,cajón,0.003695
bajo,8,14,porque,0.012809
bajo,8,14,era,0.001843
bajo,8,14,demasiado,0.000475
bajo,8,14,bajo,0.177164
bajo,9,1,el,0.689734
bajo,9,1,vaso,0.038667
bajo,9,1,no,0.019413
bajo,9,1,cabía,0.010411
bajo,9,1,en,0.005118
bajo,9,1,el,0.007351
bajo,9,1,cajón,0.022243
bajo,9,1,porque,0.033018
bajo,9,1,era,0.009427
bajo,9,1,demasiado,0.008888
bajo,9,1,bajo,0.155731
bajo,9,2,el,0.814803
bajo,9,2,vaso,0.016713
bajo,9,2,no,0.002070
bajo,9,2,cabía,0.002399
bajo,9,2,en,0.001322
bajo,9,2,el,0.001836
bajo,9,2,cajón,0.008007
bajo,9,2,porque,0.004171
bajo,9,2,era,0.001640
bajo,9,2,demasiado,0.001689
bajo,9,2,bajo,0.145351
bajo,9,3,el,0.072565
bajo,9,3,vaso,0.095372
bajo,9,3,no,0.004616
bajo,9,3,cabía,0.043439
bajo,9,3,en,0.019953
bajo,9,3,el,0.008172
bajo,9,3,cajón,0.087326
bajo,9,3,porque,0.048587
bajo,9,3,era,0.052499
bajo,9,3,demasiado,0.197557
bajo,9,3,bajo,0.369914
bajo,9,4,el,0.000021
bajo,9,4,vaso,0.000000
bajo,9,4,no,0.000000
bajo,9,4,cabía,0.000000
bajo,9,4,en,0.000000
bajo,9,4,el,0.000000
bajo,9,4,cajón,0.000000
bajo,9,4,porque,0.000000
bajo,9,4,era,0.000000
bajo,9,4,demasiado,0.000000
bajo,9,4,bajo,0.999979
bajo,9,5,el,0.679403
bajo,9,5,vaso,0.041722
bajo,9,5,no,0.003533
bajo,9,5,cabía,0.002813
bajo,9,5,en,0.003190
bajo,9,5,el,0.005327
bajo,9,5,cajón,0.013870
bajo,9,5,porque,0.030369
bajo,9,5,era,0.002062
bajo,9,5,demasiado,0.003357
bajo,9,5,bajo,0.214354
bajo,9,6,el,0.091544
bajo,9,6,vaso,0.016355
bajo,9,6,no,0.016079
bajo,9,6,cabía,0.043984
bajo,9,6,en,0.013568
bajo,9,6,el,0.008000
bajo,9,6,cajón,0.014433
bajo,9,6,porque,0.192345
bajo,9,6,era,0.097497
bajo,9,6,demasiado,0.245642
bajo,9,6,bajo,0.260553
bajo,9,7,el,0.515308
bajo,9,7,vaso,0.032075
bajo,9,7,no,0.011023
bajo,9,7,cabía,0.015852
bajo,9,7,en,0.004061
bajo,9,7,el,0.004271
bajo,9,7,cajón,0.013544
bajo,9,7,porque,0.122843
bajo,9,7,era,0.030483
bajo,9,7,demasiado,0.016843
bajo,9,7,bajo,0.233696
bajo,9,8,el,0.153395
bajo,9,8,vaso,0.000701
bajo,9,8,no,0.000014
bajo,9,8,cabía,0.000000
bajo,9,8,en,0.000000
bajo,9,8,el,0.000001
bajo,9,8,cajón,0.001044
bajo,9,8,porque,0.000005
bajo,9,8,era,0.000005
bajo,9,8,demasiado,0.064053
bajo,9,8,bajo,0.780781
bajo,9,9,el,0.400278
bajo,9,9,vaso,0.007444
bajo,9,9,no,0.002269
bajo,9,9,cabía,0.011208
bajo,9,9,en,0.006291
bajo,9,9,el,0.001504
bajo,9,9,cajón,0.006860
bajo,9,9,porque,0.080661
bajo,9,9,era,0.053872
bajo,9,9,demasiado,0.112250
bajo,9,9,bajo,0.317363
bajo,9,10,el,0.634110
bajo,9,10,vaso,0.036124
bajo,9,10,no,0.055804
bajo,9,10,cabía,0.040163
bajo,9,10,en,0.024250
bajo,9,10,el,0.013041
bajo,9,10,cajón,0.008825
bajo,9,10,porque,0.070323
bajo,9,10,era,0.007420
bajo,9,10,demasiado,0.006340
bajo,9,10,bajo,0.103600
bajo,9,11,el,0.086829
bajo,9,11,vaso,0.230815
bajo,9,11,no,0.022398
bajo,9,11,cabía,0.086733
bajo,9,11,en,0.017417
bajo,9,11,el,0.011650
bajo,9,11,cajón,0.121523
bajo,9,11,porque,0.035605
bajo,9,11,era,0.063605
bajo,9,11,demasiado,0.055330
bajo,9,11,bajo,0.268093
bajo,9,12,el,0.519473
bajo,9,12,vaso,0.012619
bajo,9,12,no,0.009947
bajo,9,12,cabía,0.023128
bajo,9,12,en,0.004910
bajo,9,12,el,0.005262
bajo,9,12,cajón,0.058290
bajo,9,12,porque,0.030757
bajo,9,12,era,0.030702
bajo,9,12,demasiado,0.121207
bajo,9,12,bajo,0.183704
bajo,9,13,el,0.412075
bajo,9,13,vaso,0.016476
bajo,9,13,no,0.002650
bajo,9,13,cabía,0.010026
bajo,9,13,en,0.007014
bajo,9,13,el,0.006228
bajo,9,13,cajón,0.012409
bajo,9,13,porque,0.105972
bajo,9,13,era,0.054028
bajo,9,13,demasiado,0.045374
bajo,9,13,bajo,0.327747
bajo,9,14,el,0.243881
bajo,9,14,vaso,0.034662
bajo,9,14,no,0.044666
bajo,9,14,cabía,0.030953
bajo,9,14,en,0.014824
bajo,9,14,el,0.008946
bajo,9,14,cajón,0.013648
bajo,9,14,porque,0.267653
bajo,9,14,era,0.080128
bajo,9,14,demasiado,0.091606
bajo,9,14,bajo,0.169033
bajo,10,1,el,0.606516
bajo,10,1,vaso,0.036305
bajo,10,1,no,0.029645
bajo,10,1,cabía,0.024947
bajo,10,1,en,0.006396
bajo,10,1,el,0.004455
bajo,10,1,cajón,0.002780
bajo,10,1,porque,0.133435
bajo,10,1,era,0.005688
bajo,10,1,demasiado,0.006959
bajo,10,1,bajo,0.142875
bajo,10,2,el,0.453843
bajo,10,2,vaso,0.002446
bajo,10,2,no,0.002697
bajo,10,2,cabía,0.007574
bajo,10,2,en,0.004117
bajo,10,2,el,0.001099
bajo,10,2,cajón,0.003692
bajo,10,2,porque,0.038021
bajo,10,2,era,0.013745
bajo,10,2,demasiado,0.006685
bajo,10,2,bajo,0.466081
bajo,10,3,el,0.285702
bajo,10,3,vaso,0.024727
bajo,10,3,no,0.022968
bajo,10,3,cabía,0.127128
bajo,10,3,en,0.029218
bajo,10,3,el,0.009847
bajo,10,3,cajón,0.026441
bajo,10,3,porque,0.148629
bajo,10,3,era,0.027293
bajo,10,3,demasiado,0.064840
bajo,10,3,bajo,0.233208
bajo,10,4,el,0.482162
bajo,10,4,vaso,0.038183
bajo,10,4,no,0.030091
bajo,10,4,cabía,0.057016
bajo,10,4,en,0.015513
bajo,10,4,el,0.006245
bajo,10,4,cajón,0.037681
bajo,10,4,porque,0.114178
bajo,10,4,era,0.031974
bajo,10,4,demasiado,0.022828
bajo,10,4,bajo,0.164128
bajo,10,5,el,0.676269
bajo,10,5,vaso,0.011740
bajo,10,5,no,0.005189
bajo,10,5,cabía,0.022569
bajo,10,5,en,0.008074
bajo,10,5,el,0.007356
bajo,10,5,cajón,0.009868
bajo,10,5,porque,0.023260
bajo,10,5,era,0.002764
bajo,10,5,demasiado,0.001044
bajo,10,5,bajo,0.231868
bajo,10,6,el,0.066888
bajo,10,6,vaso,0.086712
bajo,10,6,no,0.118671
bajo,10,6,cabía,0.124615
bajo,10,6,en,0.024011
bajo,10,6,el,0.012125
bajo,10,6,cajón,0.011287
bajo,10,6,porque,0.355789
bajo,10,6,era,0.031633
bajo,10,6,demasiado,0.035938
bajo,10,6,bajo,0.132328
bajo,10,7,el,0.784474
bajo,10,7,vaso,0.042438
bajo,10,7,no,0.017730
bajo,10,7,cabía,0.012734
bajo,10,7,en,0.006714
bajo,10,7,el,0.011611
bajo,10,7,cajón,0.008481
bajo,10,7,porque,0.021108
bajo,10,7,era,0.000905
bajo,10,7,demasiado,0.000758
bajo,10,7,bajo,0.093046
bajo,10,8,el,1.000000
bajo,10,8,vaso,0.000000
bajo,10,8,no,0.000000
bajo,10,8,cabía,0.000000
bajo,10,8,en,0.000000
bajo,10,8,el,0.000000
bajo,10,8,cajón,0.000000
bajo,10,8,porque,0.000000
bajo,10,8,era,0.000000
bajo,10,8,demasiado,0.000000
bajo,10,8,bajo,0.000000
bajo,10,9,el,0.999942
bajo,10,9,vaso,0.000043
bajo,10,9,no,0.000000
bajo,10,9,cabía,0.000002
bajo,10,9,en,0.000000
bajo,10,9,el,0.000012
bajo,10,9,cajón,0.000000
bajo,10,9,porque,0.000000
bajo,10,9,era,0.000000
bajo,10,9,demasiado,0.000000
bajo,10,9,bajo,0.000000
bajo,10,10,el,0.999998
bajo,10,10,vaso,0.000001
bajo,10,10,no,0.000000
bajo,10,10,cabía,0.000000
bajo,10,10,en,0.000000
bajo,10,10,el,0.000001
bajo,10,10,cajón,0.000000
bajo,10,10,porque,0.000000
bajo,10,10,era,0.000000
bajo,10,10,demasiado,0.000000
bajo,10,10,bajo,0.000000
bajo,10,11,el,0.996130
bajo,10,11,vaso,0.002901
bajo,10,11,no,0.000044
bajo,10,11,cabía,0.000234
bajo,10,11,en,0.000004
bajo,10,11,el,0.000582
bajo,10,11,cajón,0.000050
bajo,10,11,porque,0.000006
bajo,10,11,era,0.000016
bajo,10,11,demasiado,0.000011
bajo,10,11,bajo,0.000022
bajo,10,12,el,0.986216
bajo,10,12,vaso,0.001872
bajo,10,12,no,0.000279
bajo,10,12,cabía,0.001502
bajo,10,12,en,0.000290
bajo,10,12,el,0.002490
bajo,10,12,cajón,0.001153
bajo,10,12,porque,0.000421
bajo,10,12,era,0.003835
bajo,10,12,demasiado,0.001099
bajo,10,12,bajo,0.000843
bajo,10,13,el,0.960037
bajo,10,13,vaso,0.008997
bajo,10,13,no,0.002329
bajo,10,13,cabía,0.004313
bajo,10,13,en,0.000989
bajo,10,13,el,0.003155
bajo,10,13,cajón,0.002739
bajo,10,13,porque,0.003556
bajo,10,13,era,0.006497
bajo,10,13,demasiado,0.003284
bajo,10,13,bajo,0.004105
bajo,10,14,el,0.988705
bajo,10,14,vaso,0.004677
bajo,10,14,no,0.000091
bajo,10,14,cabía,0.000683
bajo,10,14,en,0.000015
bajo,10,14,el,0.004738
bajo,10,14,cajón,0.000762
bajo,10,14,porque,0.000015
bajo,10,14,era,0.000126
bajo,10,14,demasiado,0.000177
bajo,10,14,bajo,0.000010
bajo,11,1,el,0.609848
bajo,11,1,vaso,0.038569
bajo,11,1,no,0.016279
bajo,11,1,cabía,0.077887
bajo,11,1,en,0.014957
bajo,11,1,el,0.004083
bajo,11,1,cajón,0.042473
bajo,11,1,porque,0.038502
bajo,11,1,era,0.010838
bajo,11,1,demasiado,0.014836
bajo,11,1,bajo,0.131728
bajo,11,2,el,0.890753
bajo,11,2,vaso,0.024601
bajo,11,2,no,0.006320
bajo,11,2,cabía,0.007554
bajo,11,2,en,0.002222
bajo,11,2,el,0.001477
bajo,11,2,cajón,0.010180
bajo,11,2,porque,0.010697
bajo,11,2,era,0.002921
bajo,11,2,demasiado,0.003755
bajo,11,2,bajo,0.039521
bajo,11,3,el,0.487213
bajo,11,3,vaso,0.000239
bajo,11,3,no,0.000147
bajo,11,3,cabía,0.000118
bajo,11,3,en,0.000005
bajo,11,3,el,0.000014
bajo,11,3,cajón,0.008111
bajo,11,3,porque,0.004913
bajo,11,3,era,0.000836
bajo,11,3,demasiado,0.026365
bajo,11,3,bajo,0.472040
bajo,11,4,el,0.327376
bajo,11,4,vaso,0.097180
bajo,11,4,no,0.051487
bajo,11,4,cabía,0.059920
bajo,11,4,en,0.016153
bajo,11,4,el,0.004763
bajo,11,4,cajón,0.029393
bajo,11,4,porque,0.164234
bajo,11,4,era,0.037220
bajo,11,4,demasiado,0.039155
bajo,11,4,bajo,0.173119
bajo,11,5,el,0.179418
bajo,11,5,vaso,0.031154
bajo,11,5,no,0.012603
bajo,11,5,cabía,0.099881
bajo,11,5,en,0.037900
bajo,11,5,el,0.011157
bajo,11,5,cajón,0.069376
bajo,11,5,porque,0.099721
bajo,11,5,era,0.091601
bajo,11,5,demasiado,0.156714
bajo,11,5,bajo,0.210476
bajo,11,6,el,0.628025
bajo,11,6,vaso,0.088243
bajo,11,6,no,0.016473
bajo,11,6,cabía,0.019982
bajo,11,6,en,0.007186
bajo,11,6,el,0.003888
bajo,11,6,cajón,0.032447
bajo,11,6,porque,0.025898
bajo,11,6,era,0.005347
bajo,11,6,demasiado,0.009122
bajo,11,6,bajo,0.163388
bajo,11,7,el,0.198252
bajo,11,7,vaso,0.000002
bajo,11,7,no,0.000175
bajo,11,7,cabía,0.002993
bajo,11,7,en,0.000000
bajo,11,7,el,0.000000
bajo,11,7,cajón,0.006006
bajo,11,7,porque,0.005664
bajo,11,7,era,0.000035
bajo,11,7,demasiado,0.000007
bajo,11,7,bajo,0.786866
bajo,11,8,el,0.528592
bajo,11,8,vaso,0.052033
bajo,11,8,no,0.022743
bajo,11,8,cabía,0.019368
bajo,11,8,en,0.005886
bajo,11,8,el,0.006463
bajo,11,8,cajón,0.019918
bajo,11,8,porque,0.025148
bajo,11,8,era,0.011635
bajo,11,8,demasiado,0.010912
bajo,11,8,bajo,0.297303
bajo,11,9,el,0.812400
bajo,11,9,vaso,0.021915
bajo,11,9,no,0.008609
bajo,11,9,cabía,0.003740
bajo,11,9,en,0.001139
bajo,11,9,el,0.001153
bajo,11,9,cajón,0.008614
bajo,11,9,porque,0.002542
bajo,11,9,era,0.000399
bajo,11,9,demasiado,0.000411
bajo,11,9,bajo,0.139079
bajo,11,10,el,0.646561
bajo,11,10,vaso,0.053594
bajo,11,10,no,0.019605
bajo,11,10,cabía,0.027664
bajo,11,10,en,0.011547
bajo,11,10,el,0.010206
bajo,11,10,cajón,0.057235
bajo,11,10,porque,0.016804
bajo,11,10,era,0.007914
bajo,11,10,demasiado,0.005453
bajo,11,10,bajo,0.143417
bajo,11,11,el,0.402211
bajo,11,11,vaso,0.190179
bajo,11,11,no,0.051407
bajo,11,11,cabía,0.026040
bajo,11,11,en,0.012353
bajo,11,11,el,0.021334
bajo,11,11,cajón,0.057292
bajo,11,11,porque,0.020101
bajo,11,11,era,0.016134
bajo,11,11,demasiado,0.006650
bajo,11,11,bajo,0.196299
bajo,11,12,el,0.202144
bajo,11,12,vaso,0.019307
bajo,11,12,no,0.023338
bajo,11,12,cabía,0.105643
bajo,11,12,en,0.024977
bajo,11,12,el,0.007529
bajo,11,12,cajón,0.077292
bajo,11,12,porque,0.169405
bajo,11,12,era,0.033099
bajo,11,12,demasiado,0.091722
bajo,11,12,bajo,0.245544
bajo,11,13,el,0.045165
bajo,11,13,vaso,0.152924
bajo,11,13,no,0.022070
bajo,11,13,cabía,0.182292
bajo,11,13,en,0.072209
bajo,11,13,el,0.020873
bajo,11,13,cajón,0.102459
bajo,11,13,porque,0.034344
bajo,11,13,era,0.041421
bajo,11,13,demasiado,0.058742
bajo,11,13,bajo,0.267502
bajo,11,14,el,0.666564
bajo,11,14,vaso,0.079448
bajo,11,14,no,0.019982
bajo,11,14,cabía,0.030742
bajo,11,14,en,0.014201
bajo,11,14,el,0.012364
bajo,11,14,cajón,0.061199
bajo,11,14,porque,0.013420
bajo,11,14,era,0.011151
bajo,11,14,demasiado,0.007343
bajo,11,14,bajo,0.083586
bajo,12,1,el,0.321113
bajo,12,1,vaso,0.063914
bajo,12,1,no,0.029539
bajo,12,1,cabía,0.139417
bajo,12,1,en,0.060155
bajo,12,1,el,0.041880
bajo,12,1,cajón,0.064514
bajo,12,1,porque,0.123601
bajo,12,1,era,0.017724
bajo,12,1,demasiado,0.016332
bajo,12,1,bajo,0.121811
bajo,12,2,el,0.983011
bajo,12,2,vaso,0.000993
bajo,12,2,no,0.000813
bajo,12,2,cabía,0.002002
bajo,12,2,en,0.001846
bajo,12,2,el,0.003846
bajo,12,2,cajón,0.000822
bajo,12,2,porque,0.003392
bajo,12,2,era,0.000255
bajo,12,2,demasiado,0.000085
bajo,12,2,bajo,0.002938
bajo,12,3,el,0.628806
bajo,12,3,vaso,0.029272
bajo,12,3,no,0.011773
bajo,12,3,cabía,0.128266
bajo,12,3,en,0.059818
bajo,12,3,el,0.038733
bajo,12,3,cajón,0.031304
bajo,12,3,porque,0.042073
bajo,12,3,era,0.004450
bajo,12,3,demasiado,0.002717
bajo,12,3,bajo,0.022787
bajo,12,4,el,0.948235
bajo,12,4,vaso,0.017396
bajo,12,4,no,0.006100
bajo,12,4,cabía,0.004171
bajo,12,4,en,0.001862
bajo,12,4,el,0.002982
bajo,12,4,cajón,0.011902
bajo,12,4,porque,0.002620
bajo,12,4,era,0.000845
bajo,12,4,demasiado,0.000945
bajo,12,4,bajo,0.002942
bajo,12,5,el,0.880992
bajo,12,5,vaso,0.030119
bajo,12,5,no,0.019617
bajo,12,5,cabía,0.008064
bajo,12,5,en,0.003698
bajo,12,5,el,0.007360
bajo,12,5,cajón,0.014558
bajo,12,5,porque,0.013376
bajo,12,5,era,0.002903
bajo,12,5,demasiado,0.001228
bajo,12,5,bajo,0.018085
bajo,12,6,el,0.800507
bajo,12,6,vaso,0.048104
bajo,12,6,no,0.020686
bajo,12,6,cabía,0.014971
bajo,12,6,en,0.006221
bajo,12,6,el,0.008229
bajo,12,6,cajón,0.048784
bajo,12,6,porque,0.012315
bajo,12,6,era,0.006393
bajo,12,6,demasiado,0.009016
bajo,12,6,bajo,0.024773
bajo,12,7,el,0.760396
bajo,12,7,vaso,0.091081
bajo,12,7,no,0.019604
bajo,12,7,cabía,0.028078
bajo,12,7,en,0.016301
bajo,12,7,el,0.021948
bajo,12,7,cajón,0.034120
bajo,12,7,porque,0.010136
bajo,12,7,era,0.003302
bajo,12,7,demasiado,0.001987
bajo,12,7,bajo,0.013048
bajo,12,8,el,0.999991
bajo,12,8,vaso,0.000009
bajo,12,8,no,0.000000
bajo,12,8,cabía,0.000000
bajo,12,8,en,0.000000
bajo,12,8,el,0.000000
bajo,12,8,cajón,0.000000
bajo,12,8,porque,0.000000
bajo,12,8,era,0.000000
bajo,12,8,demasiado,0.000000
bajo,12,8,bajo,0.000000
bajo,12,9,el,0.983325
bajo,12,9,vaso,0.001894
bajo,12,9,no,0.000526
bajo,12,9,cabía,0.001586
bajo,12,9,en,0.000627
bajo,12,9,el,0.001828
bajo,12,9,cajón,0.002641
bajo,12,9,porque,0.002891
bajo,12,9,era,0.002379
bajo,12,9,demasiado,0.000757
bajo,12,9,bajo,0.001544
bajo,12,10,el,0.999917
bajo,12,10,vaso,0.000078
bajo,12,10,no,0.000000
bajo,12,10,cabía,0.000002
bajo,12,10,en,0.000000
bajo,12,10,el,0.000002
bajo,12,10,cajón,0.000000
bajo,12,10,porque,0.000000
bajo,12,10,era,0.000000
bajo,12,10,demasiado,0.000000
bajo,12,10,bajo,0.000000
bajo,12,11,el,0.984526
bajo,12,11,vaso,0.005080
bajo,12,11,no,0.000912
bajo,12,11,cabía,0.001803
bajo,12,11,en,0.000320
bajo,12,11,el,0.003741
bajo,12,11,cajón,0.000813
bajo,12,11,porque,0.000371
bajo,12,11,era,0.001126
bajo,12,11,demasiado,0.000519
bajo,12,11,bajo,0.000788
bajo,12,12,el,0.999986
bajo,12,12,vaso,0.000014
bajo,12,12,no,0.000000
bajo,12,12,cabía,0.000000
bajo,12,12,en,0.000000
bajo,12,12,el,0.000000
bajo,12,12,cajón,0.000000
bajo,12,12,porque,0.000000
bajo,12,12,era,0.000000
bajo,12,12,demasiado,0.000000
bajo,12,12,bajo,0.000000
bajo,12,13,el,0.996238
bajo,12,13,vaso,0.002126
bajo,12,13,no,0.000062
bajo,12,13,cabía,0.000502
bajo,12,13,en,0.000016
bajo,12,13,el,0.000677
bajo,12,13,cajón,0.000211
bajo,12,13,porque,0.000028
bajo,12,13,era,0.000048
bajo,12,13,demasiado,0.000020
bajo,12,13,bajo,0.000070
bajo,12,14,el,0.999999
bajo,12,14,vaso,0.000001
bajo,12,14,no,0.000000
bajo,12,14,cabía,0.000000
bajo,12,14,en,0.000000
bajo,12,14,el,0.000000
bajo,12,14,cajón,0.000000
bajo,12,14,porque,0.000000
bajo,12,14,era,0.000000
bajo,12,14,demasiado,0.000000
bajo,12,14,bajo,0.000000
bajo,13,1,el,0.212180
bajo,13,1,vaso,0.000006
bajo,13,1,no,0.000367
bajo,13,1,cabía,0.001368
bajo,13,1,en,0.000000
bajo,13,1,el,0.000000
bajo,13,1,cajón,0.003407
bajo,13,1,porque,0.014226
bajo,13,1,era,0.000055
bajo,13,1,demasiado,0.000001
bajo,13,1,bajo,0.768389
bajo,13,2,el,0.275624
bajo,13,2,vaso,0.077498
bajo,13,2,no,0.024242
bajo,13,2,cabía,0.061247
bajo,13,2,en,0.023178
bajo,13,2,el,0.019714
bajo,13,2,cajón,0.051276
bajo,13,2,porque,0.100515
bajo,13,2,era,0.033661
bajo,13,2,demasiado,0.056212
bajo,13,2,bajo,0.276833
bajo,13,3,el,0.151847
bajo,13,3,vaso,0.036979
bajo,13,3,no,0.008016
bajo,13,3,cabía,0.161984
bajo,13,3,en,0.043548
bajo,13,3,el,0.011799
bajo,13,3,cajón,0.130917
bajo,13,3,porque,0.055005
bajo,13,3,era,0.039926
bajo,13,3,demasiado,0.103599
bajo,13,3,bajo,0.256381
bajo,13,4,el,0.908727
bajo,13,4,vaso,0.009929
bajo,13,4,no,0.001491
bajo,13,4,cabía,0.008053
bajo,13,4,en,0.002933
bajo,13,4,el,0.001455
bajo,13,4,cajón,0.009270
bajo,13,4,porque,0.018693
bajo,13,4,era,0.008670
bajo,13,4,demasiado,0.008375
bajo,13,4,bajo,0.022404
bajo,13,5,el,0.616471
bajo,13,5,vaso,0.037534
bajo,13,5,no,0.013552
bajo,13,5,cabía,0.028478
bajo,13,5,en,0.013517
bajo,13,5,el,0.014679
bajo,13,5,cajón,0.044675
bajo,13,5,porque,0.035223
bajo,13,5,era,0.036701
bajo,13,5,demasiado,0.043541
bajo,13,5,bajo,0.115630
bajo,13,6,el,0.426656
bajo,13,6,vaso,0.115153
bajo,13,6,no,0.026229
bajo,13,6,cabía,0.061028
bajo,13,6,en,0.012930
bajo,13,6,el,0.007566
bajo,13,6,cajón,0.061318
bajo,13,6,porque,0.032126
bajo,13,6,era,0.007347
bajo,13,6,demasiado,0.005450
bajo,13,6,bajo,0.244198
bajo,13,7,el,0.338136
bajo,13,7,vaso,0.036359
bajo,13,7,no,0.015661
bajo,13,7,cabía,0.062163
bajo,13,7,en,0.012885
bajo,13,7,el,0.007442
bajo,13,7,cajón,0.066075
bajo,13,7,porque,0.112085
bajo,13,7,era,0.029359
bajo,13,7,demasiado,0.039919
bajo,13,7,bajo,0.279917
bajo,13,8,el,0.339499
bajo,13,8,vaso,0.123730
bajo,13,8,no,0.027290
bajo,13,8,cabía,0.076976
bajo,13,8,en,0.034554
bajo,13,8,el,0.020590
bajo,13,8,cajón,0.097216
bajo,13,8,porque,0.032713
bajo,13,8,era,0.007919
bajo,13,8,demasiado,0.027086
bajo,13,8,bajo,0.212428
bajo,13,9,el,0.288973
bajo,13,9,vaso,0.052880
bajo,13,9,no,0.043674
bajo,13,9,cabía,0.070581
bajo,13,9,en,0.016301
bajo,13,9,el,0.002917
bajo,13,9,cajón,0.021484
bajo,13,9,porque,0.077262
bajo,13,9,era,0.007294
bajo,13,9,demasiado,0.023351
bajo,13,9,bajo,0.395285
bajo,13,10,el,0.163382
bajo,13,10,vaso,0.496499
bajo,13,10,no,0.149963
bajo,13,10,cabía,0.071578
bajo,13,10,en,0.008965
bajo,13,10,el,0.005687
bajo,13,10,cajón,0.030300
bajo,13,10,porque,0.013025
bajo,13,10,era,0.004653
bajo,13,10,demasiado,0.002011
bajo,13,10,bajo,0.053934
bajo,13,11,el,0.464955
bajo,13,11,vaso,0.103179
bajo,13,11,no,0.036742
bajo,13,11,cabía,0.077391
bajo,13,11,en,0.020557
bajo,13,11,el,0.009377
bajo,13,11,cajón,0.037455
bajo,13,11,porque,0.079030
bajo,13,11,era,0.009922
bajo,13,11,demasiado,0.013371
bajo,13,11,bajo,0.148020
bajo,13,12,el,0.345096
bajo,13,12,vaso,0.186755
bajo,13,12,no,0.055610
bajo,13,12,cabía,0.065772
bajo,13,12,en,0.026051
bajo,13,12,el,0.017222
bajo,13,12,cajón,0.110732
bajo,13,12,porque,0.068511
bajo,13,12,era,0.028057
bajo,13,12,demasiado,0.014054
bajo,13,12,bajo,0.082141
bajo,13,13,el,0.803065
bajo,13,13,vaso,0.037669
bajo,13,13,no,0.010163
bajo,13,13,cabía,0.003799
bajo,13,13,en,0.001948
bajo,13,13,el,0.001869
bajo,13,13,cajón,0.007355
bajo,13,13,porque,0.010145
bajo,13,13,era,0.000579
bajo,13,13,demasiado,0.000855
bajo,13,13,bajo,0.122553
bajo,13,14,el,0.460826
bajo,13,14,vaso,0.095558
bajo,13,14,no,0.028671
bajo,13,14,cabía,0.039441
bajo,13,14,en,0.017428
bajo,13,14,el,0.020087
bajo,13,14,cajón,0.080601
bajo,13,14,porque,0.058063
bajo,13,14,era,0.013765
bajo,13,14,demasiado,0.017837
bajo,13,14,bajo,0.167723
bajo,14,1,el,0.284715
bajo,14,1,vaso,0.180507
bajo,14,1,no,0.067983
bajo,14,1,cabía,0.104753
bajo,14,1,en,0.015153
bajo,14,1,el,0.003943
bajo,14,1,cajón,0.033173
bajo,14,1,porque,0.040788
bajo,14,1,era,0.012936
bajo,14,1,demasiado,0.008192
bajo,14,1,bajo,0.247859
bajo,14,2,el,0.737530
bajo,14,2,vaso,0.005160
bajo,14,2,no,0.007976
bajo,14,2,cabía,0.004999
bajo,14,2,en,0.001462
bajo,14,2,el,0.000185
bajo,14,2,cajón,0.002301
bajo,14,2,porque,0.028168
bajo,14,2,era,0.001906
bajo,14,2,demasiado,0.004367
bajo,14,2,bajo,0.205947
bajo,14,3,el,0.939935
bajo,14,3,vaso,0.027601
bajo,14,3,no,0.001016
bajo,14,3,cabía,0.002036
bajo,14,3,en,0.007150
bajo,14,3,el,0.002848
bajo,14,3,cajón,0.000250
bajo,14,3,porque,0.000736
bajo,14,3,era,0.000225
bajo,14,3,demasiado,0.000036
bajo,14,3,bajo,0.018168
bajo,14,4,el,0.176058
bajo,14,4,vaso,0.002559
bajo,14,4,no,0.001384
bajo,14,4,cabía,0.011360
bajo,14,4,en,0.008441
bajo,14,4,el,0.000974
bajo,14,4,cajón,0.003397
bajo,14,4,porque,0.022346
bajo,14,4,era,0.002850
bajo,14,4,demasiado,0.000508
bajo,14,4,bajo,0.770124
bajo,14,5,el,0.738587
bajo,14,5,vaso,0.038843
bajo,14,5,no,0.017868
bajo,14,5,cabía,0.009482
bajo,14,5,en,0.001408
bajo,14,5,el,0.000176
bajo,14,5,cajón,0.003142
bajo,14,5,porque,0.008679
bajo,14,5,era,0.000305
bajo,14,5,demasiado,0.000207
bajo,14,5,bajo,0.181303
bajo,14,6,el,0.868419
bajo,14,6,vaso,0.052720
bajo,14,6,no,0.011402
bajo,14,6,cabía,0.006078
bajo,14,6,en,0.001742
bajo,14,6,el,0.000895
bajo,14,6,cajón,0.004010
bajo,14,6,porque,0.006296
bajo,14,6,era,0.000245
bajo,14,6,demasiado,0.000185
bajo,14,6,bajo,0.048006
bajo,14,7,el,0.524491
bajo,14,7,vaso,0.086172
bajo,14,7,no,0.018613
bajo,14,7,cabía,0.115554
bajo,14,7,en,0.026890
bajo,14,7,el,0.019038
bajo,14,7,cajón,0.062297
bajo,14,7,porque,0.030628
bajo,14,7,era,0.012082
bajo,14,7,demasiado,0.005785
bajo,14,7,bajo,0.098448
bajo,14,8,el,0.744267
bajo,14,8,vaso,0.044799
bajo,14,8,no,0.020233
bajo,14,8,cabía,0.017254
bajo,14,8,en,0.005590
bajo,14,8,el,0.004233
bajo,14,8,cajón,0.008532
bajo,14,8,porque,0.024462
bajo,14,8,era,0.008235
bajo,14,8,demasiado,0.002665
bajo,14,8,bajo,0.119730
bajo,14,9,el,0.990084
bajo,14,9,vaso,0.002022
bajo,14,9,no,0.000280
bajo,14,9,cabía,0.000869
bajo,14,9,en,0.000130
bajo,14,9,el,0.000078
bajo,14,9,cajón,0.000328
bajo,14,9,porque,0.000350
bajo,14,9,era,0.000864
bajo,14,9,demasiado,0.000837
bajo,14,9,bajo,0.004158
bajo,14,10,el,0.822373
bajo,14,10,vaso,0.063270
bajo,14,10,no,0.006355
bajo,14,10,cabía,0.004347
bajo,14,10,en,0.000966
bajo,14,10,el,0.000742
bajo,14,10,cajón,0.001303
bajo,14,10,porque,0.008769
bajo,14,10,era,0.005967
bajo,14,10,demasiado,0.000893
bajo,14,10,bajo,0.085016
bajo,14,11,el,0.345148
bajo,14,11,vaso,0.078544
bajo,14,11,no,0.047547
bajo,14,11,cabía,0.063964
bajo,14,11,en,0.023409
bajo,14,11,el,0.012590
bajo,14,11,cajón,0.032289
bajo,14,11,porque,0.112246
bajo,14,11,era,0.022717
bajo,14,11,demasiado,0.022416
bajo,14,11,bajo,0.239131
bajo,14,12,el,0.313301
bajo,14,12,vaso,0.149830
bajo,14,12,no,0.065597
bajo,14,12,cabía,0.076730
bajo,14,12,en,0.015307
bajo,14,12,el,0.013099
bajo,14,12,cajón,0.031246
bajo,14,12,porque,0.097797
bajo,14,12,era,0.022617
bajo,14,12,demasiado,0.007695
bajo,14,12,bajo,0.206780
bajo,14,13,el,0.958714
bajo,14,13,vaso,0.001269
bajo,14,13,no,0.000146
bajo,14,13,cabía,0.000229
bajo,14,13,en,0.000080
bajo,14,13,el,0.000054
bajo,14,13,cajón,0.000089
bajo,14,13,porque,0.001604
bajo,14,13,era,0.000337
bajo,14,13,demasiado,0.000067
bajo,14,13,bajo,0.037411
bajo,14,14,el,0.427351
bajo,14,14,vaso,0.069862
bajo,14,14,no,0.027913
bajo,14,14,cabía,0.080616
bajo,14,14,en,0.022062
bajo,14,14,el,0.013572
bajo,14,14,cajón,0.031387
bajo,14,14,porque,0.060049
bajo,14,14,era,0.024004
bajo,14,14,demasiado,0.017126
bajo,14,14,bajo,0.226056
bajo,15,1,el,0.229734
bajo,15,1,vaso,0.060147
bajo,15,1,no,0.045230
bajo,15,1,cabía,0.123279
bajo,15,1,en,0.053041
bajo,15,1,el,0.010976
bajo,15,1,cajón,0.061378
bajo,15,1,porque,0.128720
bajo,15,1,era,0.034134
bajo,15,1,demasiado,0.071844
bajo,15,1,bajo,0.181518
bajo,15,2,el,0.164482
bajo,15,2,vaso,0.000141
bajo,15,2,no,0.001893
bajo,15,2,cabía,0.017622
bajo,15,2,en,0.000693
bajo,15,2,el,0.000015
bajo,15,2,cajón,0.011064
bajo,15,2,porque,0.015070
bajo,15,2,era,0.000381
bajo,15,2,demasiado,0.000251
bajo,15,2,bajo,0.788387
bajo,15,3,el,0.488208
bajo,15,3,vaso,0.021422
bajo,15,3,no,0.018352
bajo,15,3,cabía,0.058850
bajo,15,3,en,0.020686
bajo,15,3,el,0.002962
bajo,15,3,cajón,0.019779
bajo,15,3,porque,0.125208
bajo,15,3,era,0.010183
bajo,15,3,demasiado,0.026561
bajo,15,3,bajo,0.207789
bajo,15,4,el,0.642503
bajo,15,4,vaso,0.115606
bajo,15,4,no,0.027847
bajo,15,4,cabía,0.027878
bajo,15,4,en,0.011470
bajo,15,4,el,0.006010
bajo,15,4,cajón,0.041941
bajo,15,4,porque,0.022713
bajo,15,4,era,0.008667
bajo,15,4,demasiado,0.023395
bajo,15,4,bajo,0.071970
bajo,15,5,el,0.701474
bajo,15,5,vaso,0.033544
bajo,15,5,no,0.011237
bajo,15,5,cabía,0.006492
bajo,15,5,en,0.001787
bajo,15,5,el,0.000500
bajo,15,5,cajón,0.004412
bajo,15,5,porque,0.006358
bajo,15,5,era,0.000178
bajo,15,5,demasiado,0.000094
bajo,15,5,bajo,0.233924
bajo,15,6,el,0.640682
bajo,15,6,vaso,0.053863
bajo,15,6,no,0.014971
bajo,15,6,cabía,0.049307
bajo,15,6,en,0.032374
bajo,15,6,el,0.015218
bajo,15,6,cajón,0.034094
bajo,15,6,porque,0.046040
bajo,15,6,era,0.014727
bajo,15,6,demasiado,0.020852
bajo,15,6,bajo,0.077873
bajo,15,7,el,0.389233
bajo,15,7,vaso,0.032570
bajo,15,7,no,0.036239
bajo,15,7,cabía,0.049914
bajo,15,7,en,0.012275
bajo,15,7,el,0.001975
bajo,15,7,cajón,0.013922
bajo,15,7,porque,0.125814
bajo,15,7,era,0.003831
bajo,15,7,demasiado,0.004347
bajo,15,7,bajo,0.329880
bajo,15,8,el,0.505263
bajo,15,8,vaso,0.056412
bajo,15,8,no,0.018418
bajo,15,8,cabía,0.072499
bajo,15,8,en,0.019428
bajo,15,8,el,0.004553
bajo,15,8,cajón,0.034528
bajo,15,8,porque,0.078769
bajo,15,8,era,0.009510
bajo,15,8,demasiado,0.037183
bajo,15,8,bajo,0.163437
bajo,15,9,el,0.637616
bajo,15,9,vaso,0.067496
bajo,15,9,no,0.032766
bajo,15,9,cabía,0.047930
bajo,15,9,en,0.020203
bajo,15,9,el,0.021639
bajo,15,9,cajón,0.027602
bajo,15,9,porque,0.056441
bajo,15,9,era,0.018571
bajo,15,9,demasiado,0.022012
bajo,15,9,bajo,0.047723
bajo,15,10,el,0.863011
bajo,15,10,vaso,0.030268
bajo,15,10,no,0.014457
bajo,15,10,cabía,0.020639
bajo,15,10,en,0.005845
bajo,15,10,el,0.006510
bajo,15,10,cajón,0.012659
bajo,15,10,porque,0.016356
bajo,15,10,era,0.005870
bajo,15,10,demasiado,0.011060
bajo,15,10,bajo,0.013325
bajo,15,11,el,0.121381
bajo,15,11,vaso,0.000100
bajo,15,11,no,0.001324
bajo,15,11,cabía,0.014952
bajo,15,11,en,0.000026
bajo,15,11,el,0.000001
bajo,15,11,cajón,0.005137
bajo,15,11,porque,0.012808
bajo,15,11,era,0.000039
bajo,15,11,demasiado,0.000013
bajo,15,11,bajo,0.844221
bajo,15,12,el,0.905021
bajo,15,12,vaso,0.021582
bajo,15,12,no,0.013555
bajo,15,12,cabía,0.004268
bajo,15,12,en,0.000737
bajo,15,12,el,0.000684
bajo,15,12,cajón,0.003272
bajo,15,12,porque,0.008204
bajo,15,12,era,0.001186
bajo,15,12,demasiado,0.002743
bajo,15,12,bajo,0.038748
bajo,15,13,el,0.842818
bajo,15,13,vaso,0.039731
bajo,15,13,no,0.016561
bajo,15,13,cabía,0.004819
bajo,15,13,en,0.001071
bajo,15,13,el,0.001940
bajo,15,13,cajón,0.011247
bajo,15,13,porque,0.007691
bajo,15,13,era,0.002940
bajo,15,13,demasiado,0.002575
bajo,15,13,bajo,0.068607
bajo,15,14,el,0.632013
bajo,15,14,vaso,0.079543
bajo,15,14,no,0.027149
bajo,15,14,cabía,0.034923
bajo,15,14,en,0.013095
bajo,15,14,el,0.011634
bajo,15,14,cajón,0.052988
bajo,15,14,porque,0.035000
bajo,15,14,era,0.013149
bajo,15,14,demasiado,0.018151
bajo,15,14,bajo,0.082355
bajo,16,1,el,0.404783
bajo,16,1,vaso,0.325911
bajo,16,1,no,0.024211
bajo,16,1,cabía,0.015314
bajo,16,1,en,0.005634
bajo,16,1,el,0.005016
bajo,16,1,cajón,0.044003
bajo,16,1,porque,0.012610
bajo,16,1,era,0.002773
bajo,16,1,demasiado,0.004606
bajo,16,1,bajo,0.155140
bajo,16,2,el,0.278687
bajo,16,2,vaso,0.016616
bajo,16,2,no,0.003489
bajo,16,2,cabía,0.004662
bajo,16,2,en,0.002909
bajo,16,2,el,0.002043
bajo,16,2,cajón,0.004792
bajo,16,2,porque,0.016009
bajo,16,2,era,0.002245
bajo,16,2,demasiado,0.000643
bajo,16,2,bajo,0.667905
bajo,16,3,el,0.534849
bajo,16,3,vaso,0.001698
bajo,16,3,no,0.000294
bajo,16,3,cabía,0.000001
bajo,16,3,en,0.000000
bajo,16,3,el,0.000001
bajo,16,3,cajón,0.000792
bajo,16,3,porque,0.000002
bajo,16,3,era,0.000000
bajo,16,3,demasiado,0.013074
bajo,16,3,bajo,0.449290
bajo,16,4,el,0.623109
bajo,16,4,vaso,0.006431
bajo,16,4,no,0.001271
bajo,16,4,cabía,0.002022
bajo,16,4,en,0.001034
bajo,16,4,el,0.000560
bajo,16,4,cajón,0.004171
bajo,16,4,porque,0.017912
bajo,16,4,era,0.001798
bajo,16,4,demasiado,0.002748
bajo,16,4,bajo,0.338945
bajo,16,5,el,0.570116
bajo,16,5,vaso,0.019383
bajo,16,5,no,0.013252
bajo,16,5,cabía,0.007997
bajo,16,5,en,0.004277
bajo,16,5,el,0.003705
bajo,16,5,cajón,0.012561
bajo,16,5,porque,0.120595
bajo,16,5,era,0.052398
bajo,16,5,demasiado,0.073227
bajo,16,5,bajo,0.122489
bajo,16,6,el,0.762691
bajo,16,6,vaso,0.042947
bajo,16,6,no,0.020154
bajo,16,6,cabía,0.009217
bajo,16,6,en,0.001584
bajo,16,6,el,0.000508
bajo,16,6,cajón,0.009765
bajo,16,6,porque,0.019665
bajo,16,6,era,0.003948
bajo,16,6,demasiado,0.007267
bajo,16,6,bajo,0.122255
bajo,16,7,el,0.617664
bajo,16,7,vaso,0.163174
bajo,16,7,no,0.019755
bajo,16,7,cabía,0.021592
bajo,16,7,en,0.016892
bajo,16,7,el,0.011400
bajo,16,7,cajón,0.064542
bajo,16,7,porque,0.010255
bajo,16,7,era,0.006835
bajo,16,7,demasiado,0.004682
bajo,16,7,bajo,0.063209
bajo,16,8,el,0.639841
bajo,16,8,vaso,0.114294
bajo,16,8,no,0.019291
bajo,16,8,cabía,0.022262
bajo,16,8,en,0.012987
bajo,16,8,el,0.024332
bajo,16,8,cajón,0.036055
bajo,16,8,porque,0.024433
bajo,16,8,era,0.011850
bajo,16,8,demasiado,0.010504
bajo,16,8,bajo,0.084150
bajo,16,9,el,0.633680
bajo,16,9,vaso,0.082293
bajo,16,9,no,0.030749
bajo,16,9,cabía,0.014499
bajo,16,9,en,0.007288
bajo,16,9,el,0.016554
bajo,16,9,cajón,0.045458
bajo,16,9,porque,0.020488
bajo,16,9,era,0.010501
bajo,16,9,demasiado,0.011291
bajo,16,9,bajo,0.127200
bajo,16,10,el,0.614991
bajo,16,10,vaso,0.117816
bajo,16,10,no,0.019176
bajo,16,10,cabía,0.025812
bajo,16,10,en,0.013531
bajo,16,10,el,0.016594
bajo,16,10,cajón,0.047657
bajo,16,10,porque,0.025746
bajo,16,10,era,0.011390
bajo,16,10,demasiado,0.017985
bajo,16,10,bajo,0.089301
bajo,16,11,el,0.635013
bajo,16,11,vaso,0.057530
bajo,16,11,no,0.048219
bajo,16,11,cabía,0.024685
bajo,16,11,en,0.013377
bajo,16,11,el,0.013676
bajo,16,11,cajón,0.019155
bajo,16,11,porque,0.039490
bajo,16,11,era,0.010777
bajo,16,11,demasiado,0.011235
bajo,16,11,bajo,0.126843
bajo,16,12,el,0.751381
bajo,16,12,vaso,0.076169
bajo,16,12,no,0.013177
bajo,16,12,cabía,0.008013
bajo,16,12,en,0.005045
bajo,16,12,el,0.017829
bajo,16,12,cajón,0.013270
bajo,16,12,porque,0.031645
bajo,16,12,era,0.001921
bajo,16,12,demasiado,0.002116
bajo,16,12,bajo,0.079434
bajo,16,13,el,0.956059
bajo,16,13,vaso,0.016865
bajo,16,13,no,0.002436
bajo,16,13,cabía,0.003653
bajo,16,13,en,0.001227
bajo,16,13,el,0.003662
bajo,16,13,cajón,0.008215
bajo,16,13,porque,0.001527
bajo,16,13,era,0.000382
bajo,16,13,demasiado,0.000400
bajo,16,13,bajo,0.005573
bajo,16,14,el,0.665016
bajo,16,14,vaso,0.098146
bajo,16,14,no,0.034123
bajo,16,14,cabía,0.025194
bajo,16,14,en,0.008578
bajo,16,14,el,0.033704
bajo,16,14,cajón,0.063845
bajo,16,14,porque,0.014736
bajo,16,14,era,0.004584
bajo,16,14,demasiado,0.003535
bajo,16,14,bajo,0.048538
bajo,17,1,el,0.983477
bajo,17,1,vaso,0.004443
bajo,17,1,no,0.001080
bajo,17,1,cabía,0.000873
bajo,17,1,en,0.001391
bajo,17,1,el,0.001607
bajo,17,1,cajón,0.001849
bajo,17,1,porque,0.002007
bajo,17,1,era,0.000862
bajo,17,1,demasiado,0.000997
bajo,17,1,bajo,0.001412
bajo,17,2,el,0.999954
bajo,17,2,vaso,0.000001
bajo,17,2,no,0.000001
bajo,17,2,cabía,0.000000
bajo,17,2,en,0.000000
bajo,17,2,el,0.000000
bajo,17,2,cajón,0.000000
bajo,17,2,porque,0.000027
bajo,17,2,era,0.000001
bajo,17,2,demasiado,0.000000
bajo,17,2,bajo,0.000016
bajo,17,3,el,0.988344
bajo,17,3,vaso,0.000521
bajo,17,3,no,0.000432
bajo,17,3,cabía,0.000079
bajo,17,3,en,0.000068
bajo,17,3,el,0.000042
bajo,17,3,cajón,0.000029
bajo,17,3,porque,0.004841
bajo,17,3,era,0.001267
bajo,17,3,demasiado,0.000021
bajo,17,3,bajo,0.004357
bajo,17,4,el,0.992724
bajo,17,4,vaso,0.000147
bajo,17,4,no,0.000063
bajo,17,4,cabía,0.000017
bajo,17,4,en,0.000025
bajo,17,4,el,0.000020
bajo,17,4,cajón,0.000026
bajo,17,4,porque,0.002587
bajo,17,4,era,0.000187
bajo,17,4,demasiado,0.000012
bajo,17,4,bajo,0.004192
bajo,17,5,el,0.998886
bajo,17,5,vaso,0.000024
bajo,17,5,no,0.000053
bajo,17,5,cabía,0.000001
bajo,17,5,en,0.000000
bajo,17,5,el,0.000000
bajo,17,5,cajón,0.000000
bajo,17,5,porque,0.000711
bajo,17,5,era,0.000011
bajo,17,5,demasiado,0.000000
bajo,17,5,bajo,0.000315
bajo,17,6,el,0.967496
bajo,17,6,vaso,0.005081
bajo,17,6,no,0.005157
bajo,17,6,cabía,0.000824
bajo,17,6,en,0.000463
bajo,17,6,el,0.000209
bajo,17,6,cajón,0.000299
bajo,17,6,porque,0.013289
bajo,17,6,era,0.000346
bajo,17,6,demasiado,0.000160
bajo,17,6,bajo,0.006677
bajo,17,7,el,0.985641
bajo,17,7,vaso,0.003026
bajo,17,7,no,0.000619
bajo,17,7,cabía,0.001565
bajo,17,7,en,0.000198
bajo,17,7,el,0.000146
bajo,17,7,cajón,0.000399
bajo,17,7,porque,0.002735
bajo,17,7,era,0.002397
bajo,17,7,demasiado,0.000595
bajo,17,7,bajo,0.002678
bajo,17,8,el,0.972648
bajo,17,8,vaso,0.002944
bajo,17,8,no,0.001724
bajo,17,8,cabía,0.001260
bajo,17,8,en,0.002328
bajo,17,8,el,0.001267
bajo,17,8,cajón,0.000912
bajo,17,8,porque,0.005780
bajo,17,8,era,0.001265
bajo,17,8,demasiado,0.001869
bajo,17,8,bajo,0.008004
bajo,17,9,el,0.979508
bajo,17,9,vaso,0.005074
bajo,17,9,no,0.001352
bajo,17,9,cabía,0.000931
bajo,17,9,en,0.000298
bajo,17,9,el,0.000615
bajo,17,9,cajón,0.000554
bajo,17,9,porque,0.001064
bajo,17,9,era,0.000594
bajo,17,9,demasiado,0.000286
bajo,17,9,bajo,0.009724
bajo,17,10,el,0.996605
bajo,17,10,vaso,0.000010
bajo,17,10,no,0.000011
bajo,17,10,cabía,0.000007
bajo,17,10,en,0.000011
bajo,17,10,el,0.000009
bajo,17,10,cajón,0.000005
bajo,17,10,porque,0.000708
bajo,17,10,era,0.000041
bajo,17,10,demasiado,0.000022
bajo,17,10,bajo,0.002571
bajo,17,11,el,0.870812
bajo,17,11,vaso,0.002336
bajo,17,11,no,0.001010
bajo,17,11,cabía,0.001199
bajo,17,11,en,0.000376
bajo,17,11,el,0.000590
bajo,17,11,cajón,0.000528
bajo,17,11,porque,0.004229
bajo,17,11,era,0.001836
bajo,17,11,demasiado,0.001285
bajo,17,11,bajo,0.115800
bajo,17,12,el,0.796309
bajo,17,12,vaso,0.020582
bajo,17,12,no,0.017100
bajo,17,12,cabía,0.002632
bajo,17,12,en,0.004153
bajo,17,12,el,0.006447
bajo,17,12,cajón,0.003471
bajo,17,12,porque,0.047576
bajo,17,12,era,0.010126
bajo,17,12,demasiado,0.006806
bajo,17,12,bajo,0.084799
bajo,17,13,el,0.970082
bajo,17,13,vaso,0.000769
bajo,17,13,no,0.000911
bajo,17,13,cabía,0.000210
bajo,17,13,en,0.000111
bajo,17,13,el,0.000060
bajo,17,13,cajón,0.000084
bajo,17,13,porque,0.013380
bajo,17,13,era,0.001342
bajo,17,13,demasiado,0.000206
bajo,17,13,bajo,0.012846
bajo,17,14,el,0.814571
bajo,17,14,vaso,0.008353
bajo,17,14,no,0.007270
bajo,17,14,cabía,0.002911
bajo,17,14,en,0.003448
bajo,17,14,el,0.005590
bajo,17,14,cajón,0.004283
bajo,17,14,porque,0.032032
bajo,17,14,era,0.013723
bajo,17,14,demasiado,0.003234
bajo,17,14,bajo,0.104587
bajo,18,1,el,0.297314
bajo,18,1,vaso,0.182573
bajo,18,1,no,0.037395
bajo,18,1,cabía,0.063374
bajo,18,1,en,0.033938
bajo,18,1,el,0.065187
bajo,18,1,cajón,0.041735
bajo,18,1,porque,0.032135
bajo,18,1,era,0.048506
bajo,18,1,demasiado,0.005440
bajo,18,1,bajo,0.192402
bajo,18,2,el,0.721208
bajo,18,2,vaso,0.027792
bajo,18,2,no,0.017706
bajo,18,2,cabía,0.006739
bajo,18,2,en,0.005682
bajo,18,2,el,0.005179
bajo,18,2,cajón,0.016825
bajo,18,2,porque,0.015389
bajo,18,2,era,0.001515
bajo,18,2,demasiado,0.001036
bajo,18,2,bajo,0.180930
bajo,18,3,el,0.016011
bajo,18,3,vaso,0.167079
bajo,18,3,no,0.039841
bajo,18,3,cabía,0.059469
bajo,18,3,en,0.081482
bajo,18,3,el,0.267964
bajo,18,3,cajón,0.064287
bajo,18,3,porque,0.063635
bajo,18,3,era,0.172870
bajo,18,3,demasiado,0.015855
bajo,18,3,bajo,0.051507
bajo,18,4,el,0.746995
bajo,18,4,vaso,0.008629
bajo,18,4,no,0.010664
bajo,18,4,cabía,0.007056
bajo,18,4,en,0.004314
bajo,18,4,el,0.002466
bajo,18,4,cajón,0.008799
bajo,18,4,porque,0.016400
bajo,18,4,era,0.007457
bajo,18,4,demasiado,0.003719
bajo,18,4,bajo,0.183501
bajo,18,5,el,0.882184
bajo,18,5,vaso,0.014260
bajo,18,5,no,0.004847
bajo,18,5,cabía,0.002166
bajo,18,5,en,0.003504
bajo,18,5,el,0.008210
bajo,18,5,cajón,0.006271
bajo,18,5,porque,0.006254
bajo,18,5,era,0.002057
bajo,18,5,demasiado,0.000626
bajo,18,5,bajo,0.069622
bajo,18,6,el,0.917477
bajo,18,6,vaso,0.010591
bajo,18,6,no,0.003623
bajo,18,6,cabía,0.003582
bajo,18,6,en,0.009050
bajo,18,6,el,0.018199
bajo,18,6,cajón,0.006438
bajo,18,6,porque,0.009410
bajo,18,6,era,0.004529
bajo,18,6,demasiado,0.001916
bajo,18,6,bajo,0.015185
bajo,18,7,el,0.991318
bajo,18,7,vaso,0.001051
bajo,18,7,no,0.000340
bajo,18,7,cabía,0.000178
bajo,18,7,en,0.000060
bajo,18,7,el,0.000081
bajo,18,7,cajón,0.000309
bajo,18,7,porque,0.000111
bajo,18,7,era,0.000038
bajo,18,7,demasiado,0.000033
bajo,18,7,bajo,0.006480
bajo,18,8,el,0.972511
bajo,18,8,vaso,0.007720
bajo,18,8,no,0.002270
bajo,18,8,cabía,0.003388
bajo,18,8,en,0.000903
bajo,18,8,el,0.000719
bajo,18,8,cajón,0.001338
bajo,18,8,porque,0.001569
bajo,18,8,era,0.001045
bajo,18,8,demasiado,0.000286
bajo,18,8,bajo,0.008251
bajo,18,9,el,0.925921
bajo,18,9,vaso,0.018368
bajo,18,9,no,0.007617
bajo,18,9,cabía,0.003591
bajo,18,9,en,0.000939
bajo,18,9,el,0.000812
bajo,18,9,cajón,0.012193
bajo,18,9,porque,0.005445
bajo,18,9,era,0.000830
bajo,18,9,demasiado,0.000914
bajo,18,9,bajo,0.023370
bajo,18,10,el,0.868006
bajo,18,10,vaso,0.003425
bajo,18,10,no,0.004421
bajo,18,10,cabía,0.000607
bajo,18,10,en,0.000466
bajo,18,10,el,0.001036
bajo,18,10,cajón,0.000807
bajo,18,10,porque,0.007831
bajo,18,10,era,0.001585
bajo,18,10,demasiado,0.003953
bajo,18,10,bajo,0.107863
bajo,18,11,el,0.932295
bajo,18,11,vaso,0.000863
bajo,18,11,no,0.000186
bajo,18,11,cabía,0.000249
bajo,18,11,en,0.000067
bajo,18,11,el,0.000146
bajo,18,11,cajón,0.000181
bajo,18,11,porque,0.001783
bajo,18,11,era,0.000395
bajo,18,11,demasiado,0.000246
bajo,18,11,bajo,0.063590
bajo,18,12,el,0.832416
bajo,18,12,vaso,0.014778
bajo,18,12,no,0.020841
bajo,18,12,cabía,0.010100
bajo,18,12,en,0.003425
bajo,18,12,el,0.003443
bajo,18,12,cajón,0.004293
bajo,18,12,porque,0.017841
bajo,18,12,era,0.005956
bajo,18,12,demasiado,0.004664
bajo,18,12,bajo,0.082243
bajo,18,13,el,0.927121
bajo,18,13,vaso,0.008578
bajo,18,13,no,0.002599
bajo,18,13,cabía,0.001234
bajo,18,13,en,0.009459
bajo,18,13,el,0.005694
bajo,18,13,cajón,0.004065
bajo,18,13,porque,0.008070
bajo,18,13,era,0.001814
bajo,18,13,demasiado,0.003493
bajo,18,13,bajo,0.027873
bajo,18,14,el,0.901486
bajo,18,14,vaso,0.001305
bajo,18,14,no,0.000515
bajo,18,14,cabía,0.000539
bajo,18,14,en,0.000161
bajo,18,14,el,0.000148
bajo,18,14,cajón,0.000388
bajo,18,14,porque,0.003383
bajo,18,14,era,0.001355
bajo,18,14,demasiado,0.002037
bajo,18,14,bajo,0.088682
bajo,19,1,el,0.888062
bajo,19,1,vaso,0.020211
bajo,19,1,no,0.021853
bajo,19,1,cabía,0.004116
bajo,19,1,en,0.004093
bajo,19,1,el,0.002811
bajo,19,1,cajón,0.003943
bajo,19,1,porque,0.010478
bajo,19,1,era,0.002301
bajo,19,1,demasiado,0.013324
bajo,19,1,bajo,0.028808
bajo,19,2,el,0.954626
bajo,19,2,vaso,0.022808
bajo,19,2,no,0.004701
bajo,19,2,cabía,0.002101
bajo,19,2,en,0.001497
bajo,19,2,el,0.001394
bajo,19,2,cajón,0.004269
bajo,19,2,porque,0.001924
bajo,19,2,era,0.000598
bajo,19,2,demasiado,0.000296
bajo,19,2,bajo,0.005786
bajo,19,3,el,0.699810
bajo,19,3,vaso,0.002877
bajo,19,3,no,0.000943
bajo,19,3,cabía,0.000788
bajo,19,3,en,0.000321
bajo,19,3,el,0.000265
bajo,19,3,cajón,0.000674
bajo,19,3,porque,0.006636
bajo,19,3,era,0.000578
bajo,19,3,demasiado,0.000414
bajo,19,3,bajo,0.286694
bajo,19,4,el,0.925550
bajo,19,4,vaso,0.000300
bajo,19,4,no,0.000248
bajo,19,4,cabía,0.000041
bajo,19,4,en,0.000009
bajo,19,4,el,0.000028
bajo,19,4,cajón,0.000371
bajo,19,4,porque,0.000439
bajo,19,4,era,0.000077
bajo,19,4,demasiado,0.001654
bajo,19,4,bajo,0.071282
bajo,19,5,el,0.830092
bajo,19,5,vaso,0.025341
bajo,19,5,no,0.007138
bajo,19,5,cabía,0.010457
bajo,19,5,en,0.007255
bajo,19,5,el,0.008865
bajo,19,5,cajón,0.009684
bajo,19,5,porque,0.016273
bajo,19,5,era,0.007766
bajo,19,5,demasiado,0.004645
bajo,19,5,bajo,0.072484
bajo,19,6,el,0.907924
bajo,19,6,vaso,0.013636
bajo,19,6,no,0.014016
bajo,19,6,cabía,0.007024
bajo,19,6,en,0.006624
bajo,19,6,el,0.002507
bajo,19,6,cajón,0.004214
bajo,19,6,porque,0.006865
bajo,19,6,era,0.002676
bajo,19,6,demasiado,0.004453
bajo,19,6,bajo,0.030062
bajo,19,7,el,0.832328
bajo,19,7,vaso,0.034236
bajo,19,7,no,0.007682
bajo,19,7,cabía,0.004050
bajo,19,7,en,0.003580
bajo,19,7,el,0.005266
bajo,19,7,cajón,0.012216
bajo,19,7,porque,0.013357
bajo,19,7,era,0.004025
bajo,19,7,demasiado,0.002138
bajo,19,7,bajo,0.081123
bajo,19,8,el,0.952169
bajo,19,8,vaso,0.000404
bajo,19,8,no,0.000221
bajo,19,8,cabía,0.000551
bajo,19,8,en,0.000271
bajo,19,8,el,0.000067
bajo,19,8,cajón,0.001157
bajo,19,8,porque,0.004210
bajo,19,8,era,0.000903
bajo,19,8,demasiado,0.002704
bajo,19,8,bajo,0.037343
bajo,19,9,el,0.658028
bajo,19,9,vaso,0.001289
bajo,19,9,no,0.000114
bajo,19,9,cabía,0.000085
bajo,19,9,en,0.000011
bajo,19,9,el,0.000010
bajo,19,9,cajón,0.000584
bajo,19,9,porque,0.002852
bajo,19,9,era,0.000116
bajo,19,9,demasiado,0.000129
bajo,19,9,bajo,0.336783
bajo,19,10,el,0.543343
bajo,19,10,vaso,0.018806
bajo,19,10,no,0.010292
bajo,19,10,cabía,0.006092
bajo,19,10,en,0.001327
bajo,19,10,el,0.000562
bajo,19,10,cajón,0.007730
bajo,19,10,porque,0.051493
bajo,19,10,era,0.011667
bajo,19,10,demasiado,0.011843
bajo,19,10,bajo,0.336846
bajo,19,11,el,0.809404
bajo,19,11,vaso,0.008994
bajo,19,11,no,0.001247
bajo,19,11,cabía,0.001585
bajo,19,11,en,0.000161
bajo,19,11,el,0.000076
bajo,19,11,cajón,0.003628
bajo,19,11,porque,0.005211
bajo,19,11,era,0.000740
bajo,19,11,demasiado,0.000709
bajo,19,11,bajo,0.168244
bajo,19,12,el,0.869725
bajo,19,12,vaso,0.005566
bajo,19,12,no,0.002951
bajo,19,12,cabía,0.003297
bajo,19,12,en,0.000175
bajo,19,12,el,0.000065
bajo,19,12,cajón,0.002131
bajo,19,12,porque,0.009385
bajo,19,12,era,0.002454
bajo,19,12,demasiado,0.003577
bajo,19,12,bajo,0.100675
bajo,19,13,el,0.712047
bajo,19,13,vaso,0.003573
bajo,19,13,no,0.000627
bajo,19,13,cabía,0.000627
bajo,19,13,en,0.000116
bajo,19,13,el,0.000022
bajo,19,13,cajón,0.002636
bajo,19,13,porque,0.004351
bajo,19,13,era,0.000404
bajo,19,13,demasiado,0.000893
bajo,19,13,bajo,0.274705
bajo,19,14,el,0.905616
bajo,19,14,vaso,0.006337
bajo,19,14,no,0.006178
bajo,19,14,cabía,0.002420
bajo,19,14,en,0.001358
bajo,19,14,el,0.001567
bajo,19,14,cajón,0.012999
bajo,19,14,porque,0.015882
bajo,19,14,era,0.001172
bajo,19,14,demasiado,0.002360
bajo,19,14,bajo,0.044111
bajo,20,1,el,0.849409
bajo,20,1,vaso,0.015315
bajo,20,1,no,0.004562
bajo,20,1,cabía,0.001219
bajo,20,1,en,0.000422
bajo,20,1,el,0.000247
bajo,20,1,cajón,0.001791
bajo,20,1,porque,0.008576
bajo,20,1,era,0.001120
bajo,20,1,demasiado,0.000833
bajo,20,1,bajo,0.116507
bajo,20,2,el,0.582524
bajo,20,2,vaso,0.000763
bajo,20,2,no,0.000025
bajo,20,2,cabía,0.000145
bajo,20,2,en,0.000062
bajo,20,2,el,0.000016
bajo,20,2,cajón,0.000396
bajo,20,2,porque,0.002688
bajo,20,2,era,0.000110
bajo,20,2,demasiado,0.000172
bajo,20,2,bajo,0.413100
bajo,20,3,el,0.872498
bajo,20,3,vaso,0.043204
bajo,20,3,no,0.007379
bajo,20,3,cabía,0.001771
bajo,20,3,en,0.003773
bajo,20,3,el,0.005863
bajo,20,3,cajón,0.013494
bajo,20,3,porque,0.003406
bajo,20,3,era,0.001905
bajo,20,3,demasiado,0.000551
bajo,20,3,bajo,0.046157
bajo,20,4,el,0.927584
bajo,20,4,vaso,0.000101
bajo,20,4,no,0.000060
bajo,20,4,cabía,0.000001
bajo,20,4,en,0.000000
bajo,20,4,el,0.000000
bajo,20,4,cajón,0.000285
bajo,20,4,porque,0.000102
bajo,20,4,era,0.000018
bajo,20,4,demasiado,0.000712
bajo,20,4,bajo,0.071137
bajo,20,5,el,0.749660
bajo,20,5,vaso,0.013523
bajo,20,5,no,0.004128
bajo,20,5,cabía,0.003043
bajo,20,5,en,0.001517
bajo,20,5,el,0.001091
bajo,20,5,cajón,0.000893
bajo,20,5,porque,0.008787
bajo,20,5,era,0.001196
bajo,20,5,demasiado,0.000824
bajo,20,5,bajo,0.215338
bajo,20,6,el,0.690601
bajo,20,6,vaso,0.040537
bajo,20,6,no,0.009890
bajo,20,6,cabía,0.009777
bajo,20,6,en,0.002445
bajo,20,6,el,0.001955
bajo,20,6,cajón,0.011783
bajo,20,6,porque,0.026021
bajo,20,6,era,0.004580
bajo,20,6,demasiado,0.004246
bajo,20,6,bajo,0.198163
bajo,20,7,el,0.781486
bajo,20,7,vaso,0.018776
bajo,20,7,no,0.012759
bajo,20,7,cabía,0.004333
bajo,20,7,en,0.012027
bajo,20,7,el,0.005052
bajo,20,7,cajón,0.009339
bajo,20,7,porque,0.021804
bajo,20,7,era,0.007482
bajo,20,7,demasiado,0.002509
bajo,20,7,bajo,0.124433
bajo,20,8,el,0.735152
bajo,20,8,vaso,0.035810
bajo,20,8,no,0.010620
bajo,20,8,cabía,0.029359
bajo,20,8,en,0.004901
bajo,20,8,el,0.001200
bajo,20,8,cajón,0.049240
bajo,20,8,porque,0.019088
bajo,20,8,era,0.002497
bajo,20,8,demasiado,0.007296
bajo,20,8,bajo,0.104839
bajo,20,9,el,0.275843
bajo,20,9,vaso,0.000100
bajo,20,9,no,0.000276
bajo,20,9,cabía,0.000847
bajo,20,9,en,0.001808
bajo,20,9,el,0.000129
bajo,20,9,cajón,0.000981
bajo,20,9,porque,0.007925
bajo,20,9,era,0.000953
bajo,20,9,demasiado,0.000183
bajo,20,9,bajo,0.710954
bajo,20,10,el,0.441958
bajo,20,10,vaso,0.009324
bajo,20,10,no,0.005435
bajo,20,10,cabía,0.004540
bajo,20,10,en,0.000523
bajo,20,10,el,0.000135
bajo,20,10,cajón,0.006235
bajo,20,10,porque,0.026346
bajo,20,10,era,0.002017
bajo,20,10,demasiado,0.003119
bajo,20,10,bajo,0.500367
bajo,20,11,el,0.542367
bajo,20,11,vaso,0.009419
bajo,20,11,no,0.000592
bajo,20,11,cabía,0.001873
bajo,20,11,en,0.000556
bajo,20,11,el,0.000157
bajo,20,11,cajón,0.004343
bajo,20,11,porque,0.015384
bajo,20,11,era,0.000909
bajo,20,11,demasiado,0.000225
bajo,20,11,bajo,0.424174
bajo,20,12,el,0.686696
bajo,20,12,vaso,0.001135
bajo,20,12,no,0.001001
bajo,20,12,cabía,0.000390
bajo,20,12,en,0.000055
bajo,20,12,el,0.000016
bajo,20,12,cajón,0.002922
bajo,20,12,porque,0.016211
bajo,20,12,era,0.003050
bajo,20,12,demasiado,0.005879
bajo,20,12,bajo,0.282643
bajo,20,13,el,0.547538
bajo,20,13,vaso,0.014279
bajo,20,13,no,0.001973
bajo,20,13,cabía,0.004762
bajo,20,13,en,0.001087
bajo,20,13,el,0.000507
bajo,20,13,cajón,0.005149
bajo,20,13,porque,0.012096
bajo,20,13,era,0.000620
bajo,20,13,demasiado,0.000803
bajo,20,13,bajo,0.411184
bajo,20,14,el,0.702827
bajo,20,14,vaso,0.018376
bajo,20,14,no,0.010059
bajo,20,14,cabía,0.011660
bajo,20,14,en,0.003994
bajo,20,14,el,0.002215
bajo,20,14,cajón,0.016207
bajo,20,14,porque,0.020487
bajo,20,14,era,0.005310
bajo,20,14,demasiado,0.013544
bajo,20,14,bajo,0.195322
bajo,21,1,el,0.805267
bajo,21,1,vaso,0.011317
bajo,21,1,no,0.003250
bajo,21,1,cabía,0.001121
bajo,21,1,en,0.000975
bajo,21,1,el,0.001323
bajo,21,1,cajón,0.004502
bajo,21,1,porque,0.010657
bajo,21,1,era,0.001623
bajo,21,1,demasiado,0.000298
bajo,21,1,bajo,0.159665
bajo,21,2,el,0.885961
bajo,21,2,vaso,0.007512
bajo,21,2,no,0.002773
bajo,21,2,cabía,0.001657
bajo,21,2,en,0.002275
bajo,21,2,el,0.002730
bajo,21,2,cajón,0.007177
bajo,21,2,porque,0.007290
bajo,21,2,era,0.001165
bajo,21,2,demasiado,0.000434
bajo,21,2,bajo,0.081027
bajo,21,3,el,0.746861
bajo,21,3,vaso,0.016984
bajo,21,3,no,0.005614
bajo,21,3,cabía,0.013941
bajo,21,3,en,0.006716
bajo,21,3,el,0.003287
bajo,21,3,cajón,0.009456
bajo,21,3,porque,0.044509
bajo,21,3,era,0.007904
bajo,21,3,demasiado,0.006274
bajo,21,3,bajo,0.138455
bajo,21,4,el,0.680384
bajo,21,4,vaso,0.002721
bajo,21,4,no,0.003433
bajo,21,4,cabía,0.000302
bajo,21,4,en,0.000461
bajo,21,4,el,0.001395
bajo,21,4,cajón,0.001823
bajo,21,4,porque,0.014776
bajo,21,4,era,0.001343
bajo,21,4,demasiado,0.000609
bajo,21,4,bajo,0.292752
bajo,21,5,el,0.512900
bajo,21,5,vaso,0.006381
bajo,21,5,no,0.004749
bajo,21,5,cabía,0.000936
bajo,21,5,en,0.001357
bajo,21,5,el,0.004555
bajo,21,5,cajón,0.004785
bajo,21,5,porque,0.032089
bajo,21,5,era,0.007421
bajo,21,5,demasiado,0.000546
bajo,21,5,bajo,0.424282
bajo,21,6,el,0.957834
bajo,21,6,vaso,0.005546
bajo,21,6,no,0.001967
bajo,21,6,cabía,0.000892
bajo,21,6,en,0.000336
bajo,21,6,el,0.000899
bajo,21,6,cajón,0.002391
bajo,21,6,porque,0.005470
bajo,21,6,era,0.001103
bajo,21,6,demasiado,0.000886
bajo,21,6,bajo,0.022675
bajo,21,7,el,0.858190
bajo,21,7,vaso,0.032256
bajo,21,7,no,0.004596
bajo,21,7,cabía,0.006398
bajo,21,7,en,0.007253
bajo,21,7,el,0.010713
bajo,21,7,cajón,0.019213
bajo,21,7,porque,0.017452
bajo,21,7,era,0.004597
bajo,21,7,demasiado,0.002163
bajo,21,7,bajo,0.037168
bajo,21,8,el,0.805256
bajo,21,8,vaso,0.015454
bajo,21,8,no,0.009592
bajo,21,8,cabía,0.013915
bajo,21,8,en,0.009126
bajo,21,8,el,0.017120
bajo,21,8,cajón,0.006058
bajo,21,8,porque,0.029550
bajo,21,8,era,0.017596
bajo,21,8,demasiado,0.006601
bajo,21,8,bajo,0.069732
bajo,21,9,el,0.854515
bajo,21,9,vaso,0.000433
bajo,21,9,no,0.002447
bajo,21,9,cabía,0.002555
bajo,21,9,en,0.004270
bajo,21,9,el,0.010613
bajo,21,9,cajón,0.000285
bajo,21,9,porque,0.019223
bajo,21,9,era,0.011459
bajo,21,9,demasiado,0.001153
bajo,21,9,bajo,0.093046
bajo,21,10,el,0.848176
bajo,21,10,vaso,0.008707
bajo,21,10,no,0.010641
bajo,21,10,cabía,0.005471
bajo,21,10,en,0.005572
bajo,21,10,el,0.012136
bajo,21,10,cajón,0.001662
bajo,21,10,porque,0.029872
bajo,21,10,era,0.013361
bajo,21,10,demasiado,0.001174
bajo,21,10,bajo,0.063227
bajo,21,11,el,0.821651
bajo,21,11,vaso,0.003815
bajo,21,11,no,0.005149
bajo,21,11,cabía,0.003341
bajo,21,11,en,0.005672
bajo,21,11,el,0.025104
bajo,21,11,cajón,0.001143
bajo,21,11,porque,0.029415
bajo,21,11,era,0.010529
bajo,21,11,demasiado,0.001004
bajo,21,11,bajo,0.093177
bajo,21,12,el,0.971750
bajo,21,12,vaso,0.000767
bajo,21,12,no,0.001055
bajo,21,12,cabía,0.000945
bajo,21,12,en,0.000669
bajo,21,12,el,0.001427
bajo,21,12,cajón,0.000295
bajo,21,12,porque,0.006205
bajo,21,12,era,0.001808
bajo,21,12,demasiado,0.000133
bajo,21,12,bajo,0.014944
bajo,21,13,el,0.846988
bajo,21,13,vaso,0.003798
bajo,21,13,no,0.002635
bajo,21,13,cabía,0.003297
bajo,21,13,en,0.007620
bajo,21,13,el,0.015994
bajo,21,13,cajón,0.000922
bajo,21,13,porque,0.025900
bajo,21,13,era,0.011406
bajo,21,13,demasiado,0.001352
bajo,21,13,bajo,0.080087
bajo,21,14,el,0.069553
bajo,21,14,vaso,0.011683
bajo,21,14,no,0.005267
bajo,21,14,cabía,0.010816
bajo,21,14,en,0.005796
bajo,21,14,el,0.011096
bajo,21,14,cajón,0.006909
bajo,21,14,porque,0.064811
bajo,21,14,era,0.009338
bajo,21,14,demasiado,0.002145
bajo,21,14,bajo,0.802585
bajo,22,1,el,0.518119
bajo,22,1,vaso,0.006671
bajo,22,1,no,0.005011
bajo,22,1,cabía,0.007373
bajo,22,1,en,0.016391
bajo,22,1,el,0.047093
bajo,22,1,cajón,0.004518
bajo,22,1,porque,0.035349
bajo,22,1,era,0.028940
bajo,22,1,demasiado,0.006815
bajo,22,1,bajo,0.323719
bajo,22,2,el,0.756970
bajo,22,2,vaso,0.019490
bajo,22,2,no,0.001845
bajo,22,2,cabía,0.017419
bajo,22,2,en,0.016363
bajo,22,2,el,0.032862
bajo,22,2,cajón,0.018106
bajo,22,2,porque,0.013488
bajo,22,2,era,0.023021
bajo,22,2,demasiado,0.007002
bajo,22,2,bajo,0.093435
bajo,22,3,el,0.657853
bajo,22,3,vaso,0.005892
bajo,22,3,no,0.002797
bajo,22,3,cabía,0.011804
bajo,22,3,en,0.018116
bajo,22,3,el,0.035817
bajo,22,3,cajón,0.012137
bajo,22,3,porque,0.031054
bajo,22,3,era,0.033453
bajo,22,3,demasiado,0.020283
bajo,22,3,bajo,0.170794
bajo,22,4,el,0.595681
bajo,22,4,vaso,0.012841
bajo,22,4,no,0.001972
bajo,22,4,cabía,0.014235
bajo,22,4,en,0.016089
bajo,22,4,el,0.038589
bajo,22,4,cajón,0.018792
bajo,22,4,porque,0.026100
bajo,22,4,era,0.037532
bajo,22,4,demasiado,0.005963
bajo,22,4,bajo,0.232205
bajo,22,5,el,0.695128
bajo,22,5,vaso,0.007377
bajo,22,5,no,0.002549
bajo,22,5,cabía,0.005166
bajo,22,5,en,0.008687
bajo,22,5,el,0.019524
bajo,22,5,cajón,0.005779
bajo,22,5,porque,0.034650
bajo,22,5,era,0.042999
bajo,22,5,demasiado,0.007567
bajo,22,5,bajo,0.170574
bajo,22,6,el,0.721726
bajo,22,6,vaso,0.010464
bajo,22,6,no,0.002886
bajo,22,6,cabía,0.005221
bajo,22,6,en,0.008242
bajo,22,6,el,0.019138
bajo,22,6,cajón,0.006365
bajo,22,6,porque,0.033110
bajo,22,6,era,0.055334
bajo,22,6,demasiado,0.002766
bajo,22,6,bajo,0.134748
bajo,22,7,el,0.778997
bajo,22,7,vaso,0.008970
bajo,22,7,no,0.003526
bajo,22,7,cabía,0.004633
bajo,22,7,en,0.006770
bajo,22,7,el,0.029729
bajo,22,7,cajón,0.005265
bajo,22,7,porque,0.024065
bajo,22,7,era,0.027708
bajo,22,7,demasiado,0.002898
bajo,22,7,bajo,0.107440
bajo,22,8,el,0.776245
bajo,22,8,vaso,0.000696
bajo,22,8,no,0.001333
bajo,22,8,cabía,0.000140
bajo,22,8,en,0.000158
bajo,22,8,el,0.001208
bajo,22,8,cajón,0.001270
bajo,22,8,porque,0.027022
bajo,22,8,era,0.004329
bajo,22,8,demasiado,0.000793
bajo,22,8,bajo,0.186806
bajo,22,9,el,0.695297
bajo,22,9,vaso,0.017916
bajo,22,9,no,0.001678
bajo,22,9,cabía,0.017093
bajo,22,9,en,0.038480
bajo,22,9,el,0.037130
bajo,22,9,cajón,0.022986
bajo,22,9,porque,0.019162
bajo,22,9,era,0.037838
bajo,22,9,demasiado,0.006056
bajo,22,9,bajo,0.106363
bajo,22,10,el,0.016184
bajo,22,10,vaso,0.000000
bajo,22,10,no,0.000004
bajo,22,10,cabía,0.000082
bajo,22,10,en,0.000004
bajo,22,10,el,0.000002
bajo,22,10,cajón,0.000074
bajo,22,10,porque,0.000485
bajo,22,10,era,0.000041
bajo,22,10,demasiado,0.000023
bajo,22,10,bajo,0.983099
bajo,22,11,el,0.756323
bajo,22,11,vaso,0.002718
bajo,22,11,no,0.008352
bajo,22,11,cabía,0.004644
bajo,22,11,en,0.010097
bajo,22,11,el,0.027313
bajo,22,11,cajón,0.003739
bajo,22,11,porque,0.032054
bajo,22,11,era,0.032830
bajo,22,11,demasiado,0.023386
bajo,22,11,bajo,0.098544
bajo,22,12,el,0.815389
bajo,22,12,vaso,0.007623
bajo,22,12,no,0.001067
bajo,22,12,cabía,0.008237
bajo,22,12,en,0.008759
bajo,22,12,el,0.028976
bajo,22,12,cajón,0.006832
bajo,22,12,porque,0.013228
bajo,22,12,era,0.021132
bajo,22,12,demasiado,0.005867
bajo,22,12,bajo,0.082892
bajo,22,13,el,0.748581
bajo,22,13,vaso,0.002339
bajo,22,13,no,0.005540
bajo,22,13,cabía,0.003146
bajo,22,13,en,0.010484
bajo,22,13,el,0.029502
bajo,22,13,cajón,0.001460
bajo,22,13,porque,0.042682
bajo,22,13,era,0.019234
bajo,22,13,demasiado,0.004415
bajo,22,13,bajo,0.132617
bajo,22,14,el,0.722498
bajo,22,14,vaso,0.004112
bajo,22,14,no,0.002180
bajo,22,14,cabía,0.019322
bajo,22,14,en,0.040156
bajo,22,14,el,0.043066
bajo,22,14,cajón,0.008298
bajo,22,14,porque,0.027210
bajo,22,14,era,0.030546
bajo,22,14,demasiado,0.004223
bajo,22,14,bajo,0.098390
bajo,23,1,el,0.136836
bajo,23,1,vaso,0.015484
bajo,23,1,no,0.012222
bajo,23,1,cabía,0.023679
bajo,23,1,en,0.051734
bajo,23,1,el,0.098443
bajo,23,1,cajón,0.013499
bajo,23,1,porque,0.073908
bajo,23,1,era,0.069749
bajo,23,1,demasiado,0.017586
bajo,23,1,bajo,0.486861
bajo,23,2,el,0.174165
bajo,23,2,vaso,0.004107
bajo,23,2,no,0.008827
bajo,23,2,cabía,0.011419
bajo,23,2,en,0.057984
bajo,23,2,el,0.077686
bajo,23,2,cajón,0.005196
bajo,23,2,porque,0.085948
bajo,23,2,era,0.089063
bajo,23,2,demasiado,0.020705
bajo,23,2,bajo,0.464902
bajo,23,3,el,0.064793
bajo,23,3,vaso,0.024030
bajo,23,3,no,0.007496
bajo,23,3,cabía,0.027493
bajo,23,3,en,0.043705
bajo,23,3,el,0.059418
bajo,23,3,cajón,0.017851
bajo,23,3,porque,0.091098
bajo,23,3,era,0.101575
bajo,23,3,demasiado,0.014654
bajo,23,3,bajo,0.547889
bajo,23,4,el,0.118727
bajo,23,4,vaso,0.012401
bajo,23,4,no,0.018657
bajo,23,4,cabía,0.014609
bajo,23,4,en,0.046629
bajo,23,4,el,0.064741
bajo,23,4,cajón,0.008444
bajo,23,4,porque,0.113590
bajo,23,4,era,0.068019
bajo,23,4,demasiado,0.014825
bajo,23,4,bajo,0.519358
bajo,23,5,el,0.091357
bajo,23,5,vaso,0.009772
bajo,23,5,no,0.016488
bajo,23,5,cabía,0.025623
bajo,23,5,en,0.047119
bajo,23,5,el,0.076644
bajo,23,5,cajón,0.010028
bajo,23,5,porque,0.089762
bajo,23,5,era,0.094225
bajo,23,5,demasiado,0.018614
bajo,23,5,bajo,0.520366
bajo,23,6,el,0.095649
bajo,23,6,vaso,0.004673
bajo,23,6,no,0.008578
bajo,23,6,cabía,0.016943
bajo,23,6,en,0.039170
bajo,23,6,el,0.056986
bajo,23,6,cajón,0.004720
bajo,23,6,porque,0.097676
bajo,23,6,era,0.063536
bajo,23,6,demasiado,0.016120
bajo,23,6,bajo,0.595948
bajo,23,7,el,0.150350
bajo,23,7,vaso,0.014384
bajo,23,7,no,0.011892
bajo,23,7,cabía,0.021924
bajo,23,7,en,0.041911
bajo,23,7,el,0.074068
bajo,23,7,cajón,0.010195
bajo,23,7,porque,0.104346
bajo,23,7,era,0.087662
bajo,23,7,demasiado,0.019146
bajo,23,7,bajo,0.464122
bajo,23,8,el,0.096247
bajo,23,8,vaso,0.013951
bajo,23,8,no,0.009462
bajo,23,8,cabía,0.009496
bajo,23,8,en,0.021031
bajo,23,8,el,0.050195
bajo,23,8,cajón,0.015549
bajo,23,8,porque,0.105013
bajo,23,8,era,0.063500
bajo,23,8,demasiado,0.015309
bajo,23,8,bajo,0.600248
bajo,23,9,el,0.047244
bajo,23,9,vaso,0.001104
bajo,23,9,no,0.006555
bajo,23,9,cabía,0.004972
bajo,23,9,en,0.014625
bajo,23,9,el,0.042870
bajo,23,9,cajón,0.001556
bajo,23,9,porque,0.144788
bajo,23,9,era,0.040661
bajo,23,9,demasiado,0.010837
bajo,23,9,bajo,0.684788
bajo,23,10,el,0.127707
bajo,23,10,vaso,0.004144
bajo,23,10,no,0.004397
bajo,23,10,cabía,0.008889
bajo,23,10,en,0.015001
bajo,23,10,el,0.051905
bajo,23,10,cajón,0.007700
bajo,23,10,porque,0.066986
bajo,23,10,era,0.048475
bajo,23,10,demasiado,0.012614
bajo,23,10,bajo,0.652183
bajo,23,11,el,0.065365
bajo,23,11,vaso,0.005198
bajo,23,11,no,0.019510
bajo,23,11,cabía,0.011632
bajo,23,11,en,0.015635
bajo,23,11,el,0.041664
bajo,23,11,cajón,0.005967
bajo,23,11,porque,0.125829
bajo,23,11,era,0.046019
bajo,23,11,demasiado,0.009775
bajo,23,11,bajo,0.653406
bajo,23,12,el,0.093251
bajo,23,12,vaso,0.009580
bajo,23,12,no,0.009055
bajo,23,12,cabía,0.024790
bajo,23,12,en,0.035635
bajo,23,12,el,0.085743
bajo,23,12,cajón,0.016273
bajo,23,12,porque,0.101292
bajo,23,12,era,0.065164
bajo,23,12,demasiado,0.019830
bajo,23,12,bajo,0.539387
bajo,23,13,el,0.121637
bajo,23,13,vaso,0.000469
bajo,23,13,no,0.001122
bajo,23,13,cabía,0.000821
bajo,23,13,en,0.004151
bajo,23,13,el,0.012398
bajo,23,13,cajón,0.000359
bajo,23,13,porque,0.046375
bajo,23,13,era,0.017909
bajo,23,13,demasiado,0.003522
bajo,23,13,bajo,0.791236
bajo,23,14,el,0.160786
bajo,23,14,vaso,0.004690
bajo,23,14,no,0.001000
bajo,23,14,cabía,0.007551
bajo,23,14,en,0.025709
bajo,23,14,el,0.056126
bajo,23,14,cajón,0.007599
bajo,23,14,porque,0.035958
bajo,23,14,era,0.061383
bajo,23,14,demasiado,0.013968
bajo,23,14,bajo,0.625228
bajo,24,1,el,0.064107
bajo,24,1,vaso,0.004581
bajo,24,1,no,0.006861
bajo,24,1,cabía,0.016108
bajo,24,1,en,0.055729
bajo,24,1,el,0.049471
bajo,24,1,cajón,0.006812
bajo,24,1,porque,0.083213
bajo,24,1,era,0.034686
bajo,24,1,demasiado,0.010884
bajo,24,1,bajo,0.667549
bajo,24,2,el,0.000003
bajo,24,2,vaso,0.000000
bajo,24,2,no,0.000003
bajo,24,2,cabía,0.000024
bajo,24,2,en,0.000006
bajo,24,2,el,0.000000
bajo,24,2,cajón,0.000184
bajo,24,2,porque,0.003653
bajo,24,2,era,0.001686
bajo,24,2,demasiado,0.000006
bajo,24,2,bajo,0.994435
bajo,24,3,el,0.094871
bajo,24,3,vaso,0.002973
bajo,24,3,no,0.009352
bajo,24,3,cabía,0.013389
bajo,24,3,en,0.050675
bajo,24,3,el,0.046093
bajo,24,3,cajón,0.003912
bajo,24,3,porque,0.087465
bajo,24,3,era,0.054139
bajo,24,3,demasiado,0.011550
bajo,24,3,bajo,0.625581
bajo,24,4,el,0.099443
bajo,24,4,vaso,0.009647
bajo,24,4,no,0.011022
bajo,24,4,cabía,0.017020
bajo,24,4,en,0.062142
bajo,24,4,el,0.061991
bajo,24,4,cajón,0.010510
bajo,24,4,porque,0.094996
bajo,24,4,era,0.048122
bajo,24,4,demasiado,0.019127
bajo,24,4,bajo,0.565981
bajo,24,5,el,0.001102
bajo,24,5,vaso,0.000011
bajo,24,5,no,0.000216
bajo,24,5,cabía,0.002295
bajo,24,5,en,0.005974
bajo,24,5,el,0.001655
bajo,24,5,cajón,0.005237
bajo,24,5,porque,0.043403
bajo,24,5,era,0.018914
bajo,24,5,demasiado,0.002701
bajo,24,5,bajo,0.918491
bajo,24,6,el,0.170535
bajo,24,6,vaso,0.001047
bajo,24,6,no,0.003804
bajo,24,6,cabía,0.002195
bajo,24,6,en,0.013915
bajo,24,6,el,0.020397
bajo,24,6,cajón,0.000842
bajo,24,6,porque,0.066838
bajo,24,6,era,0.009075
bajo,24,6,demasiado,0.005835
bajo,24,6,bajo,0.705515
bajo,24,7,el,0.003877
bajo,24,7,vaso,0.000477
bajo,24,7,no,0.003891
bajo,24,7,cabía,0.002442
bajo,24,7,en,0.004096
bajo,24,7,el,0.001413
bajo,24,7,cajón,0.000959
bajo,24,7,porque,0.050488
bajo,24,7,era,0.018387
bajo,24,7,demasiado,0.011655
bajo,24,7,bajo,0.902314
bajo,24,8,el,0.064242
bajo,24,8,vaso,0.016364
bajo,24,8,no,0.005775
bajo,24,8,cabía,0.048470
bajo,24,8,en,0.057850
bajo,24,8,el,0.082355
bajo,24,8,cajón,0.014008
bajo,24,8,porque,0.086460
bajo,24,8,era,0.051030
bajo,24,8,demasiado,0.018678
bajo,24,8,bajo,0.554767
bajo,24,9,el,0.059431
bajo,24,9,vaso,0.006382
bajo,24,9,no,0.008829
bajo,24,9,cabía,0.030543
bajo,24,9,en,0.047175
bajo,24,9,el,0.096503
bajo,24,9,cajón,0.024281
bajo,24,9,porque,0.112638
bajo,24,9,era,0.058605
bajo,24,9,demasiado,0.017231
bajo,24,9,bajo,0.538382
bajo,24,10,el,0.040164
bajo,24,10,vaso,0.008036
bajo,24,10,no,0.007564
bajo,24,10,cabía,0.029629
bajo,24,10,en,0.065017
bajo,24,10,el,0.089922
bajo,24,10,cajón,0.018749
bajo,24,10,porque,0.113463
bajo,24,10,era,0.062203
bajo,24,10,demasiado,0.017717
bajo,24,10,bajo,0.547534
bajo,24,11,el,0.054806
bajo,24,11,vaso,0.014381
bajo,24,11,no,0.010632
bajo,24,11,cabía,0.026706
bajo,24,11,en,0.053659
bajo,24,11,el,0.084279
bajo,24,11,cajón,0.023873
bajo,24,11,porque,0.088833
bajo,24,11,era,0.049115
bajo,24,11,demasiado,0.019748
bajo,24,11,bajo,0.573968
bajo,24,12,el,0.065747
bajo,24,12,vaso,0.006982
bajo,24,12,no,0.007583
bajo,24,12,cabía,0.031862
bajo,24,12,en,0.065679
bajo,24,12,el,0.078925
bajo,24,12,cajón,0.022369
bajo,24,12,porque,0.101914
bajo,24,12,era,0.071203
bajo,24,12,demasiado,0.024438
bajo,24,12,bajo,0.523297
bajo,24,13,el,0.047561
bajo,24,13,vaso,0.001075
bajo,24,13,no,0.003112
bajo,24,13,cabía,0.013718
bajo,24,13,en,0.062108
bajo,24,13,el,0.091037
bajo,24,13,cajón,0.002831
bajo,24,13,porque,0.090846
bajo,24,13,era,0.036181
bajo,24,13,demasiado,0.008931
bajo,24,13,bajo,0.642600
bajo,24,14,el,0.064536
bajo,24,14,vaso,0.006649
bajo,24,14,no,0.009366
bajo,24,14,cabía,0.031318
bajo,24,14,en,0.047457
bajo,24,14,el,0.093871
bajo,24,14,cajón,0.016373
bajo,24,14,porque,0.077161
bajo,24,14,era,0.065577
bajo,24,14,demasiado,0.020197
bajo,24,14,bajo,0.567494
caro,1,1,el,0.015383
caro,1,1,vaso,0.008946
caro,1,1,no,0.014031
caro,1,1,cabía,0.019753
caro,1,1,en,0.020704
caro,1,1,el,0.027097
caro,1,1,cajón,0.062859
caro,1,1,porque,0.083943
caro,1,1,era,0.025054
caro,1,1,demasiado,0.177065
caro,1,1,caro,0.545163
caro,1,2,el,0.000001
caro,1,2,vaso,0.000001
caro,1,2,no,0.000000
caro,1,2,cabía,0.000000
caro,1,2,en,0.000005
caro,1,2,el,0.000002
caro,1,2,cajón,0.000000
caro,1,2,porque,0.000000
caro,1,2,era,0.000000
caro,1,2,demasiado,0.000000
caro,1,2,caro,0.999991
caro,1,3,el,0.006146
caro,1,3,vaso,0.088284
caro,1,3,no,0.044446
caro,1,3,cabía,0.053711
caro,1,3,en,0.176150
caro,1,3,el,0.060836
caro,1,3,cajón,0.095549
caro,1,3,porque,0.139499
caro,1,3,era,0.093151
caro,1,3,demasiado,0.020589
caro,1,3,caro,0.221640
caro,1,4,el,0.041592
caro,1,4,vaso,0.035136
caro,1,4,no,0.012949
caro,1,4,cabía,0.038089
caro,1,4,en,0.039811
caro,1,4,el,0.039467
caro,1,4,cajón,0.034820
caro,1,4,porque,0.012673
caro,1,4,era,0.004104
caro,1,4,demasiado,0.007301
caro,1,4,caro,0.734058
caro,1,5,el,0.078188
caro,1,5,vaso,0.172970
caro,1,5,no,0.018868
caro,1,5,cabía,0.012191
caro,1,5,en,0.002024
caro,1,5,el,0.004171
caro,1,5,cajón,0.025241
caro,1,5,porque,0.013669
caro,1,5,era,0.010455
caro,1,5,demasiado,0.098602
caro,1,5,caro,0.563619
caro,1,6,el,0.999959
caro,1,6,vaso,0.000026
caro,1,6,no,0.000000
caro,1,6,cabía,0.000000
caro,1,6,en,0.000003
caro,1,6,el,0.000005
caro,1,6,cajón,0.000001
caro,1,6,porque,0.000000
caro,1,6,era,0.000000
caro,1,6,demasiado,0.000000
caro,1,6,caro,0.000005
caro,1,7,el,0.002722
caro,1,7,vaso,0.006985
caro,1,7,no,0.003056
caro,1,7,cabía,0.032736
caro,1,7,en,0.006797
caro,1,7,el,0.008739
caro,1,7,cajón,0.059112
caro,1,7,porque,0.003099
caro,1,7,era,0.014241
caro,1,7,demasiado,0.128765
caro,1,7,caro,0.733747
caro,1,8,el,0.251480
caro,1,8,vaso,0.000001
caro,1,8,no,0.000000
caro,1,8,cabía,0.000004
caro,1,8,en,0.000005
caro,1,8,el,0.000000
caro,1,8,cajón,0.000066
caro,1,8,porque,0.028190
caro,1,8,era,0.006230
caro,1,8,demasiado,0.002394
caro,1,8,caro,0.711628
caro,1,9,el,0.013776
caro,1,9,vaso,0.001781
caro,1,9,no,0.003049
caro,1,9,cabía,0.003218
caro,1,9,en,0.002551
caro,1,9,el,0.012081
caro,1,9,cajón,0.005234
caro,1,9,porque,0.010947
caro,1,9,era,0.001802
caro,1,9,demasiado,0.006178
caro,1,9,caro,0.939384
caro,1,10,el,0.013846
caro,1,10,vaso,0.021435
caro,1,10,no,0.022612
caro,1,10,cabía,0.034877
caro,1,10,en,0.026295
caro,1,10,el,0.041709
caro,1,10,cajón,0.150273
caro,1,10,porque,0.122800
caro,1,10,era,0.033338
caro,1,10,demasiado,0.261432
caro,1,10,caro,0.271382
caro,1,11,el,0.045662
caro,1,11,vaso,0.064809
caro,1,11,no,0.032689
caro,1,11,cabía,0.072221
caro,1,11,en,0.025697
caro,1,11,el,0.020599
caro,1,11,cajón,0.210370
caro,1,11,porque,0.064174
caro,1,11,era,0.030615
caro,1,11,demasiado,0.094019
caro,1,11,caro,0.339146
caro,1,12,el,0.000001
caro,1,12,vaso,0.000023
caro,1,12,no,0.001896
caro,1,12,cabía,0.002883
caro,1,12,en,0.000029
caro,1,12,el,0.000010
caro,1,12,cajón,0.002285
caro,1,12,porque,0.000364
caro,1,12,era,0.000011
caro,1,12,demasiado,0.000373
caro,1,12,caro,0.992124
caro,1,13,el,0.034478
caro,1,13,vaso,0.008631
caro,1,13,no,0.001254
caro,1,13,cabía,0.151296
caro,1,13,en,0.019401
caro,1,13,el,0.030616
caro,1,13,cajón,0.022565
caro,1,13,porque,0.193893
caro,1,13,era,0.112606
caro,1,13,demasiado,0.359375
caro,1,13,caro,0.065886
caro,1,14,el,0.000000
caro,1,14,vaso,0.000001
caro,1,14,no,0.000195
caro,1,14,cabía,0.001687
caro,1,14,en,0.000001
caro,1,14,el,0.000000
caro,1,14,cajón,0.002318
caro,1,14,porque,0.000276
caro,1,14,era,0.000005
caro,1,14,demasiado,0.000545
caro,1,14,caro,0.994972
caro,2,1,el,0.009624
caro,2,1,vaso,0.019184
caro,2,1,no,0.003576
caro,2,1,cabía,0.025318
caro,2,1,en,0.006070
caro,2,1,el,0.001331
caro,2,1,cajón,0.037593
caro,2,1,porque,0.049440
caro,2,1,era,0.007339
caro,2,1,demasiado,0.043900
caro,2,1,caro,0.796625
caro,2,2,el,0.067140
caro,2,2,vaso,0.149530
caro,2,2,no,0.018791
caro,2,2,cabía,0.040698
caro,2,2,en,0.064035
caro,2,2,el,0.020203
caro,2,2,cajón,0.145363
caro,2,2,porque,0.043613
caro,2,2,era,0.003803
caro,2,2,demasiado,0.068053
caro,2,2,caro,0.378771
caro,2,3,el,0.041766
caro,2,3,vaso,0.088156
caro,2,3,no,0.008058
caro,2,3,cabía,0.040239
caro,2,3,en,0.028860
caro,2,3,el,0.021041
caro,2,3,cajón,0.114322
caro,2,3,porque,0.029403
caro,2,3,era,0.026460
caro,2,3,demasiado,0.063550
caro,2,3,caro,0.538144
caro,2,4,el,0.052411
caro,2,4,vaso,0.061059
caro,2,4,no,0.010488
caro,2,4,cabía,0.096250
caro,2,4,en,0.056799
caro,2,4,el,0.024820
caro,2,4,cajón,0.167362
caro,2,4,porque,0.013203
caro,2,4,era,0.008210
caro,2,4,demasiado,0.050405
caro,2,4,caro,0.458993
caro,2,5,el,0.060421
caro,2,5,vaso,0.187716
caro,2,5,no,0.014754
caro,2,5,cabía,0.058232
caro,2,5,en,0.045725
caro,2,5,el,0.019284
caro,2,5,cajón,0.085764
caro,2,5,porque,0.136031
caro,2,5,era,0.046804
caro,2,5,demasiado,0.079655
caro,2,5,caro,0.265613
caro,2,6,el,0.071451
caro,2,6,vaso,0.142844
caro,2,6,no,0.019078
caro,2,6,cabía,0.079862
caro,2,6,en,0.027901
caro,2,6,el,0.006559
caro,2,6,cajón,0.241080
caro,2,6,porque,0.028185
caro,2,6,era,0.012590
caro,2,6,demasiado,0.053847
caro,2,6,caro,0.316602
caro,2,7,el,0.090283
caro,2,7,vaso,0.075249
caro,2,7,no,0.015606
caro,2,7,cabía,0.034661
caro,2,7,en,0.072941
caro,2,7,el,0.092721
caro,2,7,cajón,0.093220
caro,2,7,porque,0.053946
caro,2,7,era,0.044741
caro,2,7,demasiado,0.036589
caro,2,7,caro,0.390044
caro,2,8,el,0.272174
caro,2,8,vaso,0.123443
caro,2,8,no,0.012032
caro,2,8,cabía,0.127198
caro,2,8,en,0.017274
caro,2,8,el,0.005641
caro,2,8,cajón,0.151017
caro,2,8,porque,0.024958
caro,2,8,era,0.015162
caro,2,8,demasiado,0.026297
caro,2,8,caro,0.224803
caro,2,9,el,0.002788
caro,2,9,vaso,0.008468
caro,2,9,no,0.011013
caro,2,9,cabía,0.007239
caro,2,9,en,0.005684
caro,2,9,el,0.008481
caro,2,9,cajón,0.093196
caro,2,9,porque,0.132526
caro,2,9,era,0.200205
caro,2,9,demasiado,0.281563
caro,2,9,caro,0.248838
caro,2,10,el,0.000019
caro,2,10,vaso,0.002617
caro,2,10,no,0.028171
caro,2,10,cabía,0.010126
caro,2,10,en,0.000015
caro,2,10,el,0.000011
caro,2,10,cajón,0.046358
caro,2,10,porque,0.004007
caro,2,10,era,0.000211
caro,2,10,demasiado,0.001598
caro,2,10,caro,0.906866
caro,2,11,el,0.099701
caro,2,11,vaso,0.091509
caro,2,11,no,0.069466
caro,2,11,cabía,0.085047
caro,2,11,en,0.062018
caro,2,11,el,0.063822
caro,2,11,cajón,0.102530
caro,2,11,porque,0.137691
caro,2,11,era,0.133960
caro,2,11,demasiado,0.059691
caro,2,11,caro,0.094564
caro,2,12,el,0.213373
caro,2,12,vaso,0.091314
caro,2,12,no,0.027911
caro,2,12,cabía,0.046747
caro,2,12,en,0.035870
caro,2,12,el,0.035585
caro,2,12,cajón,0.078440
caro,2,12,porque,0.112277
caro,2,12,era,0.167895
caro,2,12,demasiado,0.117582
caro,2,12,caro,0.073006
caro,2,13,el,0.154920
caro,2,13,vaso,0.047353
caro,2,13,no,0.017414
caro,2,13,cabía,0.098484
caro,2,13,en,0.036167
caro,2,13,el,0.029136
caro,2,13,cajón,0.071327
caro,2,13,porque,0.124615
caro,2,13,era,0.099456
caro,2,13,demasiado,0.093453
caro,2,13,caro,0.227675
caro,2,14,el,0.009084
caro,2,14,vaso,0.052181
caro,2,14,no,0.014699
caro,2,14,cabía,0.118677
caro,2,14,en,0.052887
caro,2,14,el,0.090115
caro,2,14,cajón,0.137481
caro,2,14,porque,0.116257
caro,2,14,era,0.023256
caro,2,14,demasiado,0.130092
caro,2,14,caro,0.255271
caro,3,1,el,0.006414
caro,3,1,vaso,0.013837
caro,3,1,no,0.007527
caro,3,1,cabía,0.012865
caro,3,1,en,0.010550
caro,3,1,el,0.014037
caro,3,1,cajón,0.042720
caro,3,1,porque,0.055556
caro,3,1,era,0.039989
caro,3,1,demasiado,0.102314
caro,3,1,caro,0.694192
caro,3,2,el,0.099289
caro,3,2,vaso,0.044860
caro,3,2,no,0.031150
caro,3,2,cabía,0.043090
caro,3,2,en,0.039526
caro,3,2,el,0.052486
caro,3,2,cajón,0.112237
caro,3,2,porque,0.080386
caro,3,2,era,0.051883
caro,3,2,demasiado,0.115725
caro,3,2,caro,0.329368
caro,3,3,el,0.101738
caro,3,3,vaso,0.166502
caro,3,3,no,0.042709
caro,3,3,cabía,0.030219
caro,3,3,en,0.042303
caro,3,3,el,0.074024
caro,3,3,cajón,0.025623
caro,3,3,porque,0.057343
caro,3,3,era,0.009846
caro,3,3,demasiado,0.003794
caro,3,3,caro,0.445899
caro,3,4,el,0.009742
caro,3,4,vaso,0.002761
caro,3,4,no,0.001030
caro,3,4,cabía,0.005910
caro,3,4,en,0.011883
caro,3,4,el,0.012058
caro,3,4,cajón,0.032478
caro,3,4,porque,0.074958
caro,3,4,era,0.051912
caro,3,4,demasiado,0.093677
caro,3,4,caro,0.703592
caro,3,5,el,0.011536
caro,3,5,vaso,0.034938
caro,3,5,no,0.055729
caro,3,5,cabía,0.030147
caro,3,5,en,0.036315
caro,3,5,el,0.052685
caro,3,5,cajón,0.074388
caro,3,5,porque,0.232171
caro,3,5,era,0.195465
caro,3,5,demasiado,0.116273
caro,3,5,caro,0.160354
caro,3,6,el,0.014454
caro,3,6,vaso,0.110881
caro,3,6,no,0.015540
caro,3,6,cabía,0.027147
caro,3,6,en,0.046506
caro,3,6,el,0.085133
caro,3,6,cajón,0.048043
caro,3,6,porque,0.074512
caro,3,6,era,0.021718
caro,3,6,demasiado,0.027584
caro,3,6,caro,0.528481
caro,3,7,el,0.060440
caro,3,7,vaso,0.061973
caro,3,7,no,0.031420
caro,3,7,cabía,0.018916
caro,3,7,en,0.038548
caro,3,7,el,0.041179
caro,3,7,cajón,0.029235
caro,3,7,porque,0.201134
caro,3,7,era,0.089177
caro,3,7,demasiado,0.031301
caro,3,7,caro,0.396676
caro,3,8,el,0.043292
caro,3,8,vaso,0.025110
caro,3,8,no,0.007213
caro,3,8,cabía,0.016792
caro,3,8,en,0.012129
caro,3,8,el,0.039129
caro,3,8,cajón,0.034440
caro,3,8,porque,0.044343
caro,3,8,era,0.026201
caro,3,8,demasiado,0.025651
caro,3,8,caro,0.725701
caro,3,9,el,0.047972
caro,3,9,vaso,0.009144
caro,3,9,no,0.001942
caro,3,9,cabía,0.001685
caro,3,9,en,0.003168
caro,3,9,el,0.012146
caro,3,9,cajón,0.005579
caro,3,9,porque,0.028844
caro,3,9,era,0.010850
caro,3,9,demasiado,0.045733
caro,3,9,caro,0.832938
caro,3,10,el,0.022957
caro,3,10,vaso,0.001234
caro,3,10,no,0.001284
caro,3,10,cabía,0.001761
caro,3,10,en,0.007551
caro,3,10,el,0.004764
caro,3,10,cajón,0.004605
caro,3,10,porque,0.005187
caro,3,10,era,0.002232
caro,3,10,demasiado,0.005264
caro,3,10,caro,0.943160
caro,3,11,el,0.175505
caro,3,11,vaso,0.027700
caro,3,11,no,0.035514
caro,3,11,cabía,0.007575
caro,3,11,en,0.010995
caro,3,11,el,0.055181
caro,3,11,cajón,0.020307
caro,3,11,porque,0.033432
caro,3,11,era,0.017341
caro,3,11,demasiado,0.025488
caro,3,11,caro,0.590961
caro,3,12,el,0.010896
caro,3,12,vaso,0.002266
caro,3,12,no,0.004172
caro,3,12,cabía,0.006319
caro,3,12,en,0.006408
caro,3,12,el,0.005174
caro,3,12,cajón,0.014491
caro,3,12,porque,0.010514
caro,3,12,era,0.005189
caro,3,12,demasiado,0.005595
caro,3,12,caro,0.928977
caro,3,13,el,0.054193
caro,3,13,vaso,0.002793
caro,3,13,no,0.000432
caro,3,13,cabía,0.002443
caro,3,13,en,0.005807
caro,3,13,el,0.013661
caro,3,13,cajón,0.008106
caro,3,13,porque,0.008341
caro,3,13,era,0.003113
caro,3,13,demasiado,0.002828
caro,3,13,caro,0.898284
caro,3,14,el,0.137950
caro,3,14,vaso,0.031996
caro,3,14,no,0.030777
caro,3,14,cabía,0.012809
caro,3,14,en,0.024574
caro,3,14,el,0.066950
caro,3,14,cajón,0.053192
caro,3,14,porque,0.018867
caro,3,14,era,0.010436
caro,3,14,demasiado,0.018963
caro,3,14,caro,0.593487
caro,4,1,el,0.979878
caro,4,1,vaso,0.000223
caro,4,1,no,0.000051
caro,4,1,cabía,0.000129
caro,4,1,en,0.000148
caro,4,1,el,0.000019
caro,4,1,cajón,0.000019
caro,4,1,porque,0.000179
caro,4,1,era,0.000021
caro,4,1,demasiado,0.000192
caro,4,1,caro,0.019142
caro,4,2,el,0.162976
caro,4,2,vaso,0.047235
caro,4,2,no,0.025557
caro,4,2,cabía,0.039656
caro,4,2,en,0.024553
caro,4,2,el,0.014070
caro,4,2,cajón,0.083512
caro,4,2,porque,0.087899
caro,4,2,era,0.107869
caro,4,2,demasiado,0.138675
caro,4,2,caro,0.267999
caro,4,3,el,0.056440
caro,4,3,vaso,0.132966
caro,4,3,no,0.112013
caro,4,3,cabía,0.109220
caro,4,3,en,0.119096
caro,4,3,el,0.048470
caro,4,3,cajón,0.073487
caro,4,3,porque,0.141015
caro,4,3,era,0.103819
caro,4,3,demasiado,0.037112
caro,4,3,caro,0.066363
caro,4,4,el,0.727118
caro,4,4,vaso,0.045475
caro,4,4,no,0.038296
caro,4,4,cabía,0.025016
caro,4,4,en,0.013556
caro,4,4,el,0.007018
caro,4,4,cajón,0.022776
caro,4,4,porque,0.036206
caro,4,4,era,0.011015
caro,4,4,demasiado,0.018217
caro,4,4,caro,0.055308
caro,4,5,el,0.942934
caro,4,5,vaso,0.007636
caro,4,5,no,0.001577
caro,4,5,cabía,0.002088
caro,4,5,en,0.003414
caro,4,5,el,0.000322
caro,4,5,cajón,0.000668
caro,4,5,porque,0.004885
caro,4,5,era,0.000753
caro,4,5,demasiado,0.001251
caro,4,5,caro,0.034471
caro,4,6,el,0.997992
caro,4,6,vaso,0.000002
caro,4,6,no,0.000000
caro,4,6,cabía,0.000002
caro,4,6,en,0.000000
caro,4,6,el,0.000000
caro,4,6,cajón,0.000000
caro,4,6,porque,0.000011
caro,4,6,era,0.000001
caro,4,6,demasiado,0.000016
caro,4,6,caro,0.001975
caro,4,7,el,0.712398
caro,4,7,vaso,0.073803
caro,4,7,no,0.044109
caro,4,7,cabía,0.034944
caro,4,7,en,0.023065
caro,4,7,el,0.014162
caro,4,7,cajón,0.017535
caro,4,7,porque,0.025004
caro,4,7,era,0.008826
caro,4,7,demasiado,0.005705
caro,4,7,caro,0.040449
caro,4,8,el,0.857756
caro,4,8,vaso,0.000037
caro,4,8,no,0.002155
caro,4,8,cabía,0.000069
caro,4,8,en,0.000004
caro,4,8,el,0.000002
caro,4,8,cajón,0.002572
caro,4,8,porque,0.000212
caro,4,8,era,0.000006
caro,4,8,demasiado,0.000016
caro,4,8,caro,0.137171
caro,4,9,el,0.707246
caro,4,9,vaso,0.018427
caro,4,9,no,0.012000
caro,4,9,cabía,0.011593
caro,4,9,en,0.016027
caro,4,9,el,0.005846
caro,4,9,cajón,0.025487
caro,4,9,porque,0.033415
caro,4,9,era,0.025611
caro,4,9,demasiado,0.023763
caro,4,9,caro,0.120586
caro,4,10,el,0.867776
caro,4,10,vaso,0.013108
caro,4,10,no,0.011864
caro,4,10,cabía,0.005702
caro,4,10,en,0.004365
caro,4,10,el,0.006951
caro,4,10,cajón,0.016606
caro,4,10,porque,0.007564
caro,4,10,era,0.006567
caro,4,10,demasiado,0.022958
caro,4,10,caro,0.036538
caro,4,11,el,0.718602
caro,4,11,vaso,0.000455
caro,4,11,no,0.000510
caro,4,11,cabía,0.001103
caro,4,11,en,0.003285
caro,4,11,el,0.002622
caro,4,11,cajón,0.001753
caro,4,11,porque,0.018022
caro,4,11,era,0.004721
caro,4,11,demasiado,0.004454
caro,4,11,caro,0.244473
caro,4,12,el,0.912781
caro,4,12,vaso,0.005775
caro,4,12,no,0.002563
caro,4,12,cabía,0.006865
caro,4,12,en,0.007544
caro,4,12,el,0.003182
caro,4,12,cajón,0.006250
caro,4,12,porque,0.003286
caro,4,12,era,0.002867
caro,4,12,demasiado,0.010839
caro,4,12,caro,0.038047
caro,4,13,el,0.705453
caro,4,13,vaso,0.010472
caro,4,13,no,0.008682
caro,4,13,cabía,0.007308
caro,4,13,en,0.004887
caro,4,13,el,0.001794
caro,4,13,cajón,0.023263
caro,4,13,porque,0.023937
caro,4,13,era,0.013017
caro,4,13,demasiado,0.036713
caro,4,13,caro,0.164475
caro,4,14,el,0.743007
caro,4,14,vaso,0.044379
caro,4,14,no,0.002358
caro,4,14,cabía,0.006179
caro,4,14,en,0.005852
caro,4,14,el,0.012667
caro,4,14,cajón,0.013195
caro,4,14,porque,0.020229
caro,4,14,era,0.052880
caro,4,14,demasiado,0.018590
caro,4,14,caro,0.080664
caro,5,1,el,0.710861
caro,5,1,vaso,0.065537
caro,5,1,no,0.022392
caro,5,1,cabía,0.025506
caro,5,1,en,0.005031
caro,5,1,el,0.009948
caro,5,1,cajón,0.029100
caro,5,1,porque,0.024679
caro,5,1,era,0.017607
caro,5,1,demasiado,0.011394
caro,5,1,caro,0.077945
caro,5,2,el,0.414931
caro,5,2,vaso,0.193663
caro,5,2,no,0.070335
caro,5,2,cabía,0.068921
caro,5,2,en,0.014798
caro,5,2,el,0.013575
caro,5,2,cajón,0.019905
caro,5,2,porque,0.083532
caro,5,2,era,0.036770
caro,5,2,demasiado,0.010208
caro,5,2,caro,0.073362
caro,5,3,el,0.350563
caro,5,3,vaso,0.003056
caro,5,3,no,0.001418
caro,5,3,cabía,0.002133
caro,5,3,en,0.000694
caro,5,3,el,0.001476
caro,5,3,cajón,0.001136
caro,5,3,porque,0.021778
caro,5,3,era,0.013095
caro,5,3,demasiado,0.004612
caro,5,3,caro,0.600039
caro,5,4,el,0.181457
caro,5,4,vaso,0.166288
caro,5,4,no,0.073522
caro,5,4,cabía,0.114133
caro,5,4,en,0.016312
caro,5,4,el,0.025430
caro,5,4,cajón,0.210340
caro,5,4,porque,0.033792
caro,5,4,era,0.034297
caro,5,4,demasiado,0.065433
caro,5,4,caro,0.078996
caro,5,5,el,0.869576
caro,5,5,vaso,0.016980
caro,5,5,no,0.011383
caro,5,5,cabía,0.009143
caro,5,5,en,0.002879
caro,5,5,el,0.002504
caro,5,5,cajón,0.006792
caro,5,5,porque,0.016154
caro,5,5,era,0.002942
caro,5,5,demasiado,0.005457
caro,5,5,caro,0.056190
caro,5,6,el,0.854943
caro,5,6,vaso,0.003248
caro,5,6,no,0.003237
caro,5,6,cabía,0.000945
caro,5,6,en,0.000957
caro,5,6,el,0.001442
caro,5,6,cajón,0.005227
caro,5,6,porque,0.023786
caro,5,6,era,0.008378
caro,5,6,demasiado,0.011406
caro,5,6,caro,0.086430
caro,5,7,el,0.257623
caro,5,7,vaso,0.038417
caro,5,7,no,0.021809
caro,5,7,cabía,0.039003
caro,5,7,en,0.012942
caro,5,7,el,0.016981
caro,5,7,cajón,0.055507
caro,5,7,porque,0.155254
caro,5,7,era,0.135631
caro,5,7,demasiado,0.107732
caro,5,7,caro,0.159101
caro,5,8,el,0.696853
caro,5,8,vaso,0.029543
caro,5,8,no,0.012363
caro,5,8,cabía,0.032560
caro,5,8,en,0.010718
caro,5,8,el,0.007974
caro,5,8,cajón,0.039172
caro,5,8,porque,0.025100
caro,5,8,era,0.010844
caro,5,8,demasiado,0.039284
caro,5,8,caro,0.095589
caro,5,9,el,0.682115
caro,5,9,vaso,0.031394
caro,5,9,no,0.018434
caro,5,9,cabía,0.010168
caro,5,9,en,0.004979
caro,5,9,el,0.019898
caro,5,9,cajón,0.030786
caro,5,9,porque,0.030084
caro,5,9,era,0.009490
caro,5,9,demasiado,0.002151
caro,5,9,caro,0.160500
caro,5,10,el,0.891733
caro,5,10,vaso,0.021576
caro,5,10,no,0.010156
caro,5,10,cabía,0.009098
caro,5,10,en,0.004888
caro,5,10,el,0.004424
caro,5,10,cajón,0.008488
caro,5,10,porque,0.017258
caro,5,10,era,0.003097
caro,5,10,demasiado,0.007336
caro,5,10,caro,0.021946
caro,5,11,el,0.080765
caro,5,11,vaso,0.077872
caro,5,11,no,0.025434
caro,5,11,cabía,0.071760
caro,5,11,en,0.016961
caro,5,11,el,0.011077
caro,5,11,cajón,0.106606
caro,5,11,porque,0.089235
caro,5,11,era,0.083569
caro,5,11,demasiado,0.209824
caro,5,11,caro,0.226897
caro,5,12,el,0.351156
caro,5,12,vaso,0.049186
caro,5,12,no,0.026399
caro,5,12,cabía,0.037968
caro,5,12,en,0.017094
caro,5,12,el,0.018497
caro,5,12,cajón,0.045080
caro,5,12,porque,0.100895
caro,5,12,era,0.026307
caro,5,12,demasiado,0.106063
caro,5,12,caro,0.221354
caro,5,13,el,0.313321
caro,5,13,vaso,0.000017
caro,5,13,no,0.000006
caro,5,13,cabía,0.004221
caro,5,13,en,0.000791
caro,5,13,el,0.000008
caro,5,13,cajón,0.000094
caro,5,13,porque,0.011675
caro,5,13,era,0.003348
caro,5,13,demasiado,0.000253
caro,5,13,caro,0.666266
caro,5,14,el,0.225140
caro,5,14,vaso,0.241047
caro,5,14,no,0.018033
caro,5,14,cabía,0.024255
caro,5,14,en,0.006230
caro,5,14,el,0.005986
caro,5,14,cajón,0.161685
caro,5,14,porque,0.035203
caro,5,14,era,0.004908
caro,5,14,demasiado,0.044860
caro,5,14,caro,0.232654
caro,6,1,el,0.917621
caro,6,1,vaso,0.014854
caro,6,1,no,0.000633
caro,6,1,cabía,0.010145
caro,6,1,en,0.001842
caro,6,1,el,0.001309
caro,6,1,cajón,0.002335
caro,6,1,porque,0.011776
caro,6,1,era,0.003688
caro,6,1,demasiado,0.003250
caro,6,1,caro,0.032547
caro,6,2,el,0.079218
caro,6,2,vaso,0.038870
caro,6,2,no,0.082529
caro,6,2,cabía,0.300401
caro,6,2,en,0.048793
caro,6,2,el,0.019643
caro,6,2,cajón,0.011379
caro,6,2,porque,0.171462
caro,6,2,era,0.097788
caro,6,2,demasiado,0.053313
caro,6,2,caro,0.096605
caro,6,3,el,0.882869
caro,6,3,vaso,0.006797
caro,6,3,no,0.005761
caro,6,3,cabía,0.010777
caro,6,3,en,0.001841
caro,6,3,el,0.002271
caro,6,3,cajón,0.002446
caro,6,3,porque,0.023343
caro,6,3,era,0.003578
caro,6,3,demasiado,0.004409
caro,6,3,caro,0.055908
caro,6,4,el,0.843681
caro,6,4,vaso,0.007756
caro,6,4,no,0.003511
caro,6,4,cabía,0.002514
caro,6,4,en,0.000470
caro,6,4,el,0.002035
caro,6,4,cajón,0.000740
caro,6,4,porque,0.019338
caro,6,4,era,0.001402
caro,6,4,demasiado,0.001551
caro,6,4,caro,0.117002
caro,6,5,el,0.485560
caro,6,5,vaso,0.093858
caro,6,5,no,0.036248
caro,6,5,cabía,0.029690
caro,6,5,en,0.010909
caro,6,5,el,0.025574
caro,6,5,cajón,0.105284
caro,6,5,porque,0.092589
caro,6,5,era,0.025004
caro,6,5,demasiado,0.031854
caro,6,5,caro,0.063429
caro,6,6,el,0.238657
caro,6,6,vaso,0.190977
caro,6,6,no,0.068711
caro,6,6,cabía,0.036915
caro,6,6,en,0.004564
caro,6,6,el,0.014375
caro,6,6,cajón,0.013272
caro,6,6,porque,0.085058
caro,6,6,era,0.005394
caro,6,6,demasiado,0.003118
caro,6,6,caro,0.338960
caro,6,7,el,0.595192
caro,6,7,vaso,0.004888
caro,6,7,no,0.005102
caro,6,7,cabía,0.011167
caro,6,7,en,0.002626
caro,6,7,el,0.007777
caro,6,7,cajón,0.004367
caro,6,7,porque,0.032624
caro,6,7,era,0.010898
caro,6,7,demasiado,0.009081
caro,6,7,caro,0.316279
caro,6,8,el,0.607282
caro,6,8,vaso,0.107538
caro,6,8,no,0.049749
caro,6,8,cabía,0.012934
caro,6,8,en,0.007870
caro,6,8,el,0.051650
caro,6,8,cajón,0.048221
caro,6,8,porque,0.018756
caro,6,8,era,0.026340
caro,6,8,demasiado,0.014621
caro,6,8,caro,0.055039
caro,6,9,el,0.477038
caro,6,9,vaso,0.152285
caro,6,9,no,0.048133
caro,6,9,cabía,0.010731
caro,6,9,en,0.001627
caro,6,9,el,0.004911
caro,6,9,cajón,0.070872
caro,6,9,porque,0.028767
caro,6,9,era,0.007097
caro,6,9,demasiado,0.029695
caro,6,9,caro,0.168843
caro,6,10,el,0.390587
caro,6,10,vaso,0.001104
caro,6,10,no,0.000024
caro,6,10,cabía,0.000924
caro,6,10,en,0.000145
caro,6,10,el,0.000057
caro,6,10,cajón,0.000688
caro,6,10,porque,0.008682
caro,6,10,era,0.002398
caro,6,10,demasiado,0.000444
caro,6,10,caro,0.594948
caro,6,11,el,0.781773
caro,6,11,vaso,0.046142
caro,6,11,no,0.025934
caro,6,11,cabía,0.007527
caro,6,11,en,0.002578
caro,6,11,el,0.017796
caro,6,11,cajón,0.026145
caro,6,11,porque,0.014112
caro,6,11,era,0.012090
caro,6,11,demasiado,0.006829
caro,6,11,caro,0.059074
caro,6,12,el,0.448727
caro,6,12,vaso,0.028644
caro,6,12,no,0.013551
caro,6,12,cabía,0.051448
caro,6,12,en,0.011561
caro,6,12,el,0.004615
caro,6,12,cajón,0.066458
caro,6,12,porque,0.104146
caro,6,12,era,0.028780
caro,6,12,demasiado,0.082795
caro,6,12,caro,0.159276
caro,6,13,el,0.327284
caro,6,13,vaso,0.126268
caro,6,13,no,0.021799
caro,6,13,cabía,0.029789
caro,6,13,en,0.002698
caro,6,13,el,0.004539
caro,6,13,cajón,0.199855
caro,6,13,porque,0.030797
caro,6,13,era,0.033463
caro,6,13,demasiado,0.044288
caro,6,13,caro,0.179220
caro,6,14,el,0.258797
caro,6,14,vaso,0.041255
caro,6,14,no,0.026680
caro,6,14,cabía,0.012033
caro,6,14,en,0.005142
caro,6,14,el,0.009696
caro,6,14,cajón,0.039591
caro,6,14,porque,0.118746
caro,6,14,era,0.033487
caro,6,14,demasiado,0.058643
caro,6,14,caro,0.395931
caro,7,1,el,0.817759
caro,7,1,vaso,0.038470
caro,7,1,no,0.017227
caro,7,1,cabía,0.013217
caro,7,1,en,0.005340
caro,7,1,el,0.011608
caro,7,1,cajón,0.015412
caro,7,1,porque,0.017796
caro,7,1,era,0.008680
caro,7,1,demasiado,0.006133
caro,7,1,caro,0.048356
caro,7,2,el,0.172648
caro,7,2,vaso,0.057322
caro,7,2,no,0.045695
caro,7,2,cabía,0.078157
caro,7,2,en,0.036585
caro,7,2,el,0.034759
caro,7,2,cajón,0.066135
caro,7,2,porque,0.237237
caro,7,2,era,0.069479
caro,7,2,demasiado,0.063528
caro,7,2,caro,0.138456
caro,7,3,el,0.683656
caro,7,3,vaso,0.051693
caro,7,3,no,0.027624
caro,7,3,cabía,0.031740
caro,7,3,en,0.009901
caro,7,3,el,0.009642
caro,7,3,cajón,0.024458
caro,7,3,porque,0.046879
caro,7,3,era,0.017478
caro,7,3,demasiado,0.013087
caro,7,3,caro,0.083842
caro,7,4,el,0.630802
caro,7,4,vaso,0.081493
caro,7,4,no,0.031990
caro,7,4,cabía,0.020995
caro,7,4,en,0.008726
caro,7,4,el,0.017319
caro,7,4,cajón,0.026108
caro,7,4,porque,0.049670
caro,7,4,era,0.014771
caro,7,4,demasiado,0.017268
caro,7,4,caro,0.100858
caro,7,5,el,0.360850
caro,7,5,vaso,0.000053
caro,7,5,no,0.000213
caro,7,5,cabía,0.001694
caro,7,5,en,0.000829
caro,7,5,el,0.001009
caro,7,5,cajón,0.018342
caro,7,5,porque,0.017647
caro,7,5,era,0.012769
caro,7,5,demasiado,0.024115
caro,7,5,caro,0.562480
caro,7,6,el,0.307001
caro,7,6,vaso,0.160376
caro,7,6,no,0.101445
caro,7,6,cabía,0.116207
caro,7,6,en,0.029869
caro,7,6,el,0.041355
caro,7,6,cajón,0.070605
caro,7,6,porque,0.087492
caro,7,6,era,0.026716
caro,7,6,demasiado,0.015246
caro,7,6,caro,0.043688
caro,7,7,el,0.236495
caro,7,7,vaso,0.003276
caro,7,7,no,0.018186
caro,7,7,cabía,0.034608
caro,7,7,en,0.008688
caro,7,7,el,0.010196
caro,7,7,cajón,0.046367
caro,7,7,porque,0.214322
caro,7,7,era,0.126570
caro,7,7,demasiado,0.122174
caro,7,7,caro,0.179118
caro,7,8,el,0.386848
caro,7,8,vaso,0.078780
caro,7,8,no,0.011135
caro,7,8,cabía,0.029355
caro,7,8,en,0.004381
caro,7,8,el,0.007574
caro,7,8,cajón,0.097274
caro,7,8,porque,0.025601
caro,7,8,era,0.020492
caro,7,8,demasiado,0.014835
caro,7,8,caro,0.323726
caro,7,9,el,0.689871
caro,7,9,vaso,0.022346
caro,7,9,no,0.013070
caro,7,9,cabía,0.008812
caro,7,9,en,0.002191
caro,7,9,el,0.003108
caro,7,9,cajón,0.013166
caro,7,9,porque,0.029024
caro,7,9,era,0.009910
caro,7,9,demasiado,0.022390
caro,7,9,caro,0.186113
caro,7,10,el,0.447649
caro,7,10,vaso,0.002551
caro,7,10,no,0.000374
caro,7,10,cabía,0.001771
caro,7,10,en,0.000216
caro,7,10,el,0.000026
caro,7,10,cajón,0.001922
caro,7,10,porque,0.009718
caro,7,10,era,0.011946
caro,7,10,demasiado,0.000706
caro,7,10,caro,0.523121
caro,7,11,el,0.586193
caro,7,11,vaso,0.017817
caro,7,11,no,0.017990
caro,7,11,cabía,0.013787
caro,7,11,en,0.003273
caro,7,11,el,0.002834
caro,7,11,cajón,0.013339
caro,7,11,porque,0.051707
caro,7,11,era,0.016230
caro,7,11,demasiado,0.010251
caro,7,11,caro,0.266578
caro,7,12,el,0.749796
caro,7,12,vaso,0.044675
caro,7,12,no,0.008496
caro,7,12,cabía,0.002649
caro,7,12,en,0.002045
caro,7,12,el,0.010708
caro,7,12,cajón,0.009842
caro,7,12,porque,0.011346
caro,7,12,era,0.004060
caro,7,12,demasiado,0.003620
caro,7,12,caro,0.152763
caro,7,13,el,0.267802
caro,7,13,vaso,0.041706
caro,7,13,no,0.012522
caro,7,13,cabía,0.040079
caro,7,13,en,0.012467
caro,7,13,el,0.004109
caro,7,13,cajón,0.051745
caro,7,13,porque,0.059752
caro,7,13,era,0.035548
caro,7,13,demasiado,0.095156
caro,7,13,caro,0.379115
caro,7,14,el,0.850003
caro,7,14,vaso,0.011931
caro,7,14,no,0.004095
caro,7,14,cabía,0.000690
caro,7,14,en,0.000930
caro,7,14,el,0.002930
caro,7,14,cajón,0.004372
caro,7,14,porque,0.008657
caro,7,14,era,0.001760
caro,7,14,demasiado,0.002052
caro,7,14,caro,0.112581
caro,8,1,el,0.871890
caro,8,1,vaso,0.017365
caro,8,1,no,0.001256
caro,8,1,cabía,0.011334
caro,8,1,en,0.001111
caro,8,1,el,0.001296
caro,8,1,cajón,0.002919
caro,8,1,porque,0.017270
caro,8,1,era,0.010929
caro,8,1,demasiado,0.010351
caro,8,1,caro,0.054279
caro,8,2,el,0.893475
caro,8,2,vaso,0.011642
caro,8,2,no,0.002541
caro,8,2,cabía,0.004034
caro,8,2,en,0.000425
caro,8,2,el,0.000536
caro,8,2,cajón,0.003034
caro,8,2,porque,0.017464
caro,8,2,era,0.000815
caro,8,2,demasiado,0.001984
caro,8,2,caro,0.064050
caro,8,3,el,0.387256
caro,8,3,vaso,0.055712
caro,8,3,no,0.017180
caro,8,3,cabía,0.013691
caro,8,3,en,0.004497
caro,8,3,el,0.004543
caro,8,3,cajón,0.023289
caro,8,3,porque,0.246788
caro,8,3,era,0.054509
caro,8,3,demasiado,0.031631
caro,8,3,caro,0.160902
caro,8,4,el,0.887519
caro,8,4,vaso,0.006780
caro,8,4,no,0.001621
caro,8,4,cabía,0.002525
caro,8,4,en,0.000055
caro,8,4,el,0.000132
caro,8,4,cajón,0.001388
caro,8,4,porque,0.017022
caro,8,4,era,0.002801
caro,8,4,demasiado,0.005031
caro,8,4,caro,0.075126
caro,8,5,el,0.403203
caro,8,5,vaso,0.000908
caro,8,5,no,0.000779
caro,8,5,cabía,0.010349
caro,8,5,en,0.001427
caro,8,5,el,0.000989
caro,8,5,cajón,0.000880
caro,8,5,porque,0.017406
caro,8,5,era,0.005995
caro,8,5,demasiado,0.013411
caro,8,5,caro,0.544655
caro,8,6,el,0.824981
caro,8,6,vaso,0.013108
caro,8,6,no,0.007238
caro,8,6,cabía,0.002892
caro,8,6,en,0.001448
caro,8,6,el,0.001450
caro,8,6,cajón,0.004197
caro,8,6,porque,0.049748
caro,8,6,era,0.019051
caro,8,6,demasiado,0.012421
caro,8,6,caro,0.063466
caro,8,7,el,0.712027
caro,8,7,vaso,0.047951
caro,8,7,no,0.002924
caro,8,7,cabía,0.021989
caro,8,7,en,0.001284
caro,8,7,el,0.001325
caro,8,7,cajón,0.018891
caro,8,7,porque,0.013867
caro,8,7,era,0.015382
caro,8,7,demasiado,0.025886
caro,8,7,caro,0.138476
caro,8,8,el,0.978669
caro,8,8,vaso,0.004793
caro,8,8,no,0.000783
caro,8,8,cabía,0.000512
caro,8,8,en,0.000797
caro,8,8,el,0.000210
caro,8,8,cajón,0.000107
caro,8,8,porque,0.000905
caro,8,8,era,0.000100
caro,8,8,demasiado,0.000005
caro,8,8,caro,0.013120
caro,8,9,el,0.946881
caro,8,9,vaso,0.000104
caro,8,9,no,0.000031
caro,8,9,cabía,0.000024
caro,8,9,en,0.000066
caro,8,9,el,0.000020
caro,8,9,cajón,0.000009
caro,8,9,porque,0.000370
caro,8,9,era,0.000066
caro,8,9,demasiado,0.000004
caro,8,9,caro,0.052424
caro,8,10,el,0.274581
caro,8,10,vaso,0.009075
caro,8,10,no,0.026556
caro,8,10,cabía,0.028300
caro,8,10,en,0.009525
caro,8,10,el,0.003100
caro,8,10,cajón,0.008593
caro,8,10,porque,0.111822
caro,8,10,era,0.033996
caro,8,10,demasiado,0.336464
caro,8,10,caro,0.157988
caro,8,11,el,0.116018
caro,8,11,vaso,0.035001
caro,8,11,no,0.007499
caro,8,11,cabía,0.053276
caro,8,11,en,0.019658
caro,8,11,el,0.005721
caro,8,11,cajón,0.013084
caro,8,11,porque,0.049816
caro,8,11,era,0.031110
caro,8,11,demasiado,0.188134
caro,8,11,caro,0.480683
caro,8,12,el,0.889809
caro,8,12,vaso,0.011263
caro,8,12,no,0.008372
caro,8,12,cabía,0.003226
caro,8,12,en,0.005275
caro,8,12,el,0.001706
caro,8,12,cajón,0.001981
caro,8,12,porque,0.021614
caro,8,12,era,0.004571
caro,8,12,demasiado,0.000249
caro,8,12,caro,0.051933
caro,8,13,el,0.549509
caro,8,13,vaso,0.024488
caro,8,13,no,0.043904
caro,8,13,cabía,0.048703
caro,8,13,en,0.020309
caro,8,13,el,0.008299
caro,8,13,cajón,0.011771
caro,8,13,porque,0.117467
caro,8,13,era,0.044669
caro,8,13,demasiado,0.032260
caro,8,13,caro,0.098621
caro,8,14,el,0.782232
caro,8,14,vaso,0.009363
caro,8,14,no,0.004809
caro,8,14,cabía,0.001879
caro,8,14,en,0.001626
caro,8,14,el,0.002508
caro,8,14,cajón,0.003475
caro,8,14,porque,0.013124
caro,8,14,era,0.001953
caro,8,14,demasiado,0.000446
caro,8,14,caro,0.178586
caro,9,1,el,0.679628
caro,9,1,vaso,0.035520
caro,9,1,no,0.019652
caro,9,1,cabía,0.009090
caro,9,1,en,0.004434
caro,9,1,el,0.006343
caro,9,1,cajón,0.018995
caro,9,1,porque,0.031480
caro,9,1,era,0.008982
caro,9,1,demasiado,0.008631
caro,9,1,caro,0.177246
caro,9,2,el,0.810892
caro,9,2,vaso,0.018614
caro,9,2,no,0.002250
caro,9,2,cabía,0.002448
caro,9,2,en,0.001337
caro,9,2,el,0.001805
caro,9,2,cajón,0.008307
caro,9,2,porque,0.003873
caro,9,2,era,0.001646
caro,9,2,demasiado,0.001629
caro,9,2,caro,0.147199
caro,9,3,el,0.061436
caro,9,3,vaso,0.063861
caro,9,3,no,0.002219
caro,9,3,cabía,0.020699
caro,9,3,en,0.012801
caro,9,3,el,0.006698
caro,9,3,cajón,0.047978
caro,9,3,porque,0.026498
caro,9,3,era,0.027884
caro,9,3,demasiado,0.094619
caro,9,3,caro,0.635307
caro,9,4,el,0.000011
caro,9,4,vaso,0.000000
caro,9,4,no,0.000000
caro,9,4,cabía,0.000000
caro,9,4,en,0.000000
caro,9,4,el,0.000000
caro,9,4,cajón,0.000000
caro,9,4,porque,0.000000
caro,9,4,era,0.000000
caro,9,4,demasiado,0.000000
caro,9,4,caro,0.999988
caro,9,5,el,0.680626
caro,9,5,vaso,0.044836
caro,9,5,no,0.003610
caro,9,5,cabía,0.002311
caro,9,5,en,0.002916
caro,9,5,el,0.005095
caro,9,5,cajón,0.012832
caro,9,5,porque,0.025976
caro,9,5,era,0.001567
caro,9,5,demasiado,0.003025
caro,9,5,caro,0.217206
caro,9,6,el,0.108225
caro,9,6,vaso,0.019911
caro,9,6,no,0.010320
caro,9,6,cabía,0.035032
caro,9,6,en,0.013066
caro,9,6,el,0.007467
caro,9,6,cajón,0.012669
caro,9,6,porque,0.184333
caro,9,6,era,0.077426
caro,9,6,demasiado,0.167729
caro,9,6,caro,0.363824
caro,9,7,el,0.568182
caro,9,7,vaso,0.027108
caro,9,7,no,0.009155
caro,9,7,cabía,0.010753
caro,9,7,en,0.002669
caro,9,7,el,0.003024
caro,9,7,cajón,0.008456
caro,9,7,porque,0.077270
caro,9,7,era,0.018896
caro,9,7,demasiado,0.009354
caro,9,7,caro,0.265134
caro,9,8,el,0.126378
caro,9,8,vaso,0.000011
caro,9,8,no,0.000035
caro,9,8,cabía,0.000026
caro,9,8,en,0.000000
caro,9,8,el,0.000000
caro,9,8,cajón,0.000765
caro,9,8,porque,0.000355
caro,9,8,era,0.000005
caro,9,8,demasiado,0.000070
caro,9,8,caro,0.872354
caro,9,9,el,0.385685
caro,9,9,vaso,0.007178
caro,9,9,no,0.000992
caro,9,9,cabía,0.008328
caro,9,9,en,0.008354
caro,9,9,el,0.002317
caro,9,9,cajón,0.003847
caro,9,9,porque,0.073709
caro,9,9,era,0.066596
caro,9,9,demasiado,0.094899
caro,9,9,caro,0.348095
caro,9,10,el,0.637471
caro,9,10,vaso,0.027945
caro,9,10,no,0.045536
caro,9,10,cabía,0.032266
caro,9,10,en,0.020025
caro,9,10,el,0.011042
caro,9,10,cajón,0.005773
caro,9,10,porque,0.085661
caro,9,10,era,0.008579
caro,9,10,demasiado,0.006899
caro,9,10,caro,0.118802
caro,9,11,el,0.081885
caro,9,11,vaso,0.273903
caro,9,11,no,0.018492
caro,9,11,cabía,0.068964
caro,9,11,en,0.018282
caro,9,11,el,0.015311
caro,9,11,cajón,0.101373
caro,9,11,porque,0.027497
caro,9,11,era,0.068073
caro,9,11,demasiado,0.042790
caro,9,11,caro,0.283432
caro,9,12,el,0.453709
caro,9,12,vaso,0.007914
caro,9,12,no,0.004489
caro,9,12,cabía,0.025726
caro,9,12,en,0.008582
caro,9,12,el,0.007062
caro,9,12,cajón,0.064644
caro,9,12,porque,0.028635
caro,9,12,era,0.027240
caro,9,12,demasiado,0.093420
caro,9,12,caro,0.278580
caro,9,13,el,0.440681
caro,9,13,vaso,0.020777
caro,9,13,no,0.002106
caro,9,13,cabía,0.009405
caro,9,13,en,0.008881
caro,9,13,el,0.008968
caro,9,13,cajón,0.012845
caro,9,13,porque,0.092400
caro,9,13,era,0.049778
caro,9,13,demasiado,0.033113
caro,9,13,caro,0.321045
caro,9,14,el,0.260274
caro,9,14,vaso,0.026297
caro,9,14,no,0.033584
caro,9,14,cabía,0.026836
caro,9,14,en,0.012210
caro,9,14,el,0.006750
caro,9,14,cajón,0.009432
caro,9,14,porque,0.255168
caro,9,14,era,0.074874
caro,9,14,demasiado,0.074109
caro,9,14,caro,0.220466
caro,10,1,el,0.576696
caro,10,1,vaso,0.036683
caro,10,1,no,0.028482
caro,10,1,cabía,0.021945
caro,10,1,en,0.004366
caro,10,1,el,0.003058
caro,10,1,cajón,0.002250
caro,10,1,porque,0.132762
caro,10,1,era,0.004481
caro,10,1,demasiado,0.004887
caro,10,1,caro,0.184389
caro,10,2,el,0.378479
caro,10,2,vaso,0.003077
caro,10,2,no,0.002248
caro,10,2,cabía,0.005012
caro,10,2,en,0.004034
caro,10,2,el,0.001430
caro,10,2,cajón,0.002323
caro,10,2,porque,0.032001
caro,10,2,era,0.012250
caro,10,2,demasiado,0.005673
caro,10,2,caro,0.553472
caro,10,3,el,0.305952
caro,10,3,vaso,0.033182
caro,10,3,no,0.021096
caro,10,3,cabía,0.120569
caro,10,3,en,0.027059
caro,10,3,el,0.011911
caro,10,3,cajón,0.021115
caro,10,3,porque,0.148300
caro,10,3,era,0.031143
caro,10,3,demasiado,0.039736
caro,10,3,caro,0.239937
caro,10,4,el,0.442802
caro,10,4,vaso,0.032875
caro,10,4,no,0.023513
caro,10,4,cabía,0.050989
caro,10,4,en,0.013606
caro,10,4,el,0.006198
caro,10,4,cajón,0.032158
caro,10,4,porque,0.106091
caro,10,4,era,0.030654
caro,10,4,demasiado,0.015931
caro,10,4,caro,0.245182
caro,10,5,el,0.675321
caro,10,5,vaso,0.012215
caro,10,5,no,0.006000
caro,10,5,cabía,0.018721
caro,10,5,en,0.008339
caro,10,5,el,0.007879
caro,10,5,cajón,0.010374
caro,10,5,porque,0.020468
caro,10,5,era,0.002418
caro,10,5,demasiado,0.000907
caro,10,5,caro,0.237359
caro,10,6,el,0.062283
caro,10,6,vaso,0.077826
caro,10,6,no,0.112828
caro,10,6,cabía,0.100480
caro,10,6,en,0.019671
caro,10,6,el,0.009799
caro,10,6,cajón,0.009835
caro,10,6,porque,0.423160
caro,10,6,era,0.023173
caro,10,6,demasiado,0.018100
caro,10,6,caro,0.142844
caro,10,7,el,0.802913
caro,10,7,vaso,0.039653
caro,10,7,no,0.018923
caro,10,7,cabía,0.009538
caro,10,7,en,0.005250
caro,10,7,el,0.009577
caro,10,7,cajón,0.005481
caro,10,7,porque,0.018083
caro,10,7,era,0.000796
caro,10,7,demasiado,0.000603
caro,10,7,caro,0.089182
caro,10,8,el,1.000000
caro,10,8,vaso,0.000000
caro,10,8,no,0.000000
caro,10,8,cabía,0.000000
caro,10,8,en,0.000000
caro,10,8,el,0.000000
caro,10,8,cajón,0.000000
caro,10,8,porque,0.000000
caro,10,8,era,0.000000
caro,10,8,demasiado,0.000000
caro,10,8,caro,0.000000
caro,10,9,el,0.999927
caro,10,9,vaso,0.000069
caro,10,9,no,0.000000
caro,10,9,cabía,0.000000
caro,10,9,en,0.000000
caro,10,9,el,0.000000
caro,10,9,cajón,0.000000
caro,10,9,porque,0.000000
caro,10,9,era,0.000002
caro,10,9,demasiado,0.000001
caro,10,9,caro,0.000000
caro,10,10,el,0.999999
caro,10,10,vaso,0.000001
caro,10,10,no,0.000000
caro,10,10,cabía,0.000000
caro,10,10,en,0.000000
caro,10,10,el,0.000000
caro,10,10,cajón,0.000000
caro,10,10,porque,0.000000
caro,10,10,era,0.000000
caro,10,10,demasiado,0.000000
caro,10,10,caro,0.000000
caro,10,11,el,0.995238
caro,10,11,vaso,0.004273
caro,10,11,no,0.000014
caro,10,11,cabía,0.000026
caro,10,11,en,0.000010
caro,10,11,el,0.000048
caro,10,11,cajón,0.000006
caro,10,11,porque,0.000004
caro,10,11,era,0.000198
caro,10,11,demasiado,0.000121
caro,10,11,caro,0.000062
caro,10,12,el,0.981213
caro,10,12,vaso,0.002264
caro,10,12,no,0.000398
caro,10,12,cabía,0.002175
caro,10,12,en,0.000397
caro,10,12,el,0.003627
caro,10,12,cajón,0.001265
caro,10,12,porque,0.000568
caro,10,12,era,0.005130
caro,10,12,demasiado,0.001379
caro,10,12,caro,0.001584
caro,10,13,el,0.956854
caro,10,13,vaso,0.008131
caro,10,13,no,0.002287
caro,10,13,cabía,0.004366
caro,10,13,en,0.000921
caro,10,13,el,0.003302
caro,10,13,cajón,0.003190
caro,10,13,porque,0.003471
caro,10,13,era,0.007611
caro,10,13,demasiado,0.003504
caro,10,13,caro,0.006364
caro,10,14,el,0.989203
caro,10,14,vaso,0.005191
caro,10,14,no,0.000113
caro,10,14,cabía,0.000635
caro,10,14,en,0.000041
caro,10,14,el,0.003498
caro,10,14,cajón,0.000611
caro,10,14,porque,0.000025
caro,10,14,era,0.000279
caro,10,14,demasiado,0.000375
caro,10,14,caro,0.000028
caro,11,1,el,0.655643
caro,11,1,vaso,0.038260
caro,11,1,no,0.016598
caro,11,1,cabía,0.066591
caro,11,1,en,0.012740
caro,11,1,el,0.003346
caro,11,1,cajón,0.037112
caro,11,1,porque,0.035340
caro,11,1,era,0.009353
caro,11,1,demasiado,0.012913
caro,11,1,caro,0.112106
caro,11,2,el,0.903707
caro,11,2,vaso,0.025072
caro,11,2,no,0.007012
caro,11,2,cabía,0.006676
caro,11,2,en,0.001779
caro,11,2,el,0.001160
caro,11,2,cajón,0.007902
caro,11,2,porque,0.008836
caro,11,2,era,0.002287
caro,11,2,demasiado,0.003575
caro,11,2,caro,0.031995
caro,11,3,el,0.565835
caro,11,3,vaso,0.000029
caro,11,3,no,0.000072
caro,11,3,cabía,0.000518
caro,11,3,en,0.000007
caro,11,3,el,0.000002
caro,11,3,cajón,0.009470
caro,11,3,porque,0.037319
caro,11,3,era,0.002868
caro,11,3,demasiado,0.002279
caro,11,3,caro,0.381602
caro,11,4,el,0.361849
caro,11,4,vaso,0.097299
caro,11,4,no,0.050134
caro,11,4,cabía,0.056896
caro,11,4,en,0.015168
caro,11,4,el,0.004685
caro,11,4,cajón,0.030975
caro,11,4,porque,0.144167
caro,11,4,era,0.034121
caro,11,4,demasiado,0.032956
caro,11,4,caro,0.171751
caro,11,5,el,0.151304
caro,11,5,vaso,0.032342
caro,11,5,no,0.014259
caro,11,5,cabía,0.095592
caro,11,5,en,0.035552
caro,11,5,el,0.010697
caro,11,5,cajón,0.081136
caro,11,5,porque,0.097518
caro,11,5,era,0.091429
caro,11,5,demasiado,0.132737
caro,11,5,caro,0.257433
caro,11,6,el,0.687372
caro,11,6,vaso,0.076703
caro,11,6,no,0.013753
caro,11,6,cabía,0.015715
caro,11,6,en,0.005328
caro,11,6,el,0.002977
caro,11,6,cajón,0.025816
caro,11,6,porque,0.017735
caro,11,6,era,0.003527
caro,11,6,demasiado,0.006772
caro,11,6,caro,0.144302
caro,11,7,el,0.207825
caro,11,7,vaso,0.000001
caro,11,7,no,0.000002
caro,11,7,cabía,0.002398
caro,11,7,en,0.000041
caro,11,7,el,0.000000
caro,11,7,cajón,0.000157
caro,11,7,porque,0.018205
caro,11,7,era,0.001296
caro,11,7,demasiado,0.000028
caro,11,7,caro,0.770047
caro,11,8,el,0.573436
caro,11,8,vaso,0.037441
caro,11,8,no,0.027006
caro,11,8,cabía,0.014849
caro,11,8,en,0.004127
caro,11,8,el,0.003877
caro,11,8,cajón,0.015700
caro,11,8,porque,0.018195
caro,11,8,era,0.005588
caro,11,8,demasiado,0.006399
caro,11,8,caro,0.293382
caro,11,9,el,0.848981
caro,11,9,vaso,0.015922
caro,11,9,no,0.005651
caro,11,9,cabía,0.002988
caro,11,9,en,0.000794
caro,11,9,el,0.000833
caro,11,9,cajón,0.006902
caro,11,9,porque,0.001819
caro,11,9,era,0.000347
caro,11,9,demasiado,0.000301
caro,11,9,caro,0.115462
caro,11,10,el,0.703481
caro,11,10,vaso,0.033256
caro,11,10,no,0.013371
caro,11,10,cabía,0.018991
caro,11,10,en,0.006400
caro,11,10,el,0.005901
caro,11,10,cajón,0.037073
caro,11,10,porque,0.010228
caro,11,10,era,0.005142
caro,11,10,demasiado,0.003629
caro,11,10,caro,0.162528
caro,11,11,el,0.468924
caro,11,11,vaso,0.176112
caro,11,11,no,0.051685
caro,11,11,cabía,0.025329
caro,11,11,en,0.010690
caro,11,11,el,0.019594
caro,11,11,cajón,0.047891
caro,11,11,porque,0.017671
caro,11,11,era,0.015280
caro,11,11,demasiado,0.005552
caro,11,11,caro,0.161273
caro,11,12,el,0.270427
caro,11,12,vaso,0.016947
caro,11,12,no,0.019030
caro,11,12,cabía,0.118683
caro,11,12,en,0.028057
caro,11,12,el,0.007736
caro,11,12,cajón,0.084953
caro,11,12,porque,0.135804
caro,11,12,era,0.027878
caro,11,12,demasiado,0.049318
caro,11,12,caro,0.241167
caro,11,13,el,0.054023
caro,11,13,vaso,0.192001
caro,11,13,no,0.025818
caro,11,13,cabía,0.219187
caro,11,13,en,0.083446
caro,11,13,el,0.026388
caro,11,13,cajón,0.115138
caro,11,13,porque,0.041828
caro,11,13,era,0.046682
caro,11,13,demasiado,0.041531
caro,11,13,caro,0.153958
caro,11,14,el,0.692021
caro,11,14,vaso,0.073542
caro,11,14,no,0.015393
caro,11,14,cabía,0.031122
caro,11,14,en,0.015119
caro,11,14,el,0.012674
caro,11,14,cajón,0.054739
caro,11,14,porque,0.010860
caro,11,14,era,0.010986
caro,11,14,demasiado,0.006719
caro,11,14,caro,0.076827
caro,12,1,el,0.325263
caro,12,1,vaso,0.077357
caro,12,1,no,0.040194
caro,12,1,cabía,0.152684
caro,12,1,en,0.053255
caro,12,1,el,0.032326
caro,12,1,cajón,0.070666
caro,12,1,porque,0.075821
caro,12,1,era,0.013476
caro,12,1,demasiado,0.012953
caro,12,1,caro,0.146005
caro,12,2,el,0.986073
caro,12,2,vaso,0.001170
caro,12,2,no,0.000843
caro,12,2,cabía,0.001620
caro,12,2,en,0.001613
caro,12,2,el,0.002046
caro,12,2,cajón,0.000611
caro,12,2,porque,0.001953
caro,12,2,era,0.000180
caro,12,2,demasiado,0.000082
caro,12,2,caro,0.003808
caro,12,3,el,0.672961
caro,12,3,vaso,0.031829
caro,12,3,no,0.013518
caro,12,3,cabía,0.113106
caro,12,3,en,0.050141
caro,12,3,el,0.023678
caro,12,3,cajón,0.034021
caro,12,3,porque,0.025404
caro,12,3,era,0.003929
caro,12,3,demasiado,0.003096
caro,12,3,caro,0.028316
caro,12,4,el,0.949706
caro,12,4,vaso,0.018741
caro,12,4,no,0.007087
caro,12,4,cabía,0.003384
caro,12,4,en,0.001462
caro,12,4,el,0.002845
caro,12,4,cajón,0.010516
caro,12,4,porque,0.001782
caro,12,4,era,0.000636
caro,12,4,demasiado,0.000709
caro,12,4,caro,0.003132
caro,12,5,el,0.890324
caro,12,5,vaso,0.031461
caro,12,5,no,0.020780
caro,12,5,cabía,0.006061
caro,12,5,en,0.002566
caro,12,5,el,0.004734
caro,12,5,cajón,0.012742
caro,12,5,porque,0.009584
caro,12,5,era,0.002045
caro,12,5,demasiado,0.000819
caro,12,5,caro,0.018882
caro,12,6,el,0.782539
caro,12,6,vaso,0.058685
caro,12,6,no,0.027335
caro,12,6,cabía,0.017204
caro,12,6,en,0.006590
caro,12,6,el,0.010207
caro,12,6,cajón,0.047342
caro,12,6,porque,0.010909
caro,12,6,era,0.005200
caro,12,6,demasiado,0.005928
caro,12,6,caro,0.028061
caro,12,7,el,0.770773
caro,12,7,vaso,0.088416
caro,12,7,no,0.022466
caro,12,7,cabía,0.023429
caro,12,7,en,0.013745
caro,12,7,el,0.017649
caro,12,7,cajón,0.027157
caro,12,7,porque,0.008062
caro,12,7,era,0.003423
caro,12,7,demasiado,0.001826
caro,12,7,caro,0.023056
caro,12,8,el,0.999994
caro,12,8,vaso,0.000006
caro,12,8,no,0.000000
caro,12,8,cabía,0.000000
caro,12,8,en,0.000000
caro,12,8,el,0.000000
caro,12,8,cajón,0.000000
caro,12,8,porque,0.000000
caro,12,8,era,0.000000
caro,12,8,demasiado,0.000000
caro,12,8,caro,0.000000
caro,12,9,el,0.981752
caro,12,9,vaso,0.002910
caro,12,9,no,0.000720
caro,12,9,cabía,0.001670
caro,12,9,en,0.000626
caro,12,9,el,0.001605
caro,12,9,cajón,0.002328
caro,12,9,porque,0.003130
caro,12,9,era,0.002494
caro,12,9,demasiado,0.000869
caro,12,9,caro,0.001896
caro,12,10,el,0.999881
caro,12,10,vaso,0.000117
caro,12,10,no,0.000000
caro,12,10,cabía,0.000000
caro,12,10,en,0.000000
caro,12,10,el,0.000000
caro,12,10,cajón,0.000000
caro,12,10,porque,0.000000
caro,12,10,era,0.000000
caro,12,10,demasiado,0.000000
caro,12,10,caro,0.000000
caro,12,11,el,0.981131
caro,12,11,vaso,0.007874
caro,12,11,no,0.000826
caro,12,11,cabía,0.001525
caro,12,11,en,0.000492
caro,12,11,el,0.002503
caro,12,11,cajón,0.000731
caro,12,11,porque,0.000457
caro,12,11,era,0.002449
caro,12,11,demasiado,0.001235
caro,12,11,caro,0.000776
caro,12,12,el,0.999985
caro,12,12,vaso,0.000015
caro,12,12,no,0.000000
caro,12,12,cabía,0.000000
caro,12,12,en,0.000000
caro,12,12,el,0.000000
caro,12,12,cajón,0.000000
caro,12,12,porque,0.000000
caro,12,12,era,0.000000
caro,12,12,demasiado,0.000000
caro,12,12,caro,0.000000
caro,12,13,el,0.995564
caro,12,13,vaso,0.003314
caro,12,13,no,0.000033
caro,12,13,cabía,0.000158
caro,12,13,en,0.000037
caro,12,13,el,0.000203
caro,12,13,cajón,0.000084
caro,12,13,porque,0.000034
caro,12,13,era,0.000323
caro,12,13,demasiado,0.000161
caro,12,13,caro,0.000089
caro,12,14,el,0.999999
caro,12,14,vaso,0.000001
caro,12,14,no,0.000000
caro,12,14,cabía,0.000000
caro,12,14,en,0.000000
caro,12,14,el,0.000000
caro,12,14,cajón,0.000000
caro,12,14,porque,0.000000
caro,12,14,era,0.000000
caro,12,14,demasiado,0.000000
caro,12,14,caro,0.000000
caro,13,1,el,0.231258
caro,13,1,vaso,0.000001
caro,13,1,no,0.000002
caro,13,1,cabía,0.008476
caro,13,1,en,0.000115
caro,13,1,el,0.000000
caro,13,1,cajón,0.000195
caro,13,1,porque,0.027688
caro,13,1,era,0.002738
caro,13,1,demasiado,0.000022
caro,13,1,caro,0.729505
caro,13,2,el,0.313789
caro,13,2,vaso,0.070030
caro,13,2,no,0.021732
caro,13,2,cabía,0.056833
caro,13,2,en,0.022090
caro,13,2,el,0.018603
caro,13,2,cajón,0.047388
caro,13,2,porque,0.099231
caro,13,2,era,0.029488
caro,13,2,demasiado,0.051382
caro,13,2,caro,0.269433
caro,13,3,el,0.171093
caro,13,3,vaso,0.036257
caro,13,3,no,0.005866
caro,13,3,cabía,0.128130
caro,13,3,en,0.047810
caro,13,3,el,0.013300
caro,13,3,cajón,0.118722
caro,13,3,porque,0.049314
caro,13,3,era,0.034903
caro,13,3,demasiado,0.064774
caro,13,3,caro,0.329829
caro,13,4,el,0.920180
caro,13,4,vaso,0.009701
caro,13,4,no,0.001733
caro,13,4,cabía,0.006945
caro,13,4,en,0.002156
caro,13,4,el,0.001114
caro,13,4,cajón,0.008877
caro,13,4,porque,0.014923
caro,13,4,era,0.005984
caro,13,4,demasiado,0.007055
caro,13,4,caro,0.021332
caro,13,5,el,0.590895
caro,13,5,vaso,0.040834
caro,13,5,no,0.014742
caro,13,5,cabía,0.029391
caro,13,5,en,0.012796
caro,13,5,el,0.014030
caro,13,5,cajón,0.051150
caro,13,5,porque,0.031229
caro,13,5,era,0.032078
caro,13,5,demasiado,0.040235
caro,13,5,caro,0.142620
caro,13,6,el,0.468984
caro,13,6,vaso,0.108537
caro,13,6,no,0.026834
caro,13,6,cabía,0.055963
caro,13,6,en,0.012850
caro,13,6,el,0.007350
caro,13,6,cajón,0.059989
caro,13,6,porque,0.028031
caro,13,6,era,0.005259
caro,13,6,demasiado,0.004712
caro,13,6,caro,0.221490
caro,13,7,el,0.329120
caro,13,7,vaso,0.035051
caro,13,7,no,0.011926
caro,13,7,cabía,0.055564
caro,13,7,en,0.012708
caro,13,7,el,0.007081
caro,13,7,cajón,0.058980
caro,13,7,porque,0.116118
caro,13,7,era,0.027710
caro,13,7,demasiado,0.030694
caro,13,7,caro,0.315046
caro,13,8,el,0.335351
caro,13,8,vaso,0.119397
caro,13,8,no,0.022657
caro,13,8,cabía,0.080381
caro,13,8,en,0.042083
caro,13,8,el,0.024006
caro,13,8,cajón,0.112003
caro,13,8,porque,0.028509
caro,13,8,era,0.007064
caro,13,8,demasiado,0.017328
caro,13,8,caro,0.211221
caro,13,9,el,0.261709
caro,13,9,vaso,0.092777
caro,13,9,no,0.044159
caro,13,9,cabía,0.093082
caro,13,9,en,0.027724
caro,13,9,el,0.005039
caro,13,9,cajón,0.023730
caro,13,9,porque,0.078702
caro,13,9,era,0.006623
caro,13,9,demasiado,0.012929
caro,13,9,caro,0.353527
caro,13,10,el,0.153989
caro,13,10,vaso,0.498700
caro,13,10,no,0.155160
caro,13,10,cabía,0.075540
caro,13,10,en,0.008433
caro,13,10,el,0.005697
caro,13,10,cajón,0.032669
caro,13,10,porque,0.011710
caro,13,10,era,0.004206
caro,13,10,demasiado,0.001578
caro,13,10,caro,0.052318
caro,13,11,el,0.454531
caro,13,11,vaso,0.091158
caro,13,11,no,0.036949
caro,13,11,cabía,0.087259
caro,13,11,en,0.022982
caro,13,11,el,0.007784
caro,13,11,cajón,0.032441
caro,13,11,porque,0.078967
caro,13,11,era,0.008100
caro,13,11,demasiado,0.009086
caro,13,11,caro,0.170744
caro,13,12,el,0.262878
caro,13,12,vaso,0.234280
caro,13,12,no,0.065142
caro,13,12,cabía,0.073980
caro,13,12,en,0.028468
caro,13,12,el,0.016068
caro,13,12,cajón,0.147631
caro,13,12,porque,0.056507
caro,13,12,era,0.026715
caro,13,12,demasiado,0.012283
caro,13,12,caro,0.076047
caro,13,13,el,0.805925
caro,13,13,vaso,0.038958
caro,13,13,no,0.009820
caro,13,13,cabía,0.004448
caro,13,13,en,0.002368
caro,13,13,el,0.002261
caro,13,13,cajón,0.007432
caro,13,13,porque,0.009846
caro,13,13,era,0.000559
caro,13,13,demasiado,0.000560
caro,13,13,caro,0.117823
caro,13,14,el,0.487892
caro,13,14,vaso,0.085338
caro,13,14,no,0.028855
caro,13,14,cabía,0.040857
caro,13,14,en,0.017177
caro,13,14,el,0.017017
caro,13,14,cajón,0.065051
caro,13,14,porque,0.051012
caro,13,14,era,0.010508
caro,13,14,demasiado,0.012281
caro,13,14,caro,0.184014
caro,14,1,el,0.363558
caro,14,1,vaso,0.130225
caro,14,1,no,0.066684
caro,14,1,cabía,0.103123
caro,14,1,en,0.012702
caro,14,1,el,0.002750
caro,14,1,cajón,0.017599
caro,14,1,porque,0.045216
caro,14,1,era,0.013458
caro,14,1,demasiado,0.006885
caro,14,1,caro,0.237799
caro,14,2,el,0.759962
caro,14,2,vaso,0.003480
caro,14,2,no,0.004273
caro,14,2,cabía,0.005748
caro,14,2,en,0.002087
caro,14,2,el,0.000213
caro,14,2,cajón,0.002223
caro,14,2,porque,0.024519
caro,14,2,era,0.001887
caro,14,2,demasiado,0.002432
caro,14,2,caro,0.193176
caro,14,3,el,0.944664
caro,14,3,vaso,0.024894
caro,14,3,no,0.001228
caro,14,3,cabía,0.002231
caro,14,3,en,0.005300
caro,14,3,el,0.002742
caro,14,3,cajón,0.000254
caro,14,3,porque,0.000822
caro,14,3,era,0.000314
caro,14,3,demasiado,0.000091
caro,14,3,caro,0.017460
caro,14,4,el,0.191932
caro,14,4,vaso,0.007262
caro,14,4,no,0.000476
caro,14,4,cabía,0.008251
caro,14,4,en,0.012629
caro,14,4,el,0.003024
caro,14,4,cajón,0.002386
caro,14,4,porque,0.022891
caro,14,4,era,0.008707
caro,14,4,demasiado,0.001381
caro,14,4,caro,0.741061
caro,14,5,el,0.766110
caro,14,5,vaso,0.037759
caro,14,5,no,0.017242
caro,14,5,cabía,0.007695
caro,14,5,en,0.001190
caro,14,5,el,0.000151
caro,14,5,cajón,0.002725
caro,14,5,porque,0.008759
caro,14,5,era,0.000346
caro,14,5,demasiado,0.000236
caro,14,5,caro,0.157786
caro,14,6,el,0.877867
caro,14,6,vaso,0.058875
caro,14,6,no,0.012059
caro,14,6,cabía,0.004769
caro,14,6,en,0.001469
caro,14,6,el,0.000730
caro,14,6,cajón,0.003033
caro,14,6,porque,0.005633
caro,14,6,era,0.000246
caro,14,6,demasiado,0.000180
caro,14,6,caro,0.035138
caro,14,7,el,0.516558
caro,14,7,vaso,0.076153
caro,14,7,no,0.021274
caro,14,7,cabía,0.121913
caro,14,7,en,0.024985
caro,14,7,el,0.012627
caro,14,7,cajón,0.051011
caro,14,7,porque,0.031976
caro,14,7,era,0.012831
caro,14,7,demasiado,0.006616
caro,14,7,caro,0.124057
caro,14,8,el,0.747253
caro,14,8,vaso,0.056837
caro,14,8,no,0.026162
caro,14,8,cabía,0.020665
caro,14,8,en,0.006244
caro,14,8,el,0.004452
caro,14,8,cajón,0.008669
caro,14,8,porque,0.024082
caro,14,8,era,0.007146
caro,14,8,demasiado,0.002753
caro,14,8,caro,0.095738
caro,14,9,el,0.990703
caro,14,9,vaso,0.001852
caro,14,9,no,0.000228
caro,14,9,cabía,0.000942
caro,14,9,en,0.000145
caro,14,9,el,0.000072
caro,14,9,cajón,0.000299
caro,14,9,porque,0.000335
caro,14,9,era,0.001130
caro,14,9,demasiado,0.001474
caro,14,9,caro,0.002820
caro,14,10,el,0.786512
caro,14,10,vaso,0.091087
caro,14,10,no,0.008477
caro,14,10,cabía,0.008895
caro,14,10,en,0.002515
caro,14,10,el,0.001748
caro,14,10,cajón,0.002435
caro,14,10,porque,0.014337
caro,14,10,era,0.008503
caro,14,10,demasiado,0.001421
caro,14,10,caro,0.074069
caro,14,11,el,0.340565
caro,14,11,vaso,0.078748
caro,14,11,no,0.045808
caro,14,11,cabía,0.077867
caro,14,11,en,0.023495
caro,14,11,el,0.010234
caro,14,11,cajón,0.037219
caro,14,11,porque,0.108816
caro,14,11,era,0.020341
caro,14,11,demasiado,0.018157
caro,14,11,caro,0.238751
caro,14,12,el,0.264916
caro,14,12,vaso,0.180044
caro,14,12,no,0.079969
caro,14,12,cabía,0.105706
caro,14,12,en,0.022245
caro,14,12,el,0.017178
caro,14,12,cajón,0.037436
caro,14,12,porque,0.102801
caro,14,12,era,0.022326
caro,14,12,demasiado,0.008204
caro,14,12,caro,0.159175
caro,14,13,el,0.972566
caro,14,13,vaso,0.001446
caro,14,13,no,0.000141
caro,14,13,cabía,0.000289
caro,14,13,en,0.000108
caro,14,13,el,0.000063
caro,14,13,cajón,0.000088
caro,14,13,porque,0.001636
caro,14,13,era,0.000339
caro,14,13,demasiado,0.000080
caro,14,13,caro,0.023245
caro,14,14,el,0.430897
caro,14,14,vaso,0.076912
caro,14,14,no,0.030854
caro,14,14,cabía,0.099092
caro,14,14,en,0.025040
caro,14,14,el,0.013706
caro,14,14,cajón,0.028604
caro,14,14,porque,0.056744
caro,14,14,era,0.024566
caro,14,14,demasiado,0.020684
caro,14,14,caro,0.192901
caro,15,1,el,0.215248
caro,15,1,vaso,0.054786
caro,15,1,no,0.037675
caro,15,1,cabía,0.119251
caro,15,1,en,0.056297
caro,15,1,el,0.011054
caro,15,1,cajón,0.065373
caro,15,1,porque,0.126270
caro,15,1,era,0.027316
caro,15,1,demasiado,0.063251
caro,15,1,caro,0.223480
caro,15,2,el,0.170183
caro,15,2,vaso,0.000082
caro,15,2,no,0.000066
caro,15,2,cabía,0.012265
caro,15,2,en,0.006075
caro,15,2,el,0.000160
caro,15,2,cajón,0.002133
caro,15,2,porque,0.016963
caro,15,2,era,0.004069
caro,15,2,demasiado,0.000904
caro,15,2,caro,0.787101
caro,15,3,el,0.483883
caro,15,3,vaso,0.016842
caro,15,3,no,0.011141
caro,15,3,cabía,0.060613
caro,15,3,en,0.024539
caro,15,3,el,0.003261
caro,15,3,cajón,0.017077
caro,15,3,porque,0.101811
caro,15,3,era,0.008955
caro,15,3,demasiado,0.018126
caro,15,3,caro,0.253750
caro,15,4,el,0.563930
caro,15,4,vaso,0.131299
caro,15,4,no,0.039959
caro,15,4,cabía,0.037861
caro,15,4,en,0.016782
caro,15,4,el,0.006489
caro,15,4,cajón,0.048917
caro,15,4,porque,0.026262
caro,15,4,era,0.007323
caro,15,4,demasiado,0.026650
caro,15,4,caro,0.094527
caro,15,5,el,0.784802
caro,15,5,vaso,0.030215
caro,15,5,no,0.010575
caro,15,5,cabía,0.006029
caro,15,5,en,0.001741
caro,15,5,el,0.000454
caro,15,5,cajón,0.003717
caro,15,5,porque,0.006376
caro,15,5,era,0.000173
caro,15,5,demasiado,0.000094
caro,15,5,caro,0.155824
caro,15,6,el,0.637409
caro,15,6,vaso,0.047445
caro,15,6,no,0.013944
caro,15,6,cabía,0.050647
caro,15,6,en,0.035370
caro,15,6,el,0.013263
caro,15,6,cajón,0.031486
caro,15,6,porque,0.043862
caro,15,6,era,0.011755
caro,15,6,demasiado,0.019939
caro,15,6,caro,0.094879
caro,15,7,el,0.443848
caro,15,7,vaso,0.032675
caro,15,7,no,0.032904
caro,15,7,cabía,0.042337
caro,15,7,en,0.010540
caro,15,7,el,0.001783
caro,15,7,cajón,0.012261
caro,15,7,porque,0.104683
caro,15,7,era,0.003546
caro,15,7,demasiado,0.004359
caro,15,7,caro,0.311063
caro,15,8,el,0.534531
caro,15,8,vaso,0.039479
caro,15,8,no,0.013755
caro,15,8,cabía,0.059089
caro,15,8,en,0.016998
caro,15,8,el,0.003858
caro,15,8,cajón,0.025835
caro,15,8,porque,0.066256
caro,15,8,era,0.007539
caro,15,8,demasiado,0.023188
caro,15,8,caro,0.209472
caro,15,9,el,0.633510
caro,15,9,vaso,0.065449
caro,15,9,no,0.031190
caro,15,9,cabía,0.045405
caro,15,9,en,0.018708
caro,15,9,el,0.019766
caro,15,9,cajón,0.026595
caro,15,9,porque,0.054538
caro,15,9,era,0.014817
caro,15,9,demasiado,0.020215
caro,15,9,caro,0.069806
caro,15,10,el,0.863708
caro,15,10,vaso,0.027087
caro,15,10,no,0.014039
caro,15,10,cabía,0.017072
caro,15,10,en,0.004807
caro,15,10,el,0.005518
caro,15,10,cajón,0.010592
caro,15,10,porque,0.016025
caro,15,10,era,0.005231
caro,15,10,demasiado,0.014726
caro,15,10,caro,0.021194
caro,15,11,el,0.119194
caro,15,11,vaso,0.000060
caro,15,11,no,0.000035
caro,15,11,cabía,0.029064
caro,15,11,en,0.001859
caro,15,11,el,0.000005
caro,15,11,cajón,0.000349
caro,15,11,porque,0.021811
caro,15,11,era,0.001692
caro,15,11,demasiado,0.000058
caro,15,11,caro,0.825872
caro,15,12,el,0.885262
caro,15,12,vaso,0.019909
caro,15,12,no,0.011422
caro,15,12,cabía,0.005130
caro,15,12,en,0.001105
caro,15,12,el,0.000865
caro,15,12,cajón,0.003826
caro,15,12,porque,0.011467
caro,15,12,era,0.001285
caro,15,12,demasiado,0.002642
caro,15,12,caro,0.057087
caro,15,13,el,0.884278
caro,15,13,vaso,0.025409
caro,15,13,no,0.010059
caro,15,13,cabía,0.003261
caro,15,13,en,0.000742
caro,15,13,el,0.001211
caro,15,13,cajón,0.007056
caro,15,13,porque,0.005953
caro,15,13,era,0.002101
caro,15,13,demasiado,0.001888
caro,15,13,caro,0.058043
caro,15,14,el,0.634177
caro,15,14,vaso,0.067819
caro,15,14,no,0.024613
caro,15,14,cabía,0.029010
caro,15,14,en,0.013031
caro,15,14,el,0.010324
caro,15,14,cajón,0.040607
caro,15,14,porque,0.035554
caro,15,14,era,0.012438
caro,15,14,demasiado,0.019690
caro,15,14,caro,0.112737
caro,16,1,el,0.452459
caro,16,1,vaso,0.326494
caro,16,1,no,0.027243
caro,16,1,cabía,0.011987
caro,16,1,en,0.005186
caro,16,1,el,0.004562
caro,16,1,cajón,0.034041
caro,16,1,porque,0.012054
caro,16,1,era,0.003200
caro,16,1,demasiado,0.006170
caro,16,1,caro,0.116604
caro,16,2,el,0.280035
caro,16,2,vaso,0.020747
caro,16,2,no,0.003591
caro,16,2,cabía,0.005566
caro,16,2,en,0.004018
caro,16,2,el,0.002813
caro,16,2,cajón,0.005398
caro,16,2,porque,0.015670
caro,16,2,era,0.003130
caro,16,2,demasiado,0.000827
caro,16,2,caro,0.658205
caro,16,3,el,0.581139
caro,16,3,vaso,0.000017
caro,16,3,no,0.000528
caro,16,3,cabía,0.000147
caro,16,3,en,0.000000
caro,16,3,el,0.000000
caro,16,3,cajón,0.001535
caro,16,3,porque,0.000089
caro,16,3,era,0.000000
caro,16,3,demasiado,0.000007
caro,16,3,caro,0.416538
caro,16,4,el,0.662205
caro,16,4,vaso,0.006023
caro,16,4,no,0.001003
caro,16,4,cabía,0.001944
caro,16,4,en,0.001173
caro,16,4,el,0.000679
caro,16,4,cajón,0.004158
caro,16,4,porque,0.017200
caro,16,4,era,0.001643
caro,16,4,demasiado,0.001878
caro,16,4,caro,0.302094
caro,16,5,el,0.592831
caro,16,5,vaso,0.017720
caro,16,5,no,0.012821
caro,16,5,cabía,0.009082
caro,16,5,en,0.004751
caro,16,5,el,0.003748
caro,16,5,cajón,0.012571
caro,16,5,porque,0.107052
caro,16,5,era,0.038441
caro,16,5,demasiado,0.050285
caro,16,5,caro,0.150698
caro,16,6,el,0.755369
caro,16,6,vaso,0.028699
caro,16,6,no,0.017410
caro,16,6,cabía,0.013805
caro,16,6,en,0.002654
caro,16,6,el,0.000695
caro,16,6,cajón,0.009117
caro,16,6,porque,0.025226
caro,16,6,era,0.004259
caro,16,6,demasiado,0.005739
caro,16,6,caro,0.137028
caro,16,7,el,0.616162
caro,16,7,vaso,0.160109
caro,16,7,no,0.019395
caro,16,7,cabía,0.020598
caro,16,7,en,0.016741
caro,16,7,el,0.011894
caro,16,7,cajón,0.069664
caro,16,7,porque,0.011631
caro,16,7,era,0.007363
caro,16,7,demasiado,0.006061
caro,16,7,caro,0.060382
caro,16,8,el,0.705059
caro,16,8,vaso,0.090671
caro,16,8,no,0.012949
caro,16,8,cabía,0.015992
caro,16,8,en,0.010691
caro,16,8,el,0.018552
caro,16,8,cajón,0.025711
caro,16,8,porque,0.021591
caro,16,8,era,0.008768
caro,16,8,demasiado,0.009672
caro,16,8,caro,0.080344
caro,16,9,el,0.604021
caro,16,9,vaso,0.078529
caro,16,9,no,0.038345
caro,16,9,cabía,0.017615
caro,16,9,en,0.008241
caro,16,9,el,0.014841
caro,16,9,cajón,0.040388
caro,16,9,porque,0.027506
caro,16,9,era,0.012997
caro,16,9,demasiado,0.015172
caro,16,9,caro,0.142344
caro,16,10,el,0.604814
caro,16,10,vaso,0.099107
caro,16,10,no,0.020550
caro,16,10,cabía,0.028022
caro,16,10,en,0.012372
caro,16,10,el,0.012233
caro,16,10,cajón,0.035216
caro,16,10,porque,0.032003
caro,16,10,era,0.011497
caro,16,10,demasiado,0.020475
caro,16,10,caro,0.123711
caro,16,11,el,0.675022
caro,16,11,vaso,0.051101
caro,16,11,no,0.043989
caro,16,11,cabía,0.023188
caro,16,11,en,0.012206
caro,16,11,el,0.010450
caro,16,11,cajón,0.016708
caro,16,11,porque,0.036712
caro,16,11,era,0.009680
caro,16,11,demasiado,0.009988
caro,16,11,caro,0.110957
caro,16,12,el,0.713435
caro,16,12,vaso,0.079818
caro,16,12,no,0.014918
caro,16,12,cabía,0.009790
caro,16,12,en,0.005473
caro,16,12,el,0.015719
caro,16,12,cajón,0.009708
caro,16,12,porque,0.040107
caro,16,12,era,0.002844
caro,16,12,demasiado,0.003220
caro,16,12,caro,0.104967
caro,16,13,el,0.973215
caro,16,13,vaso,0.010045
caro,16,13,no,0.001343
caro,16,13,cabía,0.002392
caro,16,13,en,0.000704
caro,16,13,el,0.001779
caro,16,13,cajón,0.004702
caro,16,13,porque,0.001055
caro,16,13,era,0.000205
caro,16,13,demasiado,0.000352
caro,16,13,caro,0.004208
caro,16,14,el,0.702990
caro,16,14,vaso,0.079370
caro,16,14,no,0.030878
caro,16,14,cabía,0.024510
caro,16,14,en,0.007514
caro,16,14,el,0.024527
caro,16,14,cajón,0.053283
caro,16,14,porque,0.013138
caro,16,14,era,0.005794
caro,16,14,demasiado,0.004788
caro,16,14,caro,0.053208
caro,17,1,el,0.985738
caro,17,1,vaso,0.004085
caro,17,1,no,0.000849
caro,17,1,cabía,0.000781
caro,17,1,en,0.001380
caro,17,1,el,0.001591
caro,17,1,cajón,0.001525
caro,17,1,porque,0.001734
caro,17,1,era,0.000645
caro,17,1,demasiado,0.000610
caro,17,1,caro,0.001062
caro,17,2,el,0.999942
caro,17,2,vaso,0.000000
caro,17,2,no,0.000000
caro,17,2,cabía,0.000000
caro,17,2,en,0.000000
caro,17,2,el,0.000000
caro,17,2,cajón,0.000000
caro,17,2,porque,0.000027
caro,17,2,era,0.000001
caro,17,2,demasiado,0.000000
caro,17,2,caro,0.000029
caro,17,3,el,0.982111
caro,17,3,vaso,0.000340
caro,17,3,no,0.000501
caro,17,3,cabía,0.000105
caro,17,3,en,0.000116
caro,17,3,el,0.000048
caro,17,3,cajón,0.000025
caro,17,3,porque,0.006820
caro,17,3,era,0.001134
caro,17,3,demasiado,0.000019
caro,17,3,caro,0.008783
caro,17,4,el,0.986436
caro,17,4,vaso,0.000128
caro,17,4,no,0.000086
caro,17,4,cabía,0.000027
caro,17,4,en,0.000045
caro,17,4,el,0.000027
caro,17,4,cajón,0.000025
caro,17,4,porque,0.003877
caro,17,4,era,0.000266
caro,17,4,demasiado,0.000012
caro,17,4,caro,0.009070
caro,17,5,el,0.998319
caro,17,5,vaso,0.000013
caro,17,5,no,0.000040
caro,17,5,cabía,0.000001
caro,17,5,en,0.000000
caro,17,5,el,0.000000
caro,17,5,cajón,0.000000
caro,17,5,porque,0.000807
caro,17,5,era,0.000010
caro,17,5,demasiado,0.000000
caro,17,5,caro,0.000809
caro,17,6,el,0.968803
caro,17,6,vaso,0.004213
caro,17,6,no,0.004846
caro,17,6,cabía,0.000904
caro,17,6,en,0.000577
caro,17,6,el,0.000243
caro,17,6,cajón,0.000272
caro,17,6,porque,0.014683
caro,17,6,era,0.000316
caro,17,6,demasiado,0.000153
caro,17,6,caro,0.004990
caro,17,7,el,0.980401
caro,17,7,vaso,0.003484
caro,17,7,no,0.000677
caro,17,7,cabía,0.001842
caro,17,7,en,0.000331
caro,17,7,el,0.000224
caro,17,7,cajón,0.000395
caro,17,7,porque,0.004212
caro,17,7,era,0.002746
caro,17,7,demasiado,0.000628
caro,17,7,caro,0.005061
caro,17,8,el,0.970085
caro,17,8,vaso,0.002646
caro,17,8,no,0.001535
caro,17,8,cabía,0.001473
caro,17,8,en,0.003233
caro,17,8,el,0.001385
caro,17,8,cajón,0.000743
caro,17,8,porque,0.007667
caro,17,8,era,0.001079
caro,17,8,demasiado,0.001415
caro,17,8,caro,0.008738
caro,17,9,el,0.972482
caro,17,9,vaso,0.006353
caro,17,9,no,0.002682
caro,17,9,cabía,0.001694
caro,17,9,en,0.000594
caro,17,9,el,0.001060
caro,17,9,cajón,0.000756
caro,17,9,porque,0.001814
caro,17,9,era,0.000783
caro,17,9,demasiado,0.000421
caro,17,9,caro,0.011362
caro,17,10,el,0.996888
caro,17,10,vaso,0.000007
caro,17,10,no,0.000010
caro,17,10,cabía,0.000009
caro,17,10,en,0.000016
caro,17,10,el,0.000010
caro,17,10,cajón,0.000004
caro,17,10,porque,0.000720
caro,17,10,era,0.000037
caro,17,10,demasiado,0.000016
caro,17,10,caro,0.002284
caro,17,11,el,0.864203
caro,17,11,vaso,0.002800
caro,17,11,no,0.001390
caro,17,11,cabía,0.001892
caro,17,11,en,0.000597
caro,17,11,el,0.000752
caro,17,11,cajón,0.000498
caro,17,11,porque,0.005180
caro,17,11,era,0.001861
caro,17,11,demasiado,0.000926
caro,17,11,caro,0.119900
caro,17,12,el,0.789933
caro,17,12,vaso,0.022394
caro,17,12,no,0.020025
caro,17,12,cabía,0.002593
caro,17,12,en,0.004035
caro,17,12,el,0.005832
caro,17,12,cajón,0.002865
caro,17,12,porque,0.054685
caro,17,12,era,0.008806
caro,17,12,demasiado,0.005435
caro,17,12,caro,0.083398
caro,17,13,el,0.963181
caro,17,13,vaso,0.000436
caro,17,13,no,0.000706
caro,17,13,cabía,0.000183
caro,17,13,en,0.000134
caro,17,13,el,0.000056
caro,17,13,cajón,0.000052
caro,17,13,porque,0.016895
caro,17,13,era,0.001175
caro,17,13,demasiado,0.000181
caro,17,13,caro,0.017000
caro,17,14,el,0.803383
caro,17,14,vaso,0.008343
caro,17,14,no,0.007087
caro,17,14,cabía,0.003216
caro,17,14,en,0.003656
caro,17,14,el,0.005851
caro,17,14,cajón,0.003764
caro,17,14,porque,0.032634
caro,17,14,era,0.013430
caro,17,14,demasiado,0.003286
caro,17,14,caro,0.115351
caro,18,1,el,0.278591
caro,18,1,vaso,0.170098
caro,18,1,no,0.035838
caro,18,1,cabía,0.055214
caro,18,1,en,0.038659
caro,18,1,el,0.069686
caro,18,1,cajón,0.038635
caro,18,1,porque,0.039585
caro,18,1,era,0.042155
caro,18,1,demasiado,0.005911
caro,18,1,caro,0.225628
caro,18,2,el,0.785682
caro,18,2,vaso,0.025462
caro,18,2,no,0.018222
caro,18,2,cabía,0.006402
caro,18,2,en,0.004226
caro,18,2,el,0.003964
caro,18,2,cajón,0.013354
caro,18,2,porque,0.011549
caro,18,2,era,0.001245
caro,18,2,demasiado,0.000878
caro,18,2,caro,0.129014
caro,18,3,el,0.015427
caro,18,3,vaso,0.163858
caro,18,3,no,0.038639
caro,18,3,cabía,0.061479
caro,18,3,en,0.084939
caro,18,3,el,0.267880
caro,18,3,cajón,0.057893
caro,18,3,porque,0.058942
caro,18,3,era,0.181222
caro,18,3,demasiado,0.014568
caro,18,3,caro,0.055153
caro,18,4,el,0.750690
caro,18,4,vaso,0.008386
caro,18,4,no,0.011934
caro,18,4,cabía,0.007794
caro,18,4,en,0.004118
caro,18,4,el,0.002309
caro,18,4,cajón,0.008210
caro,18,4,porque,0.017717
caro,18,4,era,0.007511
caro,18,4,demasiado,0.003719
caro,18,4,caro,0.177610
caro,18,5,el,0.892133
caro,18,5,vaso,0.013869
caro,18,5,no,0.004724
caro,18,5,cabía,0.002210
caro,18,5,en,0.003656
caro,18,5,el,0.007536
caro,18,5,cajón,0.006106
caro,18,5,porque,0.006346
caro,18,5,era,0.001921
caro,18,5,demasiado,0.000727
caro,18,5,caro,0.060773
caro,18,6,el,0.930094
caro,18,6,vaso,0.008649
caro,18,6,no,0.003320
caro,18,6,cabía,0.003302
caro,18,6,en,0.007971
caro,18,6,el,0.014169
caro,18,6,cajón,0.005268
caro,18,6,porque,0.009032
caro,18,6,era,0.003987
caro,18,6,demasiado,0.001741
caro,18,6,caro,0.012467
caro,18,7,el,0.994201
caro,18,7,vaso,0.000823
caro,18,7,no,0.000320
caro,18,7,cabía,0.000145
caro,18,7,en,0.000046
caro,18,7,el,0.000062
caro,18,7,cajón,0.000214
caro,18,7,porque,0.000086
caro,18,7,era,0.000029
caro,18,7,demasiado,0.000024
caro,18,7,caro,0.004049
caro,18,8,el,0.966238
caro,18,8,vaso,0.008693
caro,18,8,no,0.003028
caro,18,8,cabía,0.004889
caro,18,8,en,0.001305
caro,18,8,el,0.000902
caro,18,8,cajón,0.001467
caro,18,8,porque,0.002434
caro,18,8,era,0.001430
caro,18,8,demasiado,0.000358
caro,18,8,caro,0.009254
caro,18,9,el,0.936934
caro,18,9,vaso,0.012785
caro,18,9,no,0.007728
caro,18,9,cabía,0.003958
caro,18,9,en,0.000988
caro,18,9,el,0.000686
caro,18,9,cajón,0.006599
caro,18,9,porque,0.007559
caro,18,9,era,0.000769
caro,18,9,demasiado,0.001006
caro,18,9,caro,0.020988
caro,18,10,el,0.867144
caro,18,10,vaso,0.003248
caro,18,10,no,0.005068
caro,18,10,cabía,0.000710
caro,18,10,en,0.000598
caro,18,10,el,0.001300
caro,18,10,cajón,0.000744
caro,18,10,porque,0.008059
caro,18,10,era,0.001465
caro,18,10,demasiado,0.003585
caro,18,10,caro,0.108079
caro,18,11,el,0.932507
caro,18,11,vaso,0.000746
caro,18,11,no,0.000241
caro,18,11,cabía,0.000375
caro,18,11,en,0.000088
caro,18,11,el,0.000151
caro,18,11,cajón,0.000186
caro,18,11,porque,0.002299
caro,18,11,era,0.000426
caro,18,11,demasiado,0.000157
caro,18,11,caro,0.062825
caro,18,12,el,0.841402
caro,18,12,vaso,0.010762
caro,18,12,no,0.017638
caro,18,12,cabía,0.010098
caro,18,12,en,0.003648
caro,18,12,el,0.003332
caro,18,12,cajón,0.003017
caro,18,12,porque,0.018213
caro,18,12,era,0.004897
caro,18,12,demasiado,0.003812
caro,18,12,caro,0.083180
caro,18,13,el,0.924470
caro,18,13,vaso,0.007031
caro,18,13,no,0.003065
caro,18,13,cabía,0.001476
caro,18,13,en,0.011136
caro,18,13,el,0.005896
caro,18,13,cajón,0.003468
caro,18,13,porque,0.009978
caro,18,13,era,0.001885
caro,18,13,demasiado,0.003387
caro,18,13,caro,0.028208
caro,18,14,el,0.887828
caro,18,14,vaso,0.000990
caro,18,14,no,0.000545
caro,18,14,cabía,0.001136
caro,18,14,en,0.000313
caro,18,14,el,0.000205
caro,18,14,cajón,0.000290
caro,18,14,porque,0.003926
caro,18,14,era,0.001087
caro,18,14,demasiado,0.001068
caro,18,14,caro,0.102611
caro,19,1,el,0.877307
caro,19,1,vaso,0.017776
caro,19,1,no,0.025944
caro,19,1,cabía,0.004717
caro,19,1,en,0.003948
caro,19,1,el,0.002563
caro,19,1,cajón,0.003153
caro,19,1,porque,0.010734
caro,19,1,era,0.002366
caro,19,1,demasiado,0.017384
caro,19,1,caro,0.034108
caro,19,2,el,0.941775
caro,19,2,vaso,0.027143
caro,19,2,no,0.006716
caro,19,2,cabía,0.003871
caro,19,2,en,0.002204
caro,19,2,el,0.001625
caro,19,2,cajón,0.005167
caro,19,2,porque,0.002326
caro,19,2,era,0.000870
caro,19,2,demasiado,0.000460
caro,19,2,caro,0.007844
caro,19,3,el,0.715192
caro,19,3,vaso,0.002721
caro,19,3,no,0.000867
caro,19,3,cabía,0.000779
caro,19,3,en,0.000299
caro,19,3,el,0.000230
caro,19,3,cajón,0.000505
caro,19,3,porque,0.005763
caro,19,3,era,0.000451
caro,19,3,demasiado,0.000224
caro,19,3,caro,0.272970
caro,19,4,el,0.909848
caro,19,4,vaso,0.000077
caro,19,4,no,0.000119
caro,19,4,cabía,0.000211
caro,19,4,en,0.000019
caro,19,4,el,0.000004
caro,19,4,cajón,0.000270
caro,19,4,porque,0.001039
caro,19,4,era,0.000069
caro,19,4,demasiado,0.000084
caro,19,4,caro,0.088261
caro,19,5,el,0.855846
caro,19,5,vaso,0.022903
caro,19,5,no,0.007401
caro,19,5,cabía,0.008632
caro,19,5,en,0.005260
caro,19,5,el,0.005794
caro,19,5,cajón,0.006629
caro,19,5,porque,0.012491
caro,19,5,era,0.004781
caro,19,5,demasiado,0.003399
caro,19,5,caro,0.066865
caro,19,6,el,0.891945
caro,19,6,vaso,0.015140
caro,19,6,no,0.016533
caro,19,6,cabía,0.007579
caro,19,6,en,0.006634
caro,19,6,el,0.002458
caro,19,6,cajón,0.003760
caro,19,6,porque,0.007888
caro,19,6,era,0.002651
caro,19,6,demasiado,0.004496
caro,19,6,caro,0.040916
caro,19,7,el,0.852994
caro,19,7,vaso,0.026900
caro,19,7,no,0.007885
caro,19,7,cabía,0.003970
caro,19,7,en,0.002913
caro,19,7,el,0.003931
caro,19,7,cajón,0.008078
caro,19,7,porque,0.012382
caro,19,7,era,0.003487
caro,19,7,demasiado,0.001783
caro,19,7,caro,0.075675
caro,19,8,el,0.952945
caro,19,8,vaso,0.000479
caro,19,8,no,0.000175
caro,19,8,cabía,0.000499
caro,19,8,en,0.000347
caro,19,8,el,0.000091
caro,19,8,cajón,0.000811
caro,19,8,porque,0.003803
caro,19,8,era,0.000740
caro,19,8,demasiado,0.001710
caro,19,8,caro,0.038402
caro,19,9,el,0.638191
caro,19,9,vaso,0.001485
caro,19,9,no,0.000082
caro,19,9,cabía,0.000068
caro,19,9,en,0.000013
caro,19,9,el,0.000011
caro,19,9,cajón,0.000498
caro,19,9,porque,0.002429
caro,19,9,era,0.000086
caro,19,9,demasiado,0.000066
caro,19,9,caro,0.357071
caro,19,10,el,0.562290
caro,19,10,vaso,0.019012
caro,19,10,no,0.008699
caro,19,10,cabía,0.005378
caro,19,10,en,0.001888
caro,19,10,el,0.000589
caro,19,10,cajón,0.005446
caro,19,10,porque,0.053430
caro,19,10,era,0.010713
caro,19,10,demasiado,0.008240
caro,19,10,caro,0.324316
caro,19,11,el,0.829684
caro,19,11,vaso,0.006669
caro,19,11,no,0.000931
caro,19,11,cabía,0.001702
caro,19,11,en,0.000159
caro,19,11,el,0.000045
caro,19,11,cajón,0.002205
caro,19,11,porque,0.004416
caro,19,11,era,0.000554
caro,19,11,demasiado,0.000359
caro,19,11,caro,0.153275
caro,19,12,el,0.869363
caro,19,12,vaso,0.005263
caro,19,12,no,0.002473
caro,19,12,cabía,0.003828
caro,19,12,en,0.000284
caro,19,12,el,0.000080
caro,19,12,cajón,0.001645
caro,19,12,porque,0.008709
caro,19,12,era,0.002475
caro,19,12,demasiado,0.002265
caro,19,12,caro,0.103617
caro,19,13,el,0.724522
caro,19,13,vaso,0.003360
caro,19,13,no,0.000406
caro,19,13,cabía,0.000601
caro,19,13,en,0.000129
caro,19,13,el,0.000018
caro,19,13,cajón,0.001851
caro,19,13,porque,0.003766
caro,19,13,era,0.000352
caro,19,13,demasiado,0.000418
caro,19,13,caro,0.264578
caro,19,14,el,0.923998
caro,19,14,vaso,0.005790
caro,19,14,no,0.005112
caro,19,14,cabía,0.001894
caro,19,14,en,0.001066
caro,19,14,el,0.001033
caro,19,14,cajón,0.007181
caro,19,14,porque,0.014466
caro,19,14,era,0.000756
caro,19,14,demasiado,0.001549
caro,19,14,caro,0.037155
caro,20,1,el,0.853256
caro,20,1,vaso,0.014870
caro,20,1,no,0.003517
caro,20,1,cabía,0.001139
caro,20,1,en,0.000564
caro,20,1,el,0.000292
caro,20,1,cajón,0.001373
caro,20,1,porque,0.011031
caro,20,1,era,0.001405
caro,20,1,demasiado,0.000827
caro,20,1,caro,0.111726
caro,20,2,el,0.609232
caro,20,2,vaso,0.000720
caro,20,2,no,0.000014
caro,20,2,cabía,0.000122
caro,20,2,en,0.000059
caro,20,2,el,0.000017
caro,20,2,cajón,0.000364
caro,20,2,porque,0.002252
caro,20,2,era,0.000069
caro,20,2,demasiado,0.000063
caro,20,2,caro,0.387086
caro,20,3,el,0.837045
caro,20,3,vaso,0.061630
caro,20,3,no,0.011786
caro,20,3,cabía,0.002683
caro,20,3,en,0.003794
caro,20,3,el,0.006110
caro,20,3,cajón,0.013720
caro,20,3,porque,0.005091
caro,20,3,era,0.002947
caro,20,3,demasiado,0.001232
caro,20,3,caro,0.053963
caro,20,4,el,0.928081
caro,20,4,vaso,0.000015
caro,20,4,no,0.000023
caro,20,4,cabía,0.000015
caro,20,4,en,0.000000
caro,20,4,el,0.000000
caro,20,4,cajón,0.000235
caro,20,4,porque,0.000376
caro,20,4,era,0.000032
caro,20,4,demasiado,0.000015
caro,20,4,caro,0.071207
caro,20,5,el,0.767697
caro,20,5,vaso,0.017078
caro,20,5,no,0.003460
caro,20,5,cabía,0.002861
caro,20,5,en,0.001786
caro,20,5,el,0.001379
caro,20,5,cajón,0.000861
caro,20,5,porque,0.008274
caro,20,5,era,0.001076
caro,20,5,demasiado,0.000615
caro,20,5,caro,0.194911
caro,20,6,el,0.699246
caro,20,6,vaso,0.029374
caro,20,6,no,0.006437
caro,20,6,cabía,0.009845
caro,20,6,en,0.002826
caro,20,6,el,0.002670
caro,20,6,cajón,0.013973
caro,20,6,porque,0.028236
caro,20,6,era,0.004448
caro,20,6,demasiado,0.002346
caro,20,6,caro,0.200599
caro,20,7,el,0.756261
caro,20,7,vaso,0.022194
caro,20,7,no,0.016836
caro,20,7,cabía,0.006234
caro,20,7,en,0.013219
caro,20,7,el,0.004632
caro,20,7,cajón,0.006708
caro,20,7,porque,0.029544
caro,20,7,era,0.009822
caro,20,7,demasiado,0.005362
caro,20,7,caro,0.129188
caro,20,8,el,0.722666
caro,20,8,vaso,0.033801
caro,20,8,no,0.010620
caro,20,8,cabía,0.032410
caro,20,8,en,0.005324
caro,20,8,el,0.001156
caro,20,8,cajón,0.040635
caro,20,8,porque,0.015564
caro,20,8,era,0.002509
caro,20,8,demasiado,0.007947
caro,20,8,caro,0.127368
caro,20,9,el,0.316684
caro,20,9,vaso,0.000155
caro,20,9,no,0.000039
caro,20,9,cabía,0.000578
caro,20,9,en,0.004180
caro,20,9,el,0.001088
caro,20,9,cajón,0.000711
caro,20,9,porque,0.007921
caro,20,9,era,0.001403
caro,20,9,demasiado,0.000193
caro,20,9,caro,0.667048
caro,20,10,el,0.435656
caro,20,10,vaso,0.007297
caro,20,10,no,0.003215
caro,20,10,cabía,0.004853
caro,20,10,en,0.000751
caro,20,10,el,0.000189
caro,20,10,cajón,0.004890
caro,20,10,porque,0.018375
caro,20,10,era,0.001327
caro,20,10,demasiado,0.001846
caro,20,10,caro,0.521601
caro,20,11,el,0.629612
caro,20,11,vaso,0.007414
caro,20,11,no,0.000555
caro,20,11,cabía,0.001716
caro,20,11,en,0.000502
caro,20,11,el,0.000129
caro,20,11,cajón,0.003137
caro,20,11,porque,0.010872
caro,20,11,era,0.000897
caro,20,11,demasiado,0.000275
caro,20,11,caro,0.344892
caro,20,12,el,0.681796
caro,20,12,vaso,0.000496
caro,20,12,no,0.000490
caro,20,12,cabía,0.000756
caro,20,12,en,0.000139
caro,20,12,el,0.000015
caro,20,12,cajón,0.001876
caro,20,12,porque,0.009581
caro,20,12,era,0.002551
caro,20,12,demasiado,0.001613
caro,20,12,caro,0.300686
caro,20,13,el,0.659547
caro,20,13,vaso,0.012202
caro,20,13,no,0.002288
caro,20,13,cabía,0.004127
caro,20,13,en,0.000729
caro,20,13,el,0.000323
caro,20,13,cajón,0.004093
caro,20,13,porque,0.008525
caro,20,13,era,0.000412
caro,20,13,demasiado,0.000638
caro,20,13,caro,0.307116
caro,20,14,el,0.660559
caro,20,14,vaso,0.012858
caro,20,14,no,0.010295
caro,20,14,cabía,0.014277
caro,20,14,en,0.004768
caro,20,14,el,0.001830
caro,20,14,cajón,0.015069
caro,20,14,porque,0.021103
caro,20,14,era,0.004772
caro,20,14,demasiado,0.007627
caro,20,14,caro,0.246842
caro,21,1,el,0.818346
caro,21,1,vaso,0.008469
caro,21,1,no,0.002865
caro,21,1,cabía,0.000952
caro,21,1,en,0.000779
caro,21,1,el,0.000990
caro,21,1,cajón,0.003506
caro,21,1,porque,0.011304
caro,21,1,era,0.001441
caro,21,1,demasiado,0.000240
caro,21,1,caro,0.151107
caro,21,2,el,0.891733
caro,21,2,vaso,0.007744
caro,21,2,no,0.002807
caro,21,2,cabía,0.001795
caro,21,2,en,0.002200
caro,21,2,el,0.002455
caro,21,2,cajón,0.005954
caro,21,2,porque,0.007649
caro,21,2,era,0.001164
caro,21,2,demasiado,0.000511
caro,21,2,caro,0.075989
caro,21,3,el,0.761403
caro,21,3,vaso,0.014318
caro,21,3,no,0.004110
caro,21,3,cabía,0.010932
caro,21,3,en,0.007200
caro,21,3,el,0.002847
caro,21,3,cajón,0.008006
caro,21,3,porque,0.036728
caro,21,3,era,0.007616
caro,21,3,demasiado,0.005592
caro,21,3,caro,0.141247
caro,21,4,el,0.740048
caro,21,4,vaso,0.002394
caro,21,4,no,0.002856
caro,21,4,cabía,0.000242
caro,21,4,en,0.000373
caro,21,4,el,0.001130
caro,21,4,cajón,0.001468
caro,21,4,porque,0.012698
caro,21,4,era,0.001091
caro,21,4,demasiado,0.000528
caro,21,4,caro,0.237172
caro,21,5,el,0.547810
caro,21,5,vaso,0.006378
caro,21,5,no,0.004395
caro,21,5,cabía,0.000818
caro,21,5,en,0.001168
caro,21,5,el,0.003569
caro,21,5,cajón,0.003965
caro,21,5,porque,0.029969
caro,21,5,era,0.006662
caro,21,5,demasiado,0.000494
caro,21,5,caro,0.394773
caro,21,6,el,0.965734
caro,21,6,vaso,0.004956
caro,21,6,no,0.001620
caro,21,6,cabía,0.000718
caro,21,6,en,0.000251
caro,21,6,el,0.000654
caro,21,6,cajón,0.001702
caro,21,6,porque,0.004671
caro,21,6,era,0.000950
caro,21,6,demasiado,0.000877
caro,21,6,caro,0.017867
caro,21,7,el,0.875254
caro,21,7,vaso,0.027146
caro,21,7,no,0.004356
caro,21,7,cabía,0.006438
caro,21,7,en,0.006225
caro,21,7,el,0.009052
caro,21,7,cajón,0.014441
caro,21,7,porque,0.015183
caro,21,7,era,0.003970
caro,21,7,demasiado,0.002156
caro,21,7,caro,0.035779
caro,21,8,el,0.811546
caro,21,8,vaso,0.012606
caro,21,8,no,0.008595
caro,21,8,cabía,0.013498
caro,21,8,en,0.007996
caro,21,8,el,0.016258
caro,21,8,cajón,0.004828
caro,21,8,porque,0.028222
caro,21,8,era,0.016707
caro,21,8,demasiado,0.007144
caro,21,8,caro,0.072600
caro,21,9,el,0.849286
caro,21,9,vaso,0.000409
caro,21,9,no,0.002957
caro,21,9,cabía,0.002512
caro,21,9,en,0.004242
caro,21,9,el,0.010320
caro,21,9,cajón,0.000213
caro,21,9,porque,0.022902
caro,21,9,era,0.011500
caro,21,9,demasiado,0.001863
caro,21,9,caro,0.093797
caro,21,10,el,0.852172
caro,21,10,vaso,0.007763
caro,21,10,no,0.011242
caro,21,10,cabía,0.005744
caro,21,10,en,0.005664
caro,21,10,el,0.011142
caro,21,10,cajón,0.001303
caro,21,10,porque,0.030528
caro,21,10,era,0.011782
caro,21,10,demasiado,0.001293
caro,21,10,caro,0.061368
caro,21,11,el,0.807234
caro,21,11,vaso,0.002845
caro,21,11,no,0.005452
caro,21,11,cabía,0.003101
caro,21,11,en,0.005872
caro,21,11,el,0.024855
caro,21,11,cajón,0.000691
caro,21,11,porque,0.033914
caro,21,11,era,0.009849
caro,21,11,demasiado,0.001480
caro,21,11,caro,0.104707
caro,21,12,el,0.972158
caro,21,12,vaso,0.000684
caro,21,12,no,0.001201
caro,21,12,cabía,0.001073
caro,21,12,en,0.000700
caro,21,12,el,0.001218
caro,21,12,cajón,0.000215
caro,21,12,porque,0.006560
caro,21,12,era,0.001610
caro,21,12,demasiado,0.000179
caro,21,12,caro,0.014403
caro,21,13,el,0.829909
caro,21,13,vaso,0.005031
caro,21,13,no,0.004226
caro,21,13,cabía,0.004341
caro,21,13,en,0.008528
caro,21,13,el,0.016032
caro,21,13,cajón,0.000846
caro,21,13,porque,0.032811
caro,21,13,era,0.013456
caro,21,13,demasiado,0.002658
caro,21,13,caro,0.082161
caro,21,14,el,0.075490
caro,21,14,vaso,0.011942
caro,21,14,no,0.006154
caro,21,14,cabía,0.012830
caro,21,14,en,0.005914
caro,21,14,el,0.011230
caro,21,14,cajón,0.007630
caro,21,14,porque,0.079468
caro,21,14,era,0.012691
caro,21,14,demasiado,0.002070
caro,21,14,caro,0.774583
caro,22,1,el,0.563014
caro,22,1,vaso,0.006191
caro,22,1,no,0.005221
caro,22,1,cabía,0.007133
caro,22,1,en,0.014621
caro,22,1,el,0.040580
caro,22,1,cajón,0.004047
caro,22,1,porque,0.034572
caro,22,1,era,0.025693
caro,22,1,demasiado,0.006928
caro,22,1,caro,0.291999
caro,22,2,el,0.759518
caro,22,2,vaso,0.016397
caro,22,2,no,0.002262
caro,22,2,cabía,0.019819
caro,22,2,en,0.016395
caro,22,2,el,0.031830
caro,22,2,cajón,0.013652
caro,22,2,porque,0.014595
caro,22,2,era,0.022741
caro,22,2,demasiado,0.007581
caro,22,2,caro,0.095209
caro,22,3,el,0.659297
caro,22,3,vaso,0.005452
caro,22,3,no,0.003465
caro,22,3,cabía,0.012270
caro,22,3,en,0.017273
caro,22,3,el,0.032859
caro,22,3,cajón,0.009057
caro,22,3,porque,0.035530
caro,22,3,era,0.033050
caro,22,3,demasiado,0.024013
caro,22,3,caro,0.167732
caro,22,4,el,0.616613
caro,22,4,vaso,0.010739
caro,22,4,no,0.002090
caro,22,4,cabía,0.013291
caro,22,4,en,0.014441
caro,22,4,el,0.033463
caro,22,4,cajón,0.013714
caro,22,4,porque,0.028726
caro,22,4,era,0.035160
caro,22,4,demasiado,0.006080
caro,22,4,caro,0.225684
caro,22,5,el,0.710913
caro,22,5,vaso,0.006436
caro,22,5,no,0.002496
caro,22,5,cabía,0.004410
caro,22,5,en,0.008119
caro,22,5,el,0.017182
caro,22,5,cajón,0.003874
caro,22,5,porque,0.040165
caro,22,5,era,0.040510
caro,22,5,demasiado,0.007902
caro,22,5,caro,0.157994
caro,22,6,el,0.744656
caro,22,6,vaso,0.009346
caro,22,6,no,0.003145
caro,22,6,cabía,0.004908
caro,22,6,en,0.007711
caro,22,6,el,0.016505
caro,22,6,cajón,0.004499
caro,22,6,porque,0.038833
caro,22,6,era,0.057312
caro,22,6,demasiado,0.003010
caro,22,6,caro,0.110077
caro,22,7,el,0.794708
caro,22,7,vaso,0.008555
caro,22,7,no,0.004620
caro,22,7,cabía,0.005247
caro,22,7,en,0.006916
caro,22,7,el,0.028103
caro,22,7,cajón,0.004508
caro,22,7,porque,0.027260
caro,22,7,era,0.028132
caro,22,7,demasiado,0.003385
caro,22,7,caro,0.088566
caro,22,8,el,0.755248
caro,22,8,vaso,0.000757
caro,22,8,no,0.001435
caro,22,8,cabía,0.000157
caro,22,8,en,0.000145
caro,22,8,el,0.001101
caro,22,8,cajón,0.001298
caro,22,8,porque,0.026728
caro,22,8,era,0.004143
caro,22,8,demasiado,0.000853
caro,22,8,caro,0.208135
caro,22,9,el,0.719085
caro,22,9,vaso,0.015359
caro,22,9,no,0.002048
caro,22,9,cabía,0.017495
caro,22,9,en,0.037131
caro,22,9,el,0.035149
caro,22,9,cajón,0.017191
caro,22,9,porque,0.022993
caro,22,9,era,0.038712
caro,22,9,demasiado,0.007114
caro,22,9,caro,0.087723
caro,22,10,el,0.021897
caro,22,10,vaso,0.000000
caro,22,10,no,0.000000
caro,22,10,cabía,0.000069
caro,22,10,en,0.000016
caro,22,10,el,0.000006
caro,22,10,cajón,0.000027
caro,22,10,porque,0.001320
caro,22,10,era,0.000295
caro,22,10,demasiado,0.000003
caro,22,10,caro,0.976365
caro,22,11,el,0.786566
caro,22,11,vaso,0.002539
caro,22,11,no,0.009298
caro,22,11,cabía,0.004287
caro,22,11,en,0.009298
caro,22,11,el,0.025036
caro,22,11,cajón,0.002817
caro,22,11,porque,0.035538
caro,22,11,era,0.034195
caro,22,11,demasiado,0.028756
caro,22,11,caro,0.061671
caro,22,12,el,0.820024
caro,22,12,vaso,0.006775
caro,22,12,no,0.001294
caro,22,12,cabía,0.008612
caro,22,12,en,0.008237
caro,22,12,el,0.026432
caro,22,12,cajón,0.005171
caro,22,12,porque,0.015486
caro,22,12,era,0.021199
caro,22,12,demasiado,0.007422
caro,22,12,caro,0.079348
caro,22,13,el,0.754418
caro,22,13,vaso,0.002313
caro,22,13,no,0.006069
caro,22,13,cabía,0.003044
caro,22,13,en,0.009071
caro,22,13,el,0.026445
caro,22,13,cajón,0.001300
caro,22,13,porque,0.050443
caro,22,13,era,0.018419
caro,22,13,demasiado,0.004086
caro,22,13,caro,0.124393
caro,22,14,el,0.744808
caro,22,14,vaso,0.003671
caro,22,14,no,0.002427
caro,22,14,cabía,0.019596
caro,22,14,en,0.038503
caro,22,14,el,0.039052
caro,22,14,cajón,0.006289
caro,22,14,porque,0.029213
caro,22,14,era,0.029844
caro,22,14,demasiado,0.004721
caro,22,14,caro,0.081876
caro,23,1,el,0.135302
caro,23,1,vaso,0.014116
caro,23,1,no,0.012799
caro,23,1,cabía,0.021690
caro,23,1,en,0.050466
caro,23,1,el,0.098553
caro,23,1,cajón,0.012031
caro,23,1,porque,0.071480
caro,23,1,era,0.061388
caro,23,1,demasiado,0.016248
caro,23,1,caro,0.505927
caro,23,2,el,0.187319
caro,23,2,vaso,0.003777
caro,23,2,no,0.009676
caro,23,2,cabía,0.011749
caro,23,2,en,0.059523
caro,23,2,el,0.074594
caro,23,2,cajón,0.004123
caro,23,2,porque,0.091159
caro,23,2,era,0.086624
caro,23,2,demasiado,0.022590
caro,23,2,caro,0.448867
caro,23,3,el,0.070601
caro,23,3,vaso,0.020654
caro,23,3,no,0.008006
caro,23,3,cabía,0.027307
caro,23,3,en,0.043925
caro,23,3,el,0.056633
caro,23,3,cajón,0.013411
caro,23,3,porque,0.097666
caro,23,3,era,0.097383
caro,23,3,demasiado,0.015492
caro,23,3,caro,0.548923
caro,23,4,el,0.128379
caro,23,4,vaso,0.011223
caro,23,4,no,0.020479
caro,23,4,cabía,0.015366
caro,23,4,en,0.050249
caro,23,4,el,0.063054
caro,23,4,cajón,0.006586
caro,23,4,porque,0.122123
caro,23,4,era,0.068465
caro,23,4,demasiado,0.015944
caro,23,4,caro,0.498133
caro,23,5,el,0.087279
caro,23,5,vaso,0.009541
caro,23,5,no,0.017182
caro,23,5,cabía,0.024593
caro,23,5,en,0.045949
caro,23,5,el,0.080085
caro,23,5,cajón,0.009611
caro,23,5,porque,0.092215
caro,23,5,era,0.081023
caro,23,5,demasiado,0.016244
caro,23,5,caro,0.536280
caro,23,6,el,0.107105
caro,23,6,vaso,0.004182
caro,23,6,no,0.009463
caro,23,6,cabía,0.017472
caro,23,6,en,0.040429
caro,23,6,el,0.053787
caro,23,6,cajón,0.003566
caro,23,6,porque,0.103250
caro,23,6,era,0.062368
caro,23,6,demasiado,0.018148
caro,23,6,caro,0.580228
caro,23,7,el,0.153734
caro,23,7,vaso,0.013873
caro,23,7,no,0.012842
caro,23,7,cabía,0.022774
caro,23,7,en,0.042721
caro,23,7,el,0.071344
caro,23,7,cajón,0.008925
caro,23,7,porque,0.104797
caro,23,7,era,0.080231
caro,23,7,demasiado,0.019511
caro,23,7,caro,0.469248
caro,23,8,el,0.108498
caro,23,8,vaso,0.012074
caro,23,8,no,0.009524
caro,23,8,cabía,0.009140
caro,23,8,en,0.020751
caro,23,8,el,0.047693
caro,23,8,cajón,0.011654
caro,23,8,porque,0.115085
caro,23,8,era,0.060808
caro,23,8,demasiado,0.016149
caro,23,8,caro,0.588624
caro,23,9,el,0.042409
caro,23,9,vaso,0.000939
caro,23,9,no,0.006469
caro,23,9,cabía,0.004574
caro,23,9,en,0.013620
caro,23,9,el,0.040339
caro,23,9,cajón,0.001287
caro,23,9,porque,0.157517
caro,23,9,era,0.038223
caro,23,9,demasiado,0.010827
caro,23,9,caro,0.683797
caro,23,10,el,0.133010
caro,23,10,vaso,0.003402
caro,23,10,no,0.004347
caro,23,10,cabía,0.008430
caro,23,10,en,0.014293
caro,23,10,el,0.047278
caro,23,10,cajón,0.005623
caro,23,10,porque,0.072968
caro,23,10,era,0.046988
caro,23,10,demasiado,0.014501
caro,23,10,caro,0.649160
caro,23,11,el,0.068967
caro,23,11,vaso,0.004279
caro,23,11,no,0.020217
caro,23,11,cabía,0.011767
caro,23,11,en,0.015869
caro,23,11,el,0.038419
caro,23,11,cajón,0.004249
caro,23,11,porque,0.140803
caro,23,11,era,0.045589
caro,23,11,demasiado,0.011234
caro,23,11,caro,0.638607
caro,23,12,el,0.105286
caro,23,12,vaso,0.008243
caro,23,12,no,0.009430
caro,23,12,cabía,0.025119
caro,23,12,en,0.035620
caro,23,12,el,0.079360
caro,23,12,cajón,0.011649
caro,23,12,porque,0.111461
caro,23,12,era,0.063649
caro,23,12,demasiado,0.022581
caro,23,12,caro,0.527604
caro,23,13,el,0.136934
caro,23,13,vaso,0.000449
caro,23,13,no,0.001115
caro,23,13,cabía,0.000758
caro,23,13,en,0.004010
caro,23,13,el,0.012432
caro,23,13,cajón,0.000323
caro,23,13,porque,0.051721
caro,23,13,era,0.017519
caro,23,13,demasiado,0.003521
caro,23,13,caro,0.771217
caro,23,14,el,0.177573
caro,23,14,vaso,0.004359
caro,23,14,no,0.001139
caro,23,14,cabía,0.007970
caro,23,14,en,0.025959
caro,23,14,el,0.052402
caro,23,14,cajón,0.005873
caro,23,14,porque,0.039931
caro,23,14,era,0.059141
caro,23,14,demasiado,0.015936
caro,23,14,caro,0.609716
caro,24,1,el,0.064384
caro,24,1,vaso,0.004220
caro,24,1,no,0.007014
caro,24,1,cabía,0.016813
caro,24,1,en,0.055861
caro,24,1,el,0.044412
caro,24,1,cajón,0.005739
caro,24,1,porque,0.088924
caro,24,1,era,0.034813
caro,24,1,demasiado,0.012590
caro,24,1,caro,0.665229
caro,24,2,el,0.000062
caro,24,2,vaso,0.000000
caro,24,2,no,0.000000
caro,24,2,cabía,0.000110
caro,24,2,en,0.000394
caro,24,2,el,0.000001
caro,24,2,cajón,0.000012
caro,24,2,porque,0.002197
caro,24,2,era,0.017127
caro,24,2,demasiado,0.000001
caro,24,2,caro,0.980096
caro,24,3,el,0.099666
caro,24,3,vaso,0.002728
caro,24,3,no,0.010077
caro,24,3,cabía,0.013685
caro,24,3,en,0.047754
caro,24,3,el,0.037519
caro,24,3,cajón,0.003375
caro,24,3,porque,0.091594
caro,24,3,era,0.054858
caro,24,3,demasiado,0.011992
caro,24,3,caro,0.626752
caro,24,4,el,0.101360
caro,24,4,vaso,0.008497
caro,24,4,no,0.011234
caro,24,4,cabía,0.018034
caro,24,4,en,0.059511
caro,24,4,el,0.052795
caro,24,4,cajón,0.008621
caro,24,4,porque,0.097990
caro,24,4,era,0.047673
caro,24,4,demasiado,0.020628
caro,24,4,caro,0.573656
caro,24,5,el,0.002161
caro,24,5,vaso,0.000014
caro,24,5,no,0.000105
caro,24,5,cabía,0.002625
caro,24,5,en,0.013858
caro,24,5,el,0.003521
caro,24,5,cajón,0.007667
caro,24,5,porque,0.082464
caro,24,5,era,0.036238
caro,24,5,demasiado,0.002584
caro,24,5,caro,0.848763
caro,24,6,el,0.182652
caro,24,6,vaso,0.001154
caro,24,6,no,0.004200
caro,24,6,cabía,0.002405
caro,24,6,en,0.013431
caro,24,6,el,0.020386
caro,24,6,cajón,0.000824
caro,24,6,porque,0.070710
caro,24,6,era,0.009724
caro,24,6,demasiado,0.006108
caro,24,6,caro,0.688405
caro,24,7,el,0.004666
caro,24,7,vaso,0.000255
caro,24,7,no,0.002049
caro,24,7,cabía,0.003025
caro,24,7,en,0.006180
caro,24,7,el,0.001677
caro,24,7,cajón,0.000500
caro,24,7,porque,0.037146
caro,24,7,era,0.018027
caro,24,7,demasiado,0.006275
caro,24,7,caro,0.920199
caro,24,8,el,0.065278
caro,24,8,vaso,0.014271
caro,24,8,no,0.006226
caro,24,8,cabía,0.049316
caro,24,8,en,0.053430
caro,24,8,el,0.070665
caro,24,8,cajón,0.011003
caro,24,8,porque,0.087109
caro,24,8,era,0.050728
caro,24,8,demasiado,0.021214
caro,24,8,caro,0.570759
caro,24,9,el,0.060526
caro,24,9,vaso,0.005969
caro,24,9,no,0.009867
caro,24,9,cabía,0.032135
caro,24,9,en,0.046132
caro,24,9,el,0.084799
caro,24,9,cajón,0.019107
caro,24,9,porque,0.116498
caro,24,9,era,0.059274
caro,24,9,demasiado,0.019901
caro,24,9,caro,0.545794
caro,24,10,el,0.044593
caro,24,10,vaso,0.007571
caro,24,10,no,0.008566
caro,24,10,cabía,0.031711
caro,24,10,en,0.065497
caro,24,10,el,0.084268
caro,24,10,cajón,0.015009
caro,24,10,porque,0.121331
caro,24,10,era,0.066312
caro,24,10,demasiado,0.021903
caro,24,10,caro,0.533240
caro,24,11,el,0.058606
caro,24,11,vaso,0.013333
caro,24,11,no,0.011605
caro,24,11,cabía,0.027920
caro,24,11,en,0.051353
caro,24,11,el,0.074401
caro,24,11,cajón,0.018730
caro,24,11,porque,0.090581
caro,24,11,era,0.050030
caro,24,11,demasiado,0.022880
caro,24,11,caro,0.580563
caro,24,12,el,0.067623
caro,24,12,vaso,0.006296
caro,24,12,no,0.008178
caro,24,12,cabía,0.031407
caro,24,12,en,0.060960
caro,24,12,el,0.068290
caro,24,12,cajón,0.017096
caro,24,12,porque,0.101376
caro,24,12,era,0.069150
caro,24,12,demasiado,0.027603
caro,24,12,caro,0.542022
caro,24,13,el,0.051161
caro,24,13,vaso,0.000863
caro,24,13,no,0.003450
caro,24,13,cabía,0.012973
caro,24,13,en,0.055360
caro,24,13,el,0.074457
caro,24,13,cajón,0.001897
caro,24,13,porque,0.094576
caro,24,13,era,0.035085
caro,24,13,demasiado,0.010792
caro,24,13,caro,0.659388
caro,24,14,el,0.066294
caro,24,14,vaso,0.006059
caro,24,14,no,0.009911
caro,24,14,cabía,0.031076
caro,24,14,en,0.044272
caro,24,14,el,0.079879
caro,24,14,cajón,0.012321
caro,24,14,porque,0.079239
caro,24,14,era,0.064266
caro,24,14,demasiado,0.022251
caro,24,14,caro,0.584432
