junta,a,b,veces
1, ,d,40941
2,u,e,37199
3, ,e,33055
4, ,l,31842
5, ,a,28646
6, d,e,27864
7, ,s,27021
8,q,ue,25827
9,o,s,25728
10, ,c,25333
11, ,p,23748
12,e,r,23683
13, ,que,21739
14, ,m,20199
15,e,n,20192
16, ,y,19982
17,a,n,19675
18,a,s,19134
19,o,n,18170
20,a,r,16687
21,o,r,15518
22,e,s,14659
23, ,t,14276
24,d,o,12566
25, ,h,12163
26, e,n,11441
27,s,t,11117
28, ,n,10837
29, l,a,10803
30, ,v,10692
31,a,l,9750
32,r,a,9491
33, e,l,9153
34,a,b,9051
35,c,i,8340
36,r,e,8000
37, s,e,7965
38,u,n,7959
39,i,n,7375
40,a,d,7102
41,t,e,7097
42, c,on,6658
43, n,o,6457
44,c,h,6329
45,u,i,5930
46, s,u,5735
47,o,m,5375
48, e,st,5264
49, p,or,5159
50, ,b,5117
51, ,—,5051
52,í,a,5005
53,d,i,4950
54, e,s,4905
55, a,l,4832
56, ,o,4794
57,j,o,4746
58, l,os,4705
59, d,i,4589
60, ,f,4579
61, l,e,4352
62,t,o,4332
63,i,en,4330
64,l,a,4263
65,l,e,3989
66, ,un,3858
67,t,a,3776
68, l,o,3690
69,ch,o,3633
70,r,o,3615
71,r,i,3568
72, d,on,3527
73, ,g,3510
74, l,as,3488
75, c,u,3431
76,er,o,3362
77, c,om,3352
78, m,i,3307
79, h,a,3303
80, m,e,3273
81, p,ar,3215
82,d,a,3193
83, ,S,3191
84,c,e,3123
85,a,m,3079
86,d,e,3058
87,r,es,3021
88, de,l,2936
89, t,o,2896
90, ,q,2852
91,g,o,2825
92, s,i,2766
93, de,s,2762
94,t,i,2736
95,l,o,2734
96,á,s,2680
97, ,Q,2505
98,ó,n,2410
99, h,ab,2406
100,ue,st,2380
101, S,an,2369
102, Q,ui,2347
103,a,do,2293
104, com,o,2274
105, Qui,jo,2239
106, Quijo,te,2230
107,an,do,2228
108, q,ui,2218
109, ,re,2214
110,o,l,2193
111, San,cho,2169
112,s,e,2153
113,i,er,2093
114, m,u,2054
115, m,ás,2045
116, ,D,2021
117, t,an,2012
118, v,i,1987
119, c,ab,1928
120,al,l,1922
121,z,a,1912
122,d,os,1911
123, s,in,1906
124,m,o,1868
125, se,ñ,1865
126,ab,a,1862
127, y,o,1860
128,d,ad,1859
129, f,ue,1794
130, s,er,1768
131,en,t,1733
132,c,u,1721
133,ue,n,1692
134, señ,or,1688
135, en,t,1668
136,i,r,1635
137,r,as,1618
138, ,A,1616
139, ,P,1605
140, o,t,1597
141,c,o,1590
142, v,er,1569
143,o,b,1560
144, t,en,1557
145, ,é,1548
146,ad,a,1546
147,r,os,1545
148,c,er,1541
149,m,p,1529
150, p,ue,1485
151, a,n,1478
152,m,e,1457
153,t,es,1451
154, n,i,1449
155,r,an,1448
156,g,un,1443
157,res,p,1441
158,v,i,1439
159, par,a,1425
160, ,C,1415
161,l,i,1404
162,c,a,1397
163,u,s,1393
164, m,an,1380
165,u,é,1374
166,di,ó,1372
167,á,n,1372
168, a,s,1364
169, p,o,1349
170, un,a,1324
171, por,que,1323
172,m,a,1322
173,resp,on,1315
174,m,os,1298
175, h,i,1291
176, ,Y,1271
177,en,te,1271
178,i,e,1255
179, é,l,1253
180,er,a,1243
181, ,E,1227
182,m,i,1218
183, su,s,1190
184,é,n,1188
185,que,l,1180
186, a,quel,1166
187, cab,all,1161
188,t,ar,1155
189,l,os,1150
190,or,a,1148
191, ,j,1143
192, l,le,1135
193,ci,a,1134
194,c,es,1128
195, ,in,1118
196, ,i,1117
197,ce,d,1108
198, m,er,1103
199, b,uen,1097
200,an,te,1096
201, v,uest,1095
202, a,c,1093
203, v,en,1091
204, to,do,1086
205, ,M,1085
206, t,e,1085
207, ,L,1073
208,g,u,1072
209,i,s,1071
210,respon,dió,1058
211, es,p,1051
212, c,as,1050
213,t,os,1041
214,d,as,1039
215, hab,ía,1037
216,—,",",1034
217, c,os,1000
218, b,ien,989
219,es,e,989
220, h,e,988
221, mer,ced,976
222,l,as,973
223,i,o,971
224,t,u,971
225,g,a,969
226, p,as,968
227,s,i,967
228, est,o,964
229,í,an,957
230,er,os,956
231, m,al,950
232,ci,ón,947
233, ,¿,937
234, cu,al,922
235, ,T,921
236, l,i,917
237,ue,r,915
238, di,jo,914
239, as,í,904
240,g,ar,904
241, par,e,896
242,m,b,894
243, a,r,883
244, t,ra,879
245,di,jo,878
246, v,e,869
247, c,a,865
248, t,u,849
249, d,u,845
250,b,a,843
251, g,ran,820
252, p,e,819
253, p,er,818
254, vuest,ra,813
255,t,as,809
256, s,al,803
257, to,dos,797
258, m,í,796
259,t,en,794
260,ci,o,793
261, s,ab,787
262,i,a,783
263,os,o,780
264, a,un,776
265,t,ad,774
266, m,en,773
267, s,o,768
268, de,j,761
269, ,r,759
270, p,ero,758
271,ien,do,752
272, mi,s,743
273,on,es,743
274, e,ra,740
275,d,er,732
276, p,en,730
277,r,ar,730
278, al,gun,729
279,in,o,728
280,ci,n,726
281,i,os,723
282,ci,r,722
283,z,o,720
284, a,p,716
285, v,ol,716
286, cu,ando,711
287, y,a,711
288,ch,a,707
289, m,a,703
290,u,ra,695
291, sin,o,694
292,b,i,685
293, de,cir,684
294, ha,cer,676
295, d,os,675
296, c,or,671
297,ar,a,671
298,ab,an,670
299,v,o,667
300, s,ob,664
301,s,a,661
302,c,an,653
303,p,a,653
304, es,cu,652
305,ien,to,651
306,ú,n,651
307, ,¡,647
308, d,ar,647
309, p,ro,646
310, c,am,643
311, don,de,643
312,s,o,640
313, p,r,639
314, pue,s,638
315, est,a,633
316, t,al,632
317, qui,en,630
318, ver,dad,630
319,e,l,628
320,d,ar,623
321, ,R,620
322,st,o,616
323, est,e,614
324, ha,y,604
325,d,en,603
326, t,ien,602
327,t,er,601
328, ,N,600
329,j,os,598
330,ra,z,598
331,d,r,594
332,ad,os,587
333, caball,ero,585
334, q,ué,585
335, s,a,584
336,q,u,583
337,t,ó,583
338,c,ar,581
339,an,za,579
340,or,es,578
341, el,la,576
342, h,er,574
343,v,e,574
344, p,a,569
345,en,do,569
346,c,en,565
347,c,ía,555
348,ri,m,551
349, a,d,548
350, li,b,548
351, m,o,547
352, s,on,547
353,qu,í,541
354, de,st,540
355, ent,re,539
356, mu,y,530
357, h,as,527
358, p,u,527
359, an,d,525
360, aun,que,525
361, c,ar,523
362,j,e,523
363, ,os,522
364, h,u,517
365, D,ios,515
366, di,s,513
367, ot,ra,512
368,g,ún,512
369,i,do,510
370,v,er,510
371, g,u,509
372, lle,v,506
373, señor,a,505
374, ot,ro,503
375,l,la,499
376, p,on,496
377,om,b,494
378, des,p,492
379,ta,do,492
380, l,u,491
381,t,ro,491
382,m,ente,489
383, al,l,486
384, b,a,480
385, l,la,480
386, sob,re,480
387,u,l,480
388,n,o,479
389,er,on,477
390,as,e,476
391,ar,on,474
392, pen,s,473
393, p,re,472
394,ñ,a,472
395, ,F,466
396, n,uest,466
397, de,b,465
398, est,á,465
399, m,es,465
400, a,quí,464
401, est,aba,462
402,l,an,461
403,or,ia,461
404, N,o,458
405,f,i,458
406,er,n,455
407,í,as,455
408,ue,l,454
409, n,os,450
410,l,ar,449
411, a,h,447
412, con,t,446
413, cos,a,445
414,l,es,443
415,ñ,o,442
416, mu,ch,441
417,an,tes,441
418,d,es,441
419,e,g,439
420, p,al,436
421, v,al,435
422,j,a,434
423,j,er,433
424, du,que,432
425,in,a,432
426,q,ui,431
427,ue,go,423
428,un,do,423
429, ,B,422
430,í,n,422
431,an,a,419
432, tan,to,417
433, j,u,413
434, ,V,411
435, des,e,410
436, c,ri,409
437,c,as,409
438, all,í,408
439, t,om,408
440, lle,g,407
441, h,omb,406
442, a,m,403
443,mi,go,403
444, p,uest,402
445,é,is,402
446, b,ar,401
447, a,g,400
448, fue,r,398
449, ten,go,398
450, v,o,397
451, m,undo,395
452, ,or,393
453, h,all,392
454,ier,on,392
455, ,raz,391
456, es,c,391
457,st,e,391
458, g,ob,390
459, s,é,388
460, p,res,386
461,v,ent,386
462, tien,e,385
463, algun,a,384
464, lla,m,383
465, f,in,382
466, p,i,382
467, v,ent,382
468,p,e,380
469,p,o,379
470, a,b,378
471,ad,as,378
472, has,ta,377
473, E,n,376
474, c,uen,376
475,an,o,376
476,dos,e,375
477,ie,mp,375
478, po,co,374
479, ,ri,372
480, di,cho,371
481, lu,gar,371
482, men,os,370
483, t,iemp,369
484,ad,or,369
485,ad,re,368
486,ch,e,368
487, i,mp,367
488,am,os,366
489, par,te,364
490,c,ó,364
491, to,da,363
492,mb,re,363
493, cos,as,362
494,st,i,362
495,m,iento,361
496, to,das,359
497,t,or,359
498,z,as,359
499, buen,a,358
500, p,rim,357
501, vi,da,357
502,e,a,356
503, h,an,354
504, l,uego,353
505, me,j,352
506,',',352
507, con,o,350
508,do,le,349
509, P,anza,348
510, ,ro,347
511, ent,en,347
512, l,es,347
513, ten,ía,347
514,en,to,347
515, hab,er,346
516,en,cia,346
517,e,za,344
518, s,ol,343
519,v,a,343
520, c,re,341
521, un,o,340
522,i,g,338
523, cu,an,337
524, her,mos,337
525,un,to,337
526, cas,a,336
527,m,as,334
528, hi,st,332
529, R,o,330
530, cu,ra,330
531, n,a,330
532,i,ón,330
533, man,era,329
534, aquel,la,328
535, f,al,327
536, tiemp,o,327
537, ,G,326
538,d,ía,326
539, A,n,325
540, so,y,323
541,c,re,322
542,ier,a,321
543, escu,d,320
544, ,H,318
545, o,í,317
546, t,ier,317
547,i,l,316
548,d,ó,314
549,ra,do,314
550,á,r,314
551, que,r,313
552,li,g,312
553, c,an,311
554, n,in,311
555, ah,ora,310
556, en,can,308
557, man,o,306
558,ti,l,306
559, puest,o,305
560,p,li,305
561,ci,endo,303
562,y,a,303
563, esp,er,302
564,i,da,302
565, a,mo,301
566, di,o,301
567, mej,or,300
568, d,o,299
569, c,ie,297
570, c,o,297
571, n,ue,297
572,al,es,297
573,c,os,297
574, D,e,295
575, o,b,295
576, m,uer,293
577,os,i,293
578, caball,eros,291
579, s,ue,291
580,st,a,291
581,ñ,as,291
582, a,vent,290
583, el,los,289
584, mu,cho,288
585,ue,s,288
586,ul,cin,288
587, ac,ab,287
588, D,ulcin,286
589, s,í,286
590,da,do,286
591, d,é,285
592, mu,jer,285
593, o,jos,285
594,er,e,285
595,í,si,285
596, an,tes,284
597, fue,ra,284
598, ot,ras,284
599, pue,de,284
600, Dulcin,ea,283
601,ci,ó,283
602,ué,s,282
603, al,gún,281
604, ot,ros,281
605, vi,sto,281
606, gran,de,279
607, v,a,279
608,es,ti,277
609,om,e,277
610, ten,er,275
611, d,ía,274
612, tier,ra,273
613,ar,se,273
614,r,u,273
615, pal,ab,272
616,y,o,270
617, b,us,268
618, n,e,268
619,ci,as,267
620,or,o,267
621, esc,ri,266
622,di,do,266
623, se,a,265
624,gu,a,264
625,q,ué,264
626,é,r,264
627, p,ie,263
628, sab,er,263
629, c,ó,262
630, per,s,261
631, homb,re,260
632,b,le,260
633, caball,er,259
634, hist,oria,259
635,z,ón,259
636, p,adre,258
637,us,o,258
638,v,an,258
639, es,o,257
640, he,cho,257
641,al,la,257
642,es,a,257
643,ci,do,256
644, E,l,255
645,i,dad,255
646,al,lo,253
647,on,a,253
648,u,r,253
649, cie,lo,252
650, re,p,252
651, ,respondió,251
652, bar,b,251
653, qui,ero,251
654, t,am,251
655, t,ú,251
656,g,os,251
657,ra,d,251
658, P,ero,250
659, a,t,250
660, di,go,250
661, hab,ían,250
662, vi,o,250
663, com,p,249
664, man,os,249
665, pre,gun,249
666,i,ó,249
667, a,migo,248
668, ma,y,248
669,cu,b,247
670, cam,ino,246
671, escud,ero,246
672, gob,ern,246
673,am,ente,245
674,ent,es,245
675, f,e,244
676, pr,in,244
677,ci,p,244
678,v,en,244
679, f,a,243
680, pare,cer,242
681,f,e,241
682, nin,gun,240
683, mu,cha,239
684, pare,ce,239
685, a,de,238
686, com,en,238
687, d,ías,238
688, l,l,238
689,t,an,238
690, me,di,237
691,al,mente,237
692, much,as,236
693,bi,én,236
694, hi,zo,235
695, po,dr,235
696, pu,di,235
697,r,ó,235
698, ,»,233
699, est,as,231
700,ien,tos,231
701, est,u,229
702, t,res,229
703,es,en,229
704, dis,cre,228
705, h,ar,228
706, dest,a,227
707, g,ra,227
708, d,a,225
709, pon,er,225
710,s,í,224
711,án,dose,223
712, c,uer,222
713, comen,z,222
714, cuen,ta,222
715,l,las,222
716, don,ce,221
717, m,ar,221
718,ma,g,221
719,ó,lo,221
720, hu,b,220
721, ,ir,219
722, cuan,to,219
723, mes,mo,219
724, ser,á,219
725,g,ui,219
726, d,ue,218
727, f,am,218
728, i,mag,218
729,u,la,218
730, qui,s,217
731, M,an,216
732, f,or,216
733,p,i,216
734, L,o,215
735, b,o,215
736, c,ada,215
737, cab,eza,215
738, m,on,215
739,pli,có,215
740, dej,ar,214
741, di,ce,214
742, P,ues,213
743, te,m,213
744, p,unto,212
745, ,respon,211
746, no,che,211
747,e,z,211
748,in,os,210
749,on,de,210
750,ñ,os,210
751, p,es,209
752,e,mos,209
753, h,on,208
754, o,f,207
755, ve,ces,207
756,ba,jo,207
757,pa,ñ,207
758,ue,sa,207
759, có,mo,206
760,e,d,206
761,r,ía,206
762, Ro,cin,204
763, Rocin,ante,204
764, c,er,204
765, con,f,204
766, m,os,204
767,ier,to,204
768, P,or,203
769,g,n,203
770,t,ros,203
771,—,;,203
772, C,on,202
773, nuest,ro,202
774, raz,ones,202
775, ,res,201
776,í,tu,201
777, S,e,200
778, gu,ar,200
779, le,van,200
780, m,or,200
781, mi,l,200
782, C,ar,199
783, Y,o,199
784, fue,se,199
785, v,os,199
786,j,as,199
787, di,ciendo,198
788,ci,os,198
789, and,ante,197
790, est,ar,197
791, in,f,197
792, much,os,197
793, tam,bién,197
794,én,dole,197
795, ,ros,196
796, cab,allo,196
797, est,os,196
798, po,día,196
799, C,am,195
800, v,uesa,195
801,re,plicó,195
802, A,l,194
803, gu,sto,194
804,i,gu,194
805,m,ento,194
806, deb,e,193
807, e,ch,193
808, de,c,191
809, la,b,191
810,r,é,191
811, cri,sti,190
812, des,cub,190
813, duque,sa,190
814, ve,z,190
815, vol,vi,190
816, e,ran,189
817, mí,o,189
818,ítu,lo,189
819,ci,ones,187
820,z,ar,187
821,á,is,187
822, mos,t,186
823, prim,ero,186
824, c,al,185
825, desp,ués,185
826, s,an,185
827, des,de,184
828, en,c,184
829, su,ce,184
830, prin,cip,183
831,l,ante,182
832, E,s,181
833, no,mbre,181
834,g,ra,181
835, hi,ci,180
836, pens,am,180
837, v,uel,180
838, vol,ver,180
839,ent,os,180
840,ier,e,180
841, du,da,179
842, vo,z,179
843,en,ti,179
844, Man,cha,178
845, est,re,178
846, mis,mo,178
847, r,u,178
848, men,es,177
849, v,esti,177
850, ,'',176
851, ac,om,176
852, de,cía,176
853, qui,én,176
854, si,e,176
855,i,d,176
856, s,ólo,175
857, con,ten,174
858, e,mp,174
859, est,aban,174
860, or,den,174
861, may,or,173
862,a,tro,173
863,g,an,173
864,é,s,173
865, mo,do,172
866, o,y,172
867, ag,ra,171
868, barb,ero,171
869, c,i,171
870, gobern,ador,171
871, t,or,171
872, ade,lante,170
873, ca,us,170
874, con,si,170
875, ha,ce,170
876, ven,ta,170
877,un,tad,170
878, des,c,169
879,ab,le,169
880,p,er,169
881,ch,os,168
882,f,er,168
883, vol,untad,167
884,g,ó,167
885,i,c,167
886, and,antes,166
887, de,m,166
888, n,ada,166
889,tar,io,166
890, C,a,165
891, T,ob,165
892, of,re,165
893, re,y,165
894,l,er,165
895,osi,ble,165
896, ,ra,164
897,ien,te,164
898,p,ar,164
899,til,lo,164
900,í,s,164
901, Tob,oso,163
902, m,as,163
903,b,ir,163
904, S,i,162
905, avent,ura,162
906, cont,ra,162
907, d,ado,162
908, hi,ja,162
909, si,do,162
910,en,a,162
911,v,as,162
912,v,ir,162
913,án,do,162
914, cu,atro,161
915, se,gún,161
916, t,ras,161
917,i,go,161
918,í,do,161
919, a,u,160
920, p,ob,160
921,—,.,160
922, al,can,159
923, des,a,159
924, dese,o,159
925, enten,der,159
926, t,ri,159
927,in,ar,159
928,r,al,159
929, ,ín,158
930, b,lan,158
931, in,ten,158
932, que,dar,158
933, su,ces,158
934, vuest,ro,158
935,en,as,158
936,on,ces,158
937, ar,mas,157
938, con,s,157
939, g,ente,157
940, lle,gar,157
941,i,la,157
942,ier,no,157
943, aquel,los,156
944, p,ri,156
945,er,as,156
946,u,ras,156
947, al,ma,155
948, vent,ura,155
949,un,ca,155
950, ,O,154
951, p,ien,154
952,uer,te,154
953, c,e,153
954, ros,tro,153
955, tal,es,153
956,b,an,153
957,b,ar,153
958,co,g,153
959,p,ítulo,153
960, A,sí,152
961, c,ora,152
962,en,o,152
963,ol,or,152
964, L,a,151
965, am,or,151
966, raz,ón,151
967,am,e,151
968,g,as,151
969,n,os,151
970, lleg,ó,150
971, me,m,150
972, p,ros,150
973, pers,ona,150
974, pro,p,150
975, qui,so,150
976, s,os,150
977, ín,s,150
978,d,u,150
979,s,os,150
980, ap,ar,149
981, cual,es,149
982, menes,ter,149
983, tan,ta,149
984,an,os,149
985,ch,il,149
986,ien,e,149
987, Cam,ila,148
988, donce,lla,148
989, i,ba,148
990, lib,ros,148
991, t,i,148
992,tu,ra,148
993,í,o,148
994, ent,ra,147
995, palab,ra,147
996, pue,r,147
997,Q,ué,147
998,én,dose,147
999, a,mi,146
1000, des,en,146
1001, dest,e,146
1002, fuer,on,146
1003, llev,ar,146
1004, tien,en,146
1005,r,á,146
1006, ad,mi,145
1007, e,mb,145
1008, sie,mp,145
1009, siemp,re,145
1010,eros,o,145
1011,in,i,145
1012, m,ía,144
1013, señor,es,144
1014,ad,ie,144
1015, caballer,ía,143
1016, cas,tillo,143
1017, p,uso,143
1018,am,ás,143
1019,l,mo,143
1020,m,ir,143
1021,án,dole,143
1022, ,us,142
1023, algun,o,142
1024, cuer,po,142
1025, g,al,142
1026, hermos,a,142
1027, n,unca,142
1028, cora,zón,141
1029, j,amás,141
1030, nuest,ra,141
1031, pr,ome,141
1032, s,uerte,141
1033, sue,lo,141
1034,e,ci,141
1035,g,en,141
1036,oso,tros,141
1037, Lo,tario,140
1038, a,gu,140
1039, a,y,140
1040, lib,er,140
1041, T,o,139
1042, ven,ía,139
1043,un,a,139
1044, An,se,138
1045, Anse,lmo,138
1046, F,ern,138
1047, di,cen,138
1048, ent,rar,138
1049, muer,te,138
1050, pas,ar,138
1051, qui,ere,138
1052, tom,ar,138
1053,i,m,138
1054,t,ra,138
1055, Se,ñ,137
1056, a,ños,137
1057, l,en,137
1058, n,adie,137
1059, ningun,a,137
1060, pi,es,137
1061, v,ino,137
1062,ch,as,137
1063, ag,ora,136
1064, mal,a,136
1065, na,tu,136
1066, par,ti,136
1067,c,ado,136
1068,i,as,136
1069,ó,se,136
1070, Fern,ando,135
1071, bus,car,135
1072, li,cen,135
1073, m,uest,135
1074,t,ada,135
1075,én,do,135
1076, tu,vo,134
1077, un,os,134
1078, L,e,133
1079, al,go,133
1080, b,el,133
1081, comenz,ó,133
1082, ent,onces,133
1083, le,y,133
1084,z,os,133
1085, dé,l,132
1086, e,x,132
1087, sal,ir,132
1088, ser,vi,132
1089, vo,ces,132
1090,am,or,132
1091,on,se,132
1092, encan,tad,131
1093, lab,rad,131
1094, t,us,131
1095,v,ía,131
1096, cas,o,130
1097, cu,mp,130
1098, her,m,130
1099,ab,lo,130
1100,j,ar,130
1101,l,á,130
1102, al,eg,129
1103, ar,ro,129
1104, di,j,129
1105, l,á,129
1106, po,d,129
1107,i,li,129
1108,ísi,mo,129
1109, ,án,128
1110, b,ur,128
1111, fuer,za,128
1112, mem,oria,128
1113, r,en,128
1114,d,al,128
1115,g,ue,128
1116, en,e,127
1117,me,di,127
1118, ,resp,126
1119, Ca,pítulo,126
1120, de,ter,126
1121, deter,m,126
1122, mi,tad,126
1123, oí,do,126
1124, pro,f,126
1125, que,dó,126
1126,.,.,126
1127, el,las,125
1128, gran,des,125
1129, p,la,125
1130, palab,ras,125
1131,di,r,125
1132,qui,era,125
1133,ra,ba,125
1134, caus,a,124
1135, del,ante,124
1136, m,ol,124
1137, re,medi,124
1138,d,an,124
1139,t,aba,124
1140,te,a,124
1141,v,ieron,124
1142, dis,p,123
1143, en,amor,123
1144, hermos,ura,123
1145, p,osible,123
1146, s,ent,123
1147, sus,p,123
1148,b,e,123
1149,cu,r,123
1150,di,ción,123
1151,r,en,123
1152,u,dad,123
1153, b,as,122
1154, lib,ro,122
1155, ne,ces,122
1156, pob,re,122
1157, c,ierto,121
1158, hall,ar,121
1159, pe,lig,121
1160, po,der,121
1161, a,ten,120
1162, d,or,120
1163, qui,tar,120
1164, ven,ir,120
1165,bi,ó,120
1166, conten,to,119
1167, hab,lar,119
1168, re,ce,119
1169, ru,cio,119
1170, vi,r,119
1171,v,or,119
1172, M,ar,118
1173, esp,a,118
1174, p,in,118
1175, sab,e,118
1176, vent,ero,118
1177, íns,ula,118
1178,g,al,118
1179,v,os,118
1180, Señ,or,117
1181, algun,os,117
1182, cu,án,117
1183, dem,ás,117
1184, des,gra,117
1185, gob,ierno,117
1186, h,o,117
1187, ha,cía,117
1188, hon,ra,117
1189, v,iendo,117
1190,t,al,117
1191, ap,os,116
1192, com,e,116
1193, com,pañ,116
1194, est,án,116
1195, g,en,116
1196, o,cas,116
1197, sa,car,116
1198, se,me,116
1199,c,or,116
1200,u,d,116
1201, ,Z,115
1202, a,cer,115
1203, a,cu,115
1204, ci,udad,115
1205, fam,a,115
1206,ri,r,115
1207, ba,chil,114
1208, deb,ía,114
1209, nue,vo,114
1210, p,un,114
1211, ,I,113
1212, Q,ue,113
1213, a,f,113
1214, bachil,ler,113
1215, enten,di,113
1216, hay,a,113
1217, natu,ral,113
1218, ser,ía,113
1219,igu,ra,113
1220,os,a,113
1221, D,oro,112
1222, Doro,tea,112
1223, len,gua,112
1224, lo,cu,112
1225, m,ara,112
1226, tu,r,112
1227,l,u,112
1228,ti,vo,112
1229,ti,ó,112
1230, bo,ca,111
1231, cas,i,111
1232, el,lo,111
1233, es,e,111
1234, g,an,111
1235, hab,éis,111
1236, seme,j,111
1237, tan,tas,111
1238,e,ta,111
1239,i,re,111
1240, esp,ada,110
1241,g,ado,110
1242,on,io,110
1243, ba,t,109
1244, c,ol,109
1245, lo,co,109
1246, pen,a,109
1247, pue,b,109
1248, re,ci,109
1249, volvi,ó,109
1250,ri,a,109
1251,vi,ese,109
1252, at,re,108
1253, des,h,108
1254, en,ga,108
1255, h,ora,108
1256, n,osotros,108
1257, pare,ció,108
1258,di,a,108
1259,fi,cio,108
1260,t,ras,108
1261,ti,s,108
1262,ón,de,108
1263, com,er,107
1264, de,n,107
1265, inten,ción,107
1266, muer,to,107
1267, se,gu,107
1268,'',.,107
1269,O,h,107
1270, c,lar,106
1271,ad,ores,106
1272,p,el,106
1273, P,ed,105
1274, a,zo,105
1275, au,tor,105
1276, d,aba,105
1277, p,us,105
1278,ui,cio,105
1279, Ped,ro,104
1280, aquel,lo,104
1281, del,la,104
1282, j,un,104
1283, j,unto,104
1284, ocas,ión,104
1285, pueb,lo,104
1286, t,ar,104
1287, a,qué,103
1288, b,ra,103
1289, ca,u,103
1290, des,di,103
1291, e,fe,103
1292, en,vi,103
1293, hab,l,103
1294, medi,o,103
1295, o,l,103
1296, s,enti,103
1297,m,ado,103
1298,tu,d,103
1299, ad,onde,102
1300, buen,os,102
1301, homb,res,102
1302, par,tes,102
1303, pens,ar,102
1304, pensam,ientos,102
1305, s,iendo,102
1306, án,i,102
1307,f,or,102
1308,g,rim,102
1309, ,J,101
1310, D,i,101
1311, D,on,101
1312, h,ones,101
1313,d,aba,101
1314,den,io,101
1315, Car,denio,100
1316, cor,tes,100
1317, cu,b,100
1318, escu,ch,100
1319, est,ado,100
1320, fa,vor,100
1321, pro,ve,100
1322, pu,do,100
1323, so,lo,100
1324,N,o,100
1325,cin,da,100
1326,pa,ña,100
1327,re,gun,100
1328,v,es,100
1329,á,b,100
1330, L,us,99
1331, est,ra,99
1332, esto,y,99
1333, hi,jo,99
1334, lá,grim,99
1335, lágrim,as,99
1336, pro,cu,99
1337, sa,tis,99
1338, si,r,99
1339, tan,tos,99
1340, un,as,99
1341, Lus,cinda,98
1342, avent,uras,98
1343, del,los,98
1344, herm,ano,98
1345, p,ad,98
1346, pas,o,98
1347, quer,ía,98
1348, qui,er,98
1349, ser,vir,98
1350, so,la,98
1351,c,ían,98
1352,f,a,98
1353,st,os,98
1354, L,le,97
1355, pue,do,97
1356, t,er,97
1357,al,a,97
1358,d,on,97
1359,t,ando,97
1360, T,er,96
1361, aquel,las,96
1362, car,ta,96
1363, d,in,96
1364, or,o,96
1365, pien,so,96
1366, pros,ig,96
1367, r,om,96
1368,ci,éndole,96
1369,raz,os,96
1370, C,ab,95
1371, C,u,95
1372, ay,u,95
1373, buen,as,95
1374, cre,o,95
1375, dis,cur,95
1376, fam,oso,95
1377, men,ti,95
1378, pare,cía,95
1379, vi,sta,95
1380,ent,ar,95
1381,l,en,95
1382,—,:,95
1383, con,se,94
1384, h,alla,94
1385, ningun,o,94
1386,b,o,94
1387,st,as,94
1388, Cab,all,93
1389, D,onde,93
1390, admi,ra,93
1391, apos,ento,93
1392, buen,o,93
1393, g,ig,93
1394, prim,era,93
1395, v,iene,93
1396, Caball,ero,92
1397, c,in,92
1398, determ,in,92
1399, hi,dal,92
1400, hub,o,92
1401,!,",",92
1402,en,da,92
1403,r,ando,92
1404,ísi,ma,92
1405, Ter,esa,91
1406, as,i,91
1407, b,razos,91
1408, l,ar,91
1409, sab,ía,91
1410, se,is,91
1411, señ,al,91
1412, su,yo,91
1413,b,ol,91
1414,d,ra,91
1415,l,lan,91
1416, ,É,90
1417, To,do,90
1418, cab,o,90
1419, con,migo,90
1420, es,a,90
1421, podr,ía,90
1422, t,ro,90
1423, é,ste,90
1424,lá,ti,90
1425,y,endo,90
1426, M,as,89
1427, acom,pañ,89
1428, bus,c,89
1429, con,tar,89
1430, cuen,to,89
1431, de,f,89
1432, e,jer,89
1433, en,ci,89
1434, liber,tad,89
1435, ma,ñ,89
1436, mara,vi,89
1437, pudi,era,89
1438,l,l,89
1439,uest,a,89
1440, d,ando,88
1441, ejer,ci,88
1442, f,i,88
1443, g,ana,88
1444, p,láti,88
1445, se,p,88
1446,j,es,88
1447,n,a,88
1448, T,ri,87
1449, mer,e,87
1450, mo,zo,87
1451, s,uel,87
1452, t,re,87
1453,as,en,87
1454,ci,l,87
1455,m,an,87
1456, al,z,86
1457, algun,as,86
1458, an,dar,86
1459, as,no,86
1460, di,eron,86
1461, in,c,86
1462, mes,ma,86
1463, sue,le,86
1464, tra,bajo,86
1465, tra,ía,86
1466,ien,tes,86
1467,m,ientos,86
1468, hab,iendo,85
1469, in,gen,85
1470, li,mp,85
1471, mañ,ana,85
1472, mi,rar,85
1473, pe,cho,85
1474, puer,ta,85
1475, val,or,85
1476,dad,es,85
1477,ier,ta,85
1478,ina,ción,85
1479,on,e,85
1480,ri,ó,85
1481,ti,do,85
1482, bat,alla,84
1483, dej,ó,84
1484, dese,os,84
1485, di,ablo,84
1486, disp,ara,84
1487, pue,den,84
1488,c,í,84
1489,m,ar,84
1490,ta,mente,84
1491, c,ui,83
1492, cu,ya,83
1493, d,í,83
1494, j,uicio,83
1495, pregun,tó,83
1496, sal,ió,83
1497, susp,en,83
1498,ci,miento,83
1499,v,ar,83
1500,y,as,83
1501,z,á,83
1502, ,"""",82
1503, ,X,82
1504, cam,po,82
1505, cuan,tos,82
1506, desp,e,82
1507, entendi,miento,82
1508, h,or,82
1509, ll,or,82
1510, nue,vas,82
1511, oí,r,82
1512, sa,zón,82
1513, se,gun,82
1514, suces,os,82
1515, vuest,ras,82
1516,om,o,82
1517, R,e,81
1518, San,s,81
1519, agra,de,81
1520, d,olor,81
1521, de,r,81
1522, suce,dió,81
1523, tri,ste,81
1524,ci,encia,81
1525,ui,do,81
1526, E,so,80
1527, acom,o,80
1528, agra,vi,80
1529, ap,enas,80
1530, ar,ri,80
1531, c,ue,80
1532, caballer,ías,80
1533, cu,l,80
1534, d,am,80
1535, desgra,cia,80
1536, i,gu,80
1537, imp,or,80
1538, llam,an,80
1539, p,os,80
1540, pas,tor,80
1541, pas,ó,80
1542, pelig,ro,80
1543, quis,iera,80
1544,b,u,80
1545,ie,go,80
1546,regun,tó,80
1547,ñ,ad,80
1548, Y,a,79
1549, a,ma,79
1550, b,en,79
1551, b,re,79
1552, due,ña,79
1553, n,eg,79
1554, ob,lig,79
1555, pue,da,79
1556, se,an,79
1557, ten,ga,79
1558,ci,ado,79
1559,la,do,79
1560,on,te,79
1561,tas,e,79
1562, Z,ora,78
1563, Zora,ida,78
1564, al,de,78
1565, cer,ca,78
1566, fal,ta,78
1567, hu,bi,78
1568, labrad,or,78
1569, lib,re,78
1570, mar,ido,78
1571, pensam,iento,78
1572, é,sta,78
1573,al,das,78
1574,ar,io,78
1575,r,er,78
1576,t,una,78
1577, An,t,77
1578, F,in,77
1579, Sans,ón,77
1580, a,gua,77
1581, a,ún,77
1582, de,re,77
1583, do,ña,77
1584, imag,in,77
1585, locu,ra,77
1586, mis,ma,77
1587, ri,co,77
1588, t,ér,77
1589, ten,dr,77
1590, tér,m,77
1591,ar,é,77
1592,eg,ado,77
1593,id,or,77
1594,os,que,77
1595, ,za,76
1596, M,i,76
1597, c,all,76
1598, de,bajo,76
1599, discre,to,76
1600, e,res,76
1601, esp,an,76
1602, ha,cen,76
1603, le,er,76
1604, merced,es,76
1605, mi,ra,76
1606, o,p,76
1607, p,ier,76
1608, respon,der,76
1609, B,ien,75
1610, Es,paña,75
1611, ac,or,75
1612, atre,vi,75
1613, bra,zo,75
1614, car,n,75
1615, en,cer,75
1616, ha,za,75
1617, hall,ó,75
1618, ho,y,75
1619, hub,iera,75
1620, nuest,ros,75
1621, p,an,75
1622, remedi,o,75
1623, si,len,75
1624, silen,cio,75
1625, suces,o,75
1626, val,eroso,75
1627,ce,l,75
1628,cu,l,75
1629,e,cer,75
1630, cre,er,74
1631, cri,ado,74
1632, entre,ten,74
1633, in,st,74
1634, ju,mento,74
1635, licen,cia,74
1636, llam,ar,74
1637, m,adre,74
1638, mi,e,74
1639, ne,go,74
1640, no,mb,74
1641, ol,vi,74
1642, pres,to,74
1643, san,g,74
1644, semej,antes,74
1645, si,gui,74
1646, su,st,74
1647,gu,as,74
1648,ti,dad,74
1649, ,ár,73
1650, Fin,almente,73
1651, S,u,73
1652, ac,ome,73
1653, hist,or,73
1654, podr,á,73
1655, pri,esa,73
1656, que,da,73
1657, qui,zá,73
1658, v,in,73
1659,al,le,73
1660,i,ese,73
1661,j,ó,73
1662,m,on,73
1663,o,h,73
1664,á,l,73
1665, all,á,72
1666, con,dición,72
1667, cristi,ano,72
1668, def,en,72
1669, espa,cio,72
1670, fue,re,72
1671, ha,ga,72
1672, hidal,go,72
1673, re,f,72
1674, re,ino,72
1675, tor,n,72
1676,I,I,72
1677,c,to,72
1678,ci,da,72
1679,e,b,72
1680,i,das,72
1681,ien,cia,72
1682,l,in,72
1683,r,ina,72
1684,r,on,72
1685,t,re,72
1686, M,on,71
1687, b,on,71
1688, cam,in,71
1689, donce,llas,71
1690, m,ue,71
1691, ár,bol,71
1692,di,eron,71
1693,or,n,71
1694,r,ero,71
1695,t,ores,71
1696,tad,os,71
1697,v,iera,71
1698,z,co,71
1699, A,m,70
1700, a,vi,70
1701, ac,uer,70
1702, desdi,ch,70
1703, e,je,70
1704, esper,ar,70
1705, est,ando,70
1706, f,ir,70
1707, g,ol,70
1708, hici,eron,70
1709, li,g,70
1710, pad,res,70
1711, quer,er,70
1712,al,e,70
1713,ci,entos,70
1714,i,dos,70
1715,y,os,70
1716, a,us,69
1717, c,h,69
1718, cristi,anos,69
1719, f,amos,69
1720, ha,ci,69
1721, har,é,69
1722, le,ído,69
1723, levan,tar,69
1724, no,ti,69
1725, prof,es,69
1726, quis,iere,69
1727, res,ol,69
1728, tom,ó,69
1729, ven,ían,69
1730, vesti,do,69
1731,c,ab,69
1732,r,ás,69
1733,ui,r,69
1734, an,te,68
1735, c,ob,68
1736, h,ués,68
1737, hués,pe,68
1738, lu,z,68
1739, mis,er,68
1740, noti,cia,68
1741, pens,aba,68
1742, t,ran,68
1743,an,zas,68
1744,ar,d,68
1745,di,to,68
1746,es,ta,68
1747,ra,da,68
1748,ri,do,68
1749, aqué,l,67
1750, discur,so,67
1751, g,o,67
1752, haza,ñas,67
1753, ju,z,67
1754, may,ores,67
1755, pas,ado,67
1756, re,v,67
1757, su,ya,67
1758, tra,ta,67
1759,d,or,67
1760,di,ese,67
1761,i,co,67
1762,ili,o,67
1763,on,as,67
1764,s,as,67
1765, E,st,66
1766, M,a,66
1767, ab,raz,66
1768, ami,gos,66
1769, ca,pi,66
1770, cump,l,66
1771, esp,aldas,66
1772, gra,cias,66
1773, ha,go,66
1774, j,a,66
1775, per,der,66
1776, sa,c,66
1777, t,a,66
1778, ten,ido,66
1779, ten,ían,66
1780, áni,mo,66
1781,d,ora,66
1782,den,cia,66
1783,en,cias,66
1784,n,u,66
1785,ros,o,66
1786,s,ar,66
1787,y,ó,66
1788, Ant,onio,65
1789, Car,ras,65
1790, a,j,65
1791, acab,ar,65
1792, ad,ver,65
1793, barb,as,65
1794, des,ma,65
1795, dor,mir,65
1796, enc,am,65
1797, enga,ñ,65
1798, escud,eros,65
1799, f,er,65
1800, f,igura,65
1801, grande,za,65
1802, muest,ras,65
1803, pe,que,65
1804, sang,re,65
1805, se,gui,65
1806, si,lla,65
1807, t,ru,65
1808, vir,tud,65
1809, vol,v,65
1810,ci,oso,65
1811,e,li,65
1812,le,za,65
1813,r,án,65
1814,ti,si,65
1815,z,ca,65
1816, ap,e,64
1817, cri,ados,64
1818, di,fer,64
1819, encantad,ores,64
1820, ene,mi,64
1821, ent,ró,64
1822, estu,di,64
1823, hu,m,64
1824, l,anza,64
1825, llam,aba,64
1826, mo,vi,64
1827, neces,idad,64
1828, princip,io,64
1829, qui,si,64
1830, resol,u,64
1831, se,cre,64
1832,er,b,64
1833,m,entos,64
1834,or,re,64
1835,s,en,64
1836,tisi,dora,64
1837,uest,o,64
1838, D,í,63
1839, an,ti,63
1840, ca,er,63
1841, cul,pa,63
1842, di,gn,63
1843, e,dad,63
1844, enamor,ado,63
1845, ene,migo,63
1846, g,all,63
1847, he,mos,63
1848, ma,ese,63
1849, pa,pel,63
1850, quer,ría,63
1851, si,mp,63
1852, tem,or,63
1853,..,.,63
1854,das,e,63
1855,e,jo,63
1856,p,os,63
1857, Al,tisidora,62
1858, Carras,co,62
1859, L,os,62
1860, S,í,62
1861, ad,mir,62
1862, ar,re,62
1863, azo,tes,62
1864, cono,cer,62
1865, da,ño,62
1866, for,tuna,62
1867, ob,ras,62
1868, pes,ar,62
1869, rep,res,62
1870, si,g,62
1871,ad,ri,62
1872,di,da,62
1873,in,es,62
1874,qui,er,62
1875,r,iendo,62
1876,ue,lo,62
1877, ,(,61
1878, Por,que,61
1879, compañ,ía,61
1880, consi,go,61
1881, dec,lar,61
1882, hi,jos,61
1883, man,dó,61
1884, ob,ra,61
1885, prin,ces,61
1886, resolu,ción,61
1887, val,iente,61
1888,Q,ui,61
1889,am,iento,61
1890,an,cia,61
1891,b,li,61
1892,l,ara,61
1893,mi,s,61
1894, b,or,60
1895, bel,la,60
1896, di,ese,60
1897, di,ez,60
1898, est,i,60
1899, ha,ciendo,60
1900, most,rar,60
1901, nin,gún,60
1902, princip,al,60
1903, prove,cho,60
1904, re,cog,60
1905, ren,egado,60
1906, sob,rina,60
1907, tu,viese,60
1908, ve,a,60
1909,as,o,60
1910,c,ados,60
1911,li,dad,60
1912,m,en,60
1913,ras,e,60
1914,ri,b,60
1915,ui,ó,60
1916, B,as,59
1917, a,ñad,59
1918, alcan,z,59
1919, alde,a,59
1920, cas,ti,59
1921, cont,rar,59
1922, cor,re,59
1923, di,je,59
1924, ech,ar,59
1925, f,u,59
1926, fal,tar,59
1927, guar,dar,59
1928, ha,mbre,59
1929, hubi,ese,59
1930, inf,ini,59
1931, lla,ma,59
1932, pa,gar,59
1933, pa,z,59
1934, pers,u,59
1935, ve,o,59
1936,l,era,59
1937, ,U,58
1938, D,igo,58
1939, P,ar,58
1940, cu,yo,58
1941, di,ga,58
1942, encan,tado,58
1943, fin,almente,58
1944, gig,ante,58
1945, i,gn,58
1946, oí,dos,58
1947, pas,aba,58
1948, pres,ente,58
1949, suel,en,58
1950, v,ieron,58
1951,e,to,58
1952,i,ci,58
1953,mis,mo,58
1954,on,le,58
1955,ú,l,58
1956, ,«,57
1957, J,u,57
1958, al,b,57
1959, b,es,57
1960, di,lig,57
1961, dij,ese,57
1962, din,eros,57
1963, emp,er,57
1964, esp,oso,57
1965, est,é,57
1966, estu,vo,57
1967, fe,li,57
1968, g,én,57
1969, halla,do,57
1970, ign,or,57
1971, le,tras,57
1972, licen,ciado,57
1973, medi,a,57
1974, que,d,57
1975, sep,ul,57
1976, tra,ba,57
1977, v,ini,57
1978,ab,les,57
1979,d,í,57
1980,in,te,57
1981,l,or,57
1982, al,ta,56
1983, c,en,56
1984, car,ro,56
1985, cos,tu,56
1986, des,vent,56
1987, dest,os,56
1988, discre,ción,56
1989, do,y,56
1990, e,r,56
1991, en,car,56
1992, en,cub,56
1993, la,do,56
1994, pe,dir,56
1995, pláti,ca,56
1996, ro,de,56
1997, su,pli,56
1998, v,an,56
1999,ad,u,56
2000,ar,me,56
2001,d,inar,56
2002,h,ora,56
2003,ien,en,56
2004,m,ada,56
2005,p,reguntó,56
2006, Mar,i,55
2007, ap,ro,55
2008, de,ten,55
2009, des,nu,55
2010, ejerci,cio,55
2011, enci,ma,55
2012, escri,bir,55
2013, for,z,55
2014, fuer,te,55
2015, hu,mi,55
2016, le,jos,55
2017, ll,eno,55
2018, llegar,on,55
2019, nue,va,55
2020, po,eta,55
2021, princes,a,55
2022, re,ales,55
2023, re,g,55
2024, re,gal,55
2025, sal,ud,55
2026, so,is,55
2027, sob,res,55
2028, tien,es,55
2029, ve,inte,55
2030, ver,de,55
2031,dad,os,55
2032,i,fi,55
2033,llan,o,55
2034,t,é,55
2035,tad,as,55
2036, a,ire,54
2037, ac,aso,54
2038, acab,ó,54
2039, d,an,54
2040, dar,le,54
2041, due,ñas,54
2042, esper,ando,54
2043, f,r,54
2044, gran,d,54
2045, imp,er,54
2046, l,ina,54
2047, mi,rando,54
2048, quedar,on,54
2049, ri,sa,54
2050, tra,er,54
2051, ven,cido,54
2052, ven,ga,54
2053,Qui,én,54
2054,er,amente,54
2055,t,án,54
2056,te,za,54
2057,u,in,54
2058, Bas,ilio,53
2059, Lle,gó,53
2060, Mon,tes,53
2061, Montes,inos,53
2062, V,en,53
2063, ah,í,53
2064, alcan,zar,53
2065, an,sí,53
2066, c,r,53
2067, can,s,53
2068, cont,in,53
2069, cui,dado,53
2070, cumpl,ir,53
2071, dar,é,53
2072, dej,ando,53
2073, en,o,53
2074, entra,mb,53
2075, hab,rá,53
2076, haci,enda,53
2077, mie,do,53
2078, mujer,es,53
2079, o,ficio,53
2080, quis,ier,53
2081, re,ina,53
2082, so,cor,53
2083, ven,g,53
2084, ver,sos,53
2085, verdad,era,53
2086,er,ra,53
2087,g,ü,53
2088,i,de,53
2089,r,m,53
2090,si,to,53
2091,si,ón,53
2092,á,bi,53
2093, acuer,do,52
2094, asi,mismo,52
2095, cab,el,52
2096, clar,o,52
2097, dec,ís,52
2098, den,tro,52
2099, di,ciéndole,52
2100, encan,ta,52
2101, esp,eci,52
2102, fin,g,52
2103, fue,go,52
2104, po,ca,52
2105, quier,es,52
2106, sobres,al,52
2107, suce,dido,52
2108, verdad,ero,52
2109,g,or,52
2110,os,os,52
2111,re,mos,52
2112,ros,a,52
2113,st,es,52
2114,t,in,52
2115,ter,ia,52
2116,ár,onse,52
2117, ,úl,51
2118, D,es,51
2119, ac,onte,51
2120, ba,j,51
2121, bur,la,51
2122, dest,as,51
2123, esp,osa,51
2124, fa,ci,51
2125, g,ui,51
2126, histor,ias,51
2127, nego,cio,51
2128, pa,je,51
2129, pas,a,51
2130, pres,encia,51
2131, servi,do,51
2132, úl,ti,51
2133,es,mo,51
2134,in,as,51
2135,l,lo,51
2136,t,aban,51
2137, Ro,que,50
2138, al,bar,50
2139, don,a,50
2140, efe,cto,50
2141, escri,to,50
2142, fuer,zas,50
2143, i,ban,50
2144, j,ura,50
2145, ju,sti,50
2146, l,lan,50
2147, mor,os,50
2148, p,ol,50
2149, pes,adu,50
2150, pregun,tar,50
2151, pres,entes,50
2152, puest,a,50
2153, r,uido,50
2154, re,fer,50
2155, su,f,50
2156,an,as,50
2157,ár,se,50
2158,ó,sito,50
2159, ,ras,49
2160, Am,ad,49
2161, al,ab,49
2162, am,ar,49
2163, an,da,49
2164, bon,dad,49
2165, cab,rero,49
2166, consi,der,49
2167, deb,en,49
2168, dej,ado,49
2169, desp,er,49
2170, dispara,tes,49
2171, enemi,gos,49
2172, esc,on,49
2173, est,im,49
2174, g,as,49
2175, h,ol,49
2176, hab,i,49
2177, huéspe,d,49
2178, m,oro,49
2179, man,da,49
2180, pers,onas,49
2181, resp,uesta,49
2182, señor,as,49
2183, su,po,49
2184, vo,y,49
2185,an,da,49
2186,ch,i,49
2187,ier,tos,49
2188,l,ando,49
2189,om,en,49
2190,p,u,49
2191,ti,o,49
2192,ú,bli,49
2193, F,igura,48
2194, G,a,48
2195, Tri,ste,48
2196, a,ver,48
2197, con,tó,48
2198, cono,cido,48
2199, cu,ar,48
2200, cue,va,48
2201, d,ónde,48
2202, g,uer,48
2203, gall,ar,48
2204, gen,er,48
2205, gén,ero,48
2206, humi,l,48
2207, mon,ta,48
2208, nuest,ras,48
2209, pe,le,48
2210, persu,ad,48
2211, pesadu,mbre,48
2212, pr,om,48
2213, to,ca,48
2214, tra,e,48
2215, térm,ino,48
2216, vesti,dos,48
2217,am,b,48
2218,bi,do,48
2219,c,tor,48
2220,di,endo,48
2221,e,o,48
2222,la,g,48
2223,qui,én,48
2224,r,ón,48
2225,ra,dos,48
2226,í,gue,48
2227,í,no,48
2228,ó,mo,48
2229, V,i,47
2230, a,ño,47
2231, ac,os,47
2232, ac,á,47
2233, ap,ri,47
2234, car,go,47
2235, cin,co,47
2236, con,cer,47
2237, conse,jo,47
2238, có,lera,47
2239, descub,ri,47
2240, desen,can,47
2241, di,ces,47
2242, di,ré,47
2243, efe,to,47
2244, encam,in,47
2245, ent,ien,47
2246, g,a,47
2247, gen,til,47
2248, ha,cia,47
2249, i,mi,47
2250, igu,al,47
2251, in,du,47
2252, ingen,io,47
2253, justi,cia,47
2254, lleg,ando,47
2255, muest,ra,47
2256, o,cu,47
2257, op,in,47
2258, opin,ión,47
2259, pr,ín,47
2260, prop,ósito,47
2261, pus,ieron,47
2262, re,bu,47
2263, rebu,z,47
2264, s,en,47
2265, satis,fa,47
2266, su,bir,47
2267, v,as,47
2268, vuel,to,47
2269,ar,i,47
2270,d,ón,47
2271,dr,á,47
2272,om,a,47
2273,on,ado,47
2274,p,as,47
2275, C,la,46
2276, albar,da,46
2277, am,ores,46
2278, and,aba,46
2279, bre,ve,46
2280, c,ien,46
2281, cabel,los,46
2282, cau,tivo,46
2283, cortes,ía,46
2284, cu,adri,46
2285, dar,me,46
2286, due,ño,46
2287, ent,iendo,46
2288, especi,almente,46
2289, estre,mo,46
2290, f,la,46
2291, f,ui,46
2292, fue,ran,46
2293, imag,inación,46
2294, in,t,46
2295, ma,es,46
2296, pe,da,46
2297, pri,mo,46
2298, r,ien,46
2299, sab,es,46
2300, su,ced,46
2301, sue,ño,46
2302, to,c,46
2303, v,iento,46
2304, ven,ido,46
2305, »,—,46
2306,b,les,46
2307,ci,dos,46
2308,f,al,46
2309,l,oria,46
2310,ándo,me,46
2311, A,hora,45
2312, Ro,dr,45
2313, Rodr,ígue,45
2314, Rodrígue,z,45
2315, alb,oro,45
2316, c,el,45
2317, c,ir,45
2318, conf,ir,45
2319, es,as,45
2320, escu,dos,45
2321, esper,anza,45
2322, f,an,45
2323, g,ri,45
2324, h,ue,45
2325, hor,as,45
2326, in,ven,45
2327, inst,ante,45
2328, j,ard,45
2329, m,ú,45
2330, ma,tar,45
2331, mes,a,45
2332, oy,ó,45
2333, pudi,ese,45
2334, quier,en,45
2335, rece,bir,45
2336, sab,io,45
2337, t,on,45
2338, tar,de,45
2339, to,car,45
2340, toda,vía,45
2341, tu,vieron,45
2342, vi,a,45
2343,C,ómo,45
2344,ca,to,45
2345,di,llas,45
2346,en,ta,45
2347,er,ía,45
2348,eros,a,45
2349,g,ame,45
2350,om,os,45
2351,one,la,45
2352,st,ad,45
2353,ó,le,45
2354, ,u,44
2355, A,r,44
2356, Amad,ís,44
2357, V,uest,44
2358, arri,ba,44
2359, bel,leza,44
2360, blan,co,44
2361, cas,te,44
2362, co,g,44
2363, cor,te,44
2364, cr,uel,44
2365, emper,ador,44
2366, escri,b,44
2367, fue,sen,44
2368, g,ar,44
2369, g,loria,44
2370, gener,al,44
2371, guer,ra,44
2372, hones,tidad,44
2373, l,í,44
2374, lar,go,44
2375, mal,i,44
2376, me,z,44
2377, mi,lag,44
2378, mon,o,44
2379, mor,ir,44
2380, mú,si,44
2381, pas,aron,44
2382, po,cos,44
2383, re,al,44
2384, s,omb,44
2385, se,pa,44
2386, tur,b,44
2387, árbol,es,44
2388,ci,eron,44
2389,ti,r,44
2390, B,osque,43
2391, Cu,ando,43
2392, D,iego,43
2393, ac,re,43
2394, ami,stad,43
2395, busc,ando,43
2396, con,tado,43
2397, con,ven,43
2398, cor,rer,43
2399, ent,er,43
2400, ex,per,43
2401, fa,ti,43
2402, he,chos,43
2403, imp,res,43
2404, liber,al,43
2405, lleg,ado,43
2406, llev,aba,43
2407, pal,a,43
2408, pe,or,43
2409, prim,er,43
2410, que,b,43
2411, sa,có,43
2412, ver,á,43
2413,d,era,43
2414,g,el,43
2415,gar,on,43
2416,i,miento,43
2417,ri,s,43
2418,ta,ción,43
2419, A,quí,42
2420, D,E,42
2421, Le,onela,42
2422, c,ru,42
2423, can,ón,42
2424, cau,ti,42
2425, cump,li,42
2426, desma,y,42
2427, di,ver,42
2428, du,l,42
2429, gu,st,42
2430, imp,osible,42
2431, indu,st,42
2432, lina,je,42
2433, llam,ado,42
2434, llev,ó,42
2435, m,om,42
2436, mej,ores,42
2437, men,u,42
2438, mo,ver,42
2439, pi,dió,42
2440, re,c,42
2441, t,esti,42
2442, te,mp,42
2443, tiemp,os,42
2444, val,ent,42
2445, verdad,eramente,42
2446, vi,vir,42
2447, vi,vo,42
2448, vuest,ros,42
2449,a,cho,42
2450,der,ez,42
2451,e,tas,42
2452,er,an,42
2453,eros,os,42
2454,i,za,42
2455,l,los,42
2456,n,as,42
2457,t,ero,42
2458,ui,s,42
2459, I,n,41
2460, L,as,41
2461, a,bajo,41
2462, agravi,o,41
2463, al,aban,41
2464, al,to,41
2465, ar,mado,41
2466, c,ré,41
2467, conf,us,41
2468, cu,ri,41
2469, duque,s,41
2470, jard,ín,41
2471, llev,a,41
2472, man,te,41
2473, mí,as,41
2474, oy,eron,41
2475, parti,cu,41
2476, particu,lar,41
2477, pas,e,41
2478, r,ue,41
2479, segu,ro,41
2480, segun,da,41
2481, señ,as,41
2482, tra,je,41
2483, ve,cin,41
2484, veng,anza,41
2485, via,je,41
2486, y,el,41
2487,ci,d,41
2488,es,as,41
2489,n,es,41
2490,re,des,41
2491,u,las,41
2492, A,d,40
2493, Qui,teria,40
2494, T,om,40
2495, X,X,40
2496, a,ce,40
2497, admira,ción,40
2498, agu,ar,40
2499, aleg,re,40
2500, apro,ve,40
2501, bas,t,40
2502, cam,a,40
2503, canón,igo,40
2504, con,des,40
2505, conf,es,40
2506, contrar,io,40
2507, costu,mbre,40
2508, dam,as,40
2509, de,mas,40
2510, en,fer,40
2511, es,cog,40
2512, es,os,40
2513, est,or,40
2514, f,á,40
2515, hici,ese,40
2516, ley,es,40
2517, m,é,40
2518, mal,os,40
2519, o,idor,40
2520, par,ar,40
2521, pas,tores,40
2522, q,uin,40
2523, segui,r,40
2524, sig,los,40
2525, sol,ici,40
2526, su,b,40
2527, su,je,40
2528, su,p,40
2529, susp,ir,40
2530, ver,as,40
2531, ver,se,40
2532, vi,s,40
2533, yel,mo,40
2534,c,un,40
2535,en,der,40
2536,es,per,40
2537,jo,le,40
2538,le,b,40
2539,p,es,40
2540,p,or,40
2541,se,ñ,40
2542,tar,on,40
2543,é,se,40
2544, ,uso,39
2545, M,al,39
2546, alz,ó,39
2547, am,ena,39
2548, b,r,39
2549, c,uel,39
2550, ca,í,39
2551, con,ciencia,39
2552, cuadri,ll,39
2553, dam,a,39
2554, desdich,ado,39
2555, di,entes,39
2556, discre,ta,39
2557, imper,tin,39
2558, le,guas,39
2559, le,tra,39
2560, mayor,do,39
2561, mez,c,39
2562, mí,os,39
2563, pi,de,39
2564, pod,ían,39
2565, ro,dillas,39
2566, señ,ales,39
2567, t,r,39
2568, v,ienen,39
2569, va,ya,39
2570,an,ta,39
2571,i,oso,39
2572,ier,an,39
2573,ti,da,39
2574, C,ide,38
2575, E,sto,38
2576, F,ran,38
2577, G,u,38
2578, H,ame,38
2579, Ju,an,38
2580, L,uis,38
2581, Mi,ra,38
2582, R,ico,38
2583, S,al,38
2584, Tri,fal,38
2585, Vuest,ra,38
2586, ab,un,38
2587, ac,onse,38
2588, ah,or,38
2589, al,c,38
2590, b,eb,38
2591, bas,ta,38
2592, cam,inos,38
2593, ce,los,38
2594, cir,cun,38
2595, come,di,38
2596, con,fi,38
2597, cono,zco,38
2598, cu,ál,38
2599, dej,a,38
2600, di,cha,38
2601, di,fi,38
2602, difi,cul,38
2603, dilig,encia,38
2604, din,ero,38
2605, dona,ire,38
2606, g,rado,38
2607, h,ábi,38
2608, hall,aron,38
2609, levan,tó,38
2610, man,ce,38
2611, mayordo,mo,38
2612, menti,ra,38
2613, or,dinar,38
2614, per,las,38
2615, raz,on,38
2616, rep,os,38
2617, sal,ido,38
2618, t,ir,38
2619, vi,ejo,38
2620,E,n,38
2621,all,as,38
2622,ar,le,38
2623,c,ri,38
2624,j,u,38
2625,les,ia,38
2626,que,s,38
2627,t,ándose,38
2628,u,m,38
2629,ándo,la,38
2630,í,os,38
2631, Hame,te,37
2632, ca,ído,37
2633, capi,tán,37
2634, des,esper,37
2635, desvent,ura,37
2636, enc,omen,37
2637, entramb,os,37
2638, fir,me,37
2639, gal,eras,37
2640, ha,cían,37
2641, har,á,37
2642, in,di,37
2643, in,ter,37
2644, ju,sto,37
2645, jun,tos,37
2646, la,dr,37
2647, mol,ido,37
2648, most,raba,37
2649, pa,ciencia,37
2650, repres,ent,37
2651, sal,a,37
2652, tem,er,37
2653, tran,s,37
2654, tu,viera,37
2655, v,amos,37
2656, v,ar,37
2657, vi,ese,37
2658,ad,amente,37
2659,amb,r,37
2660,c,ador,37
2661,c,uen,37
2662,có,mo,37
2663,en,os,37
2664,f,o,37
2665,g,lesia,37
2666,l,le,37
2667,s,ado,37
2668,á,la,37
2669, A,p,36
2670, Cam,acho,36
2671, M,u,36
2672, S,a,36
2673, ag,rad,36
2674, an,o,36
2675, ap,re,36
2676, ar,ti,36
2677, arre,me,36
2678, aver,igu,36
2679, ba,ja,36
2680, eje,cu,36
2681, en,señ,36
2682, exper,iencia,36
2683, f,ra,36
2684, fá,cil,36
2685, g,entes,36
2686, grand,ísimo,36
2687, har,ía,36
2688, labrad,ora,36
2689, las,ti,36
2690, mal,di,36
2691, o,cho,36
2692, ob,li,36
2693, oblig,ado,36
2694, pal,os,36
2695, pas,os,36
2696, prosig,uió,36
2697, re,ti,36
2698, rey,es,36
2699, ri,que,36
2700, satis,fe,36
2701, ser,lo,36
2702, sos,pe,36
2703, t,ítulo,36
2704, torn,ó,36
2705, tra,tar,36
2706, traba,jos,36
2707, vini,ese,36
2708, vol,vieron,36
2709,ci,er,36
2710,e,zas,36
2711,h,e,36
2712,i,to,36
2713,i,z,36
2714,j,ado,36
2715,olor,ida,36
2716, D,olorida,35
2717, L,uego,35
2718, M,ir,35
2719, P,as,35
2720, Rico,te,35
2721, San,ta,35
2722, ad,orn,35
2723, an,to,35
2724, aprove,ch,35
2725, cel,ada,35
2726, cor,respon,35
2727, cos,ta,35
2728, cre,yendo,35
2729, cristi,ana,35
2730, de,sto,35
2731, dec,ían,35
2732, do,ce,35
2733, encantad,or,35
2734, enga,ño,35
2735, entra,ñas,35
2736, fer,mos,35
2737, gol,pe,35
2738, gra,ve,35
2739, he,cha,35
2740, imag,ino,35
2741, indust,ria,35
2742, l,an,35
2743, llev,ado,35
2744, locu,ras,35
2745, ob,e,35
2746, pas,ados,35
2747, peda,zos,35
2748, pon,dr,35
2749, pre,mi,35
2750, pres,teza,35
2751, profes,ión,35
2752, prosig,ue,35
2753, pun,ta,35
2754, que,daba,35
2755, que,rido,35
2756, ten,emos,35
2757, vir,tu,35
2758, é,stos,35
2759,),",",35
2760,-,",",35
2761,am,bién,35
2762,an,to,35
2763,ci,to,35
2764,e,ce,35
2765,g,aba,35
2766,g,i,35
2767,j,ada,35
2768,m,ero,35
2769,rar,on,35
2770,ten,cia,35
2771,éndo,la,35
2772,éndo,me,35
2773, G,re,34
2774, V,er,34
2775, ade,m,34
2776, al,for,34
2777, as,im,34
2778, asim,esmo,34
2779, aus,encia,34
2780, bar,ba,34
2781, ce,leb,34
2782, co,che,34
2783, cont,ent,34
2784, cual,quiera,34
2785, d,ol,34
2786, d,á,34
2787, del,las,34
2788, des,pa,34
2789, eje,mp,34
2790, enc,on,34
2791, faci,lidad,34
2792, hacer,se,34
2793, hi,ce,34
2794, le,cho,34
2795, llev,aban,34
2796, llor,ar,34
2797, mo,za,34
2798, mé,di,34
2799, n,ari,34
2800, n,ú,34
2801, oy,endo,34
2802, pa,t,34
2803, pare,cen,34
2804, pe,lo,34
2805, r,in,34
2806, reci,bió,34
2807, ref,ran,34
2808, sal,e,34
2809, sol,dado,34
2810, somb,ra,34
2811, us,ar,34
2812, ver,ás,34
2813, za,pa,34
2814,ci,dad,34
2815,d,ían,34
2816,di,dad,34
2817,di,dos,34
2818,fi,ci,34
2819,i,mos,34
2820,m,á,34
2821,ra,mos,34
2822,t,í,34
2823,tar,se,34
2824,tu,mb,34
2825,uest,as,34
2826,vi,ó,34
2827, B,ar,33
2828, E,sta,33
2829, acome,ter,33
2830, ad,or,33
2831, alfor,jas,33
2832, an,dado,33
2833, an,im,33
2834, an,si,33
2835, and,u,33
2836, bar,ca,33
2837, blan,ca,33
2838, c,olor,33
2839, com,un,33
2840, comp,on,33
2841, con,ce,33
2842, cual,quier,33
2843, cuel,lo,33
2844, decir,se,33
2845, dej,aba,33
2846, der,rib,33
2847, en,cen,33
2848, en,f,33
2849, encanta,mento,33
2850, est,amos,33
2851, j,ue,33
2852, ja,ula,33
2853, ju,rar,33
2854, man,dar,33
2855, n,u,33
2856, natural,eza,33
2857, nú,mero,33
2858, ofre,ci,33
2859, poner,se,33
2860, pun,tu,33
2861, refran,es,33
2862, segun,do,33
2863, sepul,tura,33
2864, so,le,33
2865, tem,eroso,33
2866, val,e,33
2867,ar,e,33
2868,cios,a,33
2869,g,ando,33
2870,g,no,33
2871,g,uen,33
2872,g,áis,33
2873,m,ent,33
2874,t,és,33
2875,tó,se,33
2876,v,ino,33
2877,áb,ase,33
2878,ér,onse,33
2879,í,r,33
2880, ,jo,32
2881, ,ora,32
2882, ,Á,32
2883, E,ste,32
2884, H,er,32
2885, am,an,32
2886, an,cas,32
2887, at,ra,32
2888, ayu,da,32
2889, b,esti,32
2890, b,osque,32
2891, bur,las,32
2892, carn,e,32
2893, condes,a,32
2894, cu,chil,32
2895, d,aban,32
2896, d,uer,32
2897, defen,der,32
2898, dej,e,32
2899, dese,aba,32
2900, desen,v,32
2901, di,rá,32
2902, ech,ó,32
2903, emp,res,32
2904, esper,aba,32
2905, est,ás,32
2906, gal,eo,32
2907, h,in,32
2908, habl,ando,32
2909, imp,osi,32
2910, mal,an,32
2911, man,dado,32
2912, mance,bo,32
2913, mere,ce,32
2914, p,lu,32
2915, pláti,cas,32
2916, pon,e,32
2917, princip,ales,32
2918, pue,des,32
2919, quer,éis,32
2920, qui,t,32
2921, res,ca,32
2922, rev,és,32
2923, rien,das,32
2924, ro,gó,32
2925, si,quiera,32
2926, vi,zca,32
2927, volvi,éndose,32
2928, y,er,32
2929,cin,a,32
2930,es,o,32
2931,es,p,32
2932,ri,dad,32
2933,ue,las,32
2934, C,as,31
2935, Es,pe,31
2936, Fran,cia,31
2937, G,ran,31
2938, M,or,31
2939, Mari,tor,31
2940, Maritor,nes,31
2941, P,ara,31
2942, T,ra,31
2943, V,iendo,31
2944, a,se,31
2945, a,ven,31
2946, acu,dir,31
2947, ba,cía,31
2948, cal,le,31
2949, cam,inar,31
2950, conf,or,31
2951, cono,ció,31
2952, cré,dito,31
2953, dej,aron,31
2954, dej,ase,31
2955, demas,i,31
2956, dere,cho,31
2957, descub,rir,31
2958, desen,ga,31
2959, desp,o,31
2960, di,era,31
2961, famos,os,31
2962, fue,n,31
2963, gan,ado,31
2964, gobern,ar,31
2965, gra,cia,31
2966, h,allo,31
2967, haber,le,31
2968, hall,é,31
2969, in,vi,31
2970, ju,ro,31
2971, mom,ento,31
2972, most,ró,31
2973, p,le,31
2974, pare,ci,31
2975, per,don,31
2976, per,mi,31
2977, podr,é,31
2978, pr,ud,31
2979, prín,cip,31
2980, príncip,es,31
2981, que,do,31
2982, quisi,ese,31
2983, re,d,31
2984, resp,eto,31
2985, s,omos,31
2986, sal,ieron,31
2987, sol,os,31
2988, sos,iego,31
2989, suspir,os,31
2990, to,p,31
2991, tu,ve,31
2992, valent,ía,31
2993, vent,ana,31
2994, ver,le,31
2995, vuel,ta,31
2996,"""",.,31
2997,.,»,31
2998,P,or,31
2999,ce,la,31
3000,d,ando,31
3001,er,en,31
3002,i,ones,31
3003,il,lo,31
3004,in,ta,31
3005,m,or,31
3006,mon,os,31
3007,t,res,31
3008,v,in,31
3009,ñ,ado,31
3010, H,í,30
3011, L,or,30
3012, Lor,en,30
3013, Loren,zo,30
3014, T,ambién,30
3015, Trifal,di,30
3016, acos,tumb,30
3017, anti,gu,30
3018, ayu,dar,30
3019, ben,e,30
3020, cal,idad,30
3021, cam,is,30
3022, car,re,30
3023, cas,as,30
3024, circun,st,30
3025, co,lo,30
3026, cuen,tan,30
3027, de,bió,30
3028, descub,ierto,30
3029, determin,ado,30
3030, difer,entes,30
3031, do,ctor,30
3032, en,ca,30
3033, en,v,30
3034, encan,tada,30
3035, est,ó,30
3036, estra,ña,30
3037, estó,ma,30
3038, fan,tas,30
3039, forz,oso,30
3040, gig,antes,30
3041, hacer,le,30
3042, hábi,to,30
3043, imag,inar,30
3044, lleg,aba,30
3045, m,ad,30
3046, mu,las,30
3047, ne,ce,30
3048, no,ve,30
3049, pen,i,30
3050, pon,ga,30
3051, prome,tido,30
3052, qui,tó,30
3053, re,go,30
3054, reci,b,30
3055, sal,ida,30
3056, servi,cio,30
3057, sobresal,to,30
3058, sol,as,30
3059, sol,dados,30
3060, t,ab,30
3061, vent,era,30
3062, verdad,eras,30
3063, vizca,íno,30
3064, volvi,ese,30
3065, é,stas,30
3066,?,;,30
3067,E,s,30
3068,ad,me,30
3069,c,ad,30
3070,c,ada,30
3071,cel,encia,30
3072,di,das,30
3073,e,ció,30
3074,jes,tad,30
3075,l,ados,30
3076,m,es,30
3077,m,ó,30
3078,ma,ción,30
3079,mb,res,30
3080,t,able,30
3081,t,ri,30
3082,t,un,30
3083,tó,li,30
3084,v,al,30
3085,v,iene,30
3086,ér,onle,30
3087,ése,mos,30
3088,í,ri,30
3089,ísi,mos,30
3090, ,z,29
3091, G,ris,29
3092, Gris,ó,29
3093, Grisó,st,29
3094, Grisóst,omo,29
3095, P,o,29
3096, a,cog,29
3097, ab,ri,29
3098, agrad,able,29
3099, arti,ficio,29
3100, baj,el,29
3101, c,ad,29
3102, c,la,29
3103, comp,as,29
3104, deb,o,29
3105, decir,le,29
3106, dej,é,29
3107, determ,inación,29
3108, di,ab,29
3109, di,jer,29
3110, di,st,29
3111, e,ter,29
3112, eno,jo,29
3113, entrar,on,29
3114, esp,íri,29
3115, f,lor,29
3116, feli,ce,29
3117, guar,da,29
3118, hab,ili,29
3119, homb,ros,29
3120, imp,rim,29
3121, la,ca,29
3122, mes,mos,29
3123, mu,la,29
3124, mu,rm,29
3125, neg,ro,29
3126, ofre,ció,29
3127, pare,cido,29
3128, pen,dencia,29
3129, po,etas,29
3130, puer,tas,29
3131, re,t,29
3132, rep,ar,29
3133, rom,an,29
3134, sos,eg,29
3135, tom,ado,29
3136, tru,j,29
3137, térm,inos,29
3138, vi,llano,29
3139, volv,iendo,29
3140, É,l,29
3141,d,ese,29
3142,dad,a,29
3143,dar,se,29
3144,i,zo,29
3145,ier,ra,29
3146,j,aba,29
3147,mb,ros,29
3148,po,co,29
3149,t,ón,29
3150, E,lla,28
3151, En,t,28
3152, Espe,jos,28
3153, H,e,28
3154, M,er,28
3155, Mar,cela,28
3156, O,yendo,28
3157, P,er,28
3158, R,esp,28
3159, T,osi,28
3160, Tosi,los,28
3161, a,mp,28
3162, a,z,28
3163, acab,ado,28
3164, ano,che,28
3165, b,al,28
3166, bar,co,28
3167, ca,ña,28
3168, carn,es,28
3169, com,ún,28
3170, comp,adre,28
3171, con,ver,28
3172, conf,uso,28
3173, contin,u,28
3174, cu,yas,28
3175, de,tu,28
3176, dere,cha,28
3177, dese,mb,28
3178, desh,on,28
3179, di,la,28
3180, di,vi,28
3181, encon,t,28
3182, famos,a,28
3183, hab,lado,28
3184, inf,anta,28
3185, inf,ierno,28
3186, m,ente,28
3187, mal,as,28
3188, mal,o,28
3189, menes,t,28
3190, mor,is,28
3191, mucha,cho,28
3192, na,cido,28
3193, nari,ces,28
3194, nomb,res,28
3195, nue,vos,28
3196, pare,ciéndole,28
3197, parti,da,28
3198, peque,ño,28
3199, per,eg,28
3200, pla,za,28
3201, procu,rar,28
3202, prom,esas,28
3203, pu,ñ,28
3204, qui,era,28
3205, quisier,es,28
3206, ret,ablo,28
3207, ros,tros,28
3208, s,ano,28
3209, secre,to,28
3210, sola,mente,28
3211, suspen,so,28
3212, ter,cer,28
3213, tra,ído,28
3214, v,osotros,28
3215, ven,ced,28
3216, É,ste,28
3217, áni,ma,28
3218, íns,ulas,28
3219, últi,mo,28
3220,c,ón,28
3221,ch,ado,28
3222,e,go,28
3223,g,amos,28
3224,g,e,28
3225,i,res,28
3226,j,an,28
3227,ol,es,28
3228,osi,dad,28
3229,r,ían,28
3230,sa,tivo,28
3231,t,era,28
3232,t,ino,28
3233,t,á,28
3234,tas,en,28
3235,ti,eron,28
3236,vi,esen,28
3237,ár,onle,28
3238, A,b,27
3239, N,i,27
3240, T,en,27
3241, a,derez,27
3242, acer,ca,27
3243, af,ir,27
3244, agu,as,27
3245, al,iento,27
3246, and,aban,27
3247, ar,m,27
3248, b,an,27
3249, ca,pítulo,27
3250, ca,y,27
3251, car,tas,27
3252, comenz,aron,27
3253, con,c,27
3254, con,de,27
3255, con,viene,27
3256, cons,enti,27
3257, cuer,do,27
3258, desc,om,27
3259, desc,on,27
3260, despe,cho,27
3261, deten,er,27
3262, determin,ó,27
3263, empres,a,27
3264, escu,ad,27
3265, escu,do,27
3266, esper,anzas,27
3267, estu,viese,27
3268, estóma,go,27
3269, f,igu,27
3270, f,ru,27
3271, gob,ier,27
3272, gra,cioso,27
3273, h,ier,27
3274, hall,aba,27
3275, hici,era,27
3276, l,lo,27
3277, llev,an,27
3278, lugar,es,27
3279, man,ifi,27
3280, p,úbli,27
3281, pas,ada,27
3282, pens,ó,27
3283, per,dón,27
3284, per,si,27
3285, pon,i,27
3286, pr,ue,27
3287, re,inos,27
3288, rebuz,n,27
3289, ro,gar,27
3290, segu,ra,27
3291, semej,ante,27
3292, sie,te,27
3293, simp,le,27
3294, su,a,27
3295, su,pi,27
3296, suced,er,27
3297, t,uer,27
3298, t,ío,27
3299, tam,poco,27
3300, trans,for,27
3301, tre,inta,27
3302, ven,gar,27
3303,ar,á,27
3304,c,ando,27
3305,e,ja,27
3306,en,za,27
3307,er,v,27
3308,j,ero,27
3309,l,ad,27
3310,l,ada,27
3311,l,ores,27
3312,l,ín,27
3313,or,te,27
3314,rar,se,27
3315,ri,da,27
3316,ue,la,27
3317,v,iere,27
3318,vi,le,27
3319,é,li,27
3320,ér,se,27
3321, ,á,26
3322, F,ue,26
3323, Ga,ula,26
3324, Mer,lín,26
3325, V,ol,26
3326, admira,dos,26
3327, al,tas,26
3328, al,tos,26
3329, as,ió,26
3330, atrevi,do,26
3331, bus,ca,26
3332, car,r,26
3333, como,didad,26
3334, consi,dera,26
3335, cor,tés,26
3336, cuan,tas,26
3337, desnu,do,26
3338, diab,los,26
3339, dign,a,26
3340, estra,ño,26
3341, estudi,ante,26
3342, f,lores,26
3343, hacer,me,26
3344, hermos,o,26
3345, hones,ta,26
3346, impertin,ente,26
3347, laca,yo,26
3348, ladr,ón,26
3349, lle,ga,26
3350, m,á,26
3351, mali,cia,26
3352, médi,co,26
3353, no,ble,26
3354, of,en,26
3355, pe,día,26
3356, pen,sativo,26
3357, peni,tencia,26
3358, peque,ña,26
3359, pier,nas,26
3360, pro,bar,26
3361, prof,un,26
3362, puest,os,26
3363, que,dan,26
3364, r,ú,26
3365, respon,día,26
3366, ri,cos,26
3367, supli,co,26
3368, tra,za,26
3369, val,ientes,26
3370, vi,si,26
3371, vi,éndose,26
3372, y,e,26
3373,"""",",",26
3374,a,y,26
3375,ad,ero,26
3376,cios,os,26
3377,d,ri,26
3378,es,es,26
3379,g,ada,26
3380,g,ados,26
3381,gü,enza,26
3382,in,e,26
3383,j,adas,26
3384,l,adas,26
3385,re,h,26
3386,t,iendo,26
3387,til,las,26
3388, A,le,25
3389, B,lan,25
3390, Gre,gor,25
3391, Gregor,io,25
3392, M,ic,25
3393, Ma,jestad,25
3394, Mic,om,25
3395, Micom,ic,25
3396, a,ta,25
3397, acer,tar,25
3398, al,i,25
3399, ase,gu,25
3400, bast,ante,25
3401, c,ierta,25
3402, ca,tóli,25
3403, caball,os,25
3404, caste,llano,25
3405, caí,da,25
3406, confor,me,25
3407, conse,jos,25
3408, d,ob,25
3409, de,par,25
3410, de,t,25
3411, desc,ui,25
3412, desenv,ol,25
3413, desh,a,25
3414, du,ra,25
3415, du,ro,25
3416, dul,ce,25
3417, dí,game,25
3418, dí,jole,25
3419, emb,u,25
3420, ent,rado,25
3421, entra,da,25
3422, es,co,25
3423, espa,ñ,25
3424, fu,ria,25
3425, g,enti,25
3426, gobern,adores,25
3427, imp,ro,25
3428, impor,tan,25
3429, in,s,25
3430, ingen,ioso,25
3431, inst,ru,25
3432, ir,se,25
3433, jura,mento,25
3434, le,gua,25
3435, limp,io,25
3436, lleg,ándose,25
3437, m,ien,25
3438, m,ár,25
3439, maes,tres,25
3440, maestres,ala,25
3441, maravi,lla,25
3442, miser,ic,25
3443, miseric,or,25
3444, neces,ario,25
3445, obli,ga,25
3446, pe,cado,25
3447, pie,dra,25
3448, po,cas,25
3449, pob,res,25
3450, pre,ten,25
3451, pu,ro,25
3452, qui,tado,25
3453, re,mo,25
3454, re,qui,25
3455, rece,bido,25
3456, rego,ci,25
3457, rep,reh,25
3458, respon,de,25
3459, ri,gor,25
3460, ri,gu,25
3461, sal,vo,25
3462, senti,do,25
3463, ten,dido,25
3464, tendr,é,25
3465, tercer,a,25
3466, tur,cos,25
3467, v,ier,25
3468, ve,ía,25
3469, ver,me,25
3470, vuel,ve,25
3471,A,y,25
3472,am,an,25
3473,ar,o,25
3474,bi,da,25
3475,d,án,25
3476,dar,on,25
3477,den,cias,25
3478,don,os,25
3479,es,tas,25
3480,g,ase,25
3481,il,las,25
3482,os,as,25
3483,t,ía,25
3484,tor,io,25
3485,v,ier,25
3486,é,redes,25
3487, B,en,24
3488, D,el,24
3489, I,glesia,24
3490, Resp,on,24
3491, Ver,dad,24
3492, acu,dió,24
3493, admi,rado,24
3494, alaban,zas,24
3495, alcan,za,24
3496, ami,ga,24
3497, ap,a,24
3498, apar,te,24
3499, apri,esa,24
3500, aqué,lla,24
3501, aten,ción,24
3502, avi,so,24
3503, b,ue,24
3504, bre,ves,24
3505, c,ere,24
3506, ca,za,24
3507, car,ga,24
3508, cas,ar,24
3509, cere,mon,24
3510, cie,los,24
3511, compañ,eros,24
3512, cons,ol,24
3513, cre,y,24
3514, cuadrill,eros,24
3515, dar,á,24
3516, desencan,to,24
3517, desgra,cias,24
3518, desp,i,24
3519, di,si,24
3520, dé,j,24
3521, ech,ado,24
3522, emb,a,24
3523, en,gen,24
3524, en,s,24
3525, encantad,os,24
3526, enten,dió,24
3527, entreten,er,24
3528, esp,ero,24
3529, est,ancia,24
3530, f,ran,24
3531, for,tal,24
3532, hon,rado,24
3533, honra,da,24
3534, importan,cia,24
3535, inc,on,24
3536, infini,tos,24
3537, inven,ción,24
3538, j,orn,24
3539, lar,ga,24
3540, lig,er,24
3541, liger,eza,24
3542, malan,dr,24
3543, mente,cato,24
3544, neces,ar,24
3545, obe,de,24
3546, ocu,p,24
3547, orden,ó,24
3548, pa,ño,24
3549, pat,ria,24
3550, pe,chos,24
3551, pelig,ros,24
3552, per,dido,24
3553, persuad,ir,24
3554, pon,ía,24
3555, poner,me,24
3556, pre,ven,24
3557, prop,io,24
3558, pu,l,24
3559, puntu,al,24
3560, re,lig,24
3561, rú,sti,24
3562, satisfe,cho,24
3563, sen,tado,24
3564, sob,erb,24
3565, su,bió,24
3566, tal,ante,24
3567, ten,éis,24
3568, tom,ando,24
3569, ton,to,24
3570, tra,igo,24
3571, tra,ían,24
3572, tre,cho,24
3573, vecin,o,24
3574, vol,vía,24
3575, vuel,va,24
3576, y,endo,24
3577,V,ála,24
3578,am,o,24
3579,d,ándose,24
3580,e,jos,24
3581,gra,de,24
3582,i,esen,24
3583,i,les,24
3584,i,ta,24
3585,i,tos,24
3586,l,li,24
3587,l,í,24
3588,o,y,24
3589,r,ales,24
3590,u,ci,24
3591,z,ado,24
3592,z,ando,24
3593,á,ban,24
3594, '',¡,23
3595, Hí,zo,23
3596, Le,van,23
3597, N,uest,23
3598, P,reguntó,23
3599, R,ol,23
3600, T,ú,23
3601, a,dar,23
3602, a,di,23
3603, ab,ras,23
3604, ab,rió,23
3605, acer,tado,23
3606, adem,ás,23
3607, ar,te,23
3608, arreme,tió,23
3609, arro,jó,23
3610, avent,ur,23
3611, b,e,23
3612, b,ron,23
3613, blan,cas,23
3614, bue,y,23
3615, can,tidad,23
3616, cono,cimiento,23
3617, conven,ía,23
3618, cor,ral,23
3619, dij,eron,23
3620, discre,tos,23
3621, do,cen,23
3622, favor,ecer,23
3623, fe,cho,23
3624, g,or,23
3625, gol,pes,23
3626, hab,ido,23
3627, har,to,23
3628, humil,de,23
3629, i,do,23
3630, impor,ta,23
3631, inf,or,23
3632, inten,to,23
3633, jun,tamente,23
3634, l,ien,23
3635, l,in,23
3636, lleg,ue,23
3637, mi,ró,23
3638, má,qu,23
3639, pare,cían,23
3640, pe,cador,23
3641, pereg,r,23
3642, pobre,za,23
3643, qui,se,23
3644, re,ver,23
3645, repreh,en,23
3646, roman,ce,23
3647, sal,iese,23
3648, san,de,23
3649, señor,ía,23
3650, si,tio,23
3651, sust,entar,23
3652, t,es,23
3653, ten,iendo,23
3654, tra,du,23
3655, us,an,23
3656, ve,la,23
3657, ven,ida,23
3658, ver,güenza,23
3659, vi,éndole,23
3660, vis,orre,23
3661, visorre,y,23
3662,?,'',23
3663,A,N,23
3664,II,I,23
3665,all,os,23
3666,b,ada,23
3667,b,ia,23
3668,c,é,23
3669,ce,dió,23
3670,ce,me,23
3671,ch,ar,23
3672,ch,es,23
3673,d,ónde,23
3674,de,mos,23
3675,den,es,23
3676,e,as,23
3677,e,jas,23
3678,ier,tas,23
3679,in,al,23
3680,in,tió,23
3681,in,to,23
3682,ió,se,23
3683,llan,a,23
3684,ob,is,23
3685,omb,re,23
3686,re,z,23
3687,ri,ca,23
3688,t,oria,23
3689,ve,d,23
3690,vi,lla,23
3691,áb,amos,23
3692,ás,emos,23
3693,ó,r,23
3694, E,x,22
3695, Ex,celencia,22
3696, G,in,22
3697, Hízo,lo,22
3698, Rol,dán,22
3699, S,ólo,22
3700, ab,orre,22
3701, adver,ti,22
3702, aleg,ría,22
3703, ay,er,22
3704, b,ol,22
3705, blan,da,22
3706, c,ara,22
3707, c,es,22
3708, c,lara,22
3709, cab,ras,22
3710, casti,gar,22
3711, co,la,22
3712, con,vi,22
3713, cor,ona,22
3714, cor,ri,22
3715, de,p,22
3716, des,al,22
3717, des,vi,22
3718, desenvol,tura,22
3719, desp,os,22
3720, diver,sas,22
3721, dá,di,22
3722, ejecu,ción,22
3723, ejemp,lo,22
3724, enc,uen,22
3725, es,ca,22
3726, es,car,22
3727, escuch,ando,22
3728, estre,che,22
3729, está,is,22
3730, f,ab,22
3731, f,res,22
3732, h,uir,22
3733, haber,se,22
3734, histor,i,22
3735, hu,r,22
3736, i,z,22
3737, impro,vi,22
3738, l,uen,22
3739, l,una,22
3740, le,ones,22
3741, len,guas,22
3742, lle,vo,22
3743, lá,sti,22
3744, mem,or,22
3745, mes,es,22
3746, milag,ro,22
3747, most,rado,22
3748, muer,ta,22
3749, már,m,22
3750, ni,e,22
3751, ordinar,io,22
3752, p,rado,22
3753, papel,es,22
3754, per,fe,22
3755, pien,sa,22
3756, pin,tado,22
3757, pod,éis,22
3758, poner,le,22
3759, pos,es,22
3760, pu,de,22
3761, pus,iese,22
3762, quin,ce,22
3763, r,on,22
3764, r,ío,22
3765, re,don,22
3766, ref,rán,22
3767, remedi,ar,22
3768, rep,úbli,22
3769, ri,ca,22
3770, rique,zas,22
3771, sa,cado,22
3772, ser,án,22
3773, sin,tió,22
3774, su,yos,22
3775, tal,le,22
3776, ve,e,22
3777, ven,cimiento,22
3778, vesti,da,22
3779, vi,u,22
3780, vin,ieron,22
3781, y,erb,22
3782, yerb,as,22
3783,as,a,22
3784,b,as,22
3785,c,aba,22
3786,ci,ble,22
3787,cier,to,22
3788,cu,lo,22
3789,di,o,22
3790,e,le,22
3791,ent,as,22
3792,i,lla,22
3793,i,zar,22
3794,ig,uió,22
3795,j,ér,22
3796,mo,h,22
3797,r,se,22
3798,t,ín,22
3799,tan,es,22
3800,tar,me,22
3801,ti,go,22
3802,un,o,22
3803,var,o,22
3804,y,e,22
3805,z,an,22
3806,í,ti,22
3807, Blan,ca,21
3808, C,lara,21
3809, Her,man,21
3810, Herman,dad,21
3811, M,e,21
3812, S,ierra,21
3813, San,chi,21
3814, Sanchi,ca,21
3815, Z,ara,21
3816, Zara,go,21
3817, Zarago,za,21
3818, a,mb,21
3819, ad,ónde,21
3820, af,lig,21
3821, ar,z,21
3822, at,ón,21
3823, aten,to,21
3824, atrevi,miento,21
3825, bella,co,21
3826, ca,yó,21
3827, call,es,21
3828, can,tar,21
3829, co,di,21
3830, cob,ar,21
3831, confus,ión,21
3832, d,ándole,21
3833, da,ga,21
3834, deb,ían,21
3835, defen,sa,21
3836, del,ic,21
3837, desc,uido,21
3838, desdich,ada,21
3839, di,cip,21
3840, difer,encia,21
3841, dij,era,21
3842, discre,tas,21
3843, du,rm,21
3844, e,jér,21
3845, entien,de,21
3846, escri,bió,21
3847, escri,tos,21
3848, esti,lo,21
3849, figu,ras,21
3850, galeo,tes,21
3851, go,zar,21
3852, hab,la,21
3853, hay,an,21
3854, imposi,bi,21
3855, in,gra,21
3856, inc,lin,21
3857, iz,quier,21
3858, ja,ez,21
3859, ju,stas,21
3860, lab,ios,21
3861, le,al,21
3862, le,g,21
3863, ll,ena,21
3864, llam,ó,21
3865, ma,gn,21
3866, maravi,llas,21
3867, men,or,21
3868, misericor,dia,21
3869, mo,h,21
3870, mon,te,21
3871, máqu,ina,21
3872, na,cí,21
3873, ofreci,mientos,21
3874, pa,ga,21
3875, pa,gado,21
3876, pas,t,21
3877, past,ora,21
3878, per,j,21
3879, per,se,21
3880, perj,uicio,21
3881, pes,o,21
3882, pros,eg,21
3883, prud,ente,21
3884, prue,ba,21
3885, puest,as,21
3886, r,eno,21
3887, re,ír,21
3888, red,un,21
3889, sent,encias,21
3890, senti,miento,21
3891, si,gn,21
3892, simp,li,21
3893, sole,dad,21
3894, suspen,sos,21
3895, tem,erosa,21
3896, tem,iendo,21
3897, to,can,21
3898, tom,a,21
3899, tra,idor,21
3900, tri,go,21
3901, tri,un,21
3902, v,ul,21
3903, ven,dr,21
3904, ven,drá,21
3905, ven,id,21
3906, vent,u,21
3907, ver,éis,21
3908, vi,va,21
3909,A,h,21
3910,ad,es,21
3911,c,on,21
3912,ch,oso,21
3913,d,anza,21
3914,d,ras,21
3915,di,ente,21
3916,er,ías,21
3917,es,tro,21
3918,es,ía,21
3919,g,eli,21
3920,i,f,21
3921,j,arse,21
3922,r,eros,21
3923,ra,das,21
3924,ra,g,21
3925,ri,st,21
3926,ue,ra,21
3927,í,e,21
3928, ,ún,20
3929, A,cu,20
3930, Ap,enas,20
3931, Ar,gel,20
3932, C,or,20
3933, Cla,u,20
3934, Est,ando,20
3935, H,ab,20
3936, L,A,20
3937, T,ur,20
3938, To,dos,20
3939, X,L,20
3940, XX,X,20
3941, a,st,20
3942, ab,rir,20
3943, abun,dan,20
3944, acab,e,20
3945, and,an,20
3946, ar,ran,20
3947, arri,ero,20
3948, arz,obis,20
3949, atra,ves,20
3950, b,á,20
3951, bat,allas,20
3952, breve,dad,20
3953, bron,ce,20
3954, c,iencia,20
3955, ca,pa,20
3956, caballer,iza,20
3957, cam,ar,20
3958, cam,pos,20
3959, can,to,20
3960, cob,rar,20
3961, colo,qui,20
3962, com,ido,20
3963, come,dia,20
3964, con,tigo,20
3965, cono,ce,20
3966, cor,ta,20
3967, cos,tillas,20
3968, cu,rar,20
3969, cub,ierto,20
3970, dar,ía,20
3971, de,do,20
3972, der,ra,20
3973, des,can,20
3974, descub,rió,20
3975, det,rás,20
3976, di,esen,20
3977, di,me,20
3978, enamor,ados,20
3979, enci,erra,20
3980, enten,dido,20
3981, escu,sar,20
3982, espan,to,20
3983, est,en,20
3984, estu,viera,20
3985, fal,taba,20
3986, gallar,do,20
3987, gu,ía,20
3988, hier,ro,20
3989, ignor,ante,20
3990, liberal,idad,20
3991, lien,zo,20
3992, lásti,ma,20
3993, lí,mi,20
3994, m,ora,20
3995, men,e,20
3996, mi,raba,20
3997, mi,re,20
3998, mira,ban,20
3999, mo,zos,20
4000, monta,ña,20
4001, movi,do,20
4002, músi,ca,20
4003, ne,gar,20
4004, o,ve,20
4005, ol,or,20
4006, pa,tio,20
4007, pod,eroso,20
4008, pr,u,20
4009, pre,cio,20
4010, pregun,ta,20
4011, pru,dencia,20
4012, que,dado,20
4013, que,de,20
4014, r,uego,20
4015, re,cato,20
4016, re,du,20
4017, re,pli,20
4018, res,uci,20
4019, ro,pa,20
4020, s,ar,20
4021, sab,ían,20
4022, su,yas,20
4023, suf,rir,20
4024, suje,to,20
4025, tom,e,20
4026, tre,cientos,20
4027, venced,or,20
4028, ver,la,20
4029, verdad,eros,20
4030, vi,mos,20
4031, vi,ve,20
4032, vin,iere,20
4033, vul,go,20
4034, Á,l,20
4035, Ál,varo,20
4036,al,o,20
4037,as,ta,20
4038,b,re,20
4039,ci,ente,20
4040,d,ero,20
4041,d,ura,20
4042,f,ar,20
4043,ien,da,20
4044,l,ó,20
4045,lu,st,20
4046,m,er,20
4047,m,u,20
4048,mi,ó,20
4049,n,i,20
4050,on,ada,20
4051,ros,os,20
4052,tad,or,20
4053,tar,é,20
4054,ter,ía,20
4055,tu,ras,20
4056,u,p,20
4057,v,el,20
4058,y,un,20
4059,éndo,les,20
4060,ísi,mas,20
4061,ñ,ar,20
4062,ú,sos,20
4063, ,ran,19
4064, An,dr,19
4065, Andr,és,19
4066, B,el,19
4067, Ben,en,19
4068, Benen,geli,19
4069, Cla,vile,19
4070, Clau,dia,19
4071, Clavile,ño,19
4072, Cu,anto,19
4073, L,una,19
4074, M,eli,19
4075, M,ig,19
4076, Meli,sen,19
4077, Melisen,dra,19
4078, Mig,uel,19
4079, Mor,ena,19
4080, P,regun,19
4081, S,ea,19
4082, Se,villa,19
4083, a,fici,19
4084, ab,is,19
4085, ac,ciones,19
4086, acre,di,19
4087, adar,ga,19
4088, ade,lan,19
4089, af,ren,19
4090, ag,ü,19
4091, agravi,os,19
4092, al,ca,19
4093, al,moh,19
4094, ali,vi,19
4095, ar,rim,19
4096, as,al,19
4097, au,tores,19
4098, ben,dición,19
4099, besti,as,19
4100, bien,es,19
4101, camis,a,19
4102, carr,era,19
4103, carre,ta,19
4104, cas,ado,19
4105, cauti,vos,19
4106, cer,rar,19
4107, ceremon,ias,19
4108, circunst,antes,19
4109, com,ida,19
4110, compañ,ero,19
4111, conten,ta,19
4112, cue,ros,19
4113, de,dos,19
4114, deb,es,19
4115, dej,an,19
4116, dem,onio,19
4117, des,as,19
4118, des,o,19
4119, desa,f,19
4120, dese,ar,19
4121, desmay,ada,19
4122, desvent,uras,19
4123, di,f,19
4124, di,gas,19
4125, dificul,tad,19
4126, dis,cul,19
4127, do,cientos,19
4128, dor,m,19
4129, dor,mi,19
4130, durm,iendo,19
4131, encub,rir,19
4132, enfer,me,19
4133, esp,adas,19
4134, espíri,tu,19
4135, estor,b,19
4136, estre,llas,19
4137, estreche,za,19
4138, f,le,19
4139, fe,e,19
4140, fortal,eza,19
4141, ha,z,19
4142, he,chas,19
4143, hol,gar,19
4144, hub,ieran,19
4145, hum,ana,19
4146, hum,ano,19
4147, hum,or,19
4148, i,lust,19
4149, imagin,aba,19
4150, imi,tar,19
4151, improvi,so,19
4152, juz,gar,19
4153, l,is,19
4154, ll,enas,19
4155, llan,o,19
4156, me,d,19
4157, menu,do,19
4158, mi,rado,19
4159, mien,tras,19
4160, miser,able,19
4161, mue,las,19
4162, na,ción,19
4163, o,jo,19
4164, olvi,do,19
4165, pens,ado,19
4166, persi,guen,19
4167, pi,di,19
4168, pie,dras,19
4169, plu,ma,19
4170, pon,iendo,19
4171, poses,ión,19
4172, pr,en,19
4173, prim,eros,19
4174, prome,tió,19
4175, pudi,eran,19
4176, pudi,ere,19
4177, queb,ran,19
4178, quedar,á,19
4179, res,i,19
4180, resp,lan,19
4181, ro,c,19
4182, sa,que,19
4183, sab,ré,19
4184, se,l,19
4185, secre,tario,19
4186, senti,r,19
4187, sir,va,19
4188, t,esta,19
4189, ten,gan,19
4190, testa,mento,19
4191, toc,aba,19
4192, tran,ce,19
4193, tu,yo,19
4194, v,ía,19
4195, va,is,19
4196, vi,tu,19
4197, virtu,des,19
4198, yer,ba,19
4199,D,e,19
4200,Y,o,19
4201,ar,ra,19
4202,as,te,19
4203,car,on,19
4204,ci,tos,19
4205,cil,lo,19
4206,cin,as,19
4207,dar,te,19
4208,en,tado,19
4209,fi,cios,19
4210,g,ante,19
4211,l,ina,19
4212,l,ón,19
4213,mos,le,19
4214,má,ti,19
4215,quí,si,19
4216,ra,des,19
4217,ti,fi,19
4218,ti,va,19
4219,ues,os,19
4220,ár,me,19
4221,éndo,lo,19
4222,ñ,e,19
4223,úsos,e,19
4224, ,-,18
4225, ,ás,18
4226, Am,or,18
4227, Dí,go,18
4228, H,a,18
4229, Le,an,18
4230, Lean,dra,18
4231, Mal,ambr,18
4232, Malambr,uno,18
4233, Mi,rad,18
4234, N,ic,18
4235, Nic,ol,18
4236, Nicol,ás,18
4237, Nuest,ro,18
4238, Respon,dió,18
4239, S,in,18
4240, T,u,18
4241, a,ires,18
4242, a,tado,18
4243, ac,aba,18
4244, acab,ada,18
4245, al,f,18
4246, alc,al,18
4247, aleg,res,18
4248, ap,ren,18
4249, aquél,los,18
4250, aven,ta,18
4251, añad,id,18
4252, b,ál,18
4253, ba,jo,18
4254, bo,das,18
4255, bál,s,18
4256, báls,amo,18
4257, cab,reros,18
4258, cam,paña,18
4259, can,ta,18
4260, cas,os,18
4261, comun,i,18
4262, cons,er,18
4263, cont,or,18
4264, cuer,pos,18
4265, de,le,18
4266, des,car,18
4267, des,fa,18
4268, desa,for,18
4269, desdi,chas,18
4270, despe,dir,18
4271, despo,jos,18
4272, dificul,tos,18
4273, dis,par,18
4274, du,cados,18
4275, engañ,ado,18
4276, escon,dido,18
4277, escuad,rón,18
4278, escuch,ar,18
4279, ex,ce,18
4280, ex,tra,18
4281, f,un,18
4282, feli,c,18
4283, fr,eno,18
4284, fr,ío,18
4285, gan,ar,18
4286, gar,gan,18
4287, h,uesos,18
4288, her,ida,18
4289, herm,anos,18
4290, hi,lo,18
4291, hones,to,18
4292, hub,iere,18
4293, imprim,ir,18
4294, in,a,18
4295, incon,ven,18
4296, lan,zón,18
4297, levan,tándose,18
4298, limp,i,18
4299, ll,enos,18
4300, llam,ada,18
4301, man,d,18
4302, manifi,es,18
4303, mante,les,18
4304, maravi,llos,18
4305, me,lan,18
4306, mi,rad,18
4307, monta,ñas,18
4308, nece,dades,18
4309, ni,ñ,18
4310, pa,cí,18
4311, pací,fi,18
4312, par,ientes,18
4313, pe,cados,18
4314, per,ro,18
4315, pla,cer,18
4316, pla,ta,18
4317, por,fi,18
4318, pr,ó,18
4319, premi,o,18
4320, procu,ra,18
4321, prof,undo,18
4322, prom,esa,18
4323, prome,tida,18
4324, proseg,uir,18
4325, puntual,idad,18
4326, que,so,18
4327, quer,ían,18
4328, ra,yos,18
4329, rep,oso,18
4330, rom,p,18
4331, rom,per,18
4332, rue,gos,18
4333, sab,en,18
4334, sab,ido,18
4335, sal,ario,18
4336, sal,te,18
4337, satisfa,cer,18
4338, servi,cios,18
4339, sol,ía,18
4340, t,ron,18
4341, to,que,18
4342, tr,ue,18
4343, us,a,18
4344, v,ara,18
4345, v,á,18
4346, val,er,18
4347, ve,as,18
4348,C,on,18
4349,O,N,18
4350,V,i,18
4351,Vála,me,18
4352,aré,ceme,18
4353,c,ol,18
4354,d,ores,18
4355,e,da,18
4356,e,des,18
4357,e,tos,18
4358,el,es,18
4359,en,me,18
4360,er,es,18
4361,g,ad,18
4362,i,ga,18
4363,i,te,18
4364,l,é,18
4365,li,o,18
4366,mi,ta,18
4367,or,dinar,18
4368,pu,lo,18
4369,r,uen,18
4370,r,éis,18
4371,ri,ble,18
4372,ri,bu,18
4373,ri,oso,18
4374,ros,as,18
4375,ti,e,18
4376,tu,a,18
4377,v,ían,18
4378,z,ada,18
4379,z,ones,18
4380,á,m,18
4381,ándo,los,18
4382, A,cab,17
4383, B,erb,17
4384, Bar,cel,17
4385, Barcel,ona,17
4386, Berb,ería,17
4387, C,omo,17
4388, D,u,17
4389, D,é,17
4390, Di,jo,17
4391, Di,me,17
4392, Gin,és,17
4393, Llegó,se,17
4394, M,ambr,17
4395, M,ire,17
4396, Mambr,ino,17
4397, Micomic,ona,17
4398, O,r,17
4399, P,aréceme,17
4400, Re,cio,17
4401, S,one,17
4402, Sone,to,17
4403, T,or,17
4404, Tom,é,17
4405, V,ic,17
4406, V,ir,17
4407, Vic,ente,17
4408, abundan,cia,17
4409, acor,dó,17
4410, ad,vir,17
4411, aj,ena,17
4412, al,cor,17
4413, alcor,no,17
4414, am,antes,17
4415, anti,gua,17
4416, arzobis,po,17
4417, aus,ente,17
4418, averigu,ar,17
4419, avi,s,17
4420, b,ara,17
4421, beb,er,17
4422, buey,es,17
4423, cad,ena,17
4424, casti,go,17
4425, com,ien,17
4426, comenz,ado,17
4427, comp,uesto,17
4428, compas,ión,17
4429, compon,er,17
4430, con,den,17
4431, confes,ar,17
4432, cono,cía,17
4433, considera,ción,17
4434, contin,ente,17
4435, cor,ría,17
4436, curi,osidad,17
4437, dar,te,17
4438, de,cen,17
4439, dejar,é,17
4440, desa,grade,17
4441, descubri,eron,17
4442, desh,ora,17
4443, desma,yo,17
4444, desper,tó,17
4445, di,ere,17
4446, discur,sos,17
4447, en,cina,17
4448, enamor,ada,17
4449, encanta,mentos,17
4450, enferme,dad,17
4451, ent,era,17
4452, er,mita,17
4453, escrib,ano,17
4454, esp,ejo,17
4455, est,ruen,17
4456, estruen,do,17
4457, estu,vieron,17
4458, f,ol,17
4459, fuen,te,17
4460, gargan,ta,17
4461, hall,arse,17
4462, her,idas,17
4463, hu,yendo,17
4464, igu,ales,17
4465, ju,sta,17
4466, labrad,ores,17
4467, lleg,ase,17
4468, llev,aron,17
4469, malandr,ines,17
4470, manda,miento,17
4471, mara,ved,17
4472, maraved,ís,17
4473, me,lin,17
4474, melin,d,17
4475, menest,erosos,17
4476, mor,tal,17
4477, márm,ol,17
4478, ofre,cía,17
4479, or,ig,17
4480, p,is,17
4481, p,li,17
4482, pal,o,17
4483, parecer,le,17
4484, pas,ase,17
4485, pasa,tie,17
4486, pasatie,mp,17
4487, po,dido,17
4488, po,esía,17
4489, pregun,t,17
4490, pro,ces,17
4491, prome,to,17
4492, puer,to,17
4493, que,dase,17
4494, re,cado,17
4495, re,ma,17
4496, rece,b,17
4497, regal,o,17
4498, ri,s,17
4499, ro,b,17
4500, sab,rá,17
4501, sal,dr,17
4502, san,tos,17
4503, se,d,17
4504, se,da,17
4505, segu,ridad,17
4506, seis,cientos,17
4507, senti,dos,17
4508, si,er,17
4509, sigui,ente,17
4510, sospe,cha,17
4511, supi,ese,17
4512, tendr,ía,17
4513, ter,rible,17
4514, tras,lad,17
4515, us,anza,17
4516, v,es,17
4517, vuel,vo,17
4518, ás,p,17
4519,M,i,17
4520,all,es,17
4521,an,cias,17
4522,b,es,17
4523,de,cía,17
4524,g,ué,17
4525,i,ción,17
4526,m,amente,17
4527,m,esmo,17
4528,om,i,17
4529,on,ero,17
4530,p,re,17
4531,p,ros,17
4532,pi,ro,17
4533,r,or,17
4534,re,y,17
4535,ri,o,17
4536,tar,a,17
4537,ues,as,17
4538,z,go,17
4539,á,zar,17
4540, A,mbros,16
4541, Ambros,io,16
4542, An,a,16
4543, C,alla,16
4544, C,erv,16
4545, D,io,16
4546, E,ra,16
4547, Ga,if,16
4548, Gaif,eros,16
4549, Man,dó,16
4550, Mari,én,16
4551, P,i,16
4552, R,oma,16
4553, abraz,ó,16
4554, acompañ,ar,16
4555, ador,no,16
4556, al,as,16
4557, al,o,16
4558, alc,ázar,16
4559, ansi,mesmo,16
4560, antigu,os,16
4561, ar,di,16
4562, at,rás,16
4563, aten,tamente,16
4564, b,ul,16
4565, bel,lo,16
4566, br,in,16
4567, c,ena,16
4568, c,iento,16
4569, c,uesta,16
4570, ca,pel,16
4571, cin,cuen,16
4572, cincuen,ta,16
4573, col,ores,16
4574, com,ba,16
4575, com,is,16
4576, comedi,as,16
4577, con,cierto,16
4578, conc,lu,16
4579, cont,ando,16
4580, cont,entos,16
4581, costu,mbres,16
4582, cre,yó,16
4583, cuán,tas,16
4584, de,ci,16
4585, del,lo,16
4586, demasi,adamente,16
4587, des,am,16
4588, desam,par,16
4589, detu,vo,16
4590, di,os,16
4591, dijer,e,16
4592, dispara,te,16
4593, donde,quiera,16
4594, ejerci,cios,16
4595, en,ti,16
4596, en,vía,16
4597, ent,ero,16
4598, entramb,as,16
4599, envi,dia,16
4600, esc,r,16
4601, escri,be,16
4602, escu,re,16
4603, esp,uelas,16
4604, esta,cas,16
4605, estor,bar,16
4606, estre,lla,16
4607, fab,ri,16
4608, fal,to,16
4609, hab,las,16
4610, hab,rán,16
4611, habili,dad,16
4612, habl,aba,16
4613, habl,ó,16
4614, in,ti,16
4615, jo,yas,16
4616, la,v,16
4617, le,ón,16
4618, leg,íti,16
4619, llev,ando,16
4620, lími,tes,16
4621, mal,eta,16
4622, man,daba,16
4623, mar,q,16
4624, marq,ués,16
4625, men,gu,16
4626, mi,r,16
4627, mo,cha,16
4628, mo,der,16
4629, mol,de,16
4630, mucha,chos,16
4631, na,ve,16
4632, natu,rales,16
4633, nove,la,16
4634, or,be,16
4635, pare,zca,16
4636, pas,aban,16
4637, pe,lli,16
4638, pen,as,16
4639, per,ez,16
4640, pondr,é,16
4641, pre,di,16
4642, pres,ent,16
4643, prosig,ui,16
4644, prín,ci,16
4645, prínci,pe,16
4646, pudi,eron,16
4647, pun,tos,16
4648, que,jas,16
4649, quisi,éredes,16
4650, quisier,en,16
4651, ra,to,16
4652, re,li,16
4653, respon,dido,16
4654, respon,diese,16
4655, roc,ín,16
4656, s,or,16
4657, sal,ga,16
4658, se,as,16
4659, se,co,16
4660, sir,ve,16
4661, so,ga,16
4662, sos,egado,16
4663, sua,ve,16
4664, sust,ent,16
4665, t,iento,16
4666, ter,cio,16
4667, tes,oro,16
4668, tra,to,16
4669, triste,za,16
4670, v,ano,16
4671, ve,is,16
4672, ven,cer,16
4673, ven,der,16
4674, ven,go,16
4675, venta,ja,16
4676, ver,ano,16
4677, verdad,es,16
4678, vir,rey,16
4679, vitu,per,16
4680, volver,se,16
4681,!,'',16
4682,C,u,16
4683,Q,ue,16
4684,am,onte,16
4685,an,es,16
4686,b,os,16
4687,c,adas,16
4688,c,al,16
4689,cu,a,16
4690,dar,me,16
4691,das,en,16
4692,e,ga,16
4693,er,ro,16
4694,g,am,16
4695,g,io,16
4696,g,ues,16
4697,i,ca,16
4698,ien,ta,16
4699,il,los,16
4700,ini,st,16
4701,j,ad,16
4702,la,ción,16
4703,m,in,16
4704,o,le,16
4705,om,p,16
4706,p,ido,16
4707,p,la,16
4708,pe,tas,16
4709,pros,iguió,16
4710,ri,co,16
4711,t,ana,16
4712,t,ina,16
4713,t,us,16
4714,ta,te,16
4715,ti,ese,16
4716,ti,lla,16
4717,til,los,16
4718,u,st,16
4719,uel,to,16
4720,uen,o,16
4721,ura,do,16
4722,ué,r,16
4723,vi,mos,16
4724,z,adas,16
4725,árse,la,16
4726, Ale,jan,15
4727, Cerv,antes,15
4728, Est,aba,15
4729, F,or,15
4730, F,éli,15
4731, Féli,x,15
4732, L,X,15
4733, Lle,garon,15
4734, Que,dó,15
4735, Sal,aman,15
4736, Salaman,ca,15
4737, T,ir,15
4738, V,al,15
4739, a,ba,15
4740, a,co,15
4741, a,fe,15
4742, acomo,dó,15
4743, admir,ar,15
4744, adver,tir,15
4745, af,r,15
4746, ah,ín,15
4747, aj,enas,15
4748, al,teza,15
4749, alaban,za,15
4750, am,ante,15
4751, amp,aro,15
4752, anim,al,15
4753, arre,p,15
4754, as,iento,15
4755, asi,éndole,15
4756, at,ribu,15
4757, autor,idad,15
4758, añad,ir,15
4759, b,er,15
4760, b,izar,15
4761, ba,ñ,15
4762, bello,tas,15
4763, bol,sa,15
4764, br,ío,15
4765, buscar,le,15
4766, c,ár,15
4767, ca,e,15
4768, ca,p,15
4769, cab,al,15
4770, cab,estro,15
4771, cab,ra,15
4772, cen,ar,15
4773, cer,rada,15
4774, clar,idad,15
4775, comenz,ar,15
4776, con,dado,15
4777, cono,ci,15
4778, cons,intió,15
4779, cons,uelo,15
4780, contor,nos,15
4781, cri,st,15
4782, cu,ándo,15
4783, cuadrill,ero,15
4784, cuchil,ladas,15
4785, de,mos,15
4786, de,vo,15
4787, dec,oro,15
4788, dej,asen,15
4789, dejar,á,15
4790, des,igu,15
4791, desa,fi,15
4792, deshon,ra,15
4793, di,chos,15
4794, di,gan,15
4795, dign,as,15
4796, duer,me,15
4797, dádi,vas,15
4798, el,eg,15
4799, emp,le,15
4800, en,si,15
4801, encar,eci,15
4802, ent,rando,15
4803, entreten,imiento,15
4804, es,qui,15
4805, escr,ú,15
4806, escrú,pulo,15
4807, escuch,aba,15
4808, esti,ma,15
4809, faci,li,15
4810, fermos,a,15
4811, fermos,ura,15
4812, fr,ente,15
4813, g,re,15
4814, ga,to,15
4815, genti,leza,15
4816, gran,je,15
4817, grande,zas,15
4818, h,alle,15
4819, habi,éndose,15
4820, her,ed,15
4821, hermos,as,15
4822, humil,dad,15
4823, huéspe,des,15
4824, imag,en,15
4825, imag,ina,15
4826, ina,u,15
4827, infini,tas,15
4828, ingra,ta,15
4829, jorn,ada,15
4830, jue,z,15
4831, la,ment,15
4832, le,onero,15
4833, lib,res,15
4834, lle,ve,15
4835, lleg,an,15
4836, m,ando,15
4837, mal,es,15
4838, man,jar,15
4839, me,ter,15
4840, menos,cab,15
4841, menti,r,15
4842, menti,ras,15
4843, mi,rase,15
4844, milag,ros,15
4845, mon,tes,15
4846, neg,ros,15
4847, niñ,erías,15
4848, no,ches,15
4849, pa,go,15
4850, pala,cios,15
4851, pe,dido,15
4852, pe,ñas,15
4853, pele,ar,15
4854, pens,ando,15
4855, per,dición,15
4856, pi,den,15
4857, pre,ci,15
4858, pren,das,15
4859, prop,uso,15
4860, pun,tas,15
4861, quedar,é,15
4862, redon,da,15
4863, reno,v,15
4864, resca,te,15
4865, ro,to,15
4866, sab,iendo,15
4867, sacar,on,15
4868, sal,tó,15
4869, satisfa,ción,15
4870, ser,é,15
4871, ser,ían,15
4872, si,erra,15
4873, si,gue,15
4874, sign,ifi,15
4875, simpli,cidad,15
4876, sir,ven,15
4877, to,par,15
4878, tr,om,15
4879, tra,en,15
4880, tro,pe,15
4881, tu,ya,15
4882, tuer,tos,15
4883, val,le,15
4884, var,ón,15
4885, vas,allos,15
4886, ver,du,15
4887, vi,esen,15
4888, vi,toria,15
4889, vi,ven,15
4890, vi,vos,15
4891, vi,vía,15
4892, vuel,ven,15
4893, za,gal,15
4894, án,gel,15
4895,-,.,15
4896,D,igo,15
4897,T,E,15
4898,am,a,15
4899,b,amos,15
4900,c,éis,15
4901,ced,er,15
4902,di,as,15
4903,di,ciones,15
4904,en,ci,15
4905,en,s,15
4906,esen,ta,15
4907,f,re,15
4908,f,uera,15
4909,g,aban,15
4910,gui,r,15
4911,ien,es,15
4912,j,aron,15
4913,j,eros,15
4914,l,lar,15
4915,l,lá,15
4916,m,onio,15
4917,osi,ción,15
4918,sti,co,15
4919,t,ales,15
4920,ter,io,15
4921,v,ierta,15
4922,z,aba,15
4923,z,ó,15
4924,árse,le,15
4925,ér,on,15
4926,ñad,ió,15
4927, '',¿,14
4928, A,pe,14
4929, C,all,14
4930, C,eci,14
4931, Ceci,al,14
4932, Con,se,14
4933, Conse,jo,14
4934, Es,p,14
4935, L,i,14
4936, M,adri,14
4937, Madri,d,14
4938, Pas,amonte,14
4939, T,an,14
4940, Ven,ía,14
4941, a,ca,14
4942, ac,cid,14
4943, acre,c,14
4944, acu,dieron,14
4945, afren,ta,14
4946, agu,ard,14
4947, aguar,dar,14
4948, ahín,co,14
4949, al,ba,14
4950, al,ter,14
4951, alcanz,ó,14
4952, alcorno,que,14
4953, alz,ando,14
4954, antigu,o,14
4955, apar,tó,14
4956, ape,arse,14
4957, ar,ábi,14
4958, arro,gante,14
4959, arro,yo,14
4960, azo,te,14
4961, añadid,ura,14
4962, bá,culo,14
4963, c,iertos,14
4964, ca,z,14
4965, call,ar,14
4966, camin,ante,14
4967, caste,llana,14
4968, ci,ma,14
4969, cobar,de,14
4970, coloqui,o,14
4971, come,dido,14
4972, comp,ar,14
4973, comp,ara,14
4974, con,du,14
4975, con,go,14
4976, confi,eso,14
4977, cono,cidos,14
4978, cont,iene,14
4979, conver,sa,14
4980, cor,r,14
4981, cor,rido,14
4982, cu,ad,14
4983, cu,r,14
4984, cub,rir,14
4985, cár,cel,14
4986, d,alle,14
4987, dec,lara,14
4988, decir,te,14
4989, dej,aban,14
4990, desha,cer,14
4991, di,am,14
4992, di,gno,14
4993, di,v,14
4994, dicip,lin,14
4995, disi,m,14
4996, docen,a,14
4997, en,cog,14
4998, en,derez,14
4999, encan,to,14
5000, enfer,mo,14
5001, ent,ré,14
5002, entre,me,14
5003, er,ror,14
5004, es,f,14
5005, esca,p,14
5006, est,am,14
5007, estim,ar,14
5008, extra,ordinar,14
5009, f,on,14
5010, fal,tan,14
5011, fal,te,14
5012, fi,esta,14
5013, fi,estas,14
5014, fuen,tes,14
5015, gra,ves,14
5016, guar,de,14
5017, ha,ced,14
5018, hallar,á,14
5019, har,án,14
5020, he,ch,14
5021, ho,jas,14
5022, impor,tun,14
5023, in,vent,14
5024, inten,ci,14
5025, ir,é,14
5026, izquier,do,14
5027, j,ab,14
5028, l,ana,14
5029, l,un,14
5030, lab,er,14
5031, levan,tado,14
5032, levantar,on,14
5033, lig,ero,14
5034, lla,mo,14
5035, maes,tro,14
5036, man,che,14
5037, man,ta,14
5038, medi,as,14
5039, mis,mas,14
5040, mis,mos,14
5041, mu,rió,14
5042, mucha,cha,14
5043, músi,co,14
5044, neg,ra,14
5045, nomb,rar,14
5046, olvi,dado,14
5047, orig,inal,14
5048, ove,jas,14
5049, p,ido,14
5050, p,á,14
5051, pal,ma,14
5052, pala,cio,14
5053, par,aba,14
5054, par,ió,14
5055, pas,adas,14
5056, pe,ña,14
5057, pen,dencias,14
5058, per,di,14
5059, per,pe,14
5060, pi,diese,14
5061, pie,za,14
5062, pier,na,14
5063, pri,sión,14
5064, princip,almente,14
5065, proces,ión,14
5066, pudi,esen,14
5067, puñ,adas,14
5068, quien,quiera,14
5069, razon,able,14
5070, re,ja,14
5071, refer,ido,14
5072, repúbli,ca,14
5073, resplan,de,14
5074, rev,ol,14
5075, rien,da,14
5076, rique,za,14
5077, s,eno,14
5078, s,esenta,14
5079, sab,éis,14
5080, sal,u,14
5081, sal,í,14
5082, sent,encia,14
5083, si,ma,14
5084, sigui,eron,14
5085, so,car,14
5086, tam,b,14
5087, ten,i,14
5088, testi,go,14
5089, testi,gos,14
5090, tom,ase,14
5091, tra,b,14
5092, tri,stes,14
5093, tru,jo,14
5094, tu,viere,14
5095, un,i,14
5096, uni,ver,14
5097, v,uesas,14
5098, ve,en,14
5099, ven,gan,14
5100, vi,das,14
5101, vi,v,14
5102, vini,esen,14
5103, vo,to,14
5104, zapa,tos,14
5105,C,H,14
5106,ab,án,14
5107,al,í,14
5108,am,in,14
5109,ar,car,14
5110,ar,es,14
5111,ara,tar,14
5112,c,amente,14
5113,c,ero,14
5114,c,omo,14
5115,di,entes,14
5116,e,os,14
5117,ent,ó,14
5118,f,as,14
5119,g,ilio,14
5120,id,ores,14
5121,il,le,14
5122,l,ones,14
5123,l,án,14
5124,m,ados,14
5125,om,as,14
5126,oso,tras,14
5127,p,ir,14
5128,ra,te,14
5129,ras,en,14
5130,ri,os,14
5131,se,le,14
5132,u,ma,14
5133,uel,en,14
5134,uen,a,14
5135,uest,os,14
5136,v,í,14
5137,vi,a,14
5138,ándo,les,14
5139,ñ,ir,14
5140, ,í,13
5141, A,un,13
5142, Ad,mi,13
5143, Alejan,d,13
5144, D,ON,13
5145, Dí,jole,13
5146, E,stas,13
5147, For,tuna,13
5148, H,all,13
5149, He,cho,13
5150, I,ba,13
5151, Le,la,13
5152, Le,ones,13
5153, M,uerte,13
5154, P,a,13
5155, Se,gun,13
5156, Segun,da,13
5157, Su,cedió,13
5158, a,tro,13
5159, a,vino,13
5160, ab,ierto,13
5161, abis,mo,13
5162, acab,ando,13
5163, acomo,dado,13
5164, ag,ui,13
5165, agrade,cido,13
5166, al,e,13
5167, al,mas,13
5168, amena,zas,13
5169, an,cho,13
5170, andu,vo,13
5171, ap,la,13
5172, ape,ándose,13
5173, atón,ito,13
5174, b,all,13
5175, b,lando,13
5176, b,ru,13
5177, bor,ra,13
5178, busc,aba,13
5179, cal,or,13
5180, cam,p,13
5181, can,alla,13
5182, can,tando,13
5183, cans,ado,13
5184, capel,lán,13
5185, católi,co,13
5186, ce,bada,13
5187, clar,as,13
5188, co,ces,13
5189, co,le,13
5190, com,pe,13
5191, comp,rar,13
5192, comp,uso,13
5193, con,diciones,13
5194, cono,cida,13
5195, consider,ando,13
5196, conversa,ción,13
5197, cor,ales,13
5198, cor,de,13
5199, cor,riendo,13
5200, cor,to,13
5201, cri,adas,13
5202, cumpli,do,13
5203, curi,oso,13
5204, cuán,tos,13
5205, dar,les,13
5206, de,bi,13
5207, decir,me,13
5208, dele,i,13
5209, den,ue,13
5210, denue,do,13
5211, des,ar,13
5212, descom,un,13
5213, descub,re,13
5214, desesper,ado,13
5215, desh,e,13
5216, desp,re,13
5217, di,choso,13
5218, di,ci,13
5219, dign,os,13
5220, dilig,encias,13
5221, dorm,ía,13
5222, du,dos,13
5223, du,r,13
5224, e,di,13
5225, e,t,13
5226, ech,ando,13
5227, el,o,13
5228, emb,esti,13
5229, emper,adores,13
5230, en,sar,13
5231, encer,rado,13
5232, enter,eza,13
5233, escog,er,13
5234, escri,tas,13
5235, españ,ol,13
5236, estar,á,13
5237, estra,ños,13
5238, f,ea,13
5239, f,ie,13
5240, f,ron,13
5241, fal,sa,13
5242, fal,so,13
5243, fantas,mas,13
5244, fati,ga,13
5245, fie,l,13
5246, fla,que,13
5247, fon,do,13
5248, fra,iles,13
5249, fuerte,mente,13
5250, g,e,13
5251, g,los,13
5252, grand,ísima,13
5253, grave,dad,13
5254, gri,tos,13
5255, gu,stos,13
5256, ha,gan,13
5257, hab,emos,13
5258, hab,ría,13
5259, her,ido,13
5260, histori,ador,13
5261, hu,man,13
5262, hue,co,13
5263, hue,so,13
5264, i,má,13
5265, imi,tación,13
5266, instru,mentos,13
5267, int,ri,13
5268, jun,tas,13
5269, l,anzas,13
5270, ley,endo,13
5271, ley,ese,13
5272, lig,era,13
5273, limp,ia,13
5274, limp,ie,13
5275, ll,é,13
5276, llam,ando,13
5277, llev,ase,13
5278, llo,ver,13
5279, m,iente,13
5280, m,inist,13
5281, ma,t,13
5282, ma,ta,13
5283, mal,tra,13
5284, maldi,ciones,13
5285, manifies,to,13
5286, mer,cad,13
5287, mie,mbros,13
5288, mol,inos,13
5289, movi,ó,13
5290, mue,ra,13
5291, n,orte,13
5292, na,ce,13
5293, o,llas,13
5294, o,ía,13
5295, ofre,cer,13
5296, p,rados,13
5297, p,í,13
5298, pa,g,13
5299, parti,ó,13
5300, pas,an,13
5301, pele,a,13
5302, per,dió,13
5303, pien,se,13
5304, pier,da,13
5305, pla,ce,13
5306, pli,ego,13
5307, podr,án,13
5308, pon,en,13
5309, por,f,13
5310, pregun,tado,13
5311, princip,ios,13
5312, procu,raba,13
5313, prome,ter,13
5314, prop,ia,13
5315, pu,r,13
5316, pu,se,13
5317, pue,dan,13
5318, públi,co,13
5319, qued,ara,13
5320, qui,e,13
5321, quis,ieron,13
5322, qué,dese,13
5323, re,lación,13
5324, re,mos,13
5325, re,plicó,13
5326, rebuz,no,13
5327, redu,cir,13
5328, reg,ión,13
5329, reli,qui,13
5330, rever,encia,13
5331, ri,b,13
5332, s,iento,13
5333, sa,co,13
5334, sac,ando,13
5335, sande,ces,13
5336, sent,ía,13
5337, sig,lo,13
5338, sigui,ó,13
5339, simp,les,13
5340, sos,ten,13
5341, sub,ieron,13
5342, sus,piro,13
5343, tam,a,13
5344, tar,danza,13
5345, tur,ba,13
5346, u,ñas,13
5347, venid,eros,13
5348, ver,des,13
5349, vesti,r,13
5350, vis,era,13
5351,"""",;,13
5352,P,ues,13
5353,S,i,13
5354,T,o,13
5355,ar,la,13
5356,ar,te,13
5357,cab,u,13
5358,ch,amente,13
5359,ci,das,13
5360,d,ula,13
5361,da,mente,13
5362,de,dor,13
5363,der,as,13
5364,e,cen,13
5365,er,able,13
5366,g,ora,13
5367,h,í,13
5368,i,le,13
5369,ien,de,13
5370,je,me,13
5371,m,ante,13
5372,pe,ta,13
5373,pu,ta,13
5374,r,í,13
5375,s,es,13
5376,s,ol,13
5377,st,ir,13
5378,ta,ciones,13
5379,ti,gu,13
5380,ti,les,13
5381,uel,ta,13
5382,uen,te,13
5383,up,uesto,13
5384,vier,te,13
5385,z,can,13
5386,ám,ara,13
5387,é,me,13
5388,ín,ea,13
5389,ó,cri,13
5390,ú,til,13
5391, ,ór,12
5392, Al,lí,12
5393, Al,á,12
5394, Ant,on,12
5395, B,aratar,12
5396, Baratar,ia,12
5397, C,uen,12
5398, Car,ta,12
5399, D,esa,12
5400, De,j,12
5401, Dígo,lo,12
5402, Ent,onces,12
5403, G,ole,12
5404, Gole,ta,12
5405, H,izo,12
5406, Mar,ía,12
5407, Me,j,12
5408, Mej,or,12
5409, Q,uin,12
5410, S,ab,12
5411, S,ob,12
5412, Señ,ora,12
5413, V,e,12
5414, ab,ierta,12
5415, ab,lan,12
5416, abraz,ar,12
5417, acab,ase,12
5418, acer,tó,12
5419, aconse,jar,12
5420, acu,llá,12
5421, admir,ó,12
5422, agrade,zco,12
5423, agu,do,12
5424, agu,jero,12
5425, aj,eno,12
5426, alcal,de,12
5427, almoh,ada,12
5428, am,ada,12
5429, amor,osa,12
5430, and,ando,12
5431, apa,cible,12
5432, apar,tado,12
5433, apar,tar,12
5434, apos,taré,12
5435, ar,cabu,12
5436, ar,ma,12
5437, ar,mada,12
5438, arm,ados,12
5439, arrep,enti,12
5440, as,ido,12
5441, avi,sar,12
5442, b,ro,12
5443, bar,das,12
5444, ben,di,12
5445, c,é,12
5446, ca,ñ,12
5447, call,ando,12
5448, cans,an,12
5449, car,ita,12
5450, cas,amiento,12
5451, cas,arse,12
5452, ch,i,12
5453, ciudad,es,12
5454, co,p,12
5455, concer,tado,12
5456, cono,cían,12
5457, cor,on,12
5458, cortes,es,12
5459, cos,tal,12
5460, cri,a,12
5461, cru,z,12
5462, cu,á,12
5463, cub,ierta,12
5464, cuen,tos,12
5465, cui,ta,12
5466, cuá,les,12
5467, cé,dula,12
5468, de,jo,12
5469, def,ra,12
5470, dej,arse,12
5471, dej,emos,12
5472, dem,anda,12
5473, des,var,12
5474, desc,al,12
5475, descubri,ese,12
5476, desde,ñado,12
5477, desdi,cha,12
5478, desen,va,12
5479, desenga,ño,12
5480, desp,ob,12
5481, despa,cio,12
5482, dest,r,12
5483, disim,ul,12
5484, dist,in,12
5485, emb,o,12
5486, emb,raz,12
5487, en,ju,12
5488, en,ri,12
5489, encan,tos,12
5490, encar,ecer,12
5491, enemi,ga,12
5492, ent,ri,12
5493, entien,da,12
5494, envi,ado,12
5495, envi,di,12
5496, es,for,12
5497, esc,la,12
5498, escu,der,12
5499, escu,ra,12
5500, esp,ar,12
5501, espan,tos,12
5502, españ,oles,12
5503, estra,ñas,12
5504, estre,cha,12
5505, f,ué,12
5506, f,áb,12
5507, fal,das,12
5508, fal,tas,12
5509, fal,tó,12
5510, flaque,za,12
5511, gobier,nos,12
5512, gra,ciosa,12
5513, guar,dado,12
5514, haber,me,12
5515, har,ta,12
5516, hi,de,12
5517, hici,ere,12
5518, hidal,gos,12
5519, homb,ro,12
5520, honra,dos,12
5521, i,glesia,12
5522, ignor,ancia,12
5523, imagin,arse,12
5524, imagina,ciones,12
5525, imp,e,12
5526, imposibi,li,12
5527, indi,cio,12
5528, ingen,ios,12
5529, ins,ol,12
5530, instru,mento,12
5531, j,uego,12
5532, ju,ró,12
5533, jue,ces,12
5534, lar,gas,12
5535, lasti,mada,12
5536, le,v,12
5537, ley,ó,12
5538, lina,jes,12
5539, ll,en,12
5540, llan,to,12
5541, lo,cos,12
5542, luen,gos,12
5543, ma,te,12
5544, ma,teria,12
5545, mezc,la,12
5546, mostrar,se,12
5547, mu,riendo,12
5548, nego,ci,12
5549, ni,ña,12
5550, nu,bes,12
5551, o,ir,12
5552, oblig,ados,12
5553, p,esa,12
5554, p,ese,12
5555, p,lan,12
5556, pal,mo,12
5557, pare,des,12
5558, pas,ara,12
5559, pe,dían,12
5560, per,ros,12
5561, pin,tada,12
5562, pin,tar,12
5563, pla,ya,12
5564, pos,ada,12
5565, pregun,tas,12
5566, pro,b,12
5567, pro,pi,12
5568, que,dos,12
5569, r,ar,12
5570, r,ara,12
5571, ra,bia,12
5572, ras,o,12
5573, re,ca,12
5574, re,tor,12
5575, recib,ieron,12
5576, refer,idas,12
5577, relig,ión,12
5578, rep,uesto,12
5579, repos,ar,12
5580, ru,b,12
5581, sa,ca,12
5582, sa,yo,12
5583, sab,or,12
5584, sal,iendo,12
5585, sal,va,12
5586, sal,ía,12
5587, sal,ían,12
5588, sel,vas,12
5589, servir,os,12
5590, sier,ras,12
5591, sir,vió,12
5592, socar,rón,12
5593, socor,rer,12
5594, socor,ro,12
5595, sol,tar,12
5596, son,eto,12
5597, suce,diese,12
5598, suced,en,12
5599, suje,tos,12
5600, sup,iera,12
5601, t,asa,12
5602, t,in,12
5603, t,os,12
5604, tab,las,12
5605, te,la,12
5606, te,mb,12
5607, testi,monio,12
5608, tra,tan,12
5609, v,iera,12
5610, val,erosos,12
5611, ve,es,12
5612, vecin,os,12
5613, ventu,roso,12
5614, ver,so,12
5615, vi,cio,12
5616, vi,sti,12
5617, é,se,12
5618, ún,ico,12
5619,!,;,12
5620,'',",",12
5621,'',;,12
5622,A,D,12
5623,A,dónde,12
5624,AN,CH,12
5625,B,ien,12
5626,E,a,12
5627,I,V,12
5628,U,I,12
5629,a,z,12
5630,a,ñadió,12
5631,ar,ca,12
5632,b,án,12
5633,c,adores,12
5634,ch,uelo,12
5635,cid,me,12
5636,cin,o,12
5637,cios,as,12
5638,d,me,12
5639,d,remos,12
5640,de,a,12
5641,de,z,12
5642,di,ci,12
5643,di,lla,12
5644,eg,as,12
5645,el,li,12
5646,eros,as,12
5647,ez,ca,12
5648,i,éndose,12
5649,idad,es,12
5650,j,ados,12
5651,ler,ía,12
5652,los,o,12
5653,m,aron,12
5654,mb,ra,12
5655,o,to,12
5656,p,ado,12
5657,p,ara,12
5658,p,ere,12
5659,p,ie,12
5660,p,to,12
5661,par,able,12
5662,pe,lo,12
5663,ra,ban,12
5664,ri,ese,12
5665,ro,ta,12
5666,ro,te,12
5667,ten,ta,12
5668,ti,co,12
5669,u,cía,12
5670,v,és,12
5671,vel,lan,12
5672,án,donos,12
5673,ár,on,12
5674,í,ale,12
5675,ítu,los,12
5676, ,on,11
5677, A,gora,11
5678, A,quel,11
5679, Al,on,11
5680, Alejand,ro,11
5681, Cas,il,11
5682, Con,tó,11
5683, D,os,11
5684, Des,p,11
5685, Di,ce,11
5686, Du,ran,11
5687, Duran,darte,11
5688, Dí,game,11
5689, En,tre,11
5690, F,eli,11
5691, G,ala,11
5692, G,ar,11
5693, Gu,inar,11
5694, Guinar,t,11
5695, M,ás,11
5696, N,in,11
5697, N,unca,11
5698, Q,UI,11
5699, QUI,J,11
5700, QUIJ,O,11
5701, QUIJO,TE,11
5702, Qui,s,11
5703, T,ar,11
5704, T,e,11
5705, To,le,11
5706, Tole,do,11
5707, U,n,11
5708, U,no,11
5709, V,os,11
5710, Vi,val,11
5711, Vival,do,11
5712, Vol,vió,11
5713, a,vellan,11
5714, ab,iertos,11
5715, abun,d,11
5716, acab,aba,11
5717, acog,imiento,11
5718, acome,te,11
5719, aconte,cido,11
5720, adem,án,11
5721, adver,tido,11
5722, agravi,ado,11
5723, ah,o,11
5724, al,zar,11
5725, alivi,o,11
5726, amb,as,11
5727, an,das,11
5728, an,i,11
5729, anim,ales,11
5730, ap,li,11
5731, ap,orre,11
5732, ap,un,11
5733, ar,chi,11
5734, ar,tes,11
5735, ar,til,11
5736, ar,zón,11
5737, artil,lería,11
5738, arábi,go,11
5739, ast,u,11
5740, atro,pel,11
5741, aventur,ero,11
5742, b,ando,11
5743, ba,tanes,11
5744, ba,ño,11
5745, bella,que,11
5746, bes,ar,11
5747, besti,a,11
5748, c,ent,11
5749, c,iertas,11
5750, c,uestas,11
5751, c,án,11
5752, ca,per,11
5753, ca,ter,11
5754, ca,tor,11
5755, cab,ecer,11
5756, cab,er,11
5757, cab,ezas,11
5758, caballer,es,11
5759, cabecer,a,11
5760, camar,adas,11
5761, camis,as,11
5762, cansan,cio,11
5763, caper,u,11
5764, capi,tanes,11
5765, car,idad,11
5766, cas,cos,11
5767, cas,e,11
5768, cater,va,11
5769, ce,bol,11
5770, ch,a,11
5771, ch,o,11
5772, ch,us,11
5773, chus,ma,11
5774, cie,go,11
5775, cla,vi,11
5776, clar,amente,11
5777, clavi,ja,11
5778, co,yun,11
5779, cog,er,11
5780, col,gado,11
5781, come,tido,11
5782, comis,ario,11
5783, comp,uesta,11
5784, compara,ción,11
5785, compas,i,11
5786, conc,l,11
5787, cono,cieron,11
5788, consenti,r,11
5789, consi,ste,11
5790, continu,a,11
5791, contrar,ia,11
5792, corr,iente,11
5793, corre,o,11
5794, cortes,anos,11
5795, cria,tura,11
5796, cruel,dad,11
5797, cuán,to,11
5798, d,as,11
5799, dar,se,11
5800, dej,ara,11
5801, dejar,le,11
5802, dep,osi,11
5803, der,ri,11
5804, derrib,ado,11
5805, des,denes,11
5806, desa,gui,11
5807, desaf,ío,11
5808, desagui,sado,11
5809, desc,ol,11
5810, desc,ri,11
5811, desigu,al,11
5812, despi,dió,11
5813, determin,aron,11
5814, di,eren,11
5815, dificultad,es,11
5816, dormi,do,11
5817, e,c,11
5818, e,ru,11
5819, ejemp,los,11
5820, ejér,cito,11
5821, el,e,11
5822, en,re,11
5823, encont,rar,11
5824, encuen,tro,11
5825, enf,ad,11
5826, ent,ern,11
5827, entre,gar,11
5828, envi,ar,11
5829, esc,ru,11
5830, escu,ridad,11
5831, esf,uer,11
5832, esp,era,11
5833, esper,aban,11
5834, est,rib,11
5835, esti,mación,11
5836, estre,cho,11
5837, f,lo,11
5838, fe,o,11
5839, fla,co,11
5840, for,m,11
5841, fran,ces,11
5842, gallar,da,11
5843, gu,íe,11
5844, guar,das,11
5845, h,á,11
5846, habili,dades,11
5847, hablas,e,11
5848, hacer,la,11
5849, hi,to,11
5850, hide,puta,11
5851, hor,ca,11
5852, human,as,11
5853, i,ra,11
5854, i,s,11
5855, imagin,ó,11
5856, imposi,bles,11
5857, in,ju,11
5858, in,qui,11
5859, in,v,11
5860, inc,om,11
5861, inconven,iente,11
5862, int,ré,11
5863, inti,tu,11
5864, inv,ierno,11
5865, invi,di,11
5866, invi,dia,11
5867, jo,ya,11
5868, l,ie,11
5869, l,ínea,11
5870, la,dos,11
5871, laber,into,11
5872, ladr,ones,11
5873, las,ci,11
5874, levantar,se,11
5875, limpie,za,11
5876, lin,da,11
5877, llam,arse,11
5878, lleg,aban,11
5879, lleg,asen,11
5880, m,am,11
5881, m,ones,11
5882, ma,cho,11
5883, mad,ru,11
5884, mal,tre,11
5885, mat,rim,11
5886, matrim,onio,11
5887, me,tido,11
5888, medi,an,11
5889, melan,col,11
5890, mere,cen,11
5891, mere,cía,11
5892, mes,mas,11
5893, mes,ón,11
5894, mol,ino,11
5895, mon,eda,11
5896, mones,terio,11
5897, moris,ca,11
5898, mu,dan,11
5899, muer,tos,11
5900, mí,ni,11
5901, na,cidos,11
5902, ne,cio,11
5903, nece,dad,11
5904, nego,cios,11
5905, nie,ve,11
5906, o,ficios,11
5907, o,jer,11
5908, obliga,ción,11
5909, ocas,iones,11
5910, ocu,par,11
5911, of,ender,11
5912, or,eja,11
5913, orden,ado,11
5914, os,aré,11
5915, ot,or,11
5916, p,uente,11
5917, p,ér,11
5918, pa,gó,11
5919, pa,jar,11
5920, pala,f,11
5921, par,ado,11
5922, pareci,ese,11
5923, parti,r,11
5924, pasatiemp,o,11
5925, pelig,rosa,11
5926, pelli,z,11
5927, pes,ada,11
5928, pi,que,11
5929, po,demos,11
5930, pon,go,11
5931, poni,éndose,11
5932, preguntó,le,11
5933, pro,vin,11
5934, propi,as,11
5935, prove,í,11
5936, pró,s,11
5937, pu,gn,11
5938, pu,ta,11
5939, pudi,endo,11
5940, puer,cos,11
5941, pus,iera,11
5942, pér,dida,11
5943, que,ja,11
5944, que,jarse,11
5945, que,mar,11
5946, que,rida,11
5947, queda,mos,11
5948, quer,iendo,11
5949, qui,eras,11
5950, qui,te,11
5951, quitar,me,11
5952, ra,ya,11
5953, razon,amiento,11
5954, re,tra,11
5955, re,vent,11
5956, reci,be,11
5957, ren,dido,11
5958, resp,uestas,11
5959, ri,quísi,11
5960, rode,la,11
5961, rue,da,11
5962, s,enda,11
5963, s,es,11
5964, sa,cu,11
5965, sa,ya,11
5966, sal,drá,11
5967, san,ta,11
5968, se,cas,11
5969, se,mb,11
5970, se,áis,11
5971, sent,aron,11
5972, ser,vían,11
5973, servi,da,11
5974, sin,gu,11
5975, singu,lar,11
5976, solici,tud,11
5977, sospe,chas,11
5978, sust,ento,11
5979, tendr,á,11
5980, tercio,pelo,11
5981, tier,na,11
5982, tier,ras,11
5983, tocan,tes,11
5984, tor,re,11
5985, tra,ición,11
5986, tra,vés,11
5987, tras,lu,11
5988, true,co,11
5989, truj,eron,11
5990, us,ado,11
5991, vendr,ía,11
5992, vesti,g,11
5993, vi,ejos,11
5994, vi,st,11
5995, vi,stas,11
5996, volver,me,11
5997, É,sta,11
5998, ór,denes,11
5999, últi,ma,11
6000,...,",",11
6001,...,»,11
6002,A,S,11
6003,E,st,11
6004,T,an,11
6005,ad,i,11
6006,al,as,11
6007,alla,do,11
6008,am,ientos,11
6009,an,dad,11
6010,ar,do,11
6011,ar,ios,11
6012,bi,ese,11
6013,c,ción,11
6014,car,io,11
6015,có,li,11
6016,d,ara,11
6017,e,me,11
6018,eb,ros,11
6019,ed,or,11
6020,eg,os,11
6021,er,io,11
6022,er,se,11
6023,ern,os,11
6024,i,mo,11
6025,ier,as,11
6026,j,ando,11
6027,j,ome,11
6028,mi,o,11
6029,o,te,11
6030,om,in,11
6031,omas,ia,11
6032,on,o,11
6033,pi,lla,11
6034,por,que,11
6035,r,ome,11
6036,re,za,11
6037,ri,l,11
6038,ri,llo,11
6039,rá,ez,11
6040,t,rado,11
6041,t,áronse,11
6042,t,ísimo,11
6043,tal,le,11
6044,ti,tud,11
6045,tino,pla,11
6046,un,dos,11
6047,y,an,11
6048,y,ase,11
6049,á,monos,11
6050,á,p,11
6051,é,rez,11
6052,éndo,los,11
6053,ía,mos,11
6054, ,zar,10
6055, A,rag,10
6056, Acu,dió,10
6057, Alon,so,10
6058, An,dal,10
6059, An,sí,10
6060, Andal,ucía,10
6061, Anton,omasia,10
6062, Arag,ón,10
6063, B,eli,10
6064, Bel,er,10
6065, Beler,ma,10
6066, C,anda,10
6067, C,er,10
6068, C,és,10
6069, Canda,ya,10
6070, Cor,chuelo,10
6071, D,esta,10
6072, D,o,10
6073, DE,L,10
6074, Desp,ués,10
6075, En,eas,10
6076, Ent,ró,10
6077, F,e,10
6078, H,ar,10
6079, H,ici,10
6080, In,ter,10
6081, J,er,10
6082, Levan,tóse,10
6083, P,e,10
6084, P,ier,10
6085, P,ro,10
6086, Pier,res,10
6087, R,ióse,10
6088, R,ui,10
6089, Ro,dri,10
6090, Rodri,go,10
6091, S,ol,10
6092, Sa,a,10
6093, Sa,tan,10
6094, Saa,ve,10
6095, Saave,dra,10
6096, Satan,ás,10
6097, T,a,10
6098, T,ro,10
6099, To,das,10
6100, Tur,co,10
6101, U,na,10
6102, a,do,10
6103, accid,ente,10
6104, ace,ite,10
6105, ad,vierta,10
6106, af,or,10
6107, afici,onado,10
6108, ah,e,10
6109, ahor,rar,10
6110, aj,enos,10
6111, al,ar,10
6112, al,fi,10
6113, al,h,10
6114, al,re,10
6115, alab,ado,10
6116, alab,ar,10
6117, alca,ide,10
6118, amor,osos,10
6119, an,ci,10
6120, an,gu,10
6121, ani,qui,10
6122, ap,ale,10
6123, ar,ras,10
6124, arro,bas,10
6125, as,omb,10
6126, as,pere,10
6127, asegu,rar,10
6128, aspere,zas,10
6129, ayu,de,10
6130, añad,ió,10
6131, b,ille,10
6132, b,las,10
6133, b,ob,10
6134, b,u,10
6135, bast,antes,10
6136, bene,ficio,10
6137, bra,vo,10
6138, bul,to,10
6139, bur,l,10
6140, c,era,10
6141, camin,ando,10
6142, camin,antes,10
6143, can,di,10
6144, carre,tero,10
6145, cas,ta,10
6146, cator,ce,10
6147, caus,ado,10
6148, caus,as,10
6149, cauti,va,10
6150, cay,eron,10
6151, com,iendo,10
6152, compon,en,10
6153, comun,ic,10
6154, común,mente,10
6155, con,je,10
6156, cons,u,10
6157, consider,ar,10
6158, contra,he,10
6159, contra,ven,10
6160, cor,ren,10
6161, corre,dores,10
6162, coyun,tura,10
6163, cre,ía,10
6164, cre,ído,10
6165, cri,ada,10
6166, crist,al,10
6167, cru,j,10
6168, cu,yos,10
6169, cuar,ta,10
6170, cuar,to,10
6171, cuen,tas,10
6172, cuer,no,10
6173, cumpli,miento,10
6174, cán,tar,10
6175, cántar,o,10
6176, d,ándose,10
6177, de,bida,10
6178, dej,en,10
6179, dej,es,10
6180, dejar,me,10
6181, dem,on,10
6182, des,b,10
6183, descomun,al,10
6184, dese,a,10
6185, desemb,ara,10
6186, desenva,in,10
6187, deseos,os,10
6188, desgra,ciado,10
6189, desh,ones,10
6190, desp,ierto,10
6191, despedir,se,10
6192, di,gáis,10
6193, di,rán,10
6194, dif,unto,10
6195, discul,pa,10
6196, disp,osición,10
6197, dona,ires,10
6198, déj,ame,10
6199, e,cha,10
6200, ec,les,10
6201, ech,aron,10
6202, ecles,i,10
6203, eclesi,á,10
6204, ejér,citos,10
6205, eleg,ante,10
6206, emb,arcar,10
6207, emba,jada,10
6208, encer,rar,10
6209, encomen,dándose,10
6210, engen,d,10
6211, engen,dr,10
6212, enri,que,10
6213, ens,al,10
6214, entre,tu,10
6215, entri,ste,10
6216, escri,tura,10
6217, escu,sado,10
6218, espíri,tus,10
6219, est,ender,10
6220, est,ran,10
6221, estrib,os,10
6222, eter,na,10
6223, f,il,10
6224, f,ul,10
6225, fal,da,10
6226, fal,tado,10
6227, fan,tá,10
6228, felic,ísimo,10
6229, fer,ido,10
6230, fi,de,10
6231, for,ma,10
6232, fru,to,10
6233, g,ru,10
6234, gal,a,10
6235, gal,era,10
6236, gal,án,10
6237, gallar,día,10
6238, gan,ancia,10
6239, gas,tar,10
6240, gentil,h,10
6241, gentilh,ombre,10
6242, gor,do,10
6243, h,uér,10
6244, ha,chas,10
6245, ha,gas,10
6246, hab,le,10
6247, hab,lo,10
6248, habi,éndole,10
6249, hall,as,10
6250, hall,ase,10
6251, halla,zgo,10
6252, hermos,os,10
6253, hi,jas,10
6254, hu,mo,10
6255, hu,ye,10
6256, hur,to,10
6257, huér,f,10
6258, ilust,re,10
6259, imá,g,10
6260, imág,ines,10
6261, in,ci,10
6262, inc,l,10
6263, infini,ta,10
6264, leal,tad,10
6265, lengua,je,10
6266, li,cor,10
6267, li,vi,10
6268, lib,rar,10
6269, llev,as,10
6270, llevar,le,10
6271, m,ientes,10
6272, ma,g,10
6273, mal,en,10
6274, man,so,10
6275, manche,go,10
6276, manos,e,10
6277, menoscab,o,10
6278, mer,eci,10
6279, mi,el,10
6280, miser,ia,10
6281, moh,íno,10
6282, moris,co,10
6283, movi,mientos,10
6284, mu,dar,10
6285, muest,re,10
6286, murm,u,10
6287, n,osotras,10
6288, noble,za,10
6289, nomb,rado,10
6290, o,ían,10
6291, ocu,pa,10
6292, ofre,ce,10
6293, ofre,zco,10
6294, os,aba,10
6295, p,ura,10
6296, p,úsose,10
6297, pa,ñ,10
6298, par,do,10
6299, par,to,10
6300, pe,d,10
6301, peda,zo,10
6302, pelo,ta,10
6303, pen,diente,10
6304, pens,é,10
6305, peregr,ino,10
6306, perfe,ción,10
6307, pi,da,10
6308, pier,de,10
6309, pin,tor,10
6310, pod,erosa,10
6311, podr,ás,10
6312, pondr,ía,10
6313, pr,on,10
6314, pres,a,10
6315, prim,eras,10
6316, pro,cur,10
6317, pro,fe,10
6318, profes,o,10
6319, profun,da,10
6320, prome,te,10
6321, prosigui,endo,10
6322, prós,p,10
6323, pul,so,10
6324, que,jar,10
6325, qued,é,10
6326, qui,eb,10
6327, qui,tan,10
6328, qui,é,10
6329, quie,tud,10
6330, quitar,on,10
6331, r,é,10
6332, re,almente,10
6333, re,inas,10
6334, re,mi,10
6335, re,ques,10
6336, re,tó,10
6337, refer,ida,10
6338, reliqui,as,10
6339, reques,ones,10
6340, respon,dí,10
6341, responder,é,10
6342, ru,in,10
6343, sa,ga,10
6344, sal,en,10
6345, san,tigu,10
6346, sande,z,10
6347, sent,ar,10
6348, sin,raz,10
6349, soberb,ia,10
6350, sole,dades,10
6351, son,etos,10
6352, sos,e,10
6353, su,dor,10
6354, t,ern,10
6355, tar,dar,10
6356, te,mo,10
6357, temer,idad,10
6358, ten,gas,10
6359, tendr,ás,10
6360, ti,ro,10
6361, to,cas,10
6362, tor,mento,10
6363, tor,res,10
6364, tro,pel,10
6365, tron,co,10
6366, turb,ada,10
6367, u,ña,10
6368, var,as,10
6369, ve,an,10
6370, ve,lar,10
6371, vier,nes,10
6372, vin,iendo,10
6373, viu,da,10
6374, volver,é,10
6375, y,an,10
6376, ye,gua,10
6377, é,ramos,10
6378, é,sa,10
6379,?,",",10
6380,A,hora,10
6381,A,l,10
6382,A,quí,10
6383,C,I,10
6384,I,X,10
6385,Mi,rad,10
6386,V,I,10
6387,V,II,10
6388,V,III,10
6389,ab,o,10
6390,ad,ora,10
6391,ad,ónde,10
6392,an,das,10
6393,as,es,10
6394,ci,entas,10
6395,ci,entes,10
6396,ci,les,10
6397,ci,lla,10
6398,cil,le,10
6399,d,aban,10
6400,d,é,10
6401,de,cir,10
6402,der,se,10
6403,di,esen,10
6404,e,cido,10
6405,el,la,10
6406,en,sa,10
6407,ent,óse,10
6408,era,tri,10
6409,fi,ción,10
6410,g,ios,10
6411,g,ir,10
6412,g,on,10
6413,ga,te,10
6414,i,b,10
6415,ier,en,10
6416,ig,as,10
6417,in,eros,10
6418,j,ón,10
6419,l,eros,10
6420,le,m,10
6421,m,aba,10
6422,m,adas,10
6423,m,ando,10
6424,m,án,10
6425,mi,dos,10
6426,mu,lo,10
6427,pi,ta,10
6428,r,ue,10
6429,r,un,10
6430,ri,ana,10
6431,se,lo,10
6432,si,dad,10
6433,ta,miento,10
6434,ti,a,10
6435,u,de,10
6436,u,í,10
6437,ué,l,10
6438,árme,la,10
6439,í,ades,10
6440,í,es,10
6441,ísi,mamente,10
6442,ñ,ada,10
6443, An,g,9
6444, An,tes,9
6445, Ang,éli,9
6446, Angéli,ca,9
6447, B,a,9
6448, B,ern,9
6449, Beli,an,9
6450, C,an,9
6451, C,i,9
6452, C,ór,9
6453, Call,ó,9
6454, Car,l,9
6455, Carl,oma,9
6456, Carloma,gno,9
6457, Casil,dea,9
6458, Cuen,ta,9
6459, Cés,ar,9
6460, Cór,do,9
6461, Córdo,ba,9
6462, Di,ablo,9
6463, Es,cri,9
6464, Est,á,9
6465, F,ama,9
6466, Gre,cia,9
6467, In,dias,9
6468, Inter,és,9
6469, Jer,ón,9
6470, L,an,9
6471, L,la,9
6472, Lan,zar,9
6473, Lanzar,ote,9
6474, M,ANCH,9
6475, M,ad,9
6476, MANCH,A,9
6477, Man,tua,9
6478, O,y,9
6479, O,yó,9
6480, P,la,9
6481, P,res,9
6482, P,ros,9
6483, Par,eció,9
6484, Par,es,9
6485, Pi,dió,9
6486, Qui,j,9
6487, Quis,iera,9
6488, R,i,9
6489, R,onces,9
6490, R,u,9
6491, Re,inal,9
6492, Reinal,dos,9
6493, Ro,to,9
6494, Ronces,v,9
6495, Roncesv,alles,9
6496, S,oy,9
6497, S,é,9
6498, San,cha,9
6499, Ver,de,9
6500, Vir,gilio,9
6501, a,cha,9
6502, a,der,9
6503, a,fición,9
6504, a,mos,9
6505, ab,ad,9
6506, ab,ra,9
6507, ab,re,9
6508, ab,riendo,9
6509, ac,ero,9
6510, acab,aron,9
6511, acha,que,9
6512, acomo,dar,9
6513, acompañ,aban,9
6514, acompañ,e,9
6515, acostumb,rada,9
6516, acostumb,rado,9
6517, adi,vin,9
6518, admi,raba,9
6519, admir,aron,9
6520, agrade,cimiento,9
6521, alcanz,ado,9
6522, alcanz,an,9
6523, aleg,rar,9
6524, alre,dedor,9
6525, am,ado,9
6526, am,én,9
6527, aman,ecer,9
6528, ami,gas,9
6529, amor,osas,9
6530, ap,elli,9
6531, ap,ócri,9
6532, aprovech,ar,9
6533, ar,en,9
6534, ar,gu,9
6535, ardi,te,9
6536, as,az,9
6537, as,ender,9
6538, as,ida,9
6539, as,per,9
6540, atre,ver,9
6541, atrevi,dos,9
6542, az,ul,9
6543, b,iz,9
6544, ba,jar,9
6545, ba,jó,9
6546, bas,tar,9
6547, ben,dito,9
6548, ber,gan,9
6549, bergan,tín,9
6550, blas,fe,9
6551, bo,cado,9
6552, ca,en,9
6553, cab,e,9
6554, cabal,gad,9
6555, cad,enas,9
6556, cal,zas,9
6557, call,aba,9
6558, cam,ina,9
6559, can,tó,9
6560, capi,tana,9
6561, car,o,9
6562, carita,tivo,9
6563, cas,arme,9
6564, cas,tillos,9
6565, caz,adores,9
6566, ce,jas,9
6567, cer,rado,9
6568, chi,rim,9
6569, chirim,ías,9
6570, cin,tura,9
6571, circunst,ancias,9
6572, cla,v,9
6573, co,he,9
6574, co,j,9
6575, coj,ín,9
6576, comedi,miento,9
6577, comenz,aba,9
6578, comp,ás,9
6579, confir,mación,9
6580, cono,cen,9
6581, cono,cí,9
6582, conoce,mos,9
6583, cont,ino,9
6584, conten,ía,9
6585, cor,tar,9
6586, corde,l,9
6587, cortés,mente,9
6588, cu,mbre,9
6589, cue,ro,9
6590, d,uelen,9
6591, d,ándome,9
6592, deci,ros,9
6593, declar,ar,9
6594, dejar,emos,9
6595, demasi,ado,9
6596, demon,ios,9
6597, desa,tino,9
6598, desas,os,9
6599, descan,so,9
6600, despa,ch,9
6601, despos,or,9
6602, destr,uir,9
6603, di,chas,9
6604, di,ría,9
6605, difer,ente,9
6606, dificultos,o,9
6607, dio,le,9
6608, docen,as,9
6609, dol,iente,9
6610, du,dar,9
6611, du,das,9
6612, dul,c,9
6613, dé,jeme,9
6614, dé,stos,9
6615, e,che,9
6616, embesti,r,9
6617, emp,u,9
6618, en,h,9
6619, en,ja,9
6620, en,men,9
6621, enamor,ó,9
6622, enci,er,9
6623, engañ,ar,9
6624, enten,día,9
6625, enter,rar,9
6626, entra,ba,9
6627, entreten,ía,9
6628, er,rar,9
6629, escri,ta,9
6630, esfuer,zo,9
6631, esp,e,9
6632, esp,uma,9
6633, espa,cioso,9
6634, est,an,9
6635, est,én,9
6636, estam,pa,9
6637, estre,mos,9
6638, f,ino,9
6639, fil,ó,9
6640, firme,za,9
6641, frances,es,9
6642, fres,ca,9
6643, fron,tero,9
6644, fácil,mente,9
6645, gal,o,9
6646, gall,inas,9
6647, guar,daba,9
6648, gui,sa,9
6649, gén,eros,9
6650, ha,ces,9
6651, ha,cha,9
6652, hab,érse,9
6653, haber,la,9
6654, hacer,lo,9
6655, hall,ara,9
6656, hay,as,9
6657, her,rer,9
6658, herm,ana,9
6659, hermos,ísima,9
6660, hon,or,9
6661, hub,ieron,9
6662, hubi,esen,9
6663, humil,des,9
6664, igu,ala,9
6665, igual,ar,9
6666, imp,i,9
6667, imp,ri,9
6668, imper,io,9
6669, imposibi,lidad,9
6670, impres,ión,9
6671, impres,o,9
6672, in,si,9
6673, in,útil,9
6674, inau,di,9
6675, inc,omo,9
6676, incom,parable,9
6677, inf,un,9
6678, inter,és,9
6679, intré,pido,9
6680, j,ar,9
6681, jura,mentos,9
6682, la,var,9
6683, lab,or,9
6684, lasti,mado,9
6685, le,ctor,9
6686, le,e,9
6687, letra,dos,9
6688, levan,tando,9
6689, li,gas,9
6690, limp,ias,9
6691, llev,en,9
6692, lo,bos,9
6693, ma,ten,9
6694, ma,tó,9
6695, magn,í,9
6696, magní,fi,9
6697, mal,ezas,9
6698, mal,ig,9
6699, maltre,cho,9
6700, man,eras,9
6701, maravi,llar,9
6702, med,roso,9
6703, medi,os,9
6704, melancol,ía,9
6705, mere,cido,9
6706, miser,ables,9
6707, mon,st,9
6708, mover,se,9
6709, mu,dado,9
6710, mu,é,9
6711, mu,ñe,9
6712, mue,ve,9
6713, murm,ura,9
6714, na,cida,9
6715, necesar,ias,9
6716, ni,ños,9
6717, no,table,9
6718, no,tado,9
6719, no,tó,9
6720, o,h,9
6721, o,igo,9
6722, o,lla,9
6723, obede,cer,9
6724, obliga,ciones,9
6725, ojer,iza,9
6726, olvi,de,9
6727, ordinar,ia,9
6728, p,om,9
6729, pad,ece,9
6730, palaf,r,9
6731, palafr,én,9
6732, parecer,me,9
6733, parti,do,9
6734, parti,rse,9
6735, pastor,al,9
6736, pe,dí,9
6737, pe,ores,9
6738, pedir,le,9
6739, perdon,ar,9
6740, peregr,inos,9
6741, perpe,tu,9
6742, perse,gui,9
6743, persu,as,9
6744, pin,ta,9
6745, pla,zas,9
6746, podr,ían,9
6747, pon,gan,9
6748, pon,ían,9
6749, poni,éndole,9
6750, porf,ía,9
6751, pos,e,9
6752, pr,enda,9
6753, pregun,tase,9
6754, pu,bli,9
6755, pu,ño,9
6756, pá,jar,9
6757, qued,aban,9
6758, qued,ándose,9
6759, qui,ta,9
6760, ra,tos,9
6761, ra,yo,9
6762, ra,í,9
6763, rar,as,9
6764, re,m,9
6765, re,que,9
6766, rebuzn,ar,9
6767, rece,bi,9
6768, ref,ri,9
6769, ren,dir,9
6770, repli,car,9
6771, reprehen,sión,9
6772, repres,entar,9
6773, resuci,tar,9
6774, rib,eras,9
6775, rigu,roso,9
6776, rin,cón,9
6777, s,as,9
6778, s,eso,9
6779, sab,emos,9
6780, sab,id,9
6781, sab,ios,9
6782, sacar,le,9
6783, sal,go,9
6784, sal,tando,9
6785, san,to,9
6786, senti,mientos,9
6787, sep,an,9
6788, sep,áis,9
6789, si,l,9
6790, si,éndolo,9
6791, sigui,endo,9
6792, so,p,9
6793, so,ñ,9
6794, sol,lo,9
6795, sol,tó,9
6796, sollo,zos,9
6797, su,bido,9
6798, suce,da,9
6799, suel,ta,9
6800, supli,c,9
6801, tab,la,9
6802, te,j,9
6803, ten,dió,9
6804, to,cado,9
6805, tom,o,9
6806, tra,ge,9
6807, tra,taba,9
6808, tra,tado,9
6809, traslad,ar,9
6810, traslu,ce,9
6811, trom,petas,9
6812, tu,viesen,9
6813, turb,ado,9
6814, v,omi,9
6815, ven,erable,9
6816, ven,imos,9
6817, ven,ís,9
6818, ver,emos,9
6819, vi,llana,9
6820, vi,stos,9
6821, vin,e,9
6822, vituper,ios,9
6823, viu,das,9
6824, volver,á,9
6825, volvi,esen,9
6826, za,ga,9
6827, á,mb,9
6828,B,ueno,9
6829,I,C,9
6830,L,L,9
6831,O,S,9
6832,ad,ura,9
6833,b,ón,9
6834,c,ara,9
6835,c,ta,9
6836,ci,ada,9
6837,ci,osidad,9
6838,cu,ra,9
6839,d,áis,9
6840,da,te,9
6841,di,encia,9
6842,di,mos,9
6843,e,la,9
6844,e,te,9
6845,ed,u,9
6846,g,adas,9
6847,g,res,9
6848,ga,za,9
6849,gar,se,9
6850,go,te,9
6851,gue,se,9
6852,gó,se,9
6853,h,er,9
6854,i,lar,9
6855,i,ma,9
6856,i,st,9
6857,i,tamente,9
6858,ien,cias,9
6859,ig,an,9
6860,im,ientos,9
6861,j,ador,9
6862,lor,i,9
6863,m,ana,9
6864,m,ano,9
6865,m,enti,9
6866,m,eras,9
6867,mb,ro,9
6868,mi,a,9
6869,n,amente,9
6870,nu,mer,9
6871,p,tos,9
6872,qu,ino,9
6873,r,ino,9
6874,r,ones,9
6875,r,ías,9
6876,s,al,9
6877,s,co,9
6878,s,or,9
6879,se,mos,9
6880,st,an,9
6881,t,ones,9
6882,t,áronle,9
6883,t,én,9
6884,tar,le,9
6885,te,la,9
6886,tea,fuera,9
6887,ti,das,9
6888,ula,ción,9
6889,v,iendo,9
6890,z,ados,9
6891,É,ste,9
6892,ában,le,9
6893,ándo,las,9
6894,ándo,te,9
6895,é,le,9
6896,í,ase,9
6897,ñ,es,9
6898,ó,la,9
6899, A,c,8
6900, A,hí,8
6901, Admi,rado,8
6902, C,alle,8
6903, C,h,8
6904, C,lori,8
6905, C,re,8
6906, Cas,tilla,8
6907, Cu,rioso,8
6908, D,ur,8
6909, G,abán,8
6910, G,ui,8
6911, H,asta,8
6912, H,om,8
6913, Le,v,8
6914, M,ora,8
6915, Micomic,ón,8
6916, Mir,anda,8
6917, Mon,tal,8
6918, Montal,bán,8
6919, Mor,eno,8
6920, Mu,chas,8
6921, N,áp,8
6922, Nin,gun,8
6923, Náp,oles,8
6924, O,fre,8
6925, O,s,8
6926, P,érez,8
6927, P,úsose,8
6928, Pregun,té,8
6929, Preguntó,le,8
6930, Q,uer,8
6931, Qui,ero,8
6932, Qui,so,8
6933, Rui,dera,8
6934, S,iendo,8
6935, S,os,8
6936, T,orn,8
6937, T,ras,8
6938, Ta,jo,8
6939, Tar,fe,8
6940, Ten,ía,8
6941, Tir,teafuera,8
6942, Tra,ía,8
6943, Trifal,d,8
6944, Trifald,ín,8
6945, U,r,8
6946, V,uesa,8
6947, Ven,id,8
6948, a,cier,8
6949, a,que,8
6950, a,tadas,8
6951, ace,ñas,8
6952, acomo,d,8
6953, acompañ,amiento,8
6954, aconte,cer,8
6955, aconte,ci,8
6956, aconte,ció,8
6957, ad,vierte,8
6958, afir,mar,8
6959, agu,de,8
6960, al,cu,8
6961, al,er,8
6962, al,gua,8
6963, al,m,8
6964, alboro,to,8
6965, alcu,za,8
6966, alf,an,8
6967, alfan,je,8
6968, amar,illo,8
6969, amena,za,8
6970, an,dad,8
6971, an,do,8
6972, anoche,cer,8
6973, anto,jad,8
6974, apa,ci,8
6975, apar,taron,8
6976, apar,tándose,8
6977, apri,eta,8
6978, aprovech,arse,8
6979, ar,ena,8
6980, ar,mar,8
6981, ar,ráez,8
6982, arri,eros,8
6983, as,iendo,8
6984, asender,e,8
6985, at,entos,8
6986, au,ment,8
6987, ay,ud,8
6988, b,igo,8
6989, b,ár,8
6990, ba,je,8
6991, bal,de,8
6992, bar,run,8
6993, barrun,tos,8
6994, bas,taba,8
6995, bas,tan,8
6996, blan,cos,8
6997, bo,ti,8
6998, bon,itamente,8
6999, bor,ras,8
7000, breve,mente,8
7001, cab,ri,8
7002, cal,am,8
7003, cal,dero,8
7004, cal,iente,8
7005, cam,pe,8
7006, camin,aban,8
7007, can,taba,8
7008, capa,z,8
7009, carn,eros,8
7010, caus,ar,8
7011, ce,ñ,8
7012, celeb,rar,8
7013, cen,cer,8
7014, cer,can,8
7015, cer,tifi,8
7016, ci,f,8
7017, cien,cias,8
7018, cin,chas,8
7019, co,cin,8
7020, cob,re,8
7021, col,ig,8
7022, col,é,8
7023, com,a,8
7024, com,pa,8
7025, como,quiera,8
7026, concer,tadas,8
7027, confi,anza,8
7028, confir,mar,8
7029, cono,ces,8
7030, cono,zca,8
7031, conocer,le,8
7032, cons,iente,8
7033, cont,aba,8
7034, cont,entar,8
7035, content,ó,8
7036, cor,dura,8
7037, cor,o,8
7038, cortes,ano,8
7039, cortes,ías,8
7040, cos,tar,8
7041, cu,a,8
7042, cuar,enta,8
7043, cuatro,cientos,8
7044, cuchil,lada,8
7045, cump,la,8
7046, d,ada,8
7047, d,adas,8
7048, da,ñ,8
7049, de,u,8
7050, deb,ieron,8
7051, deb,éis,8
7052, declar,aba,8
7053, dej,amos,8
7054, dejar,ía,8
7055, demas,ía,8
7056, demos,tra,8
7057, der,rota,8
7058, derrib,ó,8
7059, des,d,8
7060, des,ig,8
7061, des,li,8
7062, des,mes,8
7063, desa,yun,8
7064, desaf,íos,8
7065, descub,riendo,8
7066, descub,ría,8
7067, desd,én,8
7068, desemb,ar,8
7069, desen,f,8
7070, desencan,tar,8
7071, despob,lados,8
7072, desvar,i,8
7073, desventura,do,8
7074, di,vino,8
7075, dici,éndoles,8
7076, diciplin,antes,8
7077, dij,esen,8
7078, dis,f,8
7079, dis,gu,8
7080, discre,ciones,8
7081, disf,raz,8
7082, disp,on,8
7083, distin,tamente,8
7084, diver,sos,8
7085, do,c,8
7086, du,ras,8
7087, due,la,8
7088, duer,men,8
7089, e,qui,8
7090, edi,ficio,8
7091, emb,os,8
7092, embu,st,8
7093, embu,ste,8
7094, embu,stes,8
7095, emp,eratri,8
7096, en,de,8
7097, en,der,8
7098, enca,je,8
7099, encer,ra,8
7100, encerra,miento,8
7101, encomen,darse,8
7102, enti,erro,8
7103, entre,t,8
7104, entre,tan,8
7105, entretan,to,8
7106, env,íe,8
7107, esc,re,8
7108, escog,ido,8
7109, escon,dida,8
7110, escu,s,8
7111, escuch,ado,8
7112, escure,cer,8
7113, espan,table,8
7114, espan,tado,8
7115, esper,iencia,8
7116, est,arse,8
7117, est,ir,8
7118, estar,ía,8
7119, estra,ñ,8
7120, estu,viere,8
7121, está,bamos,8
7122, eter,no,8
7123, ex,celencia,8
7124, f,iera,8
7125, fa,za,8
7126, facili,tar,8
7127, fal,sas,8
7128, faltar,án,8
7129, famos,as,8
7130, fantas,ma,8
7131, fati,gaba,8
7132, favor,eci,8
7133, fer,idas,8
7134, fide,lidad,8
7135, filó,so,8
7136, fin,ísimo,8
7137, fir,ma,8
7138, fir,mes,8
7139, fol,lones,8
7140, fra,ile,8
7141, fu,gi,8
7142, fu,rioso,8
7143, fue,le,8
7144, fuer,en,8
7145, fuer,tes,8
7146, g,i,8
7147, g,rad,8
7148, g,ü,8
7149, ga,tos,8
7150, gal,as,8
7151, galeo,te,8
7152, gan,adero,8
7153, ge,midos,8
7154, gen,eroso,8
7155, genti,les,8
7156, glos,a,8
7157, gobier,n,8
7158, gra,ciosos,8
7159, grad,u,8
7160, gre,gues,8
7161, gregues,cos,8
7162, gu,sta,8
7163, guar,dada,8
7164, guar,dando,8
7165, hab,rás,8
7166, hab,réis,8
7167, habl,ador,8
7168, había,mos,8
7169, hacer,te,8
7170, hall,an,8
7171, her,e,8
7172, her,ir,8
7173, hin,car,8
7174, histori,adores,8
7175, holgar,a,8
7176, hon,rar,8
7177, hon,roso,8
7178, hue,vos,8
7179, ignor,antes,8
7180, impres,a,8
7181, in,numer,8
7182, indi,gn,8
7183, inf,ame,8
7184, infini,to,8
7185, ins,ul,8
7186, insi,gn,8
7187, int,entar,8
7188, inten,ciones,8
7189, intenci,onado,8
7190, inven,cible,8
7191, ir,á,8
7192, j,as,8
7193, jas,pe,8
7194, jura,do,8
7195, juz,gado,8
7196, juz,gó,8
7197, la,gun,8
7198, la,men,8
7199, la,tín,8
7200, labrador,as,8
7201, legíti,ma,8
7202, levan,ta,8
7203, levan,tada,8
7204, ley,enda,8
7205, libre,as,8
7206, lie,bre,8
7207, llam,aban,8
7208, lleg,amos,8
7209, lleg,ué,8
7210, llor,aba,8
7211, lu,ces,8
7212, lí,cito,8
7213, man,dase,8
7214, man,ten,8
7215, manjar,es,8
7216, mar,gen,8
7217, mar,ti,8
7218, medi,cina,8
7219, memor,ias,8
7220, mene,ar,8
7221, menos,pre,8
7222, mercad,er,8
7223, mes,as,8
7224, mi,ran,8
7225, mi,st,8
7226, mo,dos,8
7227, mo,j,8
7228, mol,ineros,8
7229, mom,entos,8
7230, mostrar,on,8
7231, mu,r,8
7232, mu,s,8
7233, mue,va,8
7234, médi,cos,8
7235, n,arra,8
7236, na,ci,8
7237, na,cimiento,8
7238, na,ciones,8
7239, narra,ción,8
7240, neces,i,8
7241, necesar,ia,8
7242, ni,ñas,8
7243, no,vi,8
7244, nue,ve,8
7245, o,ciosidad,8
7246, o,ler,8
7247, o,li,8
7248, oblig,ada,8
7249, ofre,cido,8
7250, or,ejas,8
7251, orden,a,8
7252, orden,anzas,8
7253, oír,le,8
7254, p,osi,8
7255, pa,jes,8
7256, par,adero,8
7257, particular,es,8
7258, pas,amos,8
7259, pens,aban,8
7260, pens,ase,8
7261, per,didos,8
7262, per,gam,8
7263, perdon,e,8
7264, perez,oso,8
7265, persona,je,8
7266, pes,aba,8
7267, pi,ad,8
7268, pi,diendo,8
7269, piad,oso,8
7270, pien,sas,8
7271, pla,to,8
7272, ple,gar,8
7273, po,zo,8
7274, pob,lado,8
7275, pod,ri,8
7276, podr,éis,8
7277, pol,l,8
7278, pol,vo,8
7279, poll,inos,8
7280, pregun,té,8
7281, pres,o,8
7282, pro,ceder,8
7283, procur,ando,8
7284, pros,upuesto,8
7285, prosig,uen,8
7286, pus,iesen,8
7287, puñ,al,8
7288, queb,rada,8
7289, quebran,tado,8
7290, quedar,se,8
7291, quedó,se,8
7292, quitar,le,8
7293, r,al,8
7294, ra,b,8
7295, re,cre,8
7296, re,des,8
7297, re,ñir,8
7298, rec,omp,8
7299, rece,bida,8
7300, recebir,le,8
7301, reci,én,8
7302, redun,dar,8
7303, regoci,jo,8
7304, ren,eg,8
7305, repos,ada,8
7306, repres,enta,8
7307, repúbli,cas,8
7308, respon,di,8
7309, reti,ró,8
7310, ri,cas,8
7311, ri,es,8
7312, ri,ñ,8
7313, ries,go,8
7314, ris,cos,8
7315, ro,gando,8
7316, rue,das,8
7317, rústi,co,8
7318, s,ana,8
7319, s,iente,8
7320, s,á,8
7321, s,ában,8
7322, sa,cer,8
7323, sa,qué,8
7324, saber,se,8
7325, sac,aba,8
7326, sacar,é,8
7327, sacer,do,8
7328, saga,cidad,8
7329, sal,imos,8
7330, sar,ta,8
7331, sas,tre,8
7332, satis,f,8
7333, sep,as,8
7334, ser,p,8
7335, ser,vía,8
7336, servi,dos,8
7337, servir,le,8
7338, soberb,io,8
7339, socor,re,8
7340, sol,en,8
7341, sol,í,8
7342, su,pe,8
7343, suce,didas,8
7344, sup,l,8
7345, suspen,der,8
7346, sában,as,8
7347, t,into,8
7348, t,ítulos,8
7349, ta,pi,8
7350, ten,dida,8
7351, tener,la,8
7352, tener,le,8
7353, ter,cero,8
7354, ti,ter,8
7355, tien,da,8
7356, tin,ie,8
7357, tinie,b,8
7358, tinieb,las,8
7359, toc,adores,8
7360, tom,aba,8
7361, tom,an,8
7362, tom,aron,8
7363, tom,é,8
7364, ton,o,8
7365, tor,os,8
7366, tra,es,8
7367, tra,jes,8
7368, tra,taban,8
7369, traer,le,8
7370, tras,ud,8
7371, tri,pas,8
7372, triun,f,8
7373, tro,pie,8
7374, tu,vi,8
7375, tuer,to,8
7376, tur,co,8
7377, tú,mulo,8
7378, u,f,8
7379, v,ana,8
7380, v,ari,8
7381, v,iere,8
7382, va,c,8
7383, va,ca,8
7384, ve,amos,8
7385, ve,las,8
7386, ve,lo,8
7387, ven,cida,8
7388, ven,cidos,8
7389, vengar,se,8
7390, vent,anas,8
7391, ver,te,8
7392, vi,sión,8
7393, vi,éndola,8
7394, vol,ar,8
7395, vol,te,8
7396, vá,yase,8
7397, y,erra,8
7398, ye,guas,8
7399, zapa,to,8
7400, ámb,ar,8
7401, ásp,ero,8
7402,A,sí,8
7403,C,uer,8
7404,Cuer,po,8
7405,G,A,8
7406,M,al,8
7407,R,O,8
7408,V,oto,8
7409,Vi,ve,8
7410,Y,a,8
7411,al,da,8
7412,al,i,8
7413,ar,an,8
7414,c,ones,8
7415,c,tos,8
7416,ca,ción,8
7417,cen,cia,8
7418,cer,os,8
7419,ch,ando,8
7420,ch,ones,8
7421,ch,ón,8
7422,ci,e,8
7423,cin,os,8
7424,d,ones,8
7425,da,mos,8
7426,di,ere,8
7427,di,éndose,8
7428,dió,se,8
7429,dra,da,8
7430,du,mbre,8
7431,e,ces,8
7432,e,lo,8
7433,g,amente,8
7434,g,ón,8
7435,ga,torio,8
7436,h,ab,8
7437,i,sta,8
7438,i,ste,8
7439,in,idad,8
7440,ios,os,8
7441,is,es,8
7442,m,ase,8
7443,ma,ciones,8
7444,man,es,8
7445,máti,cas,8
7446,on,da,8
7447,p,en,8
7448,pita,f,8
7449,po,lo,8
7450,r,almente,8
7451,r,áis,8
7452,r,ándose,8
7453,rad,or,8
7454,res,e,8
7455,s,ab,8
7456,t,ables,8
7457,t,antes,8
7458,t,ándole,8
7459,t,ísima,8
7460,ta,ña,8
7461,tad,ores,8
7462,te,les,8
7463,ter,ra,8
7464,u,dar,8
7465,ue,ña,8
7466,ui,da,8
7467,ur,ando,8
7468,ur,ía,8
7469,us,i,8
7470,v,ieran,8
7471,ves,es,8
7472,vi,d,8
7473,vi,dad,8
7474,vi,óse,8
7475,z,aron,8
7476,z,arse,8
7477,zos,e,8
7478,áb,ale,8
7479,árse,los,8
7480,é,mi,8
7481,é,rades,8
7482,é,ramos,8
7483,ése,des,8
7484,ín,a,8
7485, A,C,7
7486, A,R,7
7487, A,gi,7
7488, A,gra,7
7489, A,par,7
7490, A,polo,7
7491, A,y,7
7492, A,ún,7
7493, AC,AD,7
7494, ACAD,É,7
7495, ACADÉ,M,7
7496, ACADÉM,IC,7
7497, AR,GA,7
7498, ARGA,M,7
7499, ARGAM,AS,7
7500, ARGAMAS,I,7
7501, ARGAMASI,LL,7
7502, Ab,raz,7
7503, Ad,mir,7
7504, Al,b,7
7505, Al,don,7
7506, Al,gun,7
7507, Aldon,za,7
7508, An,te,7
7509, Bern,ardo,7
7510, C,id,7
7511, C,ámara,7
7512, Ca,pi,7
7513, Capi,tán,7
7514, Con,stan,7
7515, Constan,tinopla,7
7516, De,cía,7
7517, Di,ana,7
7518, Do,ce,7
7519, E,mp,7
7520, E,sa,7
7521, Es,cu,7
7522, Escri,tura,7
7523, Feli,x,7
7524, Felix,mar,7
7525, Felixmar,te,7
7526, Fue,se,7
7527, G,on,7
7528, Gu,adi,7
7529, Gu,ti,7
7530, Guadi,ana,7
7531, H,ir,7
7532, Har,to,7
7533, Hir,can,7
7534, Hircan,ia,7
7535, Hom,ero,7
7536, I,tal,7
7537, L,u,7
7538, Le,ón,7
7539, Lev,án,7
7540, Lle,v,7
7541, M,ed,7
7542, Mar,si,7
7543, Marsi,lio,7
7544, Mora,to,7
7545, N,ue,7
7546, O,l,7
7547, O,vi,7
7548, Os,una,7
7549, P,al,7
7550, Po,co,7
7551, Q,ué,7
7552, Re,y,7
7553, Sa,có,7
7554, Sal,ió,7
7555, Se,go,7
7556, Se,pa,7
7557, Sego,via,7
7558, Señ,ores,7
7559, T,i,7
7560, T,res,7
7561, Tor,ral,7
7562, Torral,ba,7
7563, Tro,ya,7
7564, V,an,7
7565, Val,encia,7
7566, a,tados,7
7567, a,ur,7
7568, a,v,7
7569, a,ve,7
7570, a,ves,7
7571, ac,émi,7
7572, acome,ti,7
7573, acomo,dados,7
7574, acomo,darse,7
7575, aconteci,mientos,7
7576, acor,daba,7
7577, acrec,entar,7
7578, acuer,da,7
7579, acémi,la,7
7580, aderez,ada,7
7581, adi,vino,7
7582, admira,bles,7
7583, adorn,ada,7
7584, adverti,d,7
7585, afici,on,7
7586, afr,ent,7
7587, agrade,cida,7
7588, agrade,ció,7
7589, aguar,da,7
7590, agü,ero,7
7591, ahor,car,7
7592, al,be,7
7593, al,u,7
7594, albe,dr,7
7595, albedr,ío,7
7596, alboro,tado,7
7597, alde,ana,7
7598, aler,ta,7
7599, alz,aron,7
7600, amena,z,7
7601, amor,oso,7
7602, anti,fa,7
7603, antojad,iza,7
7604, ap,res,7
7605, apar,ejos,7
7606, ape,ó,7
7607, apla,uso,7
7608, apro,ba,7
7609, aproba,ción,7
7610, ar,ren,7
7611, arcabu,ces,7
7612, arrim,ado,7
7613, arro,jar,7
7614, as,entar,7
7615, as,u,7
7616, asal,to,7
7617, asi,st,7
7618, asper,eza,7
7619, astu,riana,7
7620, asu,mp,7
7621, asump,to,7
7622, atrevi,ó,7
7623, aur,ora,7
7624, avent,u,7
7625, aventa,ja,7
7626, averigu,ada,7
7627, ball,esta,7
7628, ban,deras,7
7629, bar,ra,7
7630, be,be,7
7631, bellaque,ría,7
7632, bene,p,7
7633, benep,lá,7
7634, beneplá,cito,7
7635, bes,ó,7
7636, bille,te,7
7637, bizar,ría,7
7638, blan,das,7
7639, bo,ta,7
7640, borras,ca,7
7641, bár,bar,7
7642, c,uest,7
7643, ca,ía,7
7644, cal,zones,7
7645, camp,anas,7
7646, candi,l,7
7647, cans,ados,7
7648, caperu,zas,7
7649, carr,eras,7
7650, caus,ó,7
7651, celeb,ro,7
7652, celos,o,7
7653, cen,aron,7
7654, cent,ine,7
7655, cer,rados,7
7656, cer,ró,7
7657, circun,ve,7
7658, codi,cioso,7
7659, cog,ido,7
7660, colé,rico,7
7661, comenz,ando,7
7662, comien,zan,7
7663, comp,os,7
7664, comp,uestas,7
7665, compasi,vo,7
7666, compos,tura,7
7667, comuni,car,7
7668, con,ju,7
7669, con,tase,7
7670, confes,ó,7
7671, confir,mó,7
7672, confus,a,7
7673, cons,in,7
7674, conse,guir,7
7675, consi,gui,7
7676, consol,ar,7
7677, contar,se,7
7678, contrar,ios,7
7679, contraven,ir,7
7680, conven,iente,7
7681, cop,las,7
7682, cor,onas,7
7683, cora,zones,7
7684, cos,tó,7
7685, cre,a,7
7686, cre,ció,7
7687, cre,e,7
7688, cre,í,7
7689, crey,ese,7
7690, cri,anza,7
7691, cru,ces,7
7692, cré,ame,7
7693, cub,iertos,7
7694, cub,re,7
7695, cub,ri,7
7696, cub,rió,7
7697, cui,tas,7
7698, cur,so,7
7699, cura,do,7
7700, cuán,ta,7
7701, dar,emos,7
7702, dar,ían,7
7703, decen,cia,7
7704, declar,ado,7
7705, defender,se,7
7706, dej,ándole,7
7707, del,in,7
7708, delin,cuen,7
7709, demostra,ciones,7
7710, des,ab,7
7711, des,cos,7
7712, des,iertos,7
7713, des,mán,7
7714, desb,ara,7
7715, descar,gar,7
7716, descom,p,7
7717, desdich,ados,7
7718, dese,aban,7
7719, dese,ado,7
7720, dese,an,7
7721, desencan,tada,7
7722, desenga,ñ,7
7723, desig,n,7
7724, despe,chado,7
7725, desper,tar,7
7726, dest,ier,7
7727, dest,reza,7
7728, dest,ru,7
7729, deten,ía,7
7730, di,ente,7
7731, diam,ante,7
7732, diam,antes,7
7733, dicip,lina,7
7734, dij,ésemos,7
7735, disi,gn,7
7736, dispara,tados,7
7737, doc,t,7
7738, dolor,oso,7
7739, due,le,7
7740, due,ños,7
7741, dur,mió,7
7742, dádi,va,7
7743, déj,en,7
7744, e,p,7
7745, eclesiá,stico,7
7746, emb,ele,7
7747, emp,ero,7
7748, emp,ren,7
7749, en,di,7
7750, enc,om,7
7751, encam,inar,7
7752, encam,is,7
7753, encamin,aban,7
7754, encamin,ó,7
7755, encareci,damente,7
7756, encen,der,7
7757, encen,didas,7
7758, encer,ró,7
7759, encier,ran,7
7760, encont,rado,7
7761, endi,ab,7
7762, engendr,ó,7
7763, ent,rase,7
7764, entre,gó,7
7765, env,uelto,7
7766, envi,ase,7
7767, ermita,ño,7
7768, esc,uela,7
7769, esco,petas,7
7770, escud,ri,7
7771, espan,ta,7
7772, espantos,a,7
7773, esper,an,7
7774, est,ados,7
7775, est,ri,7
7776, est,ro,7
7777, est,és,7
7778, estar,é,7
7779, estim,aba,7
7780, estran,jeros,7
7781, estre,chamente,7
7782, estu,ve,7
7783, estu,viesen,7
7784, estudi,ar,7
7785, estudi,o,7
7786, ex,a,7
7787, ex,amin,7
7788, ex,p,7
7789, exa,g,7
7790, f,ría,7
7791, fal,taban,7
7792, fam,ili,7
7793, fantas,ía,7
7794, favor,able,7
7795, favor,ezca,7
7796, faza,ñas,7
7797, fi,ero,7
7798, fing,ida,7
7799, fing,idas,7
7800, fir,mar,7
7801, for,mar,7
7802, for,zos,7
7803, g,allo,7
7804, g,uir,7
7805, galo,pe,7
7806, gar,ras,7
7807, guar,dan,7
7808, guardar,se,7
7809, gui,aba,7
7810, gui,jar,7
7811, guir,n,7
7812, h,un,7
7813, ha,ciéndole,7
7814, ha,gáis,7
7815, ha,to,7
7816, hacer,las,7
7817, hallar,le,7
7818, har,emos,7
7819, haza,ña,7
7820, he,chi,7
7821, he,mbra,7
7822, hered,era,7
7823, herrer,uelo,7
7824, hi,las,7
7825, hi,p,7
7826, hici,esen,7
7827, huérf,anos,7
7828, imagin,ando,7
7829, imposibili,tado,7
7830, imprim,iere,7
7831, in,sti,7
7832, inc,lem,7
7833, inclin,ado,7
7834, inconven,ientes,7
7835, indi,cios,7
7836, indust,ri,7
7837, inf,er,7
7838, innumer,ables,7
7839, insul,anos,7
7840, inven,ciones,7
7841, jorn,adas,7
7842, ju,bón,7
7843, ju,ri,7
7844, ju,st,7
7845, ju,stos,7
7846, juri,dición,7
7847, la,gar,7
7848, la,go,7
7849, la,u,7
7850, lagun,as,7
7851, le,a,7
7852, le,che,7
7853, levan,tase,7
7854, ley,ere,7
7855, li,mi,7
7856, li,mos,7
7857, lib,rillo,7
7858, libre,mente,7
7859, limos,na,7
7860, lla,ve,7
7861, llam,as,7
7862, llan,a,7
7863, llegar,á,7
7864, llev,asen,7
7865, llev,áis,7
7866, llor,ando,7
7867, llor,ó,7
7868, lu,to,7
7869, lí,qui,7
7870, m,ent,7
7871, mal,e,7
7872, mal,fer,7
7873, mal,par,7
7874, mali,cias,7
7875, mam,onas,7
7876, man,adas,7
7877, maravi,llo,7
7878, maravillos,o,7
7879, medi,ano,7
7880, medi,cinas,7
7881, medi,da,7
7882, memor,able,7
7883, menest,erosa,7
7884, mengu,ado,7
7885, menti,rosos,7
7886, menu,de,7
7887, menu,dencias,7
7888, mere,cían,7
7889, mezc,lar,7
7890, minist,ros,7
7891, mir,ándole,7
7892, mirar,a,7
7893, mo,vía,7
7894, mo,zas,7
7895, mocha,chos,7
7896, mon,tera,7
7897, movi,miento,7
7898, mu,danza,7
7899, mue,re,7
7900, míni,ma,7
7901, n,on,7
7902, na,ció,7
7903, na,ta,7
7904, natu,ralmente,7
7905, ni,ño,7
7906, ningun,as,7
7907, nu,be,7
7908, nu,do,7
7909, obli,gar,7
7910, ocup,ado,7
7911, ofre,cen,7
7912, ofre,cimiento,7
7913, on,ce,7
7914, op,ri,7
7915, or,ien,7
7916, ora,ción,7
7917, os,ar,7
7918, oy,e,7
7919, oy,era,7
7920, oí,das,7
7921, pa,ja,7
7922, pa,jas,7
7923, pare,cieron,7
7924, pare,zcan,7
7925, pas,ando,7
7926, pastor,as,7
7927, pe,di,7
7928, pens,áis,7
7929, per,diese,7
7930, per,eza,7
7931, perpetu,o,7
7932, pi,ados,7
7933, pi,co,7
7934, ple,ito,7
7935, plu,mas,7
7936, pod,remos,7
7937, pom,pa,7
7938, pr,ender,7
7939, pre,ce,7
7940, predi,car,7
7941, pregun,to,7
7942, pregunt,ándole,7
7943, pres,entar,7
7944, pres,os,7
7945, pres,u,7
7946, pres,un,7
7947, preten,de,7
7948, preven,ciones,7
7949, pro,ce,7
7950, procurar,é,7
7951, prof,esa,7
7952, profun,dos,7
7953, prome,ten,7
7954, prop,rio,7
7955, prud,entes,7
7956, pur,gatorio,7
7957, públi,ca,7
7958, qui,taba,7
7959, quin,to,7
7960, quisi,esen,7
7961, ra,p,7
7962, ral,ea,7
7963, ras,a,7
7964, razon,amientos,7
7965, re,cor,7
7966, re,h,7
7967, re,lin,7
7968, re,lu,7
7969, re,quier,7
7970, reci,bir,7
7971, reci,bo,7
7972, recib,en,7
7973, recog,iendo,7
7974, recog,imiento,7
7975, recog,ió,7
7976, refer,idos,7
7977, reg,idor,7
7978, regal,os,7
7979, relig,ioso,7
7980, represent,an,7
7981, represent,ó,7
7982, requi,ebros,7
7983, requier,en,7
7984, resp,e,7
7985, respon,da,7
7986, rev,uelto,7
7987, rigu,rosa,7
7988, ro,lli,7
7989, rom,ano,7
7990, romp,ió,7
7991, ros,ario,7
7992, ru,mor,7
7993, rub,ios,7
7994, rústi,ca,7
7995, sab,rosa,7
7996, sac,ase,7
7997, sac,rist,7
7998, se,tenta,7
7999, secre,tos,7
8000, segu,ía,7
8001, segura,mente,7
8002, sent,ada,7
8003, sepul,tado,7
8004, señal,ado,7
8005, sigui,ese,7
8006, sob,ra,7
8007, sob,ren,7
8008, sobre,man,7
8009, sobreman,era,7
8010, soseg,ada,7
8011, sosten,ía,7
8012, suce,dieron,7
8013, suel,to,7
8014, suspen,sión,7
8015, sust,ancia,7
8016, sust,enta,7
8017, sá,ti,7
8018, t,entar,7
8019, ta,h,7
8020, tama,ño,7
8021, tamb,or,7
8022, tamb,ores,7
8023, tan,te,7
8024, te,las,7
8025, te,mió,7
8026, temer,ario,7
8027, ten,ed,7
8028, tendr,án,7
8029, tendr,ían,7
8030, tern,era,7
8031, ti,raba,7
8032, tier,no,7
8033, tier,nos,7
8034, titer,ero,7
8035, to,le,7
8036, tole,d,7
8037, ton,tos,7
8038, top,ó,7
8039, tor,no,7
8040, torn,aron,7
8041, tradu,cir,7
8042, trage,dia,7
8043, tras,pas,7
8044, tro,fe,7
8045, truj,ese,7
8046, tu,vieran,7
8047, tur,bar,7
8048, tur,ques,7
8049, turb,ó,7
8050, univer,sal,7
8051, v,alles,7
8052, v,ien,7
8053, va,yan,7
8054, va,yas,7
8055, val,ed,7
8056, val,en,7
8057, ven,ce,7
8058, vent,uras,7
8059, venta,jas,7
8060, ver,os,7
8061, vestig,los,7
8062, vi,eja,7
8063, vi,lla,7
8064, vi,ste,7
8065, vi,vas,7
8066, vi,éndome,7
8067, vien,tre,7
8068, vier,es,7
8069, vol,ando,7
8070, voluntad,es,7
8071, ya,ce,7
8072, yan,gü,7
8073, yangü,eses,7
8074, É,stos,7
8075, á,t,7
8076, áni,mos,7
8077, ásp,era,7
8078, ún,ica,7
8079,...,!,7
8080,Cu,án,7
8081,D,es,7
8082,D,ios,7
8083,H,ab,7
8084,L,le,7
8085,P,ar,7
8086,P,ero,7
8087,S,ab,7
8088,S,e,7
8089,S,u,7
8090,Su,cedió,7
8091,U,L,7
8092,al,bar,7
8093,al,dad,7
8094,al,os,7
8095,am,anos,7
8096,be,te,7
8097,can,o,7
8098,cas,en,7
8099,cel,le,7
8100,ch,ada,7
8101,ci,al,7
8102,cri,to,7
8103,cu,los,7
8104,d,eros,7
8105,d,ria,7
8106,den,se,7
8107,di,ez,7
8108,dr,é,7
8109,e,x,7
8110,eg,ue,7
8111,el,le,7
8112,ent,ísimo,7
8113,er,ables,7
8114,era,ción,7
8115,g,r,7
8116,g,ran,7
8117,g,ro,7
8118,g,á,7
8119,gan,me,7
8120,gen,es,7
8121,gu,ía,7
8122,gue,ra,7
8123,i,cos,7
8124,ien,den,7
8125,ien,ten,7
8126,ir,se,7
8127,j,aban,7
8128,j,ase,7
8129,lar,es,7
8130,lo,go,7
8131,lé,ri,7
8132,m,entar,7
8133,m,ienda,7
8134,me,lo,7
8135,ob,re,7
8136,om,ana,7
8137,or,os,7
8138,p,io,7
8139,p,ó,7
8140,que,ra,7
8141,ra,me,7
8142,respon,dieron,7
8143,ri,ales,7
8144,ri,cias,7
8145,ri,cos,7
8146,ri,ón,7
8147,rist,ó,7
8148,s,an,7
8149,t,ante,7
8150,t,eros,7
8151,te,mp,7
8152,ter,es,7
8153,ti,ca,7
8154,ti,vas,7
8155,tor,n,7
8156,u,los,7
8157,ue,los,7
8158,uel,ve,7
8159,un,cio,7
8160,v,ado,7
8161,v,amente,7
8162,v,inos,7
8163,z,ara,7
8164,z,uelo,7
8165,»,.,7
8166,é,remos,7
8167,ólo,go,7
8168, ,1,6
8169, ,Í,6
8170, ,Ú,6
8171," """,¡,6
8172, A,de,6
8173, A,grade,6
8174, A,ra,6
8175, A,u,6
8176, ACADÉMIC,O,6
8177, ARGAMASILL,A,6
8178, Acab,ó,6
8179, Acu,dieron,6
8180, Agra,mante,6
8181, Ape,áronse,6
8182, B,ueno,6
8183, Bar,ra,6
8184, Barra,b,6
8185, Barrab,ás,6
8186, Belian,ís,6
8187, C,ada,6
8188, C,ir,6
8189, C,o,6
8190, C,omen,6
8191, C,orte,6
8192, C,ri,6
8193, Cer,ró,6
8194, Cla,vi,6
8195, Clavi,jo,6
8196, Cu,atro,6
8197, D,ese,6
8198, De,cidme,6
8199, De,t,6
8200, Des,de,6
8201, Des,te,6
8202, Di,v,6
8203, Dio,le,6
8204, Dí,jome,6
8205, E,N,6
8206, Est,re,6
8207, F,lan,6
8208, Fe,bo,6
8209, Flan,des,6
8210, Fran,ci,6
8211, G,as,6
8212, Gar,cía,6
8213, H,ern,6
8214, H,ér,6
8215, Her,mano,6
8216, Hici,éron,6
8217, Hiciéron,lo,6
8218, Hér,cu,6
8219, Hércu,les,6
8220, Hí,zose,6
8221, In,gal,6
8222, Ingal,a,6
8223, Ingala,terra,6
8224, Ital,ia,6
8225, J,or,6
8226, Jerón,imo,6
8227, Jor,ge,6
8228, L,lan,6
8229, Li,mp,6
8230, Lle,g,6
8231, M,adre,6
8232, Ma,gal,6
8233, Ma,h,6
8234, Magal,ona,6
8235, Mir,óle,6
8236, N,e,6
8237, O,tro,6
8238, O,tros,6
8239, Ofre,ció,6
8240, Or,lando,6
8241, Ovi,dio,6
8242, Oy,ólo,6
8243, P,anzas,6
8244, P,rim,6
8245, P,usi,6
8246, P,í,6
8247, Par,ece,6
8248, Pareció,le,6
8249, Pe,ña,6
8250, Per,si,6
8251, Por,tu,6
8252, Portu,gal,6
8253, Pregun,táronle,6
8254, Pregunté,le,6
8255, Quer,ría,6
8256, Qui,zá,6
8257, R,ad,6
8258, Rad,am,6
8259, Radam,anto,6
8260, Re,al,6
8261, Respondió,le,6
8262, Ri,car,6
8263, Ricar,do,6
8264, S,ig,6
8265, S,o,6
8266, S,us,6
8267, T,ab,6
8268, To,da,6
8269, Tra,p,6
8270, U,ch,6
8271, Uch,alí,6
8272, V,amos,6
8273, V,ie,6
8274, V,io,6
8275, Van,dal,6
8276, Vandal,ia,6
8277, Ven,ga,6
8278, Verdad,eramente,6
8279, Vi,éndose,6
8280, Vol,vióse,6
8281, a,cierto,6
8282, a,go,6
8283, abis,mos,6
8284, abraz,ada,6
8285, abre,vi,6
8286, abund,ante,6
8287, ac,aban,6
8288, ac,ar,6
8289, ac,to,6
8290, aca,eci,6
8291, acab,o,6
8292, aco,bar,6
8293, acompañ,ado,6
8294, acompañ,ados,6
8295, aconte,cimiento,6
8296, acor,dar,6
8297, acor,rer,6
8298, acos,ado,6
8299, acredi,tar,6
8300, ad,qui,6
8301, ad,ulación,6
8302, adelan,tó,6
8303, admira,da,6
8304, adorn,an,6
8305, adver,tida,6
8306, advir,tiese,6
8307, ago,bi,6
8308, agrade,cer,6
8309, agü,eros,6
8310, aj,ust,6
8311, al,cur,6
8312, al,qui,6
8313, alb,ricias,6
8314, alboro,tada,6
8315, alcal,des,6
8316, alcan,ce,6
8317, alcanz,aba,6
8318, alcur,n,6
8319, alcurn,ia,6
8320, alde,as,6
8321, ale,vos,6
8322, algo,dón,6
8323, amar,ga,6
8324, amp,ar,6
8325, an,de,6
8326, an,ejas,6
8327, and,anza,6
8328, and,ur,6
8329, anda,mos,6
8330, andur,riales,6
8331, ansi,mismo,6
8332, ante,cog,6
8333, anto,ja,6
8334, anto,jos,6
8335, ap,ara,6
8336, apale,ado,6
8337, apar,iencia,6
8338, apar,tarse,6
8339, ape,ar,6
8340, ape,ti,6
8341, apri,eto,6
8342, aprovech,ó,6
8343, ar,diendo,6
8344, ar,pa,6
8345, archi,vo,6
8346, arran,car,6
8347, arro,yos,6
8348, asi,dos,6
8349, aten,diendo,6
8350, aten,go,6
8351, aten,ta,6
8352, atraves,ado,6
8353, aus,ent,6
8354, aventur,eros,6
8355, aver,i,6
8356, averi,gua,6
8357, averigu,ado,6
8358, ay,un,6
8359, b,one,6
8360, b,ui,6
8361, ba,il,6
8362, ba,jos,6
8363, ba,u,6
8364, ban,que,6
8365, bar,ri,6
8366, bara,to,6
8367, bella,cos,6
8368, bigo,tes,6
8369, blan,dura,6
8370, blan,quísi,6
8371, bo,tas,6
8372, bor,rica,6
8373, borra,cho,6
8374, boti,cario,6
8375, bra,vos,6
8376, bro,cado,6
8377, buen,amente,6
8378, busc,alle,6
8379, busc,ase,6
8380, c,ierra,6
8381, c,léri,6
8382, c,ás,6
8383, ca,tad,6
8384, cabalgad,ura,6
8385, cal,aba,6
8386, cal,e,6
8387, cale,tre,6
8388, calle,j,6
8389, can,de,6
8390, car,i,6
8391, carta,pa,6
8392, cas,ada,6
8393, cauti,ver,6
8394, cautiver,io,6
8395, ce,tro,6
8396, ces,aba,6
8397, ces,ó,6
8398, cho,zas,6
8399, co,f,6
8400, cog,iendo,6
8401, coloqui,os,6
8402, com,ía,6
8403, comba,t,6
8404, come,dida,6
8405, comedi,mientos,6
8406, comp,la,6
8407, comp,ra,6
8408, comuni,que,6
8409, con,qui,6
8410, con,temp,6
8411, conce,ptos,6
8412, concl,uir,6
8413, conclu,y,6
8414, conf,un,6
8415, confus,os,6
8416, conoci,era,6
8417, consenti,miento,6
8418, consenti,ré,6
8419, conser,var,6
8420, consol,ó,6
8421, cont,ienen,6
8422, continu,as,6
8423, contra,p,6
8424, contrahe,cha,6
8425, conver,tida,6
8426, cor,do,6
8427, cor,n,6
8428, cor,rió,6
8429, cor,so,6
8430, correspon,der,6
8431, crey,eron,6
8432, cri,ar,6
8433, cri,ó,6
8434, cristi,anas,6
8435, cristi,andad,6
8436, cu,leb,6
8437, cu,po,6
8438, cu,re,6
8439, cuadri,lla,6
8440, cuar,tillo,6
8441, cuar,tos,6
8442, cub,iertas,6
8443, cub,rían,6
8444, cuchil,lo,6
8445, cuen,te,6
8446, cuer,da,6
8447, culeb,ras,6
8448, cump,le,6
8449, cumplir,á,6
8450, d,anza,6
8451, d,omin,6
8452, d,ársela,6
8453, dar,nos,6
8454, de,cidme,6
8455, de,cille,6
8456, de,is,6
8457, deb,emos,6
8458, declara,ción,6
8459, dej,ad,6
8460, dej,adme,6
8461, dej,as,6
8462, del,an,6
8463, demasi,ada,6
8464, den,me,6
8465, dere,chamente,6
8466, dere,chas,6
8467, dere,chos,6
8468, derra,mar,6
8469, derri,bar,6
8470, desa,tin,6
8471, desafor,ado,6
8472, desagrade,cido,6
8473, desal,mados,6
8474, desc,ab,6
8475, desc,ome,6
8476, desc,or,6
8477, descon,o,6
8478, descon,sol,6
8479, descub,ierta,6
8480, descubrir,se,6
8481, descui,dado,6
8482, descui,dos,6
8483, dese,ada,6
8484, desenv,uelta,6
8485, desesper,aba,6
8486, desh,izo,6
8487, deshe,cho,6
8488, desnu,da,6
8489, desnu,dar,6
8490, desnu,dez,6
8491, desp,ed,6
8492, desp,ierta,6
8493, despe,ñ,6
8494, despi,dieron,6
8495, dest,ra,6
8496, dest,ro,6
8497, determin,é,6
8498, di,eran,6
8499, di,remos,6
8500, di,rás,6
8501, dif,í,6
8502, difí,cil,6
8503, dign,idad,6
8504, disp,u,6
8505, dispara,tado,6
8506, div,ina,6
8507, div,inas,6
8508, do,te,6
8509, doct,rina,6
8510, don,es,6
8511, du,do,6
8512, du,rar,6
8513, dudos,o,6
8514, due,lo,6
8515, dí,gal,6
8516, e,dades,6
8517, e,fi,6
8518, ech,aba,6
8519, ech,ándole,6
8520, elo,cuen,6
8521, emb,ara,6
8522, emb,eles,6
8523, embraz,ó,6
8524, embust,ero,6
8525, emp,acho,6
8526, emple,ada,6
8527, en,ano,6
8528, en,cu,6
8529, en,j,6
8530, en,lu,6
8531, en,ra,6
8532, enc,ru,6
8533, encamis,ados,6
8534, encantad,as,6
8535, encen,dida,6
8536, ens,an,6
8537, enseñ,ar,6
8538, ensi,ll,6
8539, entien,den,6
8540, entreme,to,6
8541, esco,peta,6
8542, escre,bir,6
8543, escri,ban,6
8544, escu,cha,6
8545, escuch,an,6
8546, escuder,il,6
8547, escudri,ñ,6
8548, esp,esas,6
8549, esp,ías,6
8550, est,ancias,6
8551, est,iende,6
8552, estan,darte,6
8553, estrañ,eza,6
8554, estre,mado,6
8555, estri,bo,6
8556, estro,pe,6
8557, estu,vimos,6
8558, estudi,antes,6
8559, et,c,6
8560, f,ar,6
8561, f,asta,6
8562, f,ier,6
8563, fa,z,6
8564, fal,tase,6
8565, faltar,á,6
8566, fe,aldad,6
8567, fe,cha,6
8568, fe,chos,6
8569, fin,eza,6
8570, fing,ido,6
8571, fing,idos,6
8572, fing,iendo,6
8573, fing,ir,6
8574, fla,ca,6
8575, fle,ma,6
8576, fol,lón,6
8577, for,tifi,6
8578, for,zar,6
8579, fres,co,6
8580, fru,ta,6
8581, fru,tas,6
8582, fui,mos,6
8583, fáb,ula,6
8584, g,abán,6
8585, g,ano,6
8586, g,ros,6
8587, gal,gos,6
8588, gal,le,6
8589, galle,gos,6
8590, go,ta,6
8591, gobiern,an,6
8592, gol,fo,6
8593, gradu,ado,6
8594, gre,mio,6
8595, gri,ego,6
8596, guar,den,6
8597, gust,ar,6
8598, gust,oso,6
8599, h,ados,6
8600, h,ino,6
8601, h,uel,6
8602, ha,céis,6
8603, hab,edes,6
8604, hab,eros,6
8605, hab,ré,6
8606, habl,aban,6
8607, habérse,la,6
8608, hacer,nos,6
8609, hall,aban,6
8610, halla,mos,6
8611, halló,le,6
8612, har,éis,6
8613, har,ían,6
8614, hech,ic,6
8615, hech,ura,6
8616, hechic,ero,6
8617, hered,ero,6
8618, hin,có,6
8619, hino,jos,6
8620, hon,rosa,6
8621, hor,r,6
8622, i,da,6
8623, igu,almente,6
8624, imi,tando,6
8625, impertin,entes,6
8626, impor,taba,6
8627, impres,as,6
8628, in,te,6
8629, in,um,6
8630, inau,dito,6
8631, incl,inación,6
8632, inclem,encias,6
8633, ir,me,6
8634, ir,ía,6
8635, is,la,6
8636, izquier,da,6
8637, j,in,6
8638, jin,eta,6
8639, just,amente,6
8640, juz,go,6
8641, lar,gos,6
8642, le,trado,6
8643, le,tura,6
8644, le,í,6
8645, le,ía,6
8646, leer,la,6
8647, legíti,mo,6
8648, levan,tadas,6
8649, llam,aron,6
8650, llegar,a,6
8651, llevar,ía,6
8652, llo,vi,6
8653, lu,ciente,6
8654, lu,mbre,6
8655, lun,ar,6
8656, m,ase,6
8657, ma,ña,6
8658, mad,era,6
8659, magn,ifi,6
8660, magnifi,cencia,6
8661, mal,dades,6
8662, mal,decía,6
8663, mal,dito,6
8664, mala,vent,6
8665, malandr,ín,6
8666, malfer,ido,6
8667, man,to,6
8668, manifi,esta,6
8669, mante,ado,6
8670, maravi,ll,6
8671, maravillos,a,6
8672, may,ora,6
8673, melan,cóli,6
8674, menti,roso,6
8675, mer,ez,6
8676, mi,li,6
8677, mi,llas,6
8678, mie,mbro,6
8679, mis,a,6
8680, mist,erio,6
8681, mo,ce,6
8682, mo,vieron,6
8683, moce,dad,6
8684, mocha,cho,6
8685, moder,no,6
8686, mol,imiento,6
8687, mon,arca,6
8688, monst,ru,6
8689, mor,rión,6
8690, most,rase,6
8691, mu,do,6
8692, much,edu,6
8693, muchedu,mbre,6
8694, mue,ro,6
8695, muer,tas,6
8696, murm,urando,6
8697, muñe,ca,6
8698, mí,s,6
8699, músi,cas,6
8700, n,ad,6
8701, n,or,6
8702, nari,z,6
8703, necesar,ios,6
8704, necesidad,es,6
8705, neg,ras,6
8706, nie,ga,6
8707, nin,fas,6
8708, o,ch,6
8709, o,ciosas,6
8710, o,ciosos,6
8711, o,cul,6
8712, oblig,ó,6
8713, och,enta,6
8714, ocup,ada,6
8715, ordinar,ios,6
8716, orien,tales,6
8717, oy,ese,6
8718, p,ón,6
8719, p,ú,6
8720, p,úl,6
8721, pacífi,co,6
8722, pajar,illos,6
8723, par,es,6
8724, par,tí,6
8725, parecer,les,6
8726, pareció,le,6
8727, pas,mado,6
8728, pasatiemp,os,6
8729, pe,gar,6
8730, pe,ine,6
8731, pelig,roso,6
8732, peque,ños,6
8733, per,as,6
8734, per,dida,6
8735, per,ju,6
8736, per,tre,6
8737, perdi,ces,6
8738, pergam,ino,6
8739, permi,ta,6
8740, permi,te,6
8741, persona,jes,6
8742, pes,cadores,6
8743, pesar,oso,6
8744, pi,có,6
8745, pi,des,6
8746, pien,san,6
8747, pien,ses,6
8748, pier,do,6
8749, ple,ga,6
8750, plegar,ias,6
8751, pol,lina,6
8752, pon,drá,6
8753, porfi,ar,6
8754, pregun,tan,6
8755, pres,tado,6
8756, princes,as,6
8757, pro,vi,6
8758, procu,rase,6
8759, profes,amos,6
8760, profes,an,6
8761, prop,ie,6
8762, prop,ios,6
8763, propie,dad,6
8764, pros,a,6
8765, pros,iga,6
8766, prove,chos,6
8767, prove,choso,6
8768, provin,cia,6
8769, pu,pi,6
8770, puntu,almente,6
8771, pus,i,6
8772, pájar,os,6
8773, púl,pi,6
8774, q,uí,6
8775, que,den,6
8776, qui,la,6
8777, qui,tasen,6
8778, qui,to,6
8779, quin,ientos,6
8780, quisier,an,6
8781, quit,ársela,6
8782, ra,mos,6
8783, re,cio,6
8784, rebuz,nos,6
8785, rec,ta,6
8786, receb,í,6
8787, receb,ían,6
8788, redon,do,6
8789, reg,las,6
8790, rema,te,6
8791, ren,ombre,6
8792, ren,ta,6
8793, reno,var,6
8794, rep,i,6
8795, requi,ere,6
8796, res,erv,6
8797, res,qui,6
8798, res,ti,6
8799, resp,etos,6
8800, reti,rada,6
8801, reti,rar,6
8802, retra,to,6
8803, ri,dí,6
8804, ro,bu,6
8805, ro,garon,6
8806, ro,gué,6
8807, rode,aron,6
8808, rode,os,6
8809, ron,da,6
8810, ru,bi,6
8811, s,uer,6
8812, s,áb,6
8813, sa,etas,6
8814, sab,ed,6
8815, sabid,uría,6
8816, sacerdo,te,6
8817, sal,gan,6
8818, sal,i,6
8819, sal,iera,6
8820, sal,ta,6
8821, sal,to,6
8822, saldr,án,6
8823, salte,ador,6
8824, satisf,aré,6
8825, satisfe,chos,6
8826, se,amos,6
8827, se,ca,6
8828, secre,ta,6
8829, segui,do,6
8830, sel,va,6
8831, sen,das,6
8832, sent,ó,6
8833, sepul,c,6
8834, serp,iente,6
8835, si,esta,6
8836, si,go,6
8837, simpli,ci,6
8838, simplici,dades,6
8839, sir,vieron,6
8840, sir,vo,6
8841, so,ez,6
8842, sob,ras,6
8843, soberb,ios,6
8844, somb,rero,6
8845, son,aba,6
8846, son,aban,6
8847, sor,do,6
8848, sos,pir,6
8849, su,ba,6
8850, su,ma,6
8851, su,per,6
8852, su,til,6
8853, sub,iendo,6
8854, suel,tos,6
8855, suer,tes,6
8856, suf,rim,6
8857, sufrim,iento,6
8858, supl,ir,6
8859, suplic,ándole,6
8860, ta,ñ,6
8861, tar,dó,6
8862, tem,erosos,6
8863, tem,es,6
8864, temp,lo,6
8865, ten,gamos,6
8866, ten,gáis,6
8867, tener,me,6
8868, ter,cia,6
8869, tien,das,6
8870, tir,ar,6
8871, tom,ad,6
8872, tom,ara,6
8873, tor,tas,6
8874, tra,gos,6
8875, tra,tando,6
8876, tra,í,6
8877, traer,me,6
8878, transfor,mada,6
8879, transfor,mado,6
8880, tras,p,6
8881, triun,fo,6
8882, tro,cara,6
8883, trofe,o,6
8884, trom,peta,6
8885, tu,yos,6
8886, un,gü,6
8887, us,aban,6
8888, us,ando,6
8889, v,ienes,6
8890, v,uelo,6
8891, v,uél,6
8892, va,p,6
8893, vac,ío,6
8894, ve,he,6
8895, ve,j,6
8896, ve,mos,6
8897, ve,ían,6
8898, vej,igas,6
8899, ven,ci,6
8900, ven,ció,6
8901, ven,da,6
8902, ven,gado,6
8903, ven,gas,6
8904, vengan,zas,6
8905, vent,as,6
8906, ventu,rosa,6
8907, ver,las,6
8908, ver,án,6
8909, ver,é,6
8910, ver,ía,6
8911, verdu,go,6
8912, verdu,gos,6
8913, vesti,das,6
8914, vi,cios,6
8915, vi,llan,6
8916, vin,iera,6
8917, vin,ieren,6
8918, virtu,osos,6
8919, visi,tar,6
8920, volv,amos,6
8921, volv,í,6
8922, vomi,tar,6
8923, vuel,tas,6
8924, zagal,as,6
8925, Ú,be,6
8926, Úbe,da,6
8927, ángel,es,6
8928, é,sas,6
8929, í,mp,6
8930, ímp,e,6
8931,),;,6
8932,-,;,6
8933,B,A,6
8934,B,en,6
8935,Ben,dito,6
8936,D,i,6
8937,E,l,6
8938,OS,O,6
8939,P,ara,6
8940,P,ens,6
8941,R,A,6
8942,S,í,6
8943,To,do,6
8944,Vála,te,6
8945,a,jas,6
8946,ad,eras,6
8947,ad,eros,6
8948,am,ala,6
8949,as,i,6
8950,b,ase,6
8951,bo,gues,6
8952,c,ase,6
8953,ced,or,6
8954,ced,ía,6
8955,ch,aba,6
8956,ci,li,6
8957,cor,dia,6
8958,cu,án,6
8959,d,ona,6
8960,d,éis,6
8961,dad,as,6
8962,dad,or,6
8963,di,dades,6
8964,di,go,6
8965,di,llo,6
8966,do,vinos,6
8967,e,cha,6
8968,e,dad,6
8969,ent,ro,6
8970,er,me,6
8971,er,á,6
8972,es,tra,6
8973,f,os,6
8974,f,rica,6
8975,fici,ente,6
8976,g,ales,6
8977,g,ri,6
8978,g,ándose,6
8979,gal,le,6
8980,go,lo,6
8981,h,ay,6
8982,h,um,6
8983,i,cas,6
8984,ien,tas,6
8985,ir,le,6
8986,is,mo,6
8987,j,adero,6
8988,j,ara,6
8989,j,ese,6
8990,j,óse,6
8991,je,le,6
8992,je,to,6
8993,l,aba,6
8994,l,ador,6
8995,le,ga,6
8996,le,zas,6
8997,ler,as,6
8998,li,s,6
8999,lla,do,6
9000,m,ándose,6
9001,m,ón,6
9002,mb,r,6
9003,me,la,6
9004,men,ta,6
9005,mi,do,6
9006,mi,to,6
9007,mu,de,6
9008,máti,ca,6
9009,om,é,6
9010,os,amente,6
9011,p,ol,6
9012,p,ín,6
9013,pa,ñas,6
9014,que,n,6
9015,qui,lla,6
9016,r,in,6
9017,ran,za,6
9018,ri,cas,6
9019,ru,mb,6
9020,ru,z,6
9021,s,amente,6
9022,s,ó,6
9023,si,vas,6
9024,st,ia,6
9025,t,áis,6
9026,ta,os,6
9027,tad,amente,6
9028,tar,es,6
9029,tas,te,6
9030,te,m,6
9031,ten,eos,6
9032,ter,ar,6
9033,tes,e,6
9034,ti,dos,6
9035,ti,era,6
9036,tu,r,6
9037,tun,o,6
9038,tá,redes,6
9039,u,ro,6
9040,u,za,6
9041,ura,da,6
9042,vile,gio,6
9043,vos,e,6
9044,z,alo,6
9045,á,ramos,6
9046,ála,mo,6
9047,árme,le,6
9048,én,donos,6
9049,én,gan,6
9050,éndo,las,6
9051,érse,le,6
9052,í,st,6
9053,íno,le,6
9054,ñ,en,6
9055, A,caba,5
9056, A,li,5
9057, A,ristó,5
9058, Ab,rió,5
9059, Ad,ver,5
9060, Ad,vierte,5
9061, Ade,lante,5
9062, Ale,man,5
9063, Aleman,ia,5
9064, Amad,ises,5
9065, An,dad,5
9066, Ape,óse,5
9067, Aristó,teles,5
9068, Aun,que,5
9069, B,re,5
9070, Bre,taña,5
9071, C,om,5
9072, C,os,5
9073, Ca,tón,5
9074, Car,pio,5
9075, Cir,on,5
9076, Ciron,gilio,5
9077, Con,o,5
9078, Cu,pido,5
9079, D,ame,5
9080, D,is,5
9081, D,uer,5
9082, De,cid,5
9083, Duer,me,5
9084, Dígo,te,5
9085, E,L,5
9086, El,ena,5
9087, El,los,5
9088, Emp,er,5
9089, Ent,raron,5
9090, Estre,m,5
9091, Estrem,adura,5
9092, F,ili,5
9093, F,lor,5
9094, F,uer,5
9095, G,ines,5
9096, Gala,or,5
9097, Gas,par,5
9098, Gin,eb,5
9099, Gineb,ra,5
9100, Gines,illo,5
9101, Gon,zalo,5
9102, Gran,ada,5
9103, Gran,de,5
9104, H,as,5
9105, H,ay,5
9106, H,i,5
9107, H,é,5
9108, J,ú,5
9109, Ju,lio,5
9110, Jú,pi,5
9111, Júpi,ter,5
9112, L,lor,5
9113, L,lá,5
9114, L,lé,5
9115, L,ob,5
9116, LX,X,5
9117, Lla,m,5
9118, Llan,a,5
9119, M,ara,5
9120, M,ur,5
9121, M,ála,5
9122, Mad,ás,5
9123, Mah,oma,5
9124, Mir,en,5
9125, Mu,cho,5
9126, Mu,y,5
9127, Mála,ga,5
9128, N,a,5
9129, N,adie,5
9130, N,ar,5
9131, Nar,v,5
9132, Narv,á,5
9133, Narvá,ez,5
9134, Nuest,ra,5
9135, O,tra,5
9136, Or,den,5
9137, P,enta,5
9138, P,obre,5
9139, P,rome,5
9140, P,uer,5
9141, Par,diez,5
9142, Pas,m,5
9143, Pas,ó,5
9144, Penta,pol,5
9145, Per,dón,5
9146, Per,ler,5
9147, Pro,cu,5
9148, Quij,ano,5
9149, Quin,ta,5
9150, Quinta,ñ,5
9151, Quintañ,ona,5
9152, S,iemp,5
9153, S,iguió,5
9154, San,to,5
9155, Se,gu,5
9156, Señor,ía,5
9157, Siemp,re,5
9158, Sob,re,5
9159, Su,pli,5
9160, Sus,pen,5
9161, Tir,ante,5
9162, Tom,ad,5
9163, Tra,cia,5
9164, Val,dovinos,5
9165, Vi,sto,5
9166, Y,endo,5
9167, a,cia,5
9168, a,da,5
9169, a,gaza,5
9170, a,jos,5
9171, a,rag,5
9172, a,tar,5
9173, a,tó,5
9174, a,ñ,5
9175, aborre,cido,5
9176, abras,ar,5
9177, abras,ó,5
9178, abraz,ándole,5
9179, abun,dos,5
9180, acab,óse,5
9181, acaeci,mientos,5
9182, acertar,a,5
9183, acertar,e,5
9184, acomo,daron,5
9185, acompañ,ada,5
9186, acor,dado,5
9187, acor,darse,5
9188, acostumb,radas,5
9189, acostumb,rados,5
9190, acu,di,5
9191, ad,entro,5
9192, ad,her,5
9193, ade,manes,5
9194, aderez,ado,5
9195, admi,tir,5
9196, admir,arse,5
9197, admira,ble,5
9198, adonde,quiera,5
9199, adverti,miento,5
9200, af,in,5
9201, afe,c,5
9202, afir,ma,5
9203, aflig,ida,5
9204, aflig,idos,5
9205, afren,tado,5
9206, agra,dar,5
9207, agrad,ables,5
9208, agrade,cía,5
9209, agu,aman,5
9210, aguard,ando,5
9211, agude,za,5
9212, agui,jón,5
9213, ah,i,5
9214, ahe,chando,5
9215, ahor,cado,5
9216, al,a,5
9217, al,ame,5
9218, al,bogues,5
9219, al,cab,5
9220, al,jó,5
9221, al,mi,5
9222, al,on,5
9223, al,tamente,5
9224, al,tan,5
9225, al,ti,5
9226, alabar,das,5
9227, alame,da,5
9228, alca,h,5
9229, alcah,ue,5
9230, alcahue,te,5
9231, alcanz,ara,5
9232, alcanz,aron,5
9233, alcázar,es,5
9234, aleg,raron,5
9235, aleg,ró,5
9236, alfi,ler,5
9237, alfi,lera,5
9238, alfilera,zos,5
9239, algua,ciles,5
9240, aljó,far,5
9241, alz,aba,5
9242, aman,ce,5
9243, amar,go,5
9244, amb,ición,5
9245, an,cha,5
9246, an,illo,5
9247, andar,á,5
9248, andu,viesen,5
9249, angu,sti,5
9250, angu,stia,5
9251, ansi,a,5
9252, ansi,as,5
9253, ap,asi,5
9254, ap,er,5
9255, ap,o,5
9256, ap,uesta,5
9257, apaci,gu,5
9258, apar,té,5
9259, apara,to,5
9260, apelli,do,5
9261, apeti,to,5
9262, aporre,ado,5
9263, apos,tura,5
9264, apre,tar,5
9265, apre,tó,5
9266, apren,dido,5
9267, apro,b,5
9268, aqué,llas,5
9269, ar,co,5
9270, ar,dor,5
9271, aren,ga,5
9272, arre,ba,5
9273, arrepenti,do,5
9274, arrepenti,miento,5
9275, arri,mo,5
9276, arrim,ada,5
9277, arrim,ó,5
9278, arro,gan,5
9279, arti,fi,5
9280, as,cu,5
9281, as,om,5
9282, asal,tos,5
9283, ascu,ras,5
9284, asendere,ado,5
9285, at,ab,5
9286, ata,mb,5
9287, ata,ñe,5
9288, atab,ales,5
9289, atamb,ores,5
9290, aten,der,5
9291, aten,día,5
9292, aten,tado,5
9293, atre,va,5
9294, atre,vo,5
9295, atrevi,da,5
9296, atón,itos,5
9297, au,mento,5
9298, av,ínole,5
9299, ave,mar,5
9300, avellan,as,5
9301, avemar,ías,5
9302, averigua,ción,5
9303, avi,sado,5
9304, ayu,dase,5
9305, ayu,dó,5
9306, az,ó,5
9307, azo,tar,5
9308, b,ala,5
9309, b,esa,5
9310, ba,c,5
9311, ba,ilar,5
9312, baj,aba,5
9313, bal,cón,5
9314, ban,co,5
9315, barb,ado,5
9316, barri,ga,5
9317, bast,ón,5
9318, bañ,ó,5
9319, bizar,ra,5
9320, bo,da,5
9321, bo,fe,5
9322, bo,gar,5
9323, boca,cí,5
9324, bon,ísima,5
9325, bre,ba,5
9326, breba,je,5
9327, brin,co,5
9328, bui,tre,5
9329, bur,lado,5
9330, bur,lar,5
9331, bá,st,5
9332, c,ern,5
9333, ca,ja,5
9334, ca,ta,5
9335, ca,ían,5
9336, call,aré,5
9337, camar,ada,5
9338, camin,aba,5
9339, camin,ado,5
9340, campe,a,5
9341, can,as,5
9342, can,tor,5
9343, cans,éis,5
9344, car,ca,5
9345, car,den,5
9346, car,eci,5
9347, cari,ño,5
9348, cas,cab,5
9349, cas,ó,5
9350, caste,llan,5
9351, casti,gados,5
9352, catad,ura,5
9353, católi,ca,5
9354, cau,dal,5
9355, cay,era,5
9356, cay,ese,5
9357, caí,dos,5
9358, cañ,u,5
9359, ce,lo,5
9360, ce,p,5
9361, cebol,la,5
9362, cir,cu,5
9363, circu,st,5
9364, co,je,5
9365, cocin,ero,5
9366, codi,cia,5
9367, cog,e,5
9368, cog,ió,5
9369, cohe,cho,5
9370, col,as,5
9371, col,cha,5
9372, com,an,5
9373, com,ieron,5
9374, comen,cé,5
9375, comis,ión,5
9376, compa,tri,5
9377, compañ,era,5
9378, compe,tir,5
9379, compla,cer,5
9380, con,ca,5
9381, con,ceder,5
9382, con,tad,5
9383, con,vir,5
9384, conce,dido,5
9385, concer,tada,5
9386, concer,tó,5
9387, condu,cido,5
9388, conf,ío,5
9389, conje,tu,5
9390, cons,ent,5
9391, cons,um,5
9392, consider,ado,5
9393, consigui,ente,5
9394, cont,ienda,5
9395, contar,le,5
9396, contar,é,5
9397, contra,decir,5
9398, conver,tido,5
9399, cor,ro,5
9400, cor,tada,5
9401, cor,tado,5
9402, coro,za,5
9403, coron,ista,5
9404, correspon,dencia,5
9405, cos,tas,5
9406, cre,cer,5
9407, cre,ciendo,5
9408, crey,era,5
9409, cruj,ía,5
9410, cu,ró,5
9411, cua,t,5
9412, cuad,ra,5
9413, cuales,quiera,5
9414, cub,ría,5
9415, cuen,ten,5
9416, cuer,dos,5
9417, cul,p,5
9418, cump,lan,5
9419, curi,osos,5
9420, d,ados,5
9421, d,anzas,5
9422, dar,ás,5
9423, de,cid,5
9424, de,tes,5
9425, deb,iera,5
9426, debi,li,5
9427, decir,lo,5
9428, declar,ase,5
9429, declar,ó,5
9430, dej,alle,5
9431, dej,éis,5
9432, dejar,te,5
9433, del,gado,5
9434, del,itos,5
9435, delei,tar,5
9436, delic,ado,5
9437, den,antes,5
9438, derra,mando,5
9439, des,ierta,5
9440, des,ierto,5
9441, des,man,5
9442, des,n,5
9443, des,ol,5
9444, des,val,5
9445, des,van,5
9446, desa,t,5
9447, desa,tar,5
9448, desafor,ados,5
9449, desagrade,cida,5
9450, desal,mado,5
9451, desc,amin,5
9452, descal,zos,5
9453, descar,gó,5
9454, descom,ul,5
9455, descon,tenta,5
9456, descono,cida,5
9457, descubrir,me,5
9458, desde,ñ,5
9459, desemb,ol,5
9460, desembara,zado,5
9461, desen,ca,5
9462, desenf,ad,5
9463, desesper,ados,5
9464, desha,ciendo,5
9465, deshe,chas,5
9466, desmay,ado,5
9467, desmes,urado,5
9468, desp,ab,5
9469, desp,ar,5
9470, desp,ier,5
9471, despach,ó,5
9472, despos,ado,5
9473, desposor,ios,5
9474, dest,er,5
9475, destier,ro,5
9476, desvi,ados,5
9477, deten,ga,5
9478, detener,me,5
9479, detener,se,5
9480, determin,aba,5
9481, detu,vieron,5
9482, detu,viese,5
9483, deu,da,5
9484, devo,ción,5
9485, di,mos,5
9486, dichos,a,5
9487, dificultos,as,5
9488, dij,es,5
9489, dijer,en,5
9490, dila,tado,5
9491, dila,tar,5
9492, discul,pas,5
9493, disgu,sto,5
9494, disign,io,5
9495, disimul,ar,5
9496, diver,sidad,5
9497, dor,adas,5
9498, du,ran,5
9499, du,re,5
9500, dudos,os,5
9501, due,los,5
9502, dul,ces,5
9503, e,pitaf,5
9504, efi,ca,5
9505, emba,jador,5
9506, embraz,ando,5
9507, emp,e,5
9508, emperatri,ces,5
9509, empres,as,5
9510, en,albar,5
9511, en,ar,5
9512, en,dria,5
9513, en,du,5
9514, en,gran,5
9515, en,mienda,5
9516, en,mude,5
9517, encamin,adas,5
9518, encamin,ando,5
9519, encar,g,5
9520, encar,n,5
9521, encer,raba,5
9522, encer,rada,5
9523, encer,rados,5
9524, encog,er,5
9525, encomen,dar,5
9526, encont,ró,5
9527, encru,ci,5
9528, encruci,jadas,5
9529, encub,re,5
9530, encuen,tros,5
9531, enderez,ar,5
9532, endu,re,5
9533, enf,ado,5
9534, enfer,ma,5
9535, engañ,aba,5
9536, engran,de,5
9537, enh,or,5
9538, enhor,amala,5
9539, enja,ula,5
9540, enjaula,do,5
9541, enmen,dar,5
9542, eno,ja,5
9543, enra,mada,5
9544, enseñ,ado,5
9545, enseñ,an,5
9546, ent,eros,5
9547, enten,a,5
9548, enten,dí,5
9549, entendi,endo,5
9550, entendi,eron,5
9551, enter,ado,5
9552, entreme,ter,5
9553, entret,iene,5
9554, entreten,idos,5
9555, entreten,imientos,5
9556, envi,aba,5
9557, envi,arle,5
9558, equi,val,5
9559, er,ra,5
9560, erra,tas,5
9561, esca,par,5
9562, escap,arse,5
9563, escog,ió,5
9564, escri,bi,5
9565, escrib,í,5
9566, escrib,ía,5
9567, escru,pu,5
9568, escru,tin,5
9569, escrutin,io,5
9570, escuch,ó,5
9571, esp,al,5
9572, esp,ina,5
9573, espa,ciosa,5
9574, espantos,o,5
9575, esper,ad,5
9576, est,rado,5
9577, esta,cada,5
9578, esta,tua,5
9579, esten,dió,5
9580, estim,ada,5
9581, estre,chas,5
9582, estre,ma,5
9583, estu,p,5
9584, estudi,os,5
9585, esté,ril,5
9586, eter,namente,5
9587, ex,cel,5
9588, exag,er,5
9589, exce,pto,5
9590, exper,iencias,5
9591, extraordinar,io,5
9592, f,en,5
9593, f,ic,5
9594, f,re,5
9595, fa,cul,5
9596, fabri,cada,5
9597, facul,tad,5
9598, fal,de,5
9599, fal,tando,5
9600, falde,ll,5
9601, faltar,e,5
9602, fantá,sti,5
9603, fantá,stico,5
9604, fati,gaban,5
9605, fati,gado,5
9606, fe,ch,5
9607, fe,menti,5
9608, feli,cidad,5
9609, felic,ísima,5
9610, felice,mente,5
9611, fi,ar,5
9612, fi,los,5
9613, fi,loso,5
9614, filoso,f,5
9615, fin,es,5
9616, fle,chas,5
9617, flores,tas,5
9618, for,as,5
9619, form,aban,5
9620, forz,ada,5
9621, forz,ado,5
9622, forzos,amente,5
9623, fran,co,5
9624, fue,ras,5
9625, fugi,tivo,5
9626, ful,ano,5
9627, fun,da,5
9628, fué,semos,5
9629, fáb,ulas,5
9630, g,r,5
9631, gall,ina,5
9632, gan,an,5
9633, gan,e,5
9634, gan,sos,5
9635, gan,ó,5
9636, gas,to,5
9637, gen,erosos,5
9638, gobier,na,5
9639, gran,jer,5
9640, gran,o,5
9641, gri,ta,5
9642, guirn,aldas,5
9643, gustos,os,5
9644, h,é,5
9645, h,í,5
9646, ha,can,5
9647, ha,mbr,5
9648, hab,remos,5
9649, hab,ér,5
9650, habl,ara,5
9651, habl,é,5
9652, hacer,os,5
9653, haci,éndose,5
9654, hall,ando,5
9655, hall,ándose,5
9656, hallar,me,5
9657, he,ci,5
9658, her,idos,5
9659, hici,eran,5
9660, hier,ros,5
9661, ho,ja,5
9662, hol,anda,5
9663, hon,da,5
9664, hones,tas,5
9665, hones,tos,5
9666, hor,ad,5
9667, hu,y,5
9668, hue,le,5
9669, hábi,tos,5
9670, igual,arse,5
9671, ilust,res,5
9672, imagin,ada,5
9673, impe,di,5
9674, impertin,encias,5
9675, impi,den,5
9676, impres,os,5
9677, in,cre,5
9678, in,cur,5
9679, in,m,5
9680, in,mor,5
9681, inclin,ada,5
9682, inclin,ó,5
9683, incomo,didades,5
9684, indi,gno,5
9685, indign,a,5
9686, indu,bi,5
9687, inf,an,5
9688, inf,inidad,5
9689, infan,tería,5
9690, infer,ir,5
9691, infor,mado,5
9692, ingra,titud,5
9693, inmor,tal,5
9694, int,ér,5
9695, intitu,lado,5
9696, intér,pre,5
9697, intérpre,te,5
9698, invidi,osos,5
9699, ir,ri,5
9700, ja,ulas,5
9701, jab,on,5
9702, ju,dici,5
9703, ju,gar,5
9704, jun,tarse,5
9705, juz,ga,5
9706, l,omos,5
9707, l,on,5
9708, l,ío,5
9709, la,ú,5
9710, lament,able,5
9711, lasci,vo,5
9712, lau,re,5
9713, le,onado,5
9714, lev,ante,5
9715, levan,t,5
9716, levan,tados,5
9717, li,sta,5
9718, li,tera,5
9719, lib,ras,5
9720, libertad,or,5
9721, libre,a,5
9722, lig,eras,5
9723, limpi,ar,5
9724, ll,ám,5
9725, lla,ves,5
9726, llam,ándose,5
9727, llamar,la,5
9728, llan,eza,5
9729, llev,amos,5
9730, llé,ve,5
9731, lo,g,5
9732, lu,m,5
9733, lum,inar,5
9734, lá,mp,5
9735, lí,ci,5
9736, ma,jadero,5
9737, ma,jestad,5
9738, ma,tan,5
9739, ma,z,5
9740, ma,zos,5
9741, mad,ura,5
9742, mal,dad,5
9743, malan,d,5
9744, maldi,ta,5
9745, malpar,ado,5
9746, man,de,5
9747, man,gas,5
9748, man,se,5
9749, mar,ina,5
9750, mar,ras,5
9751, maravilla,do,5
9752, marti,rios,5
9753, mas,car,5
9754, matar,me,5
9755, mayora,zgo,5
9756, me,tió,5
9757, median,amente,5
9758, melind,re,5
9759, melind,rosa,5
9760, melind,roso,5
9761, men,ción,5
9762, mengu,ada,5
9763, menti,rosas,5
9764, mer,can,5
9765, mere,cer,5
9766, mi,ren,5
9767, mi,rá,5
9768, mi,ré,5
9769, mirar,le,5
9770, mirar,on,5
9771, miser,ias,5
9772, moj,ic,5
9773, mol,idos,5
9774, mon,ja,5
9775, monstru,o,5
9776, mor,eno,5
9777, mor,ta,5
9778, mor,tales,5
9779, mostrar,a,5
9780, mu,da,5
9781, mu,dando,5
9782, mudan,zas,5
9783, muest,ran,5
9784, n,ones,5
9785, na,cer,5
9786, na,v,5
9787, ne,cios,5
9788, negoci,ar,5
9789, nin,fa,5
9790, no,te,5
9791, no,torio,5
9792, nomb,ró,5
9793, nove,dad,5
9794, nove,las,5
9795, nue,ces,5
9796, o,cio,5
9797, o,fici,5
9798, o,lmo,5
9799, ob,is,5
9800, obe,diencia,5
9801, ofen,de,5
9802, ofre,cieron,5
9803, ofre,ciéndole,5
9804, ofre,cían,5
9805, ofreci,ere,5
9806, ofreci,ese,5
9807, olvi,dada,5
9808, ora,ciones,5
9809, orden,aba,5
9810, os,ó,5
9811, ove,ja,5
9812, oy,entes,5
9813, oy,éndole,5
9814, oí,da,5
9815, oí,s,5
9816, p,ir,5
9817, p,l,5
9818, p,ra,5
9819, p,ué,5
9820, pa,ces,5
9821, pa,gados,5
9822, pacífi,ca,5
9823, pag,ador,5
9824, pag,ano,5
9825, pagar,ía,5
9826, par,as,5
9827, par,ente,5
9828, par,iente,5
9829, par,é,5
9830, par,ó,5
9831, pare,d,5
9832, pareci,ere,5
9833, pareci,éndoles,5
9834, parente,la,5
9835, pase,ar,5
9836, pat,ente,5
9837, pañ,uelo,5
9838, pe,cadores,5
9839, ped,ís,5
9840, pelliz,cos,5
9841, pen,dientes,5
9842, pens,aron,5
9843, pensar,lo,5
9844, per,dí,5
9845, per,ten,5
9846, per,tina,5
9847, perder,se,5
9848, perdon,o,5
9849, perdón,eme,5
9850, pereg,rina,5
9851, perez,osos,5
9852, perju,dici,5
9853, persegui,da,5
9854, persuad,ió,5
9855, persuas,ión,5
9856, pertre,chos,5
9857, pes,ado,5
9858, pi,cando,5
9859, pi,dieron,5
9860, pi,la,5
9861, pin,taba,5
9862, pin,tadas,5
9863, pin,tó,5
9864, pis,ando,5
9865, pl,omo,5
9866, pla,tos,5
9867, ple,be,5
9868, po,den,5
9869, po,pa,5
9870, pod,rido,5
9871, poder,lo,5
9872, podri,das,5
9873, pon,gáis,5
9874, por,qué,5
9875, por,ro,5
9876, porfi,aba,5
9877, pos,aderas,5
9878, pos,t,5
9879, posi,bles,5
9880, pr,íst,5
9881, pr,ólogo,5
9882, pre,cia,5
9883, preguntar,e,5
9884, preguntar,le,5
9885, premi,ar,5
9886, present,ados,5
9887, presun,ción,5
9888, pri,v,5
9889, pri,vilegio,5
9890, pro,gres,5
9891, procu,re,5
9892, procu,ro,5
9893, progres,o,5
9894, prome,t,5
9895, prome,tía,5
9896, pron,un,5
9897, prop,ria,5
9898, prop,uesto,5
9899, prove,er,5
9900, prove,ído,5
9901, proveí,das,5
9902, provi,dencia,5
9903, provin,cias,5
9904, pudi,eres,5
9905, pueb,los,5
9906, pugn,aba,5
9907, pupi,los,5
9908, puñ,ada,5
9909, pí,f,5
9910, píf,aro,5
9911, púlpi,to,5
9912, que,jaba,5
9913, que,re,5
9914, qued,ando,5
9915, qui,jadas,5
9916, qui,meras,5
9917, qui,tas,5
9918, quit,ándole,5
9919, quit,ármela,5
9920, quitar,les,5
9921, quitar,se,5
9922, quitar,te,5
9923, quién,es,5
9924, r,aro,5
9925, ra,pa,5
9926, ran,das,5
9927, raí,ces,5
9928, re,ba,5
9929, re,cua,5
9930, re,do,5
9931, re,for,5
9932, re,ñ,5
9933, rec,ono,5
9934, rec,uesto,5
9935, rec,ámara,5
9936, reca,tada,5
9937, rece,lo,5
9938, receb,ía,5
9939, recebi,dos,5
9940, recog,ida,5
9941, recomp,ensa,5
9942, recor,da,5
9943, recorda,ción,5
9944, red,onde,5
9945, redo,ma,5
9946, redonde,z,5
9947, refer,ir,5
9948, reg,idores,5
9949, reg,la,5
9950, relig,iosos,5
9951, remedi,e,5
9952, remedi,os,5
9953, ren,cuen,5
9954, ren,dida,5
9955, renov,aron,5
9956, renov,ó,5
9957, rep,ro,5
9958, repos,ado,5
9959, repos,tería,5
9960, reprehen,dido,5
9961, res,ta,5
9962, res,ul,5
9963, resca,tado,5
9964, resi,stir,5
9965, resplande,cientes,5
9966, respon,dieron,5
9967, responde,lle,5
9968, resqui,cios,5
9969, revent,ar,5
9970, reír,se,5
9971, ro,bar,5
9972, ro,gaba,5
9973, ro,gado,5
9974, ro,pilla,5
9975, rode,ar,5
9976, rom,ero,5
9977, rom,pi,5
9978, ré,pli,5
9979, ré,tu,5
9980, rústi,cos,5
9981, s,ienta,5
9982, s,un,5
9983, s,ú,5
9984, sa,z,5
9985, sab,ia,5
9986, sab,rosas,5
9987, saber,lo,5
9988, sac,ra,5
9989, sacar,án,5
9990, sacrist,án,5
9991, sal,iesen,5
9992, saldr,é,5
9993, saldr,ía,5
9994, san,ar,5
9995, san,dio,5
9996, san,tas,5
9997, sang,r,5
9998, santigu,ada,5
9999, satis,fi,5
10000, se,mana,5
10001, segu,ros,5
10002, segu,ían,5
10003, sent,arse,5
10004, sent,enci,5
10005, sent,ándose,5
10006, sent,í,5
10007, sent,óse,5
10008, ser,en,5
10009, ser,ás,5
10010, señor,ío,5
10011, sig,uen,5
10012, sin,i,5
10013, sin,tieron,5
10014, sinraz,ones,5
10015, sinraz,ón,5
10016, sir,viendo,5
10017, sobren,ombre,5
10018, socor,riese,5
10019, sor,ti,5
10020, sose,gar,5
10021, soseg,adamente,5
10022, soseg,ados,5
10023, su,biese,5
10024, su,mo,5
10025, su,plicó,5
10026, su,tiles,5
10027, sua,ves,5
10028, suce,diere,5
10029, sucedió,le,5
10030, suf,re,5
10031, suf,ri,5
10032, sun,tu,5
10033, supli,caba,5
10034, suspen,den,5
10035, suspir,ar,5
10036, sust,entado,5
10037, t,as,5
10038, t,ig,5
10039, t,ina,5
10040, t,oro,5
10041, t,rá,5
10042, t,á,5
10043, ta,fe,5
10044, tafe,tán,5
10045, tapi,ces,5
10046, tar,da,5
10047, te,atro,5
10048, te,ma,5
10049, te,me,5
10050, temp,lar,5
10051, ten,didas,5
10052, teni,éndole,5
10053, tes,oros,5
10054, ti,ra,5
10055, tina,jas,5
10056, tir,ó,5
10057, to,cino,5
10058, to,cinos,5
10059, toc,ando,5
10060, tocar,e,5
10061, tomar,la,5
10062, top,é,5
10063, tor,pes,5
10064, tos,cano,5
10065, tra,yendo,5
10066, tra,zas,5
10067, tran,ces,5
10068, trans,par,5
10069, transfor,maciones,5
10070, transfor,mación,5
10071, tras,qui,5
10072, triste,zas,5
10073, tro,car,5
10074, tru,je,5
10075, truj,esen,5
10076, tu,mb,5
10077, tu,vimos,5
10078, univer,so,5
10079, us,ur,5
10080, v,ientos,5
10081, v,ías,5
10082, val,erosa,5
10083, val,ga,5
10084, val,ía,5
10085, val,ían,5
10086, vari,lla,5
10087, ve,je,5
10088, ve,áis,5
10089, veje,z,5
10090, venced,ora,5
10091, vendr,án,5
10092, veng,amos,5
10093, vi,cario,5
10094, vi,cioso,5
10095, virtu,oso,5
10096, visi,ones,5
10097, visi,ta,5
10098, visti,ó,5
10099, vo,cab,5
10100, vocab,los,5
10101, volv,áis,5
10102, volv,ían,5
10103, volver,ía,5
10104, volvi,óse,5
10105, vuel,van,5
10106, vuel,vas,5
10107, vá,monos,5
10108, yer,ro,5
10109, z,an,5
10110, zapa,te,5
10111, zar,anda,5
10112, zaranda,jas,5
10113, »—,¡,5
10114, é,ch,5
10115, í,bamos,5
10116, últi,mamente,5
10117,!,"""",5
10118,?'',",",5
10119,A,fuera,5
10120,A,p,5
10121,CI,N,5
10122,Des,di,5
10123,H,as,5
10124,Q,uer,5
10125,R,I,5
10126,Se,ñ,5
10127,T,ambién,5
10128,To,das,5
10129,V,e,5
10130,V,en,5
10131,Vi,va,5
10132,al,ado,5
10133,al,ando,5
10134,amb,re,5
10135,ar,da,5
10136,ar,os,5
10137,b,en,5
10138,b,ern,5
10139,ban,le,5
10140,ban,se,5
10141,c,ante,5
10142,ca,pa,5
10143,cad,ora,5
10144,ced,en,5
10145,ces,e,5
10146,cu,ál,5
10147,cí,ale,5
10148,de,d,5
10149,der,n,5
10150,di,era,5
10151,di,za,5
10152,di,éronle,5
10153,dr,ía,5
10154,e,cía,5
10155,e,zo,5
10156,el,lo,5
10157,ent,an,5
10158,eren,j,5
10159,fi,gu,5
10160,g,ió,5
10161,g,re,5
10162,gui,lla,5
10163,i,que,5
10164,i,tas,5
10165,i,zas,5
10166,ie,ga,5
10167,ili,dad,5
10168,is,o,5
10169,j,oso,5
10170,ja,te,5
10171,l,ab,5
10172,l,aron,5
10173,lan,tes,5
10174,li,to,5
10175,lin,as,5
10176,ll,ada,5
10177,ll,ón,5
10178,lo,g,5
10179,mi,as,5
10180,mon,ios,5
10181,ol,as,5
10182,om,ía,5
10183,on,ados,5
10184,on,ia,5
10185,or,ca,5
10186,p,le,5
10187,par,ada,5
10188,que,dad,5
10189,que,sa,5
10190,r,era,5
10191,r,uel,5
10192,r,ísima,5
10193,ras,te,5
10194,re,me,5
10195,ri,as,5
10196,ri,eron,5
10197,ros,la,5
10198,ró,logo,5
10199,si,ones,5
10200,t,ran,5
10201,ta,mos,5
10202,ten,ci,5
10203,ti,cas,5
10204,ti,ción,5
10205,ti,óse,5
10206,tia,go,5
10207,to,l,5
10208,u,dó,5
10209,u,go,5
10210,u,se,5
10211,us,ión,5
10212,vi,llo,5
10213,vo,le,5
10214,x,i,5
10215,z,cas,5
10216,z,ándose,5
10217,á,bete,5
10218,á,dole,5
10219,á,rades,5
10220,á,redes,5
10221,áb,ala,5
10222,ában,se,5
10223,án,dez,5
10224,ándo,os,5
10225,ár,tela,5
10226,áron,me,5
10227,árse,lo,5
10228,ás,edes,5
10229,é,la,5
10230,éndo,os,5
10231,éngan,se,5
10232,ín,os,5
10233,ú,rote,5
10234,ú,s,5
10235,ú,vose,5
10236, ,ál,4
10237, ,útil,4
10238, '',—,4
10239, 1,6,4
10240, A,L,4
10241, A,P,4
10242, A,ca,4
10243, A,man,4
10244, A,pos,4
10245, A,t,4
10246, A,ust,4
10247, AP,RO,4
10248, APRO,BA,4
10249, APROBA,CI,4
10250, Aca,eció,4
10251, Acab,óse,4
10252, Ad,vierta,4
10253, Ad,án,4
10254, Admir,áronse,4
10255, Adver,ti,4
10256, Adverti,d,4
10257, Agrade,ció,4
10258, Al,lá,4
10259, Al,mo,4
10260, Alb,oro,4
10261, Algun,os,4
10262, Almo,dó,4
10263, Almodó,var,4
10264, Ap,ár,4
10265, Apar,tóse,4
10266, Apos,taré,4
10267, Aquel,la,4
10268, Ar,cad,4
10269, Ara,bia,4
10270, Arcad,ia,4
10271, B,ab,4
10272, B,es,4
10273, B,or,4
10274, B,ri,4
10275, B,uen,4
10276, B,uena,4
10277, Ba,jó,4
10278, Bab,ie,4
10279, Bar,ba,4
10280, Bas,ta,4
10281, Bel,ten,4
10282, Belten,ebros,4
10283, Blan,co,4
10284, C,A,4
10285, C,ruel,4
10286, Ca,co,4
10287, Ca,tóli,4
10288, Cam,po,4
10289, Cas,ca,4
10290, Cas,i,4
10291, Casca,jo,4
10292, Católi,ca,4
10293, Cos,tan,4
10294, Costan,tinopla,4
10295, D,adme,4
10296, D,ar,4
10297, D,ir,4
10298, De,teneos,4
10299, De,tu,4
10300, Des,per,4
10301, Di,éronse,4
10302, Div,ina,4
10303, Dé,jeme,4
10304, Dí,jele,4
10305, E,a,4
10306, E,gi,4
10307, E,lis,4
10308, E,se,4
10309, E,stos,4
10310, Egi,pto,4
10311, Elis,aba,4
10312, Elisaba,t,4
10313, Emper,ador,4
10314, En,c,4
10315, En,tra,4
10316, Esp,lan,4
10317, Esplan,di,4
10318, Franci,sco,4
10319, Fuer,on,4
10320, G,ol,4
10321, G,ri,4
10322, Ga,eta,4
10323, Gar,ci,4
10324, Guti,ér,4
10325, Gutiér,rez,4
10326, H,id,4
10327, H,o,4
10328, H,ora,4
10329, Ha,z,4
10330, Hab,ía,4
10331, Hid,al,4
10332, Hidal,go,4
10333, Hora,cio,4
10334, In,gen,4
10335, Ingen,ioso,4
10336, J,unto,4
10337, Ju,ana,4
10338, L,á,4
10339, Li,b,4
10340, Lo,pe,4
10341, M,ala,4
10342, M,all,4
10343, M,en,4
10344, M,in,4
10345, M,os,4
10346, Ma,gno,4
10347, Ma,gun,4
10348, Madás,ima,4
10349, Magun,cia,4
10350, Mall,orca,4
10351, Mar,te,4
10352, Mon,ti,4
10353, Monti,el,4
10354, Mos,t,4
10355, Mu,chos,4
10356, Mur,cia,4
10357, Ne,p,4
10358, Nep,tuno,4
10359, Ningun,a,4
10360, Ningun,o,4
10361, No,ve,4
10362, Nue,va,4
10363, O,li,4
10364, O,rán,4
10365, O,tras,4
10366, P,AN,4
10367, P,anda,4
10368, P,ase,4
10369, P,en,4
10370, P,ens,4
10371, P,lega,4
10372, P,ol,4
10373, P,ue,4
10374, P,uestos,4
10375, Pa,pa,4
10376, Pal,mer,4
10377, Palmer,ín,4
10378, Par,edes,4
10379, Par,ís,4
10380, Para,pilla,4
10381, Pas,tor,4
10382, Pentapol,ín,4
10383, Pi,diéronle,4
10384, Po,esía,4
10385, Po,lo,4
10386, Prim,ero,4
10387, Pros,ig,4
10388, Puer,to,4
10389, Pusi,éronle,4
10390, Q,uí,4
10391, Que,daron,4
10392, Qui,en,4
10393, Qui,ñ,4
10394, Quij,ana,4
10395, Quijo,tes,4
10396, Quiñ,ones,4
10397, R,eci,4
10398, R,omana,4
10399, Ro,gó,4
10400, Ru,y,4
10401, S,E,4
10402, S,entóse,4
10403, S,il,4
10404, S,on,4
10405, S,ábete,4
10406, Sa,cri,4
10407, Sab,ed,4
10408, Sacri,p,4
10409, Sacrip,ante,4
10410, Se,p,4
10411, Sep,amos,4
10412, Sos,eg,4
10413, Su,pe,4
10414, T,al,4
10415, T,ienes,4
10416, T,ol,4
10417, T,orre,4
10418, Tor,des,4
10419, Tordes,illas,4
10420, Tu,vo,4
10421, Tur,pín,4
10422, Tur,ra,4
10423, Ur,gan,4
10424, Urgan,da,4
10425, V,a,4
10426, V,il,4
10427, Vie,d,4
10428, Vied,ma,4
10429, Vir,eno,4
10430, Vuest,ras,4
10431, Z,o,4
10432, a,ra,4
10433, a,sti,4
10434, a,tad,4
10435, a,vas,4
10436, ab,ol,4
10437, ab,omin,4
10438, ab,rían,4
10439, ab,sor,4
10440, abraz,ado,4
10441, abraz,ando,4
10442, abraz,aron,4
10443, abrevi,ar,4
10444, abri,d,4
10445, abri,ese,4
10446, abund,antes,4
10447, ac,entos,4
10448, ac,on,4
10449, ac,ui,4
10450, acab,adas,4
10451, acab,asen,4
10452, acabar,ás,4
10453, accid,entes,4
10454, ace,ler,4
10455, acompañ,aron,4
10456, acompañ,ase,4
10457, aconse,jaba,4
10458, aconse,jado,4
10459, aconte,ce,4
10460, acre,ciente,4
10461, acuer,de,4
10462, ad,m,4
10463, ad,ora,4
10464, ad,oro,4
10465, ad,ul,4
10466, ad,vier,4
10467, ade,li,4
10468, adelan,tado,4
10469, ader,ezas,4
10470, ader,ezo,4
10471, adher,entes,4
10472, adivin,anzas,4
10473, adorn,adas,4
10474, adorn,ado,4
10475, adorn,ar,4
10476, adver,tencia,4
10477, adverti,mientos,4
10478, advir,tiendo,4
10479, advir,tieron,4
10480, aflig,ido,4
10481, afor,tun,4
10482, afrent,ados,4
10483, ag,asa,4
10484, ag,or,4
10485, ag,os,4
10486, agrade,cidos,4
10487, agu,jeros,4
10488, aguaman,il,4
10489, aguar,daba,4
10490, aguar,dase,4
10491, aguard,aban,4
10492, agui,le,4
10493, aho,gó,4
10494, al,mor,4
10495, al,tura,4
10496, al,á,4
10497, alab,ó,4
10498, alb,er,4
10499, alcan,zo,4
10500, alcanz,ase,4
10501, alde,anas,4
10502, aleg,ra,4
10503, aleg,raba,4
10504, aleg,ran,4
10505, alevos,ía,4
10506, alh,ajas,4
10507, alo,jar,4
10508, alqui,ler,4
10509, alu,mbra,4
10510, am,ador,4
10511, aman,eci,4
10512, amaneci,ese,4
10513, amar,gamente,4
10514, amena,zaba,4
10515, an,ch,4
10516, an,demos,4
10517, an,imos,4
10518, an,ta,4
10519, anci,ano,4
10520, anci,anos,4
10521, and,es,4
10522, andar,se,4
10523, aniqui,lar,4
10524, ano,tación,4
10525, anoche,cía,4
10526, anta,ño,4
10527, ante,ced,4
10528, anti,guas,4
10529, anti,gü,4
10530, antifa,ces,4
10531, apacigu,ó,4
10532, apar,e,4
10533, apar,iencias,4
10534, apar,ta,4
10535, apre,taba,4
10536, apren,dí,4
10537, aprove,cha,4
10538, apócri,fo,4
10539, ar,día,4
10540, ar,enas,4
10541, ar,n,4
10542, ar,p,4
10543, ar,tí,4
10544, arag,on,4
10545, aragon,és,4
10546, archi,vos,4
10547, argu,ye,4
10548, arm,in,4
10549, armin,io,4
10550, arn,és,4
10551, arran,caba,4
10552, arras,tra,4
10553, arro,jando,4
10554, arro,jarse,4
10555, arro,je,4
10556, arro,y,4
10557, as,ent,4
10558, as,entó,4
10559, as,nos,4
10560, as,ol,4
10561, as,que,4
10562, ase,g,4
10563, asegu,ro,4
10564, asi,stir,4
10565, ast,ro,4
10566, at,ada,4
10567, at,ala,4
10568, at,inar,4
10569, at,rib,4
10570, ata,ñen,4
10571, atala,ya,4
10572, atra,er,4
10573, atra,vi,4
10574, atrevi,mientos,4
10575, atribu,y,4
10576, au,tén,4
10577, aven,gas,4
10578, aventa,jar,4
10579, avis,ase,4
10580, ayu,dan,4
10581, ayu,dasen,4
10582, ayudar,me,4
10583, az,or,4
10584, az,u,4
10585, azo,tarse,4
10586, azul,es,4
10587, añadid,uras,4
10588, b,anda,4
10589, b,i,4
10590, ba,y,4
10591, baje,za,4
10592, bajel,es,4
10593, bal,cones,4
10594, ban,cos,4
10595, bando,leros,4
10596, banque,te,4
10597, bar,ras,4
10598, bara,ta,4
10599, bat,án,4
10600, bau,tis,4
10601, bautis,mo,4
10602, bay,eta,4
10603, be,bida,4
10604, be,bido,4
10605, beb,as,4
10606, beb,iendo,4
10607, bellaque,rías,4
10608, bene,fi,4
10609, bene,ficios,4
10610, benefi,ciado,4
10611, ber,me,4
10612, bes,o,4
10613, blan,cura,4
10614, blasfe,mia,4
10615, blasfe,mias,4
10616, bo,cados,4
10617, bo,gaban,4
10618, bo,y,4
10619, bob,a,4
10620, bor,ce,4
10621, borce,gu,4
10622, bosque,s,4
10623, boy,ero,4
10624, br,onces,4
10625, br,íos,4
10626, bra,va,4
10627, bul,l,4
10628, bur,lados,4
10629, burl,adores,4
10630, bus,can,4
10631, bus,cas,4
10632, bus,que,4
10633, busc,ándole,4
10634, bárbar,os,4
10635, bást,ame,4
10636, c,allado,4
10637, c,á,4
10638, ca,te,4
10639, ca,v,4
10640, ca,va,4
10641, ca,ñas,4
10642, cab,iz,4
10643, caballeres,ca,4
10644, caballeres,cas,4
10645, cabel,lo,4
10646, cal,ent,4
10647, calaba,zadas,4
10648, calam,idades,4
10649, callej,uelas,4
10650, cam,as,4
10651, cam,b,4
10652, cam,uza,4
10653, camar,an,4
10654, camp,ana,4
10655, can,on,4
10656, can,sar,4
10657, cans,ada,4
10658, cans,arse,4
10659, cap,tivo,4
10660, cap,ítulos,4
10661, capi,lla,4
10662, car,ecen,4
10663, car,gado,4
10664, car,garon,4
10665, car,ri,4
10666, carri,llos,4
10667, cartapa,cios,4
10668, cas,adas,4
10669, cas,t,4
10670, cascab,eles,4
10671, casti,gado,4
10672, católi,cas,4
10673, cau,se,4
10674, caus,aba,4
10675, cañ,ón,4
10676, ce,b,4
10677, celos,a,4
10678, cen,s,4
10679, cencer,ros,4
10680, cent,ro,4
10681, centine,las,4
10682, cer,cen,4
10683, cer,co,4
10684, cer,das,4
10685, cer,radas,4
10686, cer,ro,4
10687, ceremon,ia,4
10688, ces,ar,4
10689, cha,ta,4
10690, ci,ñ,4
10691, cie,ga,4
10692, cif,ra,4
10693, cin,chado,4
10694, circunve,cinas,4
10695, circust,antes,4
10696, clar,ines,4
10697, cléri,gos,4
10698, co,fre,4
10699, co,jo,4
10700, cob,rado,4
10701, cobar,día,4
10702, col,ada,4
10703, col,chones,4
10704, col,gada,4
10705, col,lar,4
10706, cole,gir,4
10707, colig,ió,4
10708, com,amos,4
10709, com,iese,4
10710, com,paña,4
10711, com,ían,4
10712, combat,ientes,4
10713, comedida,mente,4
10714, comenz,amos,4
10715, comien,za,4
10716, comp,le,4
10717, comp,one,4
10718, compar,ar,4
10719, compañ,eras,4
10720, comple,x,4
10721, complex,ión,4
10722, con,do,4
10723, con,sti,4
10724, conca,vidad,4
10725, conce,de,4
10726, concer,n,4
10727, conclu,ye,4
10728, conden,a,4
10729, confes,ión,4
10730, confi,ado,4
10731, confir,mo,4
10732, confus,iones,4
10733, congo,ja,4
10734, conje,turas,4
10735, conse,gui,4
10736, conse,jero,4
10737, conser,va,4
10738, conser,van,4
10739, consi,gue,4
10740, consi,st,4
10741, consin,tiera,4
10742, consist,ía,4
10743, cont,ente,4
10744, contar,la,4
10745, conten,tado,4
10746, conten,ían,4
10747, content,ísimo,4
10748, contin,encia,4
10749, continu,os,4
10750, convi,dó,4
10751, cor,co,4
10752, cor,onada,4
10753, cor,onado,4
10754, cor,ra,4
10755, cor,ran,4
10756, cor,tó,4
10757, cordo,bán,4
10758, correr,se,4
10759, correspon,da,4
10760, corri,dos,4
10761, corte,zas,4
10762, cortes,ana,4
10763, cos,arios,4
10764, cos,mó,4
10765, cos,tilla,4
10766, cos,tos,4
10767, cosmó,gra,4
10768, cosmógra,fo,4
10769, cre,en,4
10770, crist,ales,4
10771, cruel,es,4
10772, cu,ba,4
10773, cu,rarse,4
10774, cu,én,4
10775, cubrir,se,4
10776, cuel,los,4
10777, cuer,nos,4
10778, cuer,vos,4
10779, cuest,e,4
10780, cui,dados,4
10781, cul,pas,4
10782, cumpli,ese,4
10783, cumpli,ó,4
10784, cumplir,ía,4
10785, curar,le,4
10786, cás,ese,4
10787, cómo,do,4
10788, d,ad,4
10789, d,amos,4
10790, d,ó,4
10791, da,ños,4
10792, dar,la,4
10793, dar,án,4
10794, de,can,4
10795, de,cre,4
10796, de,di,4
10797, debía,mos,4
10798, dec,ír,4
10799, decir,las,4
10800, decir,les,4
10801, decír,selo,4
10802, defen,día,4
10803, defender,me,4
10804, defra,udar,4
10805, dejar,an,4
10806, dejé,monos,4
10807, del,ine,4
10808, del,ito,4
10809, delic,ada,4
10810, delic,adas,4
10811, delic,ados,4
10812, delincuen,te,4
10813, dem,andas,4
10814, depar,ase,4
10815, der,rumb,4
10816, des,amor,4
10817, des,ent,4
10818, des,ga,4
10819, des,go,4
10820, des,in,4
10821, des,vel,4
10822, des,ver,4
10823, desafor,adas,4
10824, desar,mar,4
10825, desat,inos,4
10826, desatin,ada,4
10827, desayun,ado,4
10828, descab,ez,4
10829, descan,s,4
10830, descan,sar,4
10831, descome,didos,4
10832, descor,tés,4
10833, descri,be,4
10834, descub,iertos,4
10835, descub,ra,4
10836, descub,ro,4
10837, descub,rí,4
10838, descubri,mos,4
10839, dese,amos,4
10840, dese,arse,4
10841, dese,char,4
10842, dese,oso,4
10843, dese,áis,4
10844, desenga,ños,4
10845, desesper,ada,4
10846, desfa,cedor,4
10847, desgo,bern,4
10848, deshon,rado,4
10849, deshones,ta,4
10850, design,io,4
10851, desigu,ales,4
10852, desin,teres,4
10853, desinteres,ada,4
10854, desp,ensa,4
10855, desp,le,4
10856, desp,un,4
10857, despa,cho,4
10858, despa,vor,4
10859, desper,taba,4
10860, desper,tado,4
10861, desper,tase,4
10862, despo,jaron,4
10863, despob,lado,4
10864, desposor,io,4
10865, despre,ci,4
10866, desvi,ado,4
10867, detener,le,4
10868, devo,ta,4
10869, di,estro,4
10870, di,min,4
10871, di,pu,4
10872, di,re,4
10873, di,ste,4
10874, di,éronse,4
10875, diciplin,as,4
10876, dificultos,a,4
10877, dij,iste,4
10878, dijer,es,4
10879, dis,cordia,4
10880, disp,one,4
10881, dispar,aba,4
10882, dispara,tadas,4
10883, divi,de,4
10884, divi,día,4
10885, do,cientas,4
10886, do,cto,4
10887, do,cu,4
10888, do,quiera,4
10889, dob,ló,4
10890, docu,mentos,4
10891, dol,encia,4
10892, dol,ía,4
10893, dolor,idas,4
10894, dor,ada,4
10895, dor,ado,4
10896, du,reza,4
10897, du,ros,4
10898, due,ñes,4
10899, duer,mo,4
10900, dulc,ísima,4
10901, dé,sta,4
10902, dé,stas,4
10903, dé,ste,4
10904, dí,ganme,4
10905, dí,golo,4
10906, dí,jome,4
10907, dígal,o,4
10908, e,ce,4
10909, e,min,4
10910, e,ras,4
10911, e,vi,4
10912, ech,ase,4
10913, echar,le,4
10914, echar,á,4
10915, ejecu,tar,4
10916, ejerci,tan,4
10917, ejerci,tar,4
10918, ele,cción,4
10919, elegante,mente,4
10920, emb,e,4
10921, emb,ob,4
10922, emba,ul,4
10923, embo,zo,4
10924, embos,car,4
10925, emin,ente,4
10926, emp,a,4
10927, emp,in,4
10928, emp,re,4
10929, empu,ñ,4
10930, en,cinas,4
10931, en,rist,4
10932, enamor,ar,4
10933, enca,ja,4
10934, encamin,ase,4
10935, encamin,e,4
10936, encareci,miento,4
10937, encen,dido,4
10938, encomen,darme,4
10939, encub,ierta,4
10940, encub,ría,4
10941, ender,eza,4
10942, enderez,ando,4
10943, endiab,lada,4
10944, endria,gos,4
10945, enf,ados,4
10946, enf,ri,4
10947, enga,ños,4
10948, engañ,ados,4
10949, engañ,an,4
10950, engañ,arme,4
10951, engend,rar,4
10952, enj,al,4
10953, enjal,mas,4
10954, enju,to,4
10955, eno,jado,4
10956, eno,jar,4
10957, enrique,cer,4
10958, ensal,ada,4
10959, ensar,tando,4
10960, ent,erra,4
10961, ent,onada,4
10962, enten,dían,4
10963, entendi,dos,4
10964, entendi,ese,4
10965, entern,ecer,4
10966, enti,er,4
10967, entien,dan,4
10968, entre,ga,4
10969, entretener,se,4
10970, env,ían,4
10971, envi,aron,4
10972, envi,é,4
10973, envi,ó,4
10974, equival,ente,4
10975, eru,dición,4
10976, es,can,4
10977, es,cas,4
10978, es,lab,4
10979, es,qu,4
10980, esc,al,4
10981, esc,uelas,4
10982, escar,la,4
10983, escar,n,4
10984, escarla,ta,4
10985, esco,te,4
10986, escon,derse,4
10987, escon,didas,4
10988, escon,didos,4
10989, escri,ba,4
10990, escri,biese,4
10991, escrib,en,4
10992, escrib,iendo,4
10993, escu,chas,4
10994, escu,che,4
10995, escuad,ras,4
10996, escuder,iles,4
10997, eso,tro,4
10998, esp,es,4
10999, espan,tar,4
11000, espar,to,4
11001, especi,al,4
11002, esper,ado,4
11003, esper,amos,4
11004, esper,e,4
11005, espina,zo,4
11006, esqui,fe,4
11007, est,era,4
11008, este,mos,4
11009, esti,mo,4
11010, estim,adas,4
11011, estim,ado,4
11012, esto,que,4
11013, esto,tro,4
11014, estorb,ase,4
11015, estorb,ó,4
11016, estorbar,lo,4
11017, estra,ordinar,4
11018, estra,ta,4
11019, estrata,ge,4
11020, estratage,mas,4
11021, estre,mada,4
11022, estu,vier,4
11023, estudi,ado,4
11024, estup,enda,4
11025, et,cé,4
11026, etcé,tera,4
11027, exce,de,4
11028, exp,res,4
11029, f,ero,4
11030, f,ri,4
11031, f,ris,4
11032, f,ío,4
11033, fa,v,4
11034, fal,sos,4
11035, faldell,ín,4
11036, faltar,on,4
11037, fav,ores,4
11038, favor,ece,4
11039, fe,as,4
11040, fe,os,4
11041, fementi,do,4
11042, fermos,as,4
11043, fic,ción,4
11044, fier,os,4
11045, filóso,fo,4
11046, filóso,fos,4
11047, fin,ísima,4
11048, fing,ió,4
11049, fing,ía,4
11050, fla,u,4
11051, flores,ta,4
11052, for,mado,4
11053, for,mó,4
11054, forz,ó,4
11055, fran,c,4
11056, franc,és,4
11057, fru,tos,4
11058, fu,ga,4
11059, fu,rib,4
11060, fá,ciles,4
11061, g,amo,4
11062, g,lo,4
11063, g,lor,4
11064, gallar,dos,4
11065, gan,ase,4
11066, gana,p,4
11067, gar,rota,4
11068, gas,ta,4
11069, gas,té,4
11070, gi,ri,4
11071, gig,anta,4
11072, giri,fal,4
11073, go,ce,4
11074, go,z,4
11075, gobern,ado,4
11076, golpe,ar,4
11077, gra,dos,4
11078, gran,os,4
11079, grand,ísimos,4
11080, gri,ega,4
11081, gri,egos,4
11082, gri,llos,4
11083, gru,ñ,4
11084, gu,ár,4
11085, guar,dase,4
11086, guar,dó,4
11087, guar,n,4
11088, guardar,me,4
11089, guer,rero,4
11090, gui,ando,4
11091, gui,tar,4
11092, guijar,ro,4
11093, gust,aba,4
11094, gust,osa,4
11095, gust,áis,4
11096, gü,e,4
11097, h,eno,4
11098, h,ero,4
11099, h,os,4
11100, h,uelen,4
11101, h,uida,4
11102, h,ás,4
11103, h,ú,4
11104, ha,gamos,4
11105, hab,rían,4
11106, haber,les,4
11107, haber,lo,4
11108, habi,tación,4
11109, habi,éndola,4
11110, habi,éndome,4
11111, hablar,la,4
11112, hablar,le,4
11113, hall,ados,4
11114, hallar,es,4
11115, hallar,la,4
11116, hallar,os,4
11117, hallar,éis,4
11118, hallas,tes,4
11119, herm,anas,4
11120, hermos,uras,4
11121, hermos,ísimas,4
11122, hi,la,4
11123, hi,leras,4
11124, hici,ste,4
11125, hip,ócri,4
11126, hol,gó,4
11127, hon,do,4
11128, hon,ras,4
11129, hon,re,4
11130, hor,mi,4
11131, horr,endo,4
11132, hu,me,4
11133, hub,e,4
11134, hubi,éredes,4
11135, hum,anos,4
11136, hur,tó,4
11137, huéspe,da,4
11138, i,dio,4
11139, i,dos,4
11140, i,jadas,4
11141, imagin,ados,4
11142, imp,ida,4
11143, impe,dido,4
11144, impedi,mento,4
11145, importun,idades,4
11146, impres,or,4
11147, in,de,4
11148, in,ex,4
11149, in,men,4
11150, in,re,4
11151, in,vo,4
11152, inaudi,tas,4
11153, inci,ta,4
11154, incomo,didad,4
11155, incre,í,4
11156, inf,am,4
11157, inf,iere,4
11158, inju,ria,4
11159, inmortal,idad,4
11160, insol,encia,4
11161, insol,encias,4
11162, insol,entes,4
11163, inte,lig,4
11164, inter,ese,4
11165, inter,r,4
11166, inter,ru,4
11167, interru,mp,4
11168, inum,erables,4
11169, invent,or,4
11170, is,las,4
11171, j,i,4
11172, j,ir,4
11173, j,ui,4
11174, j,á,4
11175, jab,alí,4
11176, jar,ro,4
11177, jard,ines,4
11178, ju,ris,4
11179, juz,gada,4
11180, já,qui,4
11181, l,oma,4
11182, l,ue,4
11183, la,dri,4
11184, la,ta,4
11185, la,tina,4
11186, la,va,4
11187, la,zo,4
11188, la,zos,4
11189, lamen,taciones,4
11190, lan,ter,4
11191, lan,zada,4
11192, lar,gamente,4
11193, lasci,vos,4
11194, lav,ó,4
11195, lava,torio,4
11196, laú,d,4
11197, le,ales,4
11198, le,gal,4
11199, lev,án,4
11200, levan,taban,4
11201, levantar,le,4
11202, ley,eren,4
11203, li,ga,4
11204, lib,ranza,4
11205, lib,rase,4
11206, lig,íti,4
11207, lin,de,4
11208, linde,zas,4
11209, lis,as,4
11210, lis,o,4
11211, lis,on,4
11212, lis,ura,4
11213, ll,ue,4
11214, lla,me,4
11215, llam,ase,4
11216, llev,ados,4
11217, llev,ándole,4
11218, llevar,me,4
11219, llevar,á,4
11220, llevar,é,4
11221, lo,do,4
11222, log,rado,4
11223, los,a,4
11224, luen,ga,4
11225, lun,ares,4
11226, líci,ta,4
11227, líqui,dos,4
11228, m,adu,4
11229, m,in,4
11230, m,ona,4
11231, m,undos,4
11232, ma,jada,4
11233, ma,tando,4
11234, ma,zo,4
11235, madu,ro,4
11236, mag,uer,4
11237, mag,ín,4
11238, magn,án,4
11239, magnífi,co,4
11240, mal,decir,4
11241, maldi,ciendo,4
11242, malen,cón,4
11243, mali,ciosa,4
11244, mali,cioso,4
11245, malig,no,4
11246, man,ada,4
11247, man,if,4
11248, mandar,e,4
11249, manif,es,4
11250, manse,dumbre,4
11251, mante,amiento,4
11252, mar,chi,4
11253, mar,idos,4
11254, mara,ve,4
11255, marave,dí,4
11256, maravillos,amente,4
11257, maz,mor,4
11258, me,ta,4
11259, me,tas,4
11260, me,te,4
11261, med,rar,4
11262, medi,das,4
11263, median,era,4
11264, mej,illa,4
11265, mej,illas,4
11266, mejor,ía,4
11267, memor,ables,4
11268, men,gua,4
11269, men,ores,4
11270, men,sa,4
11271, menospre,cio,4
11272, ment,ís,4
11273, mente,ca,4
11274, menti,rosa,4
11275, menu,da,4
11276, menu,das,4
11277, mercan,cía,4
11278, mere,ced,4
11279, merez,can,4
11280, meter,se,4
11281, mezc,ladas,4
11282, mezc,lando,4
11283, mi,gas,4
11284, mi,lan,4
11285, mien,ten,4
11286, mil,lares,4
11287, mil,lón,4
11288, minist,ro,4
11289, moder,nos,4
11290, mojic,ones,4
11291, mol,er,4
11292, mol,ió,4
11293, mon,ar,4
11294, mon,as,4
11295, mon,j,4
11296, mon,tón,4
11297, mor,ada,4
11298, mor,as,4
11299, mos,cas,4
11300, most,raban,4
11301, most,rando,4
11302, most,ren,4
11303, most,ráis,4
11304, mostren,co,4
11305, mu,das,4
11306, mu,l,4
11307, mu,ro,4
11308, mu,sas,4
11309, muer,en,4
11310, muer,tes,4
11311, muest,ren,4
11312, mur,allas,4
11313, murmu,rar,4
11314, mus,lo,4
11315, márm,oles,4
11316, mís,ero,4
11317, músi,cos,4
11318, na,cieron,4
11319, na,i,4
11320, na,va,4
11321, nai,pes,4
11322, nava,ja,4
11323, necesi,tados,4
11324, negoci,ante,4
11325, ni,ego,4
11326, ni,gr,4
11327, nie,tos,4
11328, nigr,om,4
11329, no,bles,4
11330, no,tar,4
11331, no,vel,4
11332, nomb,raba,4
11333, nor,ab,4
11334, norab,uena,4
11335, nu,b,4
11336, o,cioso,4
11337, o,di,4
11338, o,iga,4
11339, o,villo,4
11340, ob,rar,4
11341, ob,s,4
11342, obis,pos,4
11343, ocupa,ción,4
11344, oir,á,4
11345, op,ini,4
11346, op,on,4
11347, opini,ones,4
11348, orden,are,4
11349, orden,aron,4
11350, os,ado,4
11351, oír,me,4
11352, p,é,4
11353, pa,cer,4
11354, pa,gaba,4
11355, pa,gase,4
11356, pa,gue,4
11357, pa,veses,4
11358, pa,vor,4
11359, pacífi,camente,4
11360, pal,etas,4
11361, par,aban,4
11362, par,aron,4
11363, par,da,4
11364, paras,ismo,4
11365, pareci,éndome,4
11366, parti,eron,4
11367, paré,ceme,4
11368, pas,eo,4
11369, pas,ión,4
11370, pasa,jero,4
11371, pasar,emos,4
11372, pase,arse,4
11373, pase,ándose,4
11374, pañ,iz,4
11375, pañiz,uelo,4
11376, pe,drada,4
11377, pe,tición,4
11378, pedir,me,4
11379, pedí,rse,4
11380, pele,an,4
11381, pele,ando,4
11382, pelliz,caron,4
11383, pens,amos,4
11384, pens,ábamos,4
11385, peque,ñas,4
11386, permi,tía,4
11387, perpe,tua,4
11388, perse,guir,4
11389, perse,ver,4
11390, persever,ar,4
11391, persi,gue,4
11392, persuas,iones,4
11393, pes,cador,4
11394, pie,dad,4
11395, pier,den,4
11396, pin,tados,4
11397, pin,tando,4
11398, pin,ti,4
11399, pin,tura,4
11400, pir,á,4
11401, pirá,mi,4
11402, pirámi,de,4
11403, pla,zo,4
11404, plan,tas,4
11405, pli,egos,4
11406, plu,gui,4
11407, pod,eros,4
11408, pod,erosas,4
11409, pod,áis,4
11410, poden,co,4
11411, poder,se,4
11412, pol,var,4
11413, polvar,eda,4
11414, pon,gas,4
11415, pon,érse,4
11416, pondr,ás,4
11417, poner,la,4
11418, poni,éndome,4
11419, por,ta,4
11420, por,tal,4
11421, pos,ta,4
11422, pos,tura,4
11423, pr,erro,4
11424, pra,de,4
11425, prade,cillo,4
11426, pre,cioso,4
11427, pre,e,4
11428, pre,gón,4
11429, pre,gún,4
11430, preci,sas,4
11431, pree,min,4
11432, pregun,taban,4
11433, pregun,te,4
11434, preguntar,on,4
11435, premi,os,4
11436, prerro,ga,4
11437, pres,ta,4
11438, pres,tar,4
11439, pres,té,4
11440, preven,ción,4
11441, preven,ir,4
11442, pro,di,4
11443, pro,ezas,4
11444, prob,ado,4
11445, procu,rado,4
11446, procu,ran,4
11447, profe,cía,4
11448, profe,ti,4
11449, profun,didad,4
11450, prome,ti,4
11451, prop,in,4
11452, prop,on,4
11453, prop,or,4
11454, pros,e,4
11455, pros,per,4
11456, prue,bas,4
11457, pró,digo,4
11458, prósp,ero,4
11459, prósp,eros,4
11460, pu,to,4
11461, pu,ños,4
11462, pudi,eras,4
11463, pugn,ando,4
11464, pur,ísimo,4
11465, pus,imos,4
11466, pí,car,4
11467, públi,cas,4
11468, que,dasen,4
11469, que,jo,4
11470, que,mado,4
11471, que,remos,4
11472, qued,éis,4
11473, quedar,me,4
11474, quedar,ía,4
11475, quer,rá,4
11476, qui,cios,4
11477, qui,talle,4
11478, qui,tase,4
11479, qui,tándose,4
11480, qui,té,4
11481, quieb,ra,4
11482, quila,tes,4
11483, quin,ta,4
11484, quitar,a,4
11485, quié,ro,4
11486, r,iendo,4
11487, r,ué,4
11488, r,íos,4
11489, ra,ci,4
11490, ra,jas,4
11491, ra,ta,4
11492, rab,el,4
11493, ran,cor,4
11494, ras,car,4
11495, ras,tri,4
11496, ras,tro,4
11497, re,cos,4
11498, re,fi,4
11499, re,i,4
11500, re,man,4
11501, re,men,4
11502, re,ta,4
11503, re,to,4
11504, re,tumb,4
11505, reba,ño,4
11506, rebuzn,aron,4
11507, recebir,la,4
11508, reci,ba,4
11509, reci,tantes,4
11510, recog,er,4
11511, recog,ieron,4
11512, recog,iese,4
11513, refri,ega,4
11514, reg,iones,4
11515, regal,ados,4
11516, regal,ar,4
11517, rego,l,4
11518, regol,dar,4
11519, reh,us,4
11520, relin,chos,4
11521, rema,tado,4
11522, remi,sión,4
11523, reneg,ados,4
11524, rep,ent,4
11525, rep,ente,4
11526, rep,or,4
11527, repli,ques,4
11528, represent,aba,4
11529, represent,aban,4
11530, represent,adas,4
11531, represent,antes,4
11532, reque,b,4
11533, res,to,4
11534, resi,den,4
11535, resplan,dor,4
11536, resplande,ciente,4
11537, respon,diendo,4
11538, respon,dían,4
11539, rev,uel,4
11540, rever,en,4
11541, ri,camente,4
11542, rib,era,4
11543, rin,dieron,4
11544, rin,diese,4
11545, riquísi,mas,4
11546, riquísi,mo,4
11547, ro,bada,4
11548, ro,cino,4
11549, ro,pas,4
11550, ro,ta,4
11551, rob,ador,4
11552, rob,ó,4
11553, rode,ados,4
11554, rolli,zo,4
11555, rom,pe,4
11556, roman,ces,4
11557, romp,iendo,4
11558, ron,ca,4
11559, ros,as,4
11560, ru,fi,4
11561, ru,ines,4
11562, répli,ca,4
11563, rétu,lo,4
11564, rústi,cas,4
11565, s,uena,4
11566, sa,casen,4
11567, sab,ida,4
11568, sab,idor,4
11569, sab,idores,4
11570, sab,roso,4
11571, sab,ría,4
11572, sac,adas,4
11573, sac,ara,4
11574, sac,ri,4
11575, sacu,diendo,4
11576, sal,arios,4
11577, sal,gamos,4
11578, sal,idas,4
11579, sal,iere,4
11580, sal,tos,4
11581, sal,v,4
11582, salte,adores,4
11583, salu,dó,4
11584, salva,jes,4
11585, san,os,4
11586, sar,na,4
11587, satisfa,ga,4
11588, satisfe,cha,4
11589, se,g,4
11590, se,llo,4
11591, se,te,4
11592, seguir,le,4
11593, semb,lante,4
11594, sent,ase,4
11595, sent,en,4
11596, sep,amos,4
11597, sepul,turas,4
11598, sepulc,ro,4
11599, ser,eno,4
11600, ser,éis,4
11601, servir,la,4
11602, servir,á,4
11603, ses,te,4
11604, señor,íos,4
11605, si,estas,4
11606, si,ga,4
11607, si,llas,4
11608, si,llón,4
11609, signifi,ca,4
11610, sigui,entes,4
11611, sigui,éndole,4
11612, sin,tiendo,4
11613, so,guilla,4
11614, sob,r,4
11615, sob,rar,4
11616, sobresal,tos,4
11617, socorrer,le,4
11618, son,ar,4
11619, son,aron,4
11620, sop,lar,4
11621, sospir,os,4
11622, soñ,adas,4
11623, su,be,4
11624, su,bi,4
11625, su,dar,4
11626, su,ficiente,4
11627, su,mi,4
11628, sua,vidad,4
11629, sub,en,4
11630, sub,jeto,4
11631, sub,ía,4
11632, suce,de,4
11633, suce,didos,4
11634, sue,ños,4
11635, suf,rido,4
11636, sup,ieron,4
11637, supli,car,4
11638, sust,an,4
11639, sáb,ana,4
11640, t,un,4
11641, t,álamo,4
11642, t,én,4
11643, t,íos,4
11644, ta,chas,4
11645, ta,gar,4
11646, tab,ern,4
11647, tah,alí,4
11648, tama,ña,4
11649, tan,da,4
11650, tar,daba,4
11651, tar,dado,4
11652, te,chado,4
11653, te,z,4
11654, tem,iera,4
11655, tem,ores,4
11656, tem,ía,4
11657, temb,lando,4
11658, temp,le,4
11659, ten,dremos,4
11660, ten,or,4
11661, tenía,mos,4
11662, ti,bia,4
11663, ti,tu,4
11664, tier,namente,4
11665, tier,nas,4
11666, tin,tero,4
11667, tir,ones,4
11668, to,allas,4
11669, toc,ase,4
11670, tocar,le,4
11671, toled,ano,4
11672, tom,asen,4
11673, tom,ándola,4
11674, tom,éis,4
11675, tomar,é,4
11676, top,aba,4
11677, top,ado,4
11678, top,ase,4
11679, tor,cer,4
11680, tor,cido,4
11681, tor,pe,4
11682, torn,ar,4
11683, tra,dición,4
11684, tra,ig,4
11685, tra,tasen,4
11686, tra,táredes,4
11687, tra,éis,4
11688, traer,é,4
11689, traig,áis,4
11690, tran,qui,4
11691, transfor,maron,4
11692, transpar,ente,4
11693, tras,torn,4
11694, traspas,ado,4
11695, trasud,ando,4
11696, trata,mos,4
11697, tri,st,4
11698, tron,o,4
11699, trope,zando,4
11700, tru,ch,4
11701, tru,h,4
11702, tru,jer,4
11703, tur,be,4
11704, turb,es,4
11705, turb,io,4
11706, turba,ción,4
11707, turques,ca,4
11708, u,mb,4
11709, uf,ano,4
11710, umb,rales,4
11711, us,aba,4
11712, v,ado,4
11713, v,osotras,4
11714, v,é,4
11715, v,én,4
11716, va,gam,4
11717, va,gar,4
11718, va,ina,4
11719, va,que,4
11720, va,quilla,4
11721, val,enci,4
11722, val,erosas,4
11723, valenci,ano,4
11724, valent,ísimo,4
11725, van,as,4
11726, var,ias,4
11727, var,ones,4
11728, ve,lando,4
11729, vehe,m,4
11730, vehem,encia,4
11731, ven,di,4
11732, veng,ada,4
11733, vengar,me,4
11734, venid,ero,4
11735, ver,is,4
11736, ver,jas,4
11737, vesti,rse,4
11738, vestig,lo,4
11739, vi,ejas,4
11740, vi,g,4
11741, via,jes,4
11742, vig,ili,4
11743, vis,lu,4
11744, vislu,mbres,4
11745, vituper,io,4
11746, vo,tos,4
11747, vol,u,4
11748, vol,viera,4
11749, volv,ámonos,4
11750, volv,érse,4
11751, volver,nos,4
11752, vuel,ves,4
11753, y,ed,4
11754, ye,lo,4
11755, yed,ra,4
11756, z,ale,4
11757, za,f,4
11758, za,gales,4
11759, Á,n,4
11760, É,sa,4
11761, É,se,4
11762, át,omos,4
11763, ímpe,tu,4
11764, últi,mas,4
11765,''.,»,4
11766,-,:,4
11767,Ap,enas,4
11768,B,on,4
11769,Desdi,chado,4
11770,E,R,4
11771,E,so,4
11772,G,O,4
11773,H,ay,4
11774,H,i,4
11775,L,O,4
11776,L,a,4
11777,L,as,4
11778,L,e,4
11779,L,o,4
11780,L,os,4
11781,P,e,4
11782,Pens,áis,4
11783,Quer,éis,4
11784,R,E,4
11785,S,C,4
11786,S,an,4
11787,S,oy,4
11788,Señ,or,4
11789,T,a,4
11790,T,en,4
11791,T,ú,4
11792,ab,as,4
11793,ab,ilidad,4
11794,al,á,4
11795,am,ado,4
11796,am,ento,4
11797,an,ía,4
11798,ar,nos,4
11799,b,ieron,4
11800,c,la,4
11801,c,ona,4
11802,c,ra,4
11803,c,ándose,4
11804,ca,ciones,4
11805,cal,á,4
11806,car,as,4
11807,ce,bido,4
11808,cen,me,4
11809,cer,ía,4
11810,ch,adas,4
11811,ch,ero,4
11812,ch,ería,4
11813,chos,a,4
11814,ci,cos,4
11815,ci,tas,4
11816,con,o,4
11817,dar,ios,4
11818,de,me,4
11819,di,os,4
11820,dó,se,4
11821,e,cían,4
11822,ed,me,4
11823,el,í,4
11824,en,se,4
11825,er,ios,4
11826,ez,co,4
11827,f,an,4
11828,g,antes,4
11829,g,ido,4
11830,g,lo,4
11831,gan,os,4
11832,gar,me,4
11833,gu,arda,4
11834,i,rado,4
11835,i,x,4
11836,i,éndole,4
11837,id,ora,4
11838,ien,dan,4
11839,ien,das,4
11840,ien,tan,4
11841,il,lera,4
11842,in,che,4
11843,in,ero,4
11844,in,tenci,4
11845,ios,a,4
11846,is,mos,4
11847,iz,ado,4
11848,j,enme,4
11849,j,ía,4
11850,je,o,4
11851,jer,as,4
11852,jos,e,4
11853,l,ero,4
11854,l,les,4
11855,l,ísima,4
11856,las,e,4
11857,li,lla,4
11858,ll,ando,4
11859,log,ía,4
11860,m,aban,4
11861,m,al,4
11862,mb,rada,4
11863,me,xi,4
11864,mi,da,4
11865,mi,les,4
11866,mos,a,4
11867,ob,ern,4
11868,ol,onia,4
11869,omb,res,4
11870,omi,én,4
11871,on,adas,4
11872,osi,é,4
11873,p,ines,4
11874,pe,ya,4
11875,qui,llas,4
11876,r,ándole,4
11877,ra,bes,4
11878,ra,ca,4
11879,ra,cias,4
11880,ra,ño,4
11881,ral,a,4
11882,ral,e,4
11883,ral,le,4
11884,re,as,4
11885,ri,to,4
11886,ros,amente,4
11887,ros,lo,4
11888,ré,s,4
11889,ró,se,4
11890,s,ados,4
11891,se,la,4
11892,se,os,4
11893,señ,alando,4
11894,so,lado,4
11895,so,le,4
11896,st,re,4
11897,t,ano,4
11898,t,on,4
11899,tal,o,4
11900,tar,e,4
11901,tar,los,4
11902,tas,tes,4
11903,te,z,4
11904,ten,as,4
11905,ten,cias,4
11906,ten,se,4
11907,ten,to,4
11908,ti,z,4
11909,ti,éndose,4
11910,tu,des,4
11911,tí,f,4
11912,tí,rate,4
11913,u,lo,4
11914,ura,dos,4
11915,ura,pas,4
11916,us,as,4
11917,us,iese,4
11918,v,ada,4
11919,v,ale,4
11920,v,aron,4
11921,v,era,4
11922,v,ol,4
11923,ven,ta,4
11924,ver,se,4
11925,vi,do,4
11926,vo,to,4
11927,y,or,4
11928,zas,en,4
11929,Í,S,4
11930,á,mos,4
11931,áb,ades,4
11932,áron,la,4
11933,ás,e,4
11934,én,ix,4
11935,éndo,te,4
11936,éndose,le,4
11937,í,miles,4
11938,í,mosle,4
11939,í,seos,4
11940,ño,la,4
11941,ú,car,4
11942,ú,tiles,4
11943, ,rim,3
11944, ,ul,3
11945, A,B,3
11946, A,como,3
11947, A,frica,3
11948, A,gui,3
11949, A,gü,3
11950, A,ma,3
11951, A,no,3
11952, A,qui,3
11953, A,rios,3
11954, A,ñadió,3
11955, AB,C,3
11956, APROBACI,Ó,3
11957, APROBACIÓ,N,3
11958, Ab,in,3
11959, Ab,ri,3
11960, Abin,dar,3
11961, Abindar,ráez,3
11962, Abraz,óle,3
11963, Abrió,le,3
11964, Ac,onse,3
11965, Admi,rada,3
11966, Agui,lar,3
11967, Agü,ero,3
11968, Al,ab,3
11969, Al,can,3
11970, Alb,raca,3
11971, Alboro,tóse,3
11972, Aman,eció,3
11973, An,d,3
11974, An,da,3
11975, An,drada,3
11976, An,gu,3
11977, Ano,che,3
11978, Ante,quera,3
11979, Ap,olonia,3
11980, Ap,re,3
11981, Ape,a,3
11982, Apea,os,3
11983, Aqui,les,3
11984, Ar,diente,3
11985, Arios,to,3
11986, Au,gu,3
11987, Aust,ria,3
11988, B,al,3
11989, B,u,3
11990, Babie,ca,3
11991, Bar,tol,3
11992, Bartol,omé,3
11993, Bel,la,3
11994, Belian,ises,3
11995, Ben,ito,3
11996, Bes,óle,3
11997, Bor,go,3
11998, Borgo,ña,3
11999, C,ara,3
12000, C,e,3
12001, C,ome,3
12002, C,orre,3
12003, C,ruz,3
12004, C,ómo,3
12005, Ca,us,3
12006, Ca,va,3
12007, Can,ción,3
12008, Can,s,3
12009, Carras,cón,3
12010, Cas,a,3
12011, Ch,i,3
12012, Chi,pre,3
12013, Ci,cer,3
12014, Cicer,ón,3
12015, Con,f,3
12016, Con,fi,3
12017, Con,j,3
12018, Con,sol,3
12019, Con,tra,3
12020, Conj,úrote,3
12021, Cono,ció,3
12022, Cor,tes,3
12023, Cri,sto,3
12024, Cu,al,3
12025, Cu,mp,3
12026, Cu,ri,3
12027, D,esen,3
12028, D,ido,3
12029, D,ía,3
12030, De,be,3
12031, De,ja,3
12032, Dej,amos,3
12033, Dej,é,3
12034, Des,esper,3
12035, Des,o,3
12036, Desesper,ábase,3
12037, Det,rás,3
12038, Di,chosa,3
12039, Di,j,3
12040, Di,je,3
12041, Di,le,3
12042, Dios,e,3
12043, Dur,ó,3
12044, Dé,me,3
12045, Dí,gal,3
12046, Día,z,3
12047, E,b,3
12048, E,pitaf,3
12049, E,ran,3
12050, E,ru,3
12051, E,u,3
12052, Eb,ro,3
12053, En,gá,3
12054, En,ten,3
12055, En,vi,3
12056, Engá,ñas,3
12057, Engáñas,te,3
12058, Epitaf,io,3
12059, Eru,tar,3
12060, Es,pañas,3
12061, Escu,cha,3
12062, Esp,ada,3
12063, Esp,an,3
12064, Esplandi,án,3
12065, Est,raño,3
12066, Est,ábase,3
12067, Est,é,3
12068, Esto,y,3
12069, F,a,3
12070, F,al,3
12071, F,er,3
12072, F,ier,3
12073, F,ir,3
12074, F,res,3
12075, F,ui,3
12076, Fier,ab,3
12077, Fierab,rás,3
12078, Flor,encia,3
12079, Fres,tón,3
12080, Fue,ra,3
12081, G,al,3
12082, G,allo,3
12083, G,ir,3
12084, G,obern,3
12085, G,racias,3
12086, G,uis,3
12087, G,én,3
12088, Gal,al,3
12089, Gala,tea,3
12090, Galal,ón,3
12091, Garci,las,3
12092, Garcilas,o,3
12093, Gir,alda,3
12094, Gol,ías,3
12095, Gu,ad,3
12096, Gu,ár,3
12097, Gui,l,3
12098, Guil,ler,3
12099, Guiller,mo,3
12100, Guis,ando,3
12101, Guti,er,3
12102, Gutier,re,3
12103, Gén,o,3
12104, Géno,va,3
12105, H,en,3
12106, H,ist,3
12107, H,oy,3
12108, H,á,3
12109, Ha,ga,3
12110, Hall,óse,3
12111, Hen,ares,3
12112, Hern,ando,3
12113, Hern,ández,3
12114, Hi,pó,3
12115, Hist,oria,3
12116, Hé,ctor,3
12117, I,I,3
12118, J,ar,3
12119, Jerón,ima,3
12120, Ju,das,3
12121, L,I,3
12122, L,emos,3
12123, L,is,3
12124, L,on,3
12125, L,ó,3
12126, Le,yó,3
12127, Levan,taos,3
12128, Levan,taron,3
12129, Leván,tate,3
12130, Lib,er,3
12131, Llam,ábase,3
12132, Lle,gado,3
12133, Lle,gando,3
12134, Lleg,áronse,3
12135, Lá,pi,3
12136, Lápi,ce,3
12137, Ló,pe,3
12138, Lópe,z,3
12139, M,am,3
12140, M,is,3
12141, M,o,3
12142, M,onte,3
12143, M,ué,3
12144, Ma,ta,3
12145, Mal,ta,3
12146, Man,chada,3
12147, Mar,tín,3
12148, Mara,villa,3
12149, Med,oro,3
12150, Min,go,3
12151, Mir,ábanle,3
12152, Mir,ó,3
12153, Monte,ma,3
12154, Montema,yor,3
12155, Mor,gante,3
12156, Mu,jer,3
12157, Na,var,3
12158, Nove,la,3
12159, O,ficio,3
12160, O,riana,3
12161, Ol,vid,3
12162, Olvid,ábase,3
12163, Olvidábase,me,3
12164, P,R,3
12165, P,an,3
12166, P,in,3
12167, P,is,3
12168, P,uesto,3
12169, PAN,Z,3
12170, PANZ,A,3
12171, Panda,fi,3
12172, Pandafi,lando,3
12173, Pas,a,3
12174, Pasm,óse,3
12175, Pens,ó,3
12176, Per,don,3
12177, Perdón,ame,3
12178, Perler,ines,3
12179, Persi,les,3
12180, Po,cos,3
12181, Pol,id,3
12182, Polid,oro,3
12183, Por,fi,3
12184, Pí,ra,3
12185, Píra,mo,3
12186, Que,dé,3
12187, Qui,jada,3
12188, Quin,to,3
12189, Qué,dese,3
12190, R,E,3
12191, R,O,3
12192, R,ed,3
12193, R,es,3
12194, RE,Y,3
12195, RO,CIN,3
12196, ROCIN,AN,3
12197, ROCINAN,TE,3
12198, Re,ina,3
12199, Re,ti,3
12200, Red,onda,3
12201, Respon,der,3
12202, Reti,róse,3
12203, Rico,ta,3
12204, Rogó,le,3
12205, S,ANCH,3
12206, S,ar,3
12207, S,arra,3
12208, S,er,3
12209, SANCH,O,3
12210, SE,P,3
12211, SEP,UL,3
12212, SEPUL,T,3
12213, SEPULT,U,3
12214, SEPULTU,RA,3
12215, Sal,í,3
12216, San,tiago,3
12217, Sans,ueña,3
12218, Sar,gel,3
12219, Segu,íale,3
12220, Si,cili,3
12221, Sicili,a,3
12222, So,la,3
12223, Sob,rino,3
12224, Su,ba,3
12225, Su,bieron,3
12226, Supli,co,3
12227, Suspen,dió,3
12228, T,anto,3
12229, T,entóse,3
12230, T,es,3
12231, T,is,3
12232, T,on,3
12233, T,raba,3
12234, T,ru,3
12235, T,ún,3
12236, Tab,la,3
12237, Te,mb,3
12238, Te,tu,3
12239, Ten,go,3
12240, Tetu,án,3
12241, Tis,be,3
12242, Tom,óle,3
12243, Tor,os,3
12244, Torre,llas,3
12245, Trap,is,3
12246, Trap,ob,3
12247, Trapis,onda,3
12248, Trapob,ana,3
12249, Tru,j,3
12250, Tún,ez,3
12251, U,li,3
12252, U,nas,3
12253, U,ni,3
12254, Uni,ver,3
12255, Univer,sidad,3
12256, V,I,3
12257, V,allado,3
12258, V,alle,3
12259, V,ar,3
12260, V,elli,3
12261, V,is,3
12262, V,uelve,3
12263, V,uesas,3
12264, V,á,3
12265, V,éle,3
12266, V,í,3
12267, Va,ya,3
12268, Vallado,li,3
12269, Valladoli,d,3
12270, Valle,jo,3
12271, Var,gas,3
12272, Velli,do,3
12273, Ven,e,3
12274, Ven,go,3
12275, Ven,ían,3
12276, Vene,cia,3
12277, Vi,sta,3
12278, Vi,va,3
12279, Vi,ve,3
12280, Vi,éndole,3
12281, Vil,l,3
12282, Vol,ved,3
12283, Vá,yase,3
12284, Véle,z,3
12285, a,cid,3
12286, a,je,3
12287, a,rado,3
12288, a,te,3
12289, a,tor,3
12290, a,ul,3
12291, a,yo,3
12292, a,ína,3
12293, ab,ejas,3
12294, ab,ran,3
12295, aborre,ce,3
12296, aborre,cimiento,3
12297, aborre,zco,3
12298, abras,a,3
12299, abri,era,3
12300, absor,to,3
12301, abundos,o,3
12302, ac,lar,3
12303, ac,ri,3
12304, ac,tos,3
12305, aca,tamiento,3
12306, acab,aban,3
12307, acab,amiento,3
12308, acab,ara,3
12309, acab,arse,3
12310, acab,aré,3
12311, acab,en,3
12312, acabar,á,3
12313, ace,i,3
12314, acer,cando,3
12315, acer,taba,3
12316, acer,tada,3
12317, acia,go,3
12318, acid,ente,3
12319, acier,ta,3
12320, aco,taciones,3
12321, acog,ida,3
12322, acog,ió,3
12323, acom,paña,3
12324, acome,ta,3
12325, acome,ten,3
12326, acome,tido,3
12327, acome,tía,3
12328, acometi,mientos,3
12329, acomo,daba,3
12330, acomo,dándose,3
12331, acomod,á,3
12332, acompañ,aba,3
12333, acompañ,amos,3
12334, acompañ,an,3
12335, acompañ,ando,3
12336, aconse,jó,3
12337, aconsejar,te,3
12338, acor,damos,3
12339, acor,darme,3
12340, acor,daron,3
12341, acor,dándose,3
12342, acor,tar,3
12343, acos,tó,3
12344, acrec,ent,3
12345, acrec,entó,3
12346, acu,chil,3
12347, acu,da,3
12348, acuer,dan,3
12349, ade,l,3
12350, ade,vin,3
12351, aderez,ados,3
12352, aderez,ar,3
12353, aderez,ó,3
12354, adevin,aba,3
12355, adi,v,3
12356, adm,inist,3
12357, admir,an,3
12358, admir,en,3
12359, admir,ábanse,3
12360, admir,ábase,3
12361, admira,ban,3
12362, ado,bar,3
12363, ado,bo,3
12364, ador,ar,3
12365, ador,nos,3
12366, adver,sos,3
12367, adverti,dos,3
12368, af,able,3
12369, af,li,3
12370, af,uera,3
12371, afe,ó,3
12372, afec,tación,3
12373, afin,c,3
12374, afinc,amiento,3
12375, afir,maba,3
12376, afir,mo,3
12377, afir,mó,3
12378, afortun,ada,3
12379, afr,entar,3
12380, afr,entas,3
12381, agobi,ado,3
12382, agor,ero,3
12383, agos,to,3
12384, agradar,e,3
12385, agrade,cieron,3
12386, agu,da,3
12387, agu,dos,3
12388, agu,ja,3
12389, aguar,dó,3
12390, agude,zas,3
12391, aguile,ña,3
12392, agü,ela,3
12393, ahor,quen,3
12394, aj,u,3
12395, al,he,3
12396, al,jaba,3
12397, al,le,3
12398, al,me,3
12399, al,tera,3
12400, alab,ados,3
12401, alab,as,3
12402, alabas,tro,3
12403, alar,gaba,3
12404, alba,ce,3
12405, albace,as,3
12406, alboro,tar,3
12407, alboro,tó,3
12408, alboro,zado,3
12409, alcab,alas,3
12410, alcan,ces,3
12411, alcan,cé,3
12412, alcanzar,le,3
12413, alcorno,ques,3
12414, alf,érez,3
12415, algua,cil,3
12416, alh,omb,3
12417, alhe,ña,3
12418, alhomb,ra,3
12419, alivi,ado,3
12420, alm,ala,3
12421, alm,enas,3
12422, almala,fa,3
12423, almoh,adas,3
12424, alo,jado,3
12425, altan,ería,3
12426, alz,ado,3
12427, alz,arse,3
12428, alz,ándose,3
12429, alá,rabes,3
12430, am,able,3
12431, am,en,3
12432, aman,ece,3
12433, aman,eció,3
12434, amance,b,3
12435, amanecer,á,3
12436, amar,illas,3
12437, amar,ille,3
12438, amarille,z,3
12439, amb,os,3
12440, amena,zando,3
12441, amo,j,3
12442, amoj,amado,3
12443, amor,osamente,3
12444, amp,are,3
12445, ampar,ar,3
12446, an,ex,3
12447, and,áis,3
12448, andantes,ca,3
12449, andar,me,3
12450, andu,ve,3
12451, andu,viera,3
12452, andu,viese,3
12453, animos,o,3
12454, ano,taciones,3
12455, anteced,ente,3
12456, antecog,iendo,3
12457, antifa,z,3
12458, antigü,edad,3
12459, anto,jar,3
12460, anto,jase,3
12461, antojar,e,3
12462, apar,eja,3
12463, apar,entes,3
12464, apar,tando,3
12465, apar,tarme,3
12466, apasi,onado,3
12467, ape,aron,3
12468, apos,ta,3
12469, apre,tada,3
12470, apre,tando,3
12471, apres,u,3
12472, aprovech,aba,3
12473, apun,ta,3
12474, apócri,fa,3
12475, aque,stos,3
12476, aqué,ste,3
12477, ar,bi,3
12478, ar,cos,3
12479, ar,dían,3
12480, ar,mon,3
12481, ar,ros,3
12482, ara,ñ,3
12483, arañ,aron,3
12484, arcabu,z,3
12485, ardi,tes,3
12486, arm,ería,3
12487, armon,ía,3
12488, arp,illera,3
12489, arran,có,3
12490, arrastra,ba,3
12491, arreme,ter,3
12492, arreme,tida,3
12493, arreme,tieron,3
12494, arren,dador,3
12495, arro,ja,3
12496, arro,jaba,3
12497, arro,jado,3
12498, arro,jaron,3
12499, arro,p,3
12500, arrogan,cia,3
12501, artifi,ciosa,3
12502, as,co,3
12503, as,es,3
12504, as,ientos,3
12505, as,ir,3
12506, as,oma,3
12507, as,omos,3
12508, as,unto,3
12509, asal,ari,3
12510, asalari,ado,3
12511, asegu,rándole,3
12512, asomb,rado,3
12513, asomb,ro,3
12514, ast,rólogo,3
12515, astro,logía,3
12516, astu,cias,3
12517, at,ent,3
12518, at,entas,3
12519, at,ienda,3
12520, at,iende,3
12521, at,ienden,3
12522, at,ron,3
12523, aten,diese,3
12524, aten,dió,3
12525, aten,ido,3
12526, aten,u,3
12527, ator,ment,3
12528, atraves,aba,3
12529, atraves,ada,3
12530, atre,van,3
12531, atre,ven,3
12532, atrib,uir,3
12533, atribu,tos,3
12534, atropel,lando,3
12535, au,di,3
12536, au,diencia,3
12537, au,mentar,3
12538, au,to,3
12539, aul,li,3
12540, aument,an,3
12541, aus,encias,3
12542, ausent,arse,3
12543, autor,izar,3
12544, avas,all,3
12545, aventu,rar,3
12546, aves,t,3
12547, avest,ruz,3
12548, avis,ó,3
12549, avisar,me,3
12550, ay,es,3
12551, ayud,ara,3
12552, ayudar,é,3
12553, azo,gue,3
12554, azo,tado,3
12555, azo,tarme,3
12556, azó,far,3
12557, añad,iendo,3
12558, añad,iéndose,3
12559, b,ab,3
12560, b,erenj,3
12561, b,is,3
12562, b,raz,3
12563, b,éli,3
12564, ba,gate,3
12565, ba,ila,3
12566, bac,alla,3
12567, bacalla,o,3
12568, bagate,le,3
12569, bail,ador,3
12570, baj,aban,3
12571, baj,ase,3
12572, ball,ena,3
12573, ball,estas,3
12574, ban,dera,3
12575, bar,bi,3
12576, bar,n,3
12577, bar,ran,3
12578, barn,iz,3
12579, barran,co,3
12580, bas,ili,3
12581, bas,ti,3
12582, basili,sco,3
12583, bastar,á,3
12584, be,bió,3
12585, beb,en,3
12586, bel,lezas,3
12587, bel,los,3
12588, bel,lísima,3
12589, ben,ig,3
12590, bendi,ga,3
12591, bendi,ta,3
12592, bene,vol,3
12593, bes,aba,3
12594, bes,arle,3
12595, bes,os,3
12596, bi,zco,3
12597, bien,a,3
12598, biena,vent,3
12599, bille,tes,3
12600, biz,mar,3
12601, biz,mas,3
12602, blanda,mente,3
12603, bo,cas,3
12604, bo,de,3
12605, bo,tones,3
12606, bob,o,3
12607, bofe,tadas,3
12608, bone,te,3
12609, bor,dones,3
12610, bor,rador,3
12611, bor,rar,3
12612, bor,ricos,3
12613, bor,ró,3
12614, borcegu,íes,3
12615, braz,as,3
12616, brin,cando,3
12617, brin,car,3
12618, bur,lo,3
12619, busc,aban,3
12620, busc,ara,3
12621, buscar,me,3
12622, buscar,te,3
12623, bárbar,o,3
12624, c,alla,3
12625, c,ante,3
12626, c,eg,3
12627, c,egue,3
12628, c,ier,3
12629, c,ría,3
12630, ca,iga,3
12631, ca,igo,3
12632, ca,pu,3
12633, ca,tar,3
12634, ca,ver,3
12635, ca,yendo,3
12636, cab,a,3
12637, cab,ido,3
12638, cab,rer,3
12639, cab,rón,3
12640, cab,ía,3
12641, cabalgad,uras,3
12642, cabiz,bajo,3
12643, cabrer,izo,3
12644, cabri,llas,3
12645, cabri,to,3
12646, cal,abo,3
12647, cal,deras,3
12648, call,ase,3
12649, camaran,chón,3
12650, camin,aron,3
12651, can,an,3
12652, can,ciones,3
12653, can,es,3
12654, can,sa,3
12655, can,taban,3
12656, can,tase,3
12657, cande,al,3
12658, cans,es,3
12659, caperu,za,3
12660, car,as,3
12661, car,c,3
12662, car,ecer,3
12663, car,gada,3
12664, car,gan,3
12665, car,gar,3
12666, car,gos,3
12667, car,mes,3
12668, car,ros,3
12669, car,á,3
12670, carden,al,3
12671, carmes,í,3
12672, carn,ero,3
12673, carn,i,3
12674, cas,ados,3
12675, cas,ase,3
12676, cas,to,3
12677, casa,ca,3
12678, casar,la,3
12679, cast,ígue,3
12680, castellan,as,3
12681, católi,cos,3
12682, cau,tela,3
12683, caz,adora,3
12684, cañ,ones,3
12685, caña,he,3
12686, cañahe,ja,3
12687, ceb,ra,3
12688, cebol,las,3
12689, cel,er,3
12690, cel,es,3
12691, celeb,rada,3
12692, celeb,ran,3
12693, celeb,ér,3
12694, celebér,ri,3
12695, celer,idad,3
12696, cen,dal,3
12697, cen,izas,3
12698, cen,ó,3
12699, centine,la,3
12700, cep,tro,3
12701, cer,ros,3
12702, cer,ti,3
12703, cercan,a,3
12704, certi,dumbre,3
12705, ces,aban,3
12706, ch,im,3
12707, ch,u,3
12708, chim,en,3
12709, chimen,ea,3
12710, cho,za,3
12711, ci,b,3
12712, ci,miento,3
12713, ci,p,3
12714, ci,ta,3
12715, cib,era,3
12716, cie,gos,3
12717, cien,o,3
12718, cier,re,3
12719, cin,tas,3
12720, cip,rés,3
12721, circunve,cinos,3
12722, ciudad,ano,3
12723, cla,ust,3
12724, clar,abo,3
12725, clar,os,3
12726, clar,ísimo,3
12727, clarabo,ya,3
12728, claust,ro,3
12729, clav,ados,3
12730, co,cido,3
12731, co,co,3
12732, co,cía,3
12733, co,pos,3
12734, co,tu,3
12735, cob,raron,3
12736, cob,ro,3
12737, cob,ró,3
12738, cobar,des,3
12739, codi,ci,3
12740, codi,ciosos,3
12741, codici,lo,3
12742, cof,ra,3
12743, cofra,día,3
12744, col,gados,3
12745, col,mi,3
12746, col,u,3
12747, col,una,3
12748, com,edor,3
12749, com,emos,3
12750, com,il,3
12751, com,ió,3
12752, come,te,3
12753, come,ter,3
12754, comedi,das,3
12755, comer,é,3
12756, comil,ón,3
12757, comp,osición,3
12758, comp,re,3
12759, comp,ró,3
12760, compa,ño,3
12761, compara,ciones,3
12762, compatri,oto,3
12763, compañ,ías,3
12764, compe,tencia,3
12765, componer,le,3
12766, comuni,có,3
12767, comunic,ado,3
12768, con,cedía,3
12769, con,chas,3
12770, con,ci,3
12771, con,cier,3
12772, con,lle,3
12773, con,ta,3
12774, con,tados,3
12775, con,tes,3
12776, conce,da,3
12777, concer,tados,3
12778, concer,taron,3
12779, conde,cen,3
12780, conden,ar,3
12781, condes,as,3
12782, condo,li,3
12783, condu,ce,3
12784, confir,m,3
12785, confus,as,3
12786, conju,rar,3
12787, conju,ro,3
12788, cono,ciendo,3
12789, conqui,st,3
12790, cons,iento,3
12791, cons,orte,3
12792, cons,uma,3
12793, conse,jas,3
12794, consent,ía,3
12795, conser,ve,3
12796, consider,ada,3
12797, consider,adas,3
12798, consider,ase,3
12799, consider,e,3
12800, consti,t,3
12801, constit,ui,3
12802, contad,me,3
12803, contar,lo,3
12804, conten,ido,3
12805, content,aba,3
12806, content,aron,3
12807, content,ase,3
12808, contor,no,3
12809, contrahe,chas,3
12810, contraven,ido,3
12811, convi,daba,3
12812, cor,ba,3
12813, cor,che,3
12814, cor,d,3
12815, cor,rida,3
12816, cor,rían,3
12817, cor,tando,3
12818, cor,teza,3
12819, cor,tos,3
12820, cor,va,3
12821, cora,je,3
12822, corba,cho,3
12823, corco,vos,3
12824, cord,ales,3
12825, corre,ción,3
12826, corre,dor,3
12827, correspon,dencias,3
12828, correspon,día,3
12829, cortes,anas,3
12830, cos,echa,3
12831, cos,er,3
12832, cos,quillas,3
12833, cos,tado,3
12834, costos,a,3
12835, cotu,fas,3
12836, cr,ías,3
12837, cre,cen,3
12838, cre,dos,3
12839, cu,char,3
12840, cu,chi,3
12841, cu,ran,3
12842, cu,rase,3
12843, cu,ñado,3
12844, cuan,ta,3
12845, cuar,tillos,3
12846, cuat,ral,3
12847, cuatral,bo,3
12848, cub,ra,3
12849, cuchi,lla,3
12850, cuer,vo,3
12851, cui,tado,3
12852, cumpl,áis,3
12853, cumplir,lo,3
12854, curi,osa,3
12855, có,mi,3
12856, d,adme,3
12857, d,rome,3
12858, d,ándoles,3
12859, d,ármele,3
12860, d,ársele,3
12861, d,ártela,3
12862, da,ca,3
12863, da,ta,3
12864, damas,co,3
12865, de,bido,3
12866, deb,er,3
12867, deb,iendo,3
12868, debili,tada,3
12869, dec,l,3
12870, declar,o,3
12871, defen,dían,3
12872, defen,sivas,3
12873, defra,udad,3
12874, dejar,la,3
12875, dejar,án,3
12876, delan,tera,3
12877, delan,tero,3
12878, dele,ite,3
12879, delic,ad,3
12880, delicad,ezas,3
12881, delincuen,tes,3
12882, dem,an,3
12883, demos,tina,3
12884, dep,ósito,3
12885, depar,e,3
12886, depar,ó,3
12887, der,re,3
12888, derrib,ada,3
12889, derrib,ando,3
12890, des,cul,3
12891, des,figu,3
12892, des,gar,3
12893, des,i,3
12894, des,le,3
12895, des,lin,3
12896, des,or,3
12897, des,os,3
12898, des,ue,3
12899, des,un,3
12900, des,us,3
12901, desa,tó,3
12902, desab,ro,3
12903, desafi,ado,3
12904, desafi,ar,3
12905, desafor,ada,3
12906, desagrade,cimiento,3
12907, desamor,ado,3
12908, desampar,ado,3
12909, desampar,ar,3
12910, desampar,ó,3
12911, desar,mado,3
12912, desarmar,le,3
12913, desas,trado,3
12914, desasos,iego,3
12915, descamin,ado,3
12916, descan,sado,3
12917, descar,n,3
12918, descomp,uestos,3
12919, desconsol,ada,3
12920, descos,er,3
12921, descub,ren,3
12922, descubri,dor,3
12923, descubrir,le,3
12924, descui,dada,3
12925, descui,dados,3
12926, dese,ando,3
12927, desemb,arcar,3
12928, desembar,có,3
12929, desencantar,la,3
12930, desenf,ado,3
12931, desenga,ñado,3
12932, desenga,ñar,3
12933, desenvain,ada,3
12934, desesper,arse,3
12935, desfa,cer,3
12936, desfa,ga,3
12937, desga,jó,3
12938, desgobern,ado,3
12939, desgra,ciada,3
12940, desh,ici,3
12941, desha,ce,3
12942, deshici,ese,3
12943, deshon,rar,3
12944, design,ios,3
12945, desigual,dad,3
12946, desma,yos,3
12947, desmay,aba,3
12948, desmay,ados,3
12949, desmay,arse,3
12950, desmes,urada,3
12951, desn,ud,3
12952, deso,cu,3
12953, desol,lar,3
12954, desp,are,3
12955, despab,ilar,3
12956, despavor,ido,3
12957, despe,di,3
12958, despe,dido,3
12959, desped,í,3
12960, desped,ían,3
12961, despedir,me,3
12962, desper,tador,3
12963, desper,tara,3
12964, despi,diéndose,3
12965, despier,te,3
12966, despo,jado,3
12967, despre,cie,3
12968, dest,erra,3
12969, dester,rar,3
12970, destra,ído,3
12971, desue,lla,3
12972, desuella,caras,3
12973, desval,idos,3
12974, desvan,eci,3
12975, desvari,ado,3
12976, deten,ido,3
12977, determin,ada,3
12978, determin,amos,3
12979, determin,arse,3
12980, deu,das,3
12981, devo,to,3
12982, di,bu,3
12983, di,gamos,3
12984, di,gres,3
12985, di,ri,3
12986, di,óse,3
12987, difer,enci,3
12988, digres,iones,3
12989, dijer,an,3
12990, dila,te,3
12991, dilig,entes,3
12992, diri,gir,3
12993, discre,tamente,3
12994, disp,uesto,3
12995, dispu,tar,3
12996, dist,ancia,3
12997, dist,ribu,3
12998, dist,rito,3
12999, distin,guir,3
13000, distribu,tiva,3
13001, dob,lando,3
13002, dob,lar,3
13003, dol,erse,3
13004, dol,iera,3
13005, dolor,osos,3
13006, domin,go,3
13007, dormi,dos,3
13008, drome,darios,3
13009, du,raba,3
13010, du,ró,3
13011, duer,ma,3
13012, dueñes,co,3
13013, dur,mi,3
13014, duran,te,3
13015, dé,me,3
13016, déj,enme,3
13017, déj,ese,3
13018, déjen,mos,3
13019, e,quino,3
13020, e,ri,3
13021, ech,aban,3
13022, ech,en,3
13023, ech,ásemos,3
13024, eclesiá,sti,3
13025, edi,ficios,3
13026, efica,ces,3
13027, elo,gios,3
13028, elocuen,cia,3
13029, emb,ar,3
13030, emb,ist,3
13031, embarcar,se,3
13032, embele,co,3
13033, embele,cos,3
13034, embeles,amiento,3
13035, embos,có,3
13036, emp,las,3
13037, emperatri,z,3
13038, emple,ado,3
13039, empre,ñar,3
13040, empren,ta,3
13041, en,sa,3
13042, en,se,3
13043, en,vas,3
13044, enamor,adas,3
13045, enar,bol,3
13046, enc,ad,3
13047, enca,j,3
13048, enca,jar,3
13049, enca,jó,3
13050, encad,en,3
13051, encaden,ados,3
13052, encamin,aron,3
13053, encar,gó,3
13054, encen,dió,3
13055, encen,día,3
13056, encer,radas,3
13057, encer,raron,3
13058, encer,rase,3
13059, encomen,daba,3
13060, encub,ierto,3
13061, encub,iertos,3
13062, encub,ra,3
13063, encub,ren,3
13064, encub,ri,3
13065, encuen,tran,3
13066, ende,mon,3
13067, endemon,i,3
13068, enf,ada,3
13069, enf,ren,3
13070, enfad,an,3
13071, enfados,a,3
13072, enga,ñas,3
13073, engañ,ada,3
13074, engañ,e,3
13075, engen,dra,3
13076, engend,raron,3
13077, engrande,cer,3
13078, enlu,tados,3
13079, enmude,ció,3
13080, enre,dos,3
13081, enrist,ró,3
13082, ens,uci,3
13083, ensa,y,3
13084, ensal,za,3
13085, ensar,tados,3
13086, enseñ,ase,3
13087, enseñ,ó,3
13088, enseñ,óle,3
13089, ensi,llar,3
13090, ensi,llas,3
13091, ensillas,e,3
13092, ensuci,ar,3
13093, ent,ab,3
13094, ent,ono,3
13095, ent,ran,3
13096, ent,rasen,3
13097, ent,ren,3
13098, enten,demos,3
13099, entendi,era,3
13100, entendi,mientos,3
13101, enter,rado,3
13102, entien,des,3
13103, entra,das,3
13104, entra,mos,3
13105, entrar,a,3
13106, entrar,se,3
13107, entre,gado,3
13108, entre,go,3
13109, entre,o,3
13110, entret,ienen,3
13111, entreten,gan,3
13112, entreten,ido,3
13113, env,ol,3
13114, env,ío,3
13115, envi,arme,3
13116, envi,aré,3
13117, envidi,osos,3
13118, ep,ig,3
13119, ep,iso,3
13120, epig,ra,3
13121, episo,dios,3
13122, epitaf,ios,3
13123, er,rado,3
13124, eru,tar,3
13125, es,grim,3
13126, es,mer,3
13127, escap,ó,3
13128, escas,a,3
13129, escla,va,3
13130, escla,vo,3
13131, escla,vos,3
13132, esco,ja,3
13133, escog,idos,3
13134, escog,í,3
13135, escon,der,3
13136, escri,tor,3
13137, escri,turas,3
13138, escrib,iere,3
13139, escrib,ieron,3
13140, escribir,le,3
13141, escribir,me,3
13142, escrupu,los,3
13143, escu,ras,3
13144, escu,ros,3
13145, escu,sa,3
13146, escuad,rones,3
13147, escuch,ad,3
13148, escuch,are,3
13149, escuch,es,3
13150, esfor,zado,3
13151, esgrim,ir,3
13152, esmer,aldas,3
13153, esp,ante,3
13154, esp,ejos,3
13155, esp,inas,3
13156, esp,l,3
13157, esp,osas,3
13158, esp,é,3
13159, espa,ñola,3
13160, espal,dar,3
13161, espan,tó,3
13162, espanta,jo,3
13163, espe,cu,3
13164, esper,ados,3
13165, esper,aré,3
13166, esper,ase,3
13167, espl,én,3
13168, est,adme,3
13169, est,ienden,3
13170, est,rico,3
13171, est,éis,3
13172, esta,ño,3
13173, estam,p,3
13174, esten,dido,3
13175, esten,día,3
13176, estim,an,3
13177, esto,cadas,3
13178, esto,pas,3
13179, estorbar,an,3
13180, estre,chos,3
13181, estreche,zas,3
13182, estrico,te,3
13183, esté,se,3
13184, estóma,gos,3
13185, evi,tar,3
13186, ex,am,3
13187, ex,ceden,3
13188, ex,cla,3
13189, ex,e,3
13190, examin,ase,3
13191, exce,len,3
13192, excelen,cias,3
13193, extraordinar,ia,3
13194, extraordinar,ios,3
13195, f,ieras,3
13196, f,is,3
13197, f,ió,3
13198, f,ren,3
13199, f,ur,3
13200, f,uér,3
13201, f,énix,3
13202, f,ér,3
13203, f,ó,3
13204, fa,cin,3
13205, fa,ciones,3
13206, fab,ulos,3
13207, fabri,cado,3
13208, fabri,car,3
13209, facin,or,3
13210, fal,dri,3
13211, faldri,quera,3
13212, faltar,a,3
13213, faltar,an,3
13214, faltar,me,3
13215, famili,a,3
13216, famili,ar,3
13217, fan,egas,3
13218, fantásti,ca,3
13219, far,s,3
13220, fati,gar,3
13221, favoreci,ese,3
13222, fi,ambre,3
13223, fi,cieron,3
13224, fiel,mente,3
13225, filosof,ía,3
13226, fin,os,3
13227, fir,mado,3
13228, fir,mas,3
13229, fla,cas,3
13230, fla,mante,3
13231, fla,men,3
13232, flau,tas,3
13233, fle,cha,3
13234, fle,máti,3
13235, flo,je,3
13236, flo,jo,3
13237, floje,dad,3
13238, flor,idos,3
13239, foras,tero,3
13240, fra,ude,3
13241, fron,tera,3
13242, fue,res,3
13243, fue,ro,3
13244, fue,ros,3
13245, fue,ses,3
13246, fugi,tiva,3
13247, ful,leros,3
13248, fun,dándose,3
13249, furib,undos,3
13250, fér,til,3
13251, fó,cil,3
13252, g,rue,3
13253, g,urapas,3
13254, ga,ta,3
13255, gal,ería,3
13256, gal,go,3
13257, galeo,ta,3
13258, gan,aderos,3
13259, gan,ados,3
13260, gar,ban,3
13261, garrota,zos,3
13262, gas,tado,3
13263, gen,eración,3
13264, gener,ales,3
13265, glo,tón,3
13266, glor,ias,3
13267, go,zan,3
13268, go,zando,3
13269, go,zo,3
13270, go,zó,3
13271, gobern,aré,3
13272, gor,das,3
13273, gor,dura,3
13274, gor,ra,3
13275, gr,uesa,3
13276, gra,b,3
13277, gra,bar,3
13278, gra,ciosas,3
13279, gran,ada,3
13280, granje,ada,3
13281, granje,ado,3
13282, granje,ar,3
13283, granjer,ías,3
13284, gri,to,3
13285, gros,era,3
13286, grue,so,3
13287, guar,daban,3
13288, guar,dadas,3
13289, guar,ni,3
13290, guardar,la,3
13291, guardar,é,3
13292, guarn,eci,3
13293, gui,ar,3
13294, gui,ase,3
13295, gui,sados,3
13296, guijar,ros,3
13297, guitar,ra,3
13298, gust,ase,3
13299, güe,vos,3
13300, h,iere,3
13301, h,omi,3
13302, hab,as,3
13303, haber,los,3
13304, haber,te,3
13305, habi,tar,3
13306, habi,éndolos,3
13307, hablar,á,3
13308, hacan,ea,3
13309, hace,lle,3
13310, hace,mos,3
13311, hacer,les,3
13312, haci,éndoles,3
13313, hall,aste,3
13314, hall,en,3
13315, hall,áis,3
13316, hall,ándola,3
13317, hallar,an,3
13318, hallar,ía,3
13319, has,e,3
13320, has,me,3
13321, hay,áis,3
13322, he,b,3
13323, heb,ras,3
13324, hechi,cer,3
13325, hechi,ceros,3
13326, heci,ste,3
13327, hi,po,3
13328, hi,rió,3
13329, hidal,gas,3
13330, hidal,guía,3
13331, hila,za,3
13332, hin,cando,3
13333, hip,ér,3
13334, hipócri,ta,3
13335, ho,gaza,3
13336, ho,guera,3
13337, ho,je,3
13338, ho,z,3
13339, hol,garon,3
13340, holgar,se,3
13341, holgar,ía,3
13342, homi,cida,3
13343, hon,raba,3
13344, hon,ran,3
13345, honra,das,3
13346, horca,jadas,3
13347, hormi,ga,3
13348, hos,pi,3
13349, hospi,tal,3
13350, hu,yó,3
13351, hu,ían,3
13352, hubi,érades,3
13353, huir,se,3
13354, hume,de,3
13355, humi,lla,3
13356, i,remos,3
13357, idio,ta,3
13358, ignor,ar,3
13359, igual,dad,3
13360, igual,ó,3
13361, imagin,ado,3
13362, imagin,amos,3
13363, imagin,aron,3
13364, imagin,e,3
13365, imi,tado,3
13366, imp,a,3
13367, imp,en,3
13368, imp,ru,3
13369, imper,fe,3
13370, impor,tantes,3
13371, impor,tuna,3
13372, imá,genes,3
13373, in,capa,3
13374, in,cen,3
13375, in,dó,3
13376, in,hab,3
13377, in,tro,3
13378, in,útiles,3
13379, inaudi,ta,3
13380, inc,lina,3
13381, incapa,z,3
13382, incl,inar,3
13383, increí,ble,3
13384, indi,s,3
13385, indign,ado,3
13386, indó,mito,3
13387, inf,ali,3
13388, inf,ern,3
13389, infali,ble,3
13390, infor,m,3
13391, infor,mación,3
13392, infun,dió,3
13393, inju,rias,3
13394, inm,un,3
13395, inmen,so,3
13396, inmun,di,3
13397, inqui,eto,3
13398, ins,u,3
13399, insign,e,3
13400, intenci,onada,3
13401, interr,om,3
13402, interrom,per,3
13403, intri,cado,3
13404, intri,cados,3
13405, intro,du,3
13406, invent,aron,3
13407, invi,si,3
13408, ir,as,3
13409, ir,án,3
13410, j,er,3
13411, j,ine,3
13412, ja,eces,3
13413, jab,ón,3
13414, jar,cias,3
13415, ju,g,3
13416, ju,gando,3
13417, ju,mentos,3
13418, jui,cios,3
13419, jun,ta,3
13420, jun,tando,3
13421, jura,ba,3
13422, jurar,a,3
13423, jurar,e,3
13424, justi,cias,3
13425, juz,gaba,3
13426, juz,garon,3
13427, juz,gué,3
13428, jáqui,ma,3
13429, la,mentos,3
13430, la,t,3
13431, lab,io,3
13432, lab,rar,3
13433, laber,in,3
13434, laberin,tos,3
13435, lagar,tos,3
13436, lamen,tación,3
13437, lament,ables,3
13438, lament,arse,3
13439, lav,ando,3
13440, le,el,3
13441, le,jía,3
13442, le,ña,3
13443, le,ño,3
13444, leg,is,3
13445, legis,lador,3
13446, levantar,la,3
13447, levantar,é,3
13448, leván,tese,3
13449, li,stos,3
13450, li,terar,3
13451, lib,ra,3
13452, liber,almente,3
13453, lie,b,3
13454, lieb,res,3
13455, lien,zos,3
13456, lig,eros,3
13457, limp,ios,3
13458, limp,ió,3
13459, limpi,ado,3
13460, lin,dos,3
13461, literar,ia,3
13462, livi,anas,3
13463, livi,andad,3
13464, ll,oro,3
13465, lla,ga,3
13466, llam,amos,3
13467, llam,áis,3
13468, llamar,le,3
13469, llamar,te,3
13470, llan,tos,3
13471, lleg,ada,3
13472, lleg,uen,3
13473, llegar,en,3
13474, llegar,án,3
13475, llev,ada,3
13476, llev,aste,3
13477, llev,es,3
13478, llev,éis,3
13479, llevar,e,3
13480, llevar,án,3
13481, llo,vía,3
13482, llor,ado,3
13483, llor,osa,3
13484, llor,ón,3
13485, llorar,la,3
13486, llé,guese,3
13487, lo,bo,3
13488, lu,cero,3
13489, lu,mbres,3
13490, lue,ñes,3
13491, luen,gas,3
13492, luen,go,3
13493, luminar,ias,3
13494, lámp,ar,3
13495, lámpar,as,3
13496, lími,te,3
13497, m,ina,3
13498, ma,cha,3
13499, ma,ci,3
13500, ma,gos,3
13501, ma,tadores,3
13502, ma,tas,3
13503, mad,eja,3
13504, madru,ga,3
13505, maes,tros,3
13506, magnán,imo,3
13507, magnífi,ca,3
13508, mal,intenci,3
13509, maland,antes,3
13510, malavent,urado,3
13511, maldi,ciente,3
13512, maldi,cientes,3
13513, maldi,tos,3
13514, malen,cóli,3
13515, malencóli,co,3
13516, malig,nos,3
13517, maltra,tan,3
13518, man,a,3
13519, man,ch,3
13520, man,dando,3
13521, man,das,3
13522, man,den,3
13523, man,e,3
13524, man,t,3
13525, man,tón,3
13526, man,u,3
13527, mance,bos,3
13528, manche,ga,3
13529, mand,é,3
13530, manda,mientos,3
13531, mandar,on,3
13532, mandó,le,3
13533, manifi,estas,3
13534, manose,arme,3
13535, mante,aban,3
13536, mar,ca,3
13537, mar,es,3
13538, maravillar,se,3
13539, mas,a,3
13540, matar,a,3
13541, matar,á,3
13542, mate,máticas,3
13543, me,mb,3
13544, me,tal,3
13545, me,to,3
13546, medi,ana,3
13547, medi,r,3
13548, medio,día,3
13549, medrar,emos,3
13550, mejor,ar,3
13551, melancóli,cos,3
13552, men,dr,3
13553, mene,allo,3
13554, mene,arse,3
13555, mengu,ar,3
13556, menospre,ci,3
13557, mensa,jero,3
13558, mer,en,3
13559, mercad,eres,3
13560, mere,céis,3
13561, mereced,ora,3
13562, merecer,lo,3
13563, mereci,miento,3
13564, mereci,mientos,3
13565, meter,me,3
13566, mez,quino,3
13567, mezc,lado,3
13568, mi,ga,3
13569, misericor,dias,3
13570, mo,che,3
13571, mo,viese,3
13572, mo,vían,3
13573, mocha,cha,3
13574, moder,na,3
13575, moh,o,3
13576, moh,ína,3
13577, moj,ones,3
13578, mol,ieron,3
13579, mom,ia,3
13580, mon,dos,3
13581, monas,terio,3
13582, monta,ñ,3
13583, mor,ena,3
13584, mor,ía,3
13585, morir,se,3
13586, moris,cos,3
13587, moris,ma,3
13588, morta,jas,3
13589, mos,ca,3
13590, mos,que,3
13591, mos,ta,3
13592, mos,én,3
13593, mosta,za,3
13594, mostrar,me,3
13595, movi,dos,3
13596, movi,esen,3
13597, mu,d,3
13598, mu,darse,3
13599, mu,dase,3
13600, mu,ri,3
13601, mu,ñ,3
13602, mue,la,3
13603, muest,res,3
13604, mul,titud,3
13605, murmu,ran,3
13606, murmura,dor,3
13607, mus,los,3
13608, mué,st,3
13609, muñe,cas,3
13610, már,genes,3
13611, míni,mas,3
13612, n,onada,3
13613, n,um,3
13614, na,cen,3
13615, na,ces,3
13616, naci,ste,3
13617, nad,ar,3
13618, nav,ío,3
13619, neg,ándome,3
13620, negar,me,3
13621, negoci,antes,3
13622, ni,eg,3
13623, nigrom,ante,3
13624, no,t,3
13625, no,taba,3
13626, no,venta,3
13627, nomb,ran,3
13628, not,omía,3
13629, novi,os,3
13630, nub,lado,3
13631, nue,vamente,3
13632, o,ciosa,3
13633, o,cur,3
13634, o,fi,3
13635, ob,je,3
13636, obe,diente,3
13637, obede,cido,3
13638, obede,ció,3
13639, oblig,an,3
13640, oblig,ue,3
13641, ofen,den,3
13642, ofen,dido,3
13643, ofen,didos,3
13644, ofen,día,3
13645, ofen,sa,3
13646, ofen,sivas,3
13647, ofici,al,3
13648, ofre,ciendo,3
13649, ofre,cí,3
13650, oir,án,3
13651, ol,fa,3
13652, ol,ores,3
13653, olfa,to,3
13654, olvi,d,3
13655, olvi,da,3
13656, olvi,dó,3
13657, on,za,3
13658, op,res,3
13659, or,illa,3
13660, os,a,3
13661, os,ten,3
13662, osten,tación,3
13663, ot,u,3
13664, otor,go,3
13665, otu,bre,3
13666, oy,ere,3
13667, oy,es,3
13668, oí,lla,3
13669, oí,mos,3
13670, oí,stes,3
13671, oís,lo,3
13672, p,io,3
13673, p,omp,3
13674, p,ones,3
13675, p,oso,3
13676, p,rag,3
13677, p,ó,3
13678, pa,ciendo,3
13679, pa,guen,3
13680, pa,ter,3
13681, pacífi,cos,3
13682, pad,ecer,3
13683, pad,ezco,3
13684, pad,ras,3
13685, padras,tro,3
13686, pagar,á,3
13687, pagar,é,3
13688, pal,illos,3
13689, pal,mada,3
13690, pal,madas,3
13691, pal,mas,3
13692, pal,mos,3
13693, pal,om,3
13694, par,ido,3
13695, par,ir,3
13696, par,tiendo,3
13697, pare,céis,3
13698, pare,cíale,3
13699, pare,zco,3
13700, parecer,es,3
13701, parti,cip,3
13702, parti,das,3
13703, parti,esen,3
13704, particular,mente,3
13705, pas,amanos,3
13706, pas,arse,3
13707, pas,en,3
13708, pas,ta,3
13709, pas,to,3
13710, pas,ásemos,3
13711, pasa,jeros,3
13712, pasar,an,3
13713, pasar,le,3
13714, pase,aba,3
13715, pase,ó,3
13716, pat,rón,3
13717, pe,gue,3
13718, pe,lar,3
13719, pe,los,3
13720, peligros,as,3
13721, pelli,cos,3
13722, pen,día,3
13723, pen,semos,3
13724, peni,tencias,3
13725, pens,ara,3
13726, pens,asen,3
13727, pens,éis,3
13728, per,dieron,3
13729, per,dona,3
13730, per,día,3
13731, per,ple,3
13732, perder,á,3
13733, perdidos,o,3
13734, perdón,ame,3
13735, perfe,cta,3
13736, perfe,cto,3
13737, perjudici,al,3
13738, permi,tas,3
13739, permi,tido,3
13740, permi,tiese,3
13741, perse,gu,3
13742, persi,gui,3
13743, persuad,ido,3
13744, persuad,iendo,3
13745, persuad,ía,3
13746, persuadir,me,3
13747, perten,eci,3
13748, pes,cado,3
13749, pes,ia,3
13750, pes,os,3
13751, pes,taña,3
13752, pes,til,3
13753, pi,c,3
13754, piados,as,3
13755, pidi,esen,3
13756, pidi,éndole,3
13757, pie,zas,3
13758, pien,sos,3
13759, pier,das,3
13760, pin,tarse,3
13761, pin,to,3
13762, pinti,parada,3
13763, pla,tón,3
13764, platón,icos,3
13765, ple,c,3
13766, plugui,era,3
13767, po,damos,3
13768, po,la,3
13769, po,yo,3
13770, pob,lados,3
13771, poder,ío,3
13772, podri,dos,3
13773, podía,mos,3
13774, pol,linas,3
13775, pol,vor,3
13776, pon,der,3
13777, pon,dremos,3
13778, pon,ello,3
13779, pon,eros,3
13780, pon,gamos,3
13781, pondr,án,3
13782, poner,las,3
13783, poner,los,3
13784, poner,te,3
13785, por,razos,3
13786, por,tador,3
13787, pos,as,3
13788, pos,ti,3
13789, posi,bi,3
13790, prag,máticas,3
13791, pre,cios,3
13792, pre,ciosa,3
13793, pre,cip,3
13794, pre,mática,3
13795, pre,vin,3
13796, pre,á,3
13797, pre,ñ,3
13798, pre,ñada,3
13799, pre,ñado,3
13800, prece,ptos,3
13801, preci,sa,3
13802, predi,cador,3
13803, preemin,encias,3
13804, pregun,taba,3
13805, pregun,tando,3
13806, pregunt,ante,3
13807, pregunt,áronle,3
13808, preguntar,a,3
13809, premi,ado,3
13810, premi,ados,3
13811, prerroga,tiva,3
13812, pres,entado,3
13813, pres,ona,3
13814, pres,um,3
13815, pres,upuesto,3
13816, preten,den,3
13817, preten,do,3
13818, preten,sión,3
13819, preá,mb,3
13820, pri,siones,3
13821, pro,li,3
13822, pro,vo,3
13823, prob,ase,3
13824, proce,de,3
13825, procu,ras,3
13826, procura,ban,3
13827, procurar,ía,3
13828, profes,ar,3
13829, profes,aron,3
13830, prome,tidas,3
13831, prome,tí,3
13832, promet,ían,3
13833, prop,ri,3
13834, prop,rios,3
13835, propin,cua,3
13836, propri,edad,3
13837, pros,o,3
13838, prose,guía,3
13839, prosigui,eron,3
13840, prosigui,ese,3
13841, proso,po,3
13842, prosopo,peya,3
13843, prove,yó,3
13844, provechos,as,3
13845, proveí,da,3
13846, proveí,dos,3
13847, prud,entísimo,3
13848, príst,ino,3
13849, pudi,ésemos,3
13850, puer,tos,3
13851, pul,gar,3
13852, pul,ir,3
13853, pun,tada,3
13854, pus,iere,3
13855, puñal,adas,3
13856, pá,ramos,3
13857, pájar,o,3
13858, pícar,o,3
13859, pó,l,3
13860, pól,v,3
13861, pólv,ora,3
13862, públi,camente,3
13863, q,u,3
13864, que,me,3
13865, queb,rar,3
13866, quebran,ta,3
13867, quedar,an,3
13868, quer,encia,3
13869, quer,áis,3
13870, quere,lla,3
13871, qui,eto,3
13872, qui,m,3
13873, quieb,ras,3
13874, quit,ársele,3
13875, quit,árselo,3
13876, quitar,an,3
13877, ra,bo,3
13878, ra,mas,3
13879, ra,mo,3
13880, ra,pi,3
13881, ran,cho,3
13882, ras,as,3
13883, ras,gar,3
13884, raí,z,3
13885, re,cia,3
13886, re,ga,3
13887, re,gen,3
13888, re,jas,3
13889, re,veses,3
13890, re,zando,3
13891, re,zar,3
13892, re,ían,3
13893, rebuzn,aba,3
13894, rec,l,3
13895, rec,on,3
13896, rece,ta,3
13897, recebi,das,3
13898, reci,amente,3
13899, recib,ían,3
13900, recog,ido,3
13901, recog,iesen,3
13902, recon,cili,3
13903, recre,a,3
13904, recrea,ción,3
13905, reducir,se,3
13906, redun,dase,3
13907, redun,de,3
13908, ref,o,3
13909, ref,u,3
13910, refor,zar,3
13911, refri,g,3
13912, refu,gio,3
13913, reg,ir,3
13914, reg,ist,3
13915, regal,adas,3
13916, regal,aron,3
13917, regen,ta,3
13918, regoci,j,3
13919, rehus,aba,3
13920, rei,terar,3
13921, reli,e,3
13922, reliqui,a,3
13923, remediar,los,3
13924, remo,ta,3
13925, ren,g,3
13926, ren,uncio,3
13927, rencuen,tros,3
13928, rep,ica,3
13929, rep,ite,3
13930, rep,u,3
13931, repar,aba,3
13932, repar,ar,3
13933, repar,tidas,3
13934, repi,tiendo,3
13935, repli,qué,3
13936, replicar,le,3
13937, repos,aba,3
13938, repres,entado,3
13939, repres,ente,3
13940, repro,ch,3
13941, res,f,3
13942, reserv,ada,3
13943, resf,ri,3
13944, resi,dencia,3
13945, resolu,ta,3
13946, resplande,ce,3
13947, responder,le,3
13948, responder,me,3
13949, respondi,era,3
13950, respondi,éronle,3
13951, resti,t,3
13952, resti,tu,3
13953, reti,raron,3
13954, reti,ré,3
13955, retor,no,3
13956, retó,rica,3
13957, retó,ricas,3
13958, rev,uelta,3
13959, revol,vi,3
13960, revuel,tas,3
13961, reñ,ida,3
13962, ri,eron,3
13963, ri,ge,3
13964, ri,stre,3
13965, ri,ñas,3
13966, ridí,culos,3
13967, rigu,rosas,3
13968, rigu,rosos,3
13969, rin,da,3
13970, rin,dió,3
13971, ris,co,3
13972, ris,ue,3
13973, ris,ueña,3
13974, risue,ño,3
13975, ro,bo,3
13976, ro,dado,3
13977, ro,dilla,3
13978, ro,tos,3
13979, rob,ado,3
13980, robu,sto,3
13981, roc,ío,3
13982, rode,ado,3
13983, rode,o,3
13984, rogar,le,3
13985, rolli,za,3
13986, rom,anos,3
13987, ru,ina,3
13988, rubi,ón,3
13989, rué,gote,3
13990, s,ara,3
13991, s,ienten,3
13992, s,uen,3
13993, sa,can,3
13994, sa,hum,3
13995, sa,pos,3
13996, sa,tan,3
13997, sa,u,3
13998, sab,rás,3
13999, sabid,ora,3
14000, sacar,me,3
14001, sacar,os,3
14002, sacar,te,3
14003, sacri,ficio,3
14004, sal,as,3
14005, sal,dremos,3
14006, sal,tar,3
14007, salir,se,3
14008, salu,dado,3
14009, salvo,con,3
14010, salvocon,du,3
14011, salvocondu,to,3
14012, san,as,3
14013, sangr,ientas,3
14014, santigu,aron,3
14015, sara,o,3
14016, satan,ases,3
14017, satisfi,zo,3
14018, se,ll,3
14019, se,quedad,3
14020, secre,tamente,3
14021, segui,dillas,3
14022, segui,lle,3
14023, segun,dos,3
14024, seme,jas,3
14025, semej,anza,3
14026, sen,cilla,3
14027, sen,cille,3
14028, sencille,z,3
14029, sent,ados,3
14030, senten,ciado,3
14031, senti,da,3
14032, servi,dor,3
14033, servi,dores,3
14034, servir,se,3
14035, servir,te,3
14036, servir,án,3
14037, servir,é,3
14038, ses,os,3
14039, seste,ar,3
14040, señal,e,3
14041, señor,ías,3
14042, sie,ga,3
14043, sier,pe,3
14044, sign,um,3
14045, significa,tivo,3
14046, sin,sab,3
14047, sin,ti,3
14048, sini,estra,3
14049, sir,go,3
14050, sir,v,3
14051, sir,van,3
14052, sir,vi,3
14053, sir,viese,3
14054, sirv,ientes,3
14055, so,cal,3
14056, so,gas,3
14057, so,pla,3
14058, so,ta,3
14059, so,ñar,3
14060, sob,a,3
14061, sob,er,3
14062, sob,ran,3
14063, sob,rino,3
14064, soba,jada,3
14065, sobr,inas,3
14066, sobre,es,3
14067, sobre,mo,3
14068, sobre,pu,3
14069, sobrees,crito,3
14070, sobremo,do,3
14071, sobres,crito,3
14072, sobresal,tada,3
14073, socal,i,3
14074, socor,ra,3
14075, socor,riendo,3
14076, sol,es,3
14077, sol,i,3
14078, sol,taron,3
14079, sol,tarse,3
14080, sol,tura,3
14081, sol,ían,3
14082, solen,iz,3
14083, solici,tada,3
14084, solici,tado,3
14085, solici,tan,3
14086, solici,tar,3
14087, solici,to,3
14088, solici,tudes,3
14089, solí,cito,3
14090, solí,citos,3
14091, son,ido,3
14092, son,sa,3
14093, sorti,ja,3
14094, sos,ie,3
14095, sose,garse,3
14096, soseg,ó,3
14097, sospe,chaba,3
14098, soñ,ol,3
14099, su,bli,3
14100, su,cin,3
14101, su,daba,3
14102, su,dando,3
14103, su,do,3
14104, sub,í,3
14105, suced,ía,3
14106, suceder,les,3
14107, sue,gro,3
14108, sue,la,3
14109, suel,es,3
14110, suf,ra,3
14111, sufri,dor,3
14112, suje,ta,3
14113, suntu,osos,3
14114, sup,iere,3
14115, sup,lí,3
14116, super,chería,3
14117, supi,esen,3
14118, supi,mos,3
14119, suplí,co,3
14120, suspen,dan,3
14121, suspen,sa,3
14122, suspir,ando,3
14123, sustan,ci,3
14124, sustanci,ales,3
14125, sustent,aba,3
14126, sáti,ra,3
14127, sáti,ras,3
14128, sú,bi,3
14129, t,ent,3
14130, t,ie,3
14131, t,ó,3
14132, t,ún,3
14133, ta,jado,3
14134, ta,p,3
14135, tabern,a,3
14136, tagar,ino,3
14137, tah,elí,3
14138, tal,egas,3
14139, tal,ego,3
14140, tambor,inos,3
14141, tan,tico,3
14142, tar,do,3
14143, tar,ea,3
14144, tardar,e,3
14145, te,cho,3
14146, tej,ida,3
14147, tem,en,3
14148, tem,ieron,3
14149, teme,mos,3
14150, temp,es,3
14151, temp,lado,3
14152, temp,los,3
14153, temp,ló,3
14154, temp,ran,3
14155, tempes,tad,3
14156, tempran,o,3
14157, ten,didos,3
14158, ten,dieron,3
14159, ten,ida,3
14160, ten,ías,3
14161, tener,las,3
14162, tener,se,3
14163, teni,éndola,3
14164, ti,jeras,3
14165, ti,món,3
14166, ti,raban,3
14167, ti,rado,3
14168, tie,mb,3
14169, tig,re,3
14170, tir,ando,3
14171, tir,as,3
14172, tir,os,3
14173, titu,be,3
14174, titube,ar,3
14175, to,alla,3
14176, to,co,3
14177, to,tal,3
14178, tocar,me,3
14179, tocar,on,3
14180, toled,anos,3
14181, tom,ada,3
14182, tom,arse,3
14183, tom,ándole,3
14184, tomar,le,3
14185, tomar,ía,3
14186, ton,ta,3
14187, topar,emos,3
14188, toque,n,3
14189, tor,cida,3
14190, tor,menta,3
14191, tor,mentos,3
14192, tor,na,3
14193, torn,ase,3
14194, torn,é,3
14195, tr,inche,3
14196, tra,bada,3
14197, tra,go,3
14198, tra,idores,3
14199, tra,iga,3
14200, tra,mp,3
14201, tra,t,3
14202, tra,tándole,3
14203, tra,y,3
14204, tra,yo,3
14205, tra,é,3
14206, trab,ados,3
14207, trab,ando,3
14208, trab,ó,3
14209, traba,jar,3
14210, tradu,ción,3
14211, tradu,ctor,3
14212, tradu,jo,3
14213, tras,no,3
14214, traslad,ó,3
14215, trata,miento,3
14216, tre,ce,3
14217, tre,cientas,3
14218, tres,qui,3
14219, tri,b,3
14220, trinche,as,3
14221, trist,ísimo,3
14222, triun,fa,3
14223, triun,far,3
14224, tro,cada,3
14225, tro,cado,3
14226, tro,caron,3
14227, tro,che,3
14228, tro,pa,3
14229, tro,te,3
14230, tropie,ce,3
14231, trá,g,3
14232, trág,ico,3
14233, tu,vier,3
14234, tuer,ta,3
14235, tumb,a,3
14236, turques,co,3
14237, tuvier,en,3
14238, tá,cito,3
14239, tú,vole,3
14240, u,se,3
14241, u,vas,3
14242, uf,an,3
14243, ungü,ento,3
14244, ungü,entos,3
14245, us,ara,3
14246, us,ó,3
14247, usur,pado,3
14248, v,aso,3
14249, v,ente,3
14250, v,obis,3
14251, v,uela,3
14252, v,í,3
14253, v,ís,3
14254, va,cie,3
14255, vacie,dades,3
14256, val,es,3
14257, val,gan,3
14258, valed,era,3
14259, valent,ías,3
14260, valer,se,3
14261, van,idad,3
14262, vana,g,3
14263, vap,ul,3
14264, vara,p,3
14265, vas,alla,3
14266, vas,allo,3
14267, ve,d,3
14268, ve,l,3
14269, ve,llo,3
14270, ve,te,3
14271, ven,cí,3
14272, ven,das,3
14273, ven,eci,3
14274, ven,eno,3
14275, venced,ores,3
14276, vencer,le,3
14277, vendr,é,3
14278, venga,tivo,3
14279, venir,nos,3
14280, ver,edes,3
14281, ver,gon,3
14282, ver,lo,3
14283, verdu,gado,3
14284, veris,ímiles,3
14285, ves,tía,3
14286, vi,do,3
14287, vi,dri,3
14288, vi,ga,3
14289, vi,gi,3
14290, vi,l,3
14291, vi,les,3
14292, vi,llas,3
14293, vi,ol,3
14294, vi,viera,3
14295, vi,vimos,3
14296, vi,vían,3
14297, vidri,o,3
14298, vier,as,3
14299, vier,en,3
14300, villan,os,3
14301, vini,ésemos,3
14302, virtu,osa,3
14303, vist,osa,3
14304, vist,oso,3
14305, visti,ese,3
14306, vistos,os,3
14307, vitu,p,3
14308, viu,do,3
14309, viv,iendo,3
14310, viv,ientes,3
14311, viv,áis,3
14312, vivir,ás,3
14313, vo,la,3
14314, vol,andas,3
14315, vol,ved,3
14316, volte,ador,3
14317, volu,men,3
14318, volver,emos,3
14319, volver,la,3
14320, volver,le,3
14321, volver,án,3
14322, vuél,ve,3
14323, vá,gui,3
14324, vágui,dos,3
14325, vé,ase,3
14326, vén,gase,3
14327, y,ugo,3
14328, ya,go,3
14329, yan,tar,3
14330, yer,ros,3
14331, z,amor,3
14332, za,h,3
14333, za,que,3
14334, zale,mas,3
14335, zapa,tero,3
14336, zar,zas,3
14337, »—,¿,3
14338, Á,frica,3
14339, Án,gel,3
14340, á,g,3
14341, á,gui,3
14342, ág,il,3
14343, án,deme,3
14344, át,omo,3
14345, é,glo,3
14346, é,n,3
14347, éch,ese,3
14348, églo,gas,3
14349, ín,c,3
14350, íns,ulos,3
14351, últi,mos,3
14352,!,:,3
14353,...,?,3
14354,?,:,3
14355,AD,O,3
14356,Cu,ando,3
14357,Cu,ándo,3
14358,Cuán,tas,3
14359,D,E,3
14360,D,on,3
14361,D,ónde,3
14362,E,sto,3
14363,F,ue,3
14364,H,a,3
14365,H,allado,3
14366,H,e,3
14367,H,er,3
14368,Hab,ía,3
14369,J,u,3
14370,Ju,sti,3
14371,Justi,cia,3
14372,LO,GO,3
14373,M,ir,3
14374,M,u,3
14375,N,osotros,3
14376,O,tro,3
14377,P,en,3
14378,P,ien,3
14379,Pe,cador,3
14380,Pen,sar,3
14381,S,al,3
14382,S,anta,3
14383,S,in,3
14384,T,O,3
14385,T,énganse,3
14386,V,a,3
14387,V,es,3
14388,V,ete,3
14389,V,iendo,3
14390,V,ol,3
14391,V,uest,3
14392,a,ja,3
14393,a,te,3
14394,ad,e,3
14395,ad,le,3
14396,ad,uras,3
14397,ad,ísima,3
14398,ad,ísimo,3
14399,al,adas,3
14400,al,én,3
14401,am,ora,3
14402,am,us,3
14403,am,ón,3
14404,amb,ro,3
14405,an,dr,3
14406,an,me,3
14407,an,ti,3
14408,ar,ig,3
14409,ar,ta,3
14410,ar,ía,3
14411,as,tes,3
14412,b,al,3
14413,b,is,3
14414,b,ía,3
14415,be,lo,3
14416,bo,le,3
14417,bol,es,3
14418,c,amos,3
14419,c,uel,3
14420,c,ábase,3
14421,c,án,3
14422,c,ías,3
14423,cad,ero,3
14424,can,a,3
14425,ce,les,3
14426,ce,os,3
14427,ce,p,3
14428,cen,se,3
14429,cer,a,3
14430,cer,se,3
14431,ch,ados,3
14432,ch,or,3
14433,ch,u,3
14434,ch,ó,3
14435,che,me,3
14436,ci,co,3
14437,ci,llas,3
14438,cil,los,3
14439,con,ía,3
14440,cu,as,3
14441,cu,os,3
14442,cu,s,3
14443,cuán,to,3
14444,cí,ase,3
14445,d,ente,3
14446,d,eroso,3
14447,dar,á,3
14448,de,o,3
14449,di,je,3
14450,di,miento,3
14451,di,éndole,3
14452,dme,le,3
14453,do,me,3
14454,dos,a,3
14455,dra,das,3
14456,dán,donos,3
14457,e,ciendo,3
14458,e,mbre,3
14459,ed,rados,3
14460,en,de,3
14461,en,den,3
14462,ent,ada,3
14463,er,vi,3
14464,es,ca,3
14465,es,to,3
14466,es,tros,3
14467,f,u,3
14468,fan,far,3
14469,fanfar,ón,3
14470,fi,ciencia,3
14471,g,ano,3
14472,g,ente,3
14473,g,ero,3
14474,g,ándome,3
14475,ga,os,3
14476,ga,ño,3
14477,gal,e,3
14478,gar,a,3
14479,gar,inos,3
14480,gas,te,3
14481,gen,io,3
14482,gios,a,3
14483,go,le,3
14484,gra,da,3
14485,gri,ma,3
14486,gu,ra,3
14487,h,a,3
14488,hum,ana,3
14489,i,ana,3
14490,i,ble,3
14491,i,ciones,3
14492,i,mi,3
14493,i,stes,3
14494,i,én,3
14495,i,éndola,3
14496,i,éndome,3
14497,i,ñ,3
14498,ie,gos,3
14499,ier,es,3
14500,ig,ó,3
14501,ig,ü,3
14502,ili,s,3
14503,in,ado,3
14504,ir,re,3
14505,j,ur,3
14506,j,ándose,3
14507,jar,es,3
14508,je,mos,3
14509,jo,les,3
14510,jos,a,3
14511,l,anza,3
14512,l,de,3
14513,lag,ro,3
14514,les,co,3
14515,li,llos,3
14516,li,lí,3
14517,li,tas,3
14518,lilí,es,3
14519,lu,do,3
14520,m,alos,3
14521,m,ese,3
14522,m,ía,3
14523,mi,das,3
14524,mi,lagro,3
14525,mos,lo,3
14526,mp,i,3
14527,na,ú,3
14528,naú,te,3
14529,om,á,3
14530,ome,o,3
14531,on,das,3
14532,or,cas,3
14533,or,ías,3
14534,os,te,3
14535,p,ción,3
14536,p,ía,3
14537,par,é,3
14538,pe,te,3
14539,per,as,3
14540,pi,ra,3
14541,po,deroso,3
14542,por,tado,3
14543,qui,as,3
14544,qui,ere,3
14545,qui,fe,3
14546,r,una,3
14547,r,ísimo,3
14548,rad,ura,3
14549,rad,uras,3
14550,re,a,3
14551,re,o,3
14552,ren,da,3
14553,respon,dí,3
14554,ri,les,3
14555,rim,ientos,3
14556,rin,cip,3
14557,rio,la,3
14558,ru,có,3
14559,rán,donos,3
14560,s,ase,3
14561,s,on,3
14562,se,los,3
14563,si,der,3
14564,si,ma,3
14565,si,tos,3
14566,st,en,3
14567,sti,ese,3
14568,t,ría,3
14569,t,rón,3
14570,t,ísimos,3
14571,ta,me,3
14572,tador,as,3
14573,tan,ar,3
14574,tar,ios,3
14575,te,j,3
14576,te,l,3
14577,te,lo,3
14578,ten,cio,3
14579,ter,as,3
14580,ter,ías,3
14581,tez,uela,3
14582,ti,os,3
14583,ti,vos,3
14584,ti,én,3
14585,ti,éndole,3
14586,til,le,3
14587,tióse,lo,3
14588,torn,ó,3
14589,tra,te,3
14590,tun,as,3
14591,u,do,3
14592,u,dos,3
14593,u,ti,3
14594,u,to,3
14595,u,z,3
14596,ui,d,3
14597,ul,ta,3
14598,un,as,3
14599,ur,ías,3
14600,v,oso,3
14601,v,íos,3
14602,va,te,3
14603,vi,dó,3
14604,zar,me,3
14605,É,sta,3
14606,Í,tem,3
14607,á,roslo,3
14608,á,st,3
14609,ámos,la,3
14610,ándo,lo,3
14611,ár,nos,3
14612,árse,las,3
14613,árse,me,3
14614,ás,ela,3
14615,é,rase,3
14616,éndose,lo,3
14617,ér,ale,3
14618,éron,me,3
14619,í,bar,3
14620,í,li,3
14621,ñ,oso,3
14622,ó,li,3
14623,ó,me,3
14624,ólo,gos,3
14625,ónde,me,3
14626,óse,le,3
14627, ,",",2
14628, ,...,2
14629, ,W,2
14630, ,ome,2
14631, ,ur,2
14632, ,zo,2
14633, ,álamo,2
14634, ,ñ,2
14635, ''—,¿,2
14636, -,¡,2
14637, 16,1,2
14638, A,M,2
14639, A,cer,2
14640, A,cor,2
14641, A,f,2
14642, A,lo,2
14643, A,mar,2
14644, A,mi,2
14645, A,moh,2
14646, A,pel,2
14647, A,ran,2
14648, A,s,2
14649, A,sa,2
14650, A,si,2
14651, A,st,2
14652, A,z,2
14653, A,zo,2
14654, A,ñad,2
14655, AM,AD,2
14656, AMAD,ÍS,2
14657, Ab,re,2
14658, Abri,d,2
14659, Ac,á,2
14660, Acab,aron,2
14661, Admi,rados,2
14662, Admir,óse,2
14663, Af,lig,2
14664, Aflig,ióse,2
14665, Agrade,ci,2
14666, Agradeció,selo,2
14667, Al,ba,2
14668, Al,calá,2
14669, Al,co,2
14670, Al,quife,2
14671, Al,tísimo,2
14672, Alab,óle,2
14673, Ale,fanfarón,2
14674, Ale,g,2
14675, Alejand,ros,2
14676, Algun,a,2
14677, Ali,cante,2
14678, Amoh,in,2
14679, An,daba,2
14680, An,ib,2
14681, And,rea,2
14682, Angu,sti,2
14683, Angusti,ada,2
14684, Anib,al,2
14685, Ante,ón,2
14686, Anton,ia,2
14687, Apel,es,2
14688, Apre,tó,2
14689, Apár,tense,2
14690, Aquel,los,2
14691, Ar,calá,2
14692, Ar,naúte,2
14693, Ar,re,2
14694, Ar,ro,2
14695, Ar,t,2
14696, Aran,j,2
14697, Arcalá,us,2
14698, Arre,man,2
14699, Arreman,gado,2
14700, Art,ús,2
14701, As,no,2
14702, Asa,z,2
14703, Asi,a,2
14704, At,ent,2
14705, Atent,ísimamente,2
14706, Ay,er,2
14707, Ay,udó,2
14708, Añad,ióse,2
14709, B,ay,2
14710, B,e,2
14711, B,o,2
14712, B,os,2
14713, B,ra,2
14714, B,run,2
14715, B,us,2
14716, B,é,2
14717, Ba,eza,2
14718, Bar,bar,2
14719, Barbar,ro,2
14720, Barbarro,ja,2
14721, Be,tis,2
14722, Bern,ard,2
14723, Bernard,ino,2
14724, Bra,zo,2
14725, Bri,ll,2
14726, Brill,ador,2
14727, Brillador,o,2
14728, Brun,elo,2
14729, Bu,cé,2
14730, Bucé,fal,2
14731, Bucéfal,o,2
14732, Bé,jar,2
14733, C,ala,2
14734, C,es,2
14735, C,ol,2
14736, C,omp,2
14737, C,osa,2
14738, C,rist,2
14739, C,ristó,2
14740, C,ré,2
14741, C,ul,2
14742, C,ur,2
14743, C,ué,2
14744, CA,BA,2
14745, CABA,LL,2
14746, Ca,ta,2
14747, Ca,uti,2
14748, Ca,yó,2
14749, Ca,ño,2
14750, Call,ad,2
14751, Cam,ili,2
14752, Cam,pe,2
14753, Camili,a,2
14754, Cans,óse,2
14755, Car,lo,2
14756, Cara,cuel,2
14757, Carta,g,2
14758, Carta,go,2
14759, Cartag,ena,2
14760, Casil,da,2
14761, Cata,y,2
14762, Cauti,varon,2
14763, Ce,tina,2
14764, Ces,ó,2
14765, Ch,ina,2
14766, Ci,udad,2
14767, Co,gi,2
14768, Co,gió,2
14769, Com,ieron,2
14770, Comen,zaron,2
14771, Con,t,2
14772, Confi,eso,2
14773, Cono,cí,2
14774, Contó,les,2
14775, Cre,ció,2
14776, Cri,ado,2
14777, Crist,ina,2
14778, Cristó,bal,2
14779, Cual,quiera,2
14780, Cuen,ca,2
14781, Cump,li,2
14782, Cumpli,ó,2
14783, Curi,ambro,2
14784, Cué,n,2
14785, Cuén,tase,2
14786, D,I,2
14787, D,UL,2
14788, D,ada,2
14789, D,ineros,2
14790, D,or,2
14791, D,ueña,2
14792, D,á,2
14793, D,ías,2
14794, DUL,CIN,2
14795, DULCIN,E,2
14796, DULCINE,A,2
14797, Dar,in,2
14798, Darin,el,2
14799, De,bía,2
14800, De,jo,2
14801, De,jó,2
14802, De,monio,2
14803, De,o,2
14804, De,tén,2
14805, Dej,adme,2
14806, Des,pi,2
14807, Des,tas,2
14808, Des,to,2
14809, Desper,tó,2
14810, Det,úvose,2
14811, Di,anas,2
14812, Di,cen,2
14813, Di,cho,2
14814, Di,éronle,2
14815, Dij,ímosle,2
14816, Dir,é,2
14817, Dis,cre,2
14818, Dis,p,2
14819, Div,ul,2
14820, Divul,góse,2
14821, Diéronse,la,2
14822, Du,que,2
14823, Du,quesa,2
14824, Dulcin,eas,2
14825, Dá,dmele,2
14826, Dé,jate,2
14827, Dé,jenme,2
14828, Dé,jese,2
14829, Dí,cenme,2
14830, E,R,2
14831, E,SC,2
14832, E,c,2
14833, E,je,2
14834, E,mb,2
14835, E,mer,2
14836, E,tio,2
14837, E,uro,2
14838, E,van,2
14839, EN,T,2
14840, ENT,RE,2
14841, ER,RA,2
14842, ERRA,T,2
14843, ERRAT,AS,2
14844, ESC,U,2
14845, ESCU,DE,2
14846, ESCUDE,RO,2
14847, Eje,mp,2
14848, Ejemp,lo,2
14849, El,las,2
14850, El,íseos,2
14851, Emer,encia,2
14852, Emp,eratri,2
14853, Emperatri,z,2
14854, En,can,2
14855, En,car,2
14856, Enc,omen,2
14857, Enc,omién,2
14858, Enten,dió,2
14859, Entendió,le,2
14860, Entra,mos,2
14861, Entró,se,2
14862, Es,c,2
14863, Es,per,2
14864, Escu,ch,2
14865, Esp,é,2
14866, Espan,tóse,2
14867, Espe,ci,2
14868, Especi,almente,2
14869, Esper,ad,2
14870, Esté,ril,2
14871, Etio,pía,2
14872, Eu,genio,2
14873, Euro,pa,2
14874, Evan,geli,2
14875, F,E,2
14876, F,aldas,2
14877, F,igu,2
14878, F,onse,2
14879, F,os,2
14880, F,ron,2
14881, F,íli,2
14882, Fe,cha,2
14883, Fern,ández,2
14884, Figu,ró,2
14885, Figuró,sele,2
14886, Fili,s,2
14887, Fir,me,2
14888, Flor,im,2
14889, Florim,orte,2
14890, Fonse,ca,2
14891, Fos,ca,2
14892, Franci,s,2
14893, Francis,ca,2
14894, Fron,tino,2
14895, Fue,le,2
14896, G,A,2
14897, G,en,2
14898, G,ib,2
14899, G,il,2
14900, G,uin,2
14901, GA,UL,2
14902, GAUL,A,2
14903, Gala,te,2
14904, Galate,as,2
14905, Gobern,ador,2
14906, Gon,zá,2
14907, Gonzá,le,2
14908, Gonzále,z,2
14909, Gran,des,2
14910, Gu,ar,2
14911, Gu,ard,2
14912, Gu,z,2
14913, Guad,ala,2
14914, Guadala,jara,2
14915, Guard,ábala,2
14916, Gui,om,2
14917, Guin,ea,2
14918, Guiom,ar,2
14919, Guár,dese,2
14920, H,al,2
14921, H,ase,2
14922, H,emos,2
14923, Hab,la,2
14924, Hab,lé,2
14925, Hab,íase,2
14926, Hal,du,2
14927, Hall,aron,2
14928, Hall,éme,2
14929, Hall,ó,2
14930, He,chas,2
14931, Hici,éronse,2
14932, Hipó,cra,2
14933, Hipócra,tes,2
14934, Ho,ces,2
14935, I,II,2
14936, I,V,2
14937, I,X,2
14938, I,ban,2
14939, I,d,2
14940, I,dos,2
14941, I,mag,2
14942, I,mp,2
14943, I,s,2
14944, Imag,in,2
14945, In,c,2
14946, In,f,2
14947, In,g,2
14948, Inc,lin,2
14949, Inf,ini,2
14950, Infini,tas,2
14951, Ing,la,2
14952, Ingla,terra,2
14953, J,amás,2
14954, J,es,2
14955, J,un,2
14956, Jar,ama,2
14957, Jes,u,2
14958, Jesu,cri,2
14959, Jesucri,sto,2
14960, Ju,li,2
14961, Ju,ro,2
14962, L,E,2
14963, L,II,2
14964, L,ir,2
14965, L,ucía,2
14966, La,go,2
14967, La,va,2
14968, La,zar,2
14969, Levan,tados,2
14970, Li,cur,2
14971, Liber,al,2
14972, Liberal,idad,2
14973, Licur,go,2
14974, Limp,ióse,2
14975, Lir,gan,2
14976, Lirgan,deo,2
14977, Lla,maron,2
14978, Lla,mó,2
14979, Lle,gada,2
14980, Lle,gué,2
14981, Lleg,ábase,2
14982, Llev,adme,2
14983, Llá,m,2
14984, Llá,mase,2
14985, Llé,vas,2
14986, Llévas,te,2
14987, Lob,a,2
14988, Lob,una,2
14989, Lon,d,2
14990, Lond,res,2
14991, Lu,cre,2
14992, Lu,z,2
14993, Lucre,cia,2
14994, M,endo,2
14995, M,enos,2
14996, M,ent,2
14997, M,eta,2
14998, M,ez,2
14999, M,il,2
15000, M,inos,2
15001, M,ol,2
15002, M,ud,2
15003, M,ía,2
15004, Ma,chu,2
15005, Ma,ese,2
15006, Ma,g,2
15007, Ma,tus,2
15008, Machu,ca,2
15009, Mal,um,2
15010, Mam,í,2
15011, Man,dará,2
15012, Man,uel,2
15013, Mar,rue,2
15014, Maravilla,do,2
15015, Mari,ca,2
15016, Marrue,cos,2
15017, Mata,mor,2
15018, Matamor,os,2
15019, Matus,alén,2
15020, Me,tió,2
15021, Ment,ís,2
15022, Mi,raba,2
15023, Mil,án,2
15024, Mir,áb,2
15025, Mol,in,2
15026, Molin,era,2
15027, Mu,cha,2
15028, Mu,le,2
15029, Mule,y,2
15030, N,eg,2
15031, N,on,2
15032, N,u,2
15033, Navar,ino,2
15034, Nin,fas,2
15035, No,tó,2
15036, Nue,ve,2
15037, O,ria,2
15038, O,t,2
15039, Ofreció,se,2
15040, Ol,alla,2
15041, Oli,v,2
15042, Or,ban,2
15043, Or,iente,2
15044, Orban,eja,2
15045, Orden,ó,2
15046, Ot,omana,2
15047, P,ablo,2
15048, P,eg,2
15049, P,ere,2
15050, P,ir,2
15051, P,lu,2
15052, P,on,2
15053, P,rólogo,2
15054, P,tol,2
15055, PR,Ó,2
15056, PRÓ,LOGO,2
15057, Pan,cino,2
15058, Par,tió,2
15059, Par,óse,2
15060, Pareció,me,2
15061, Pasm,áronse,2
15062, Pe,or,2
15063, Peg,aso,2
15064, Pen,sativo,2
15065, Per,s,2
15066, Perdon,adme,2
15067, Perdón,eme,2
15068, Persi,a,2
15069, Pidió,le,2
15070, Pis,uer,2
15071, Pisuer,ga,2
15072, Pla,tir,2
15073, Pla,tón,2
15074, Po,dría,2
15075, Po,tos,2
15076, Po,tro,2
15077, Porfi,ó,2
15078, Potos,í,2
15079, Preguntó,les,2
15080, Pres,a,2
15081, Pres,te,2
15082, Pres,up,2
15083, Pro,b,2
15084, Pro,cura,2
15085, Prome,tióselo,2
15086, Prome,tí,2
15087, Pros,up,2
15088, Prosig,ue,2
15089, Prosig,ui,2
15090, Ptol,omeo,2
15091, Pue,de,2
15092, Pí,dese,2
15093, Q,ues,2
15094, Ques,ada,2
15095, Qui,ere,2
15096, Qui,se,2
15097, Quien,quiera,2
15098, Quijo,tiz,2
15099, Quin,ce,2
15100, Quin,tanar,2
15101, Qué,date,2
15102, R,amón,2
15103, R,as,2
15104, R,edu,2
15105, R,in,2
15106, R,omp,2
15107, R,osa,2
15108, Re,ce,2
15109, Re,cog,2
15110, Re,cono,2
15111, Re,cor,2
15112, Re,par,2
15113, Re,pos,2
15114, Re,que,2
15115, Re,tírate,2
15116, Re,vent,2
15117, Reci,bi,2
15118, Recono,ció,2
15119, Reconoció,le,2
15120, Res,ol,2
15121, Resp,onde,2
15122, Resp,óndeme,2
15123, Respon,dí,2
15124, Respondió,me,2
15125, Respondí,le,2
15126, Revent,aban,2
15127, Ro,jas,2
15128, Roto,lando,2
15129, Ru,gero,2
15130, Rui,z,2
15131, S,intió,2
15132, S,osié,2
15133, S,ue,2
15134, S,ur,2
15135, S,ú,2
15136, Sa,cra,2
15137, Sab,idor,2
15138, Sal,man,2
15139, Sal,ve,2
15140, Salman,tino,2
15141, San,chos,2
15142, San,do,2
15143, San,l,2
15144, San,tidad,2
15145, Sando,val,2
15146, Sanl,úcar,2
15147, Se,gún,2
15148, Se,is,2
15149, Siguió,le,2
15150, Sil,va,2
15151, Sob,res,2
15152, Sobres,al,2
15153, Sobresal,tóse,2
15154, Sol,os,2
15155, Sos,ega,2
15156, Sos,pir,2
15157, Soseg,ados,2
15158, Sosega,os,2
15159, Su,bió,2
15160, Su,ple,2
15161, Suple,mento,2
15162, Sé,ase,2
15163, T,AS,2
15164, T,O,2
15165, T,am,2
15166, T,asa,2
15167, T,entó,2
15168, T,eo,2
15169, T,ese,2
15170, T,iene,2
15171, T,ierra,2
15172, T,im,2
15173, T,ina,2
15174, T,oma,2
15175, T,os,2
15176, T,r,2
15177, T,ron,2
15178, T,us,2
15179, TAS,A,2
15180, TO,B,2
15181, TOB,OSO,2
15182, Tam,poco,2
15183, Temb,le,2
15184, Temble,que,2
15185, Ten,dieron,2
15186, Ten,ga,2
15187, Teo,dora,2
15188, Tes,al,2
15189, Tesal,ia,2
15190, Tese,o,2
15191, Tina,cri,2
15192, Tinacri,o,2
15193, To,cho,2
15194, Toda,vía,2
15195, Tol,osa,2
15196, Tom,ó,2
15197, Tom,óla,2
15198, Ton,to,2
15199, Torn,aron,2
15200, Torn,ó,2
15201, Torn,óle,2
15202, Tr,inidad,2
15203, Tra,ed,2
15204, Tra,ían,2
15205, Tro,yas,2
15206, Tron,chón,2
15207, Tu,lio,2
15208, Tu,ve,2
15209, Tur,b,2
15210, Turb,éme,2
15211, U,nos,2
15212, Uli,ses,2
15213, V,II,2
15214, V,III,2
15215, V,ale,2
15216, V,osotros,2
15217, Val,eroso,2
15218, Ve,amos,2
15219, Ve,is,2
15220, Ve,las,2
15221, Velas,co,2
15222, Ven,us,2
15223, Vi,sti,2
15224, Vi,zca,2
15225, Vie,ja,2
15226, Vill,adie,2
15227, Vio,le,2
15228, Vir,gen,2
15229, Visti,óse,2
15230, Vol,vieron,2
15231, Vol,vía,2
15232, Vuest,ro,2
15233, W,am,2
15234, Wam,ba,2
15235, X,I,2
15236, X,II,2
15237, X,III,2
15238, X,IV,2
15239, X,IX,2
15240, X,V,2
15241, X,VI,2
15242, X,VII,2
15243, X,VIII,2
15244, XL,I,2
15245, XL,II,2
15246, XL,III,2
15247, XL,IV,2
15248, XL,IX,2
15249, XL,V,2
15250, XL,VI,2
15251, XL,VII,2
15252, XL,VIII,2
15253, XX,I,2
15254, XX,II,2
15255, XX,III,2
15256, XX,IV,2
15257, XX,IX,2
15258, XX,V,2
15259, XX,VI,2
15260, XX,VII,2
15261, XX,VIII,2
15262, XXX,I,2
15263, XXX,II,2
15264, XXX,III,2
15265, XXX,IV,2
15266, XXX,IX,2
15267, XXX,V,2
15268, XXX,VI,2
15269, XXX,VII,2
15270, XXX,VIII,2
15271, Y,O,2
15272, Ya,ce,2
15273, Z,an,2
15274, Zan,cas,2
15275, Zo,co,2
15276, Zoco,do,2
15277, Zocodo,ver,2
15278, a,gar,2
15279, a,irado,2
15280, a,me,2
15281, a,taron,2
15282, a,tes,2
15283, a,til,2
15284, a,tur,2
15285, a,varo,2
15286, a,ñado,2
15287, a,ñas,2
15288, ab,arra,2
15289, ab,ono,2
15290, ab,razos,2
15291, ab,ro,2
15292, ab,s,2
15293, ab,sol,2
15294, ab,sten,2
15295, ab,uso,2
15296, aba,jarse,2
15297, aba,ten,2
15298, aba,tido,2
15299, aba,tieron,2
15300, abad,ejo,2
15301, abad,esa,2
15302, abarra,gan,2
15303, abomin,ado,2
15304, aborre,cía,2
15305, abra,zo,2
15306, abras,ada,2
15307, abras,ados,2
15308, abraz,ara,2
15309, abraz,arme,2
15310, abraz,ándose,2
15311, abri,eron,2
15312, abri,go,2
15313, abri,éndola,2
15314, abri,éndole,2
15315, abrir,la,2
15316, abrir,se,2
15317, absol,u,2
15318, abundos,a,2
15319, ac,am,2
15320, ac,an,2
15321, ac,ción,2
15322, ac,ento,2
15323, ac,la,2
15324, ac,osa,2
15325, ac,tores,2
15326, aca,eció,2
15327, acab,aste,2
15328, acab,ándola,2
15329, acab,ándose,2
15330, acabar,emos,2
15331, acabar,la,2
15332, acam,u,2
15333, acamu,zado,2
15334, acan,aladas,2
15335, acar,den,2
15336, acar,ici,2
15337, ace,p,2
15338, ace,pto,2
15339, ace,tar,2
15340, acei,tunas,2
15341, aceler,ada,2
15342, acer,ada,2
15343, acer,có,2
15344, acer,taron,2
15345, acertar,é,2
15346, acia,gos,2
15347, acier,tan,2
15348, acier,te,2
15349, aco,ce,2
15350, acobar,dado,2
15351, acog,er,2
15352, acog,iese,2
15353, acom,pañas,2
15354, acom,ó,2
15355, acome,tiendo,2
15356, acome,tieron,2
15357, acome,tió,2
15358, acomete,dor,2
15359, acomo,dasen,2
15360, acomo,de,2
15361, acompañ,adas,2
15362, acompañ,arle,2
15363, acompañar,la,2
15364, acompañas,en,2
15365, acon,dici,2
15366, acondici,onado,2
15367, aconse,j,2
15368, aconse,ja,2
15369, aconse,jada,2
15370, aconse,jas,2
15371, aconse,je,2
15372, aconse,jo,2
15373, aconsejar,me,2
15374, aconte,cen,2
15375, aconte,cieron,2
15376, aconte,cía,2
15377, acontecer,le,2
15378, acor,dara,2
15379, acor,dase,2
15380, acor,dáis,2
15381, acor,rucó,2
15382, acordar,á,2
15383, acos,tado,2
15384, acos,tar,2
15385, acre,bi,2
15386, acre,ci,2
15387, acreci,entan,2
15388, acredi,taba,2
15389, acredi,tan,2
15390, acredi,tó,2
15391, acri,bar,2
15392, acu,chi,2
15393, acu,ci,2
15394, acu,de,2
15395, acu,dido,2
15396, acu,diendo,2
15397, acu,dí,2
15398, acu,dían,2
15399, acu,sar,2
15400, acuchi,llado,2
15401, acuchil,lador,2
15402, acudi,d,2
15403, acuer,das,2
15404, acui,tar,2
15405, adar,gas,2
15406, adelan,tados,2
15407, adeli,ñado,2
15408, aderez,aron,2
15409, aderezas,en,2
15410, adi,ta,2
15411, adiv,inar,2
15412, admi,re,2
15413, admi,te,2
15414, admi,tidas,2
15415, admi,tido,2
15416, admir,ándose,2
15417, admir,óse,2
15418, ado,ban,2
15419, ador,aba,2
15420, ador,an,2
15421, adorn,ó,2
15422, adqui,riendo,2
15423, adqui,rir,2
15424, adul,ó,2
15425, advier,tes,2
15426, advir,tió,2
15427, afe,ctos,2
15428, afici,onada,2
15429, aficion,ados,2
15430, afir,man,2
15431, afir,mándose,2
15432, afli,ción,2
15433, aflig,irse,2
15434, afor,ismos,2
15435, afor,rado,2
15436, ag,allas,2
15437, ag,rado,2
15438, agar,enos,2
15439, agasa,jar,2
15440, agaza,p,2
15441, agra,ciada,2
15442, agra,ciado,2
15443, agrade,ciendo,2
15444, agrade,ciéndole,2
15445, agrade,cé,2
15446, agravi,an,2
15447, agravi,ar,2
15448, agravi,as,2
15449, agu,amanos,2
15450, agü,elo,2
15451, ah,in,2
15452, ah,u,2
15453, ahi,j,2
15454, ahor,rarse,2
15455, ahorrar,éis,2
15456, ahu,y,2
15457, aj,orcas,2
15458, aje,d,2
15459, ajed,rez,2
15460, aju,sto,2
15461, al,an,2
15462, al,ce,2
15463, al,entar,2
15464, al,ga,2
15465, al,gal,2
15466, al,ias,2
15467, al,ientos,2
15468, al,im,2
15469, al,men,2
15470, al,tares,2
15471, al,é,2
15472, alab,aba,2
15473, alab,ando,2
15474, alab,arla,2
15475, alab,en,2
15476, alab,o,2
15477, alan,ce,2
15478, alboro,tados,2
15479, alboro,tara,2
15480, alboro,tasen,2
15481, alboro,zo,2
15482, alc,é,2
15483, alcan,cía,2
15484, alcan,cías,2
15485, alcanz,ada,2
15486, alcanzar,e,2
15487, alcanzar,en,2
15488, alcanzar,á,2
15489, ale,mán,2
15490, aleg,rarse,2
15491, aleg,rase,2
15492, aleg,rasen,2
15493, aleg,rías,2
15494, alf,ana,2
15495, alf,en,2
15496, alf,omb,2
15497, alfen,ique,2
15498, alfomb,ras,2
15499, alga,zara,2
15500, algal,ia,2
15501, ali,ma,2
15502, all,an,2
15503, alle,gados,2
15504, alma,c,2
15505, almac,én,2
15506, alme,te,2
15507, almi,dón,2
15508, almoh,ad,2
15509, almor,zar,2
15510, almor,zaron,2
15511, alo,jaba,2
15512, alon,gado,2
15513, alon,gó,2
15514, alqui,mia,2
15515, alter,ado,2
15516, alter,ar,2
15517, alter,caciones,2
15518, alter,na,2
15519, altera,ción,2
15520, alti,ba,2
15521, alti,ve,2
15522, altiba,jos,2
15523, altive,z,2
15524, alz,ada,2
15525, alz,ados,2
15526, am,as,2
15527, am,áis,2
15528, ama,inar,2
15529, aman,ecía,2
15530, amanceb,ados,2
15531, amar,anto,2
15532, amar,rar,2
15533, amb,i,2
15534, ambi,cioso,2
15535, amen,idad,2
15536, amena,zan,2
15537, amena,zar,2
15538, amenaz,aban,2
15539, amenaz,adora,2
15540, amenaz,ándole,2
15541, amistad,es,2
15542, amp,ara,2
15543, an,as,2
15544, an,den,2
15545, an,eg,2
15546, an,ejo,2
15547, an,gos,2
15548, an,illos,2
15549, an,jeo,2
15550, an,tí,2
15551, an,u,2
15552, an,zuelo,2
15553, anas,co,2
15554, anasco,te,2
15555, anch,uras,2
15556, and,al,2
15557, andal,uz,2
15558, andar,iega,2
15559, andar,án,2
15560, andu,vi,2
15561, andu,vieron,2
15562, anex,as,2
15563, angusti,ada,2
15564, anim,ase,2
15565, aniqui,lado,2
15566, anoche,ció,2
15567, anto,jo,2
15568, anto,jó,2
15569, antí,po,2
15570, antípo,das,2
15571, anu,b,2
15572, ap,ero,2
15573, ap,oy,2
15574, ap,untad,2
15575, apar,t,2
15576, apar,taba,2
15577, apar,tadas,2
15578, apar,tados,2
15579, apar,to,2
15580, apar,táronse,2
15581, apar,é,2
15582, apartar,le,2
15583, aparté,monos,2
15584, aparé,jese,2
15585, apasi,onados,2
15586, ape,arme,2
15587, ape,ase,2
15588, ape,la,2
15589, ape,te,2
15590, apela,tivo,2
15591, apelli,dos,2
15592, aper,ce,2
15593, apli,cación,2
15594, apli,car,2
15595, aporre,ar,2
15596, apos,entos,2
15597, apoy,ar,2
15598, apre,h,2
15599, apre,mio,2
15600, apre,tado,2
15601, apreh,en,2
15602, aprehen,sión,2
15603, apren,dan,2
15604, apren,dió,2
15605, apres,urados,2
15606, apri,ete,2
15607, apri,sco,2
15608, apro,pi,2
15609, aprob,é,2
15610, aprovech,ado,2
15611, aprovech,amiento,2
15612, aprovech,ase,2
15613, apun,tamiento,2
15614, apuntad,as,2
15615, aque,ste,2
15616, aqué,sta,2
15617, aquél,lo,2
15618, ar,c,2
15619, ar,diente,2
15620, ar,du,2
15621, ar,g,2
15622, ar,gado,2
15623, ar,gam,2
15624, ar,mó,2
15625, ar,omá,2
15626, ar,r,2
15627, ar,ra,2
15628, ar,u,2
15629, arbi,tri,2
15630, arc,adu,2
15631, aren,gas,2
15632, argam,asa,2
15633, argu,mento,2
15634, argu,mentos,2
15635, arm,arse,2
15636, arr,ul,2
15637, arran,cado,2
15638, arrancar,se,2
15639, arras,t,2
15640, arre,os,2
15641, arreme,tiendo,2
15642, arrim,arse,2
15643, arro,di,2
15644, arro,dilla,2
15645, arro,jan,2
15646, arro,jas,2
15647, arrodi,llada,2
15648, arrogan,cias,2
15649, arrojó,le,2
15650, arros,tre,2
15651, arroy,uelo,2
15652, arroy,uelos,2
15653, artes,illas,2
15654, artí,culos,2
15655, artí,fi,2
15656, artífi,ce,2
15657, aru,ños,2
15658, arzobis,pos,2
15659, arábi,gos,2
15660, as,a,2
15661, as,ada,2
15662, as,ar,2
15663, as,con,2
15664, as,cua,2
15665, as,entado,2
15666, as,ienta,2
15667, as,ientan,2
15668, as,irle,2
15669, as,n,2
15670, as,pas,2
15671, as,pir,2
15672, as,ust,2
15673, as,ían,2
15674, asa,ete,2
15675, aseg,ú,2
15676, aseg,úrote,2
15677, asegu,ra,2
15678, asegu,rarse,2
15679, asegurar,a,2
15680, asendere,ados,2
15681, asent,aba,2
15682, asentar,é,2
15683, asi,éndola,2
15684, asist,en,2
15685, asist,encia,2
15686, asist,entes,2
15687, asom,ándose,2
15688, asomb,rar,2
15689, asper,ísima,2
15690, asti,ll,2
15691, asti,llas,2
15692, astill,ero,2
15693, asust,ado,2
15694, at,ienen,2
15695, ata,cadas,2
15696, ata,víos,2
15697, atad,uras,2
15698, ate,mor,2
15699, aten,ded,2
15700, aten,er,2
15701, aten,ía,2
15702, atenu,ada,2
15703, atorment,aban,2
15704, atra,e,2
15705, atraves,ó,2
15706, atravi,es,2
15707, atravi,esa,2
15708, atravies,an,2
15709, atre,viera,2
15710, atrever,se,2
15711, atrever,á,2
15712, atrever,ía,2
15713, atribu,yas,2
15714, atribuy,eron,2
15715, atro,z,2
15716, atropel,lados,2
15717, atropel,lar,2
15718, atur,dido,2
15719, atón,itas,2
15720, au,tem,2
15721, audi,torio,2
15722, aulli,do,2
15723, aumentar,la,2
15724, aus,entado,2
15725, aus,entar,2
15726, aus,entes,2
15727, aus,entó,2
15728, autén,ticas,2
15729, av,ís,2
15730, avellan,a,2
15731, avellan,ado,2
15732, aven,id,2
15733, aven,ía,2
15734, aventa,jaba,2
15735, aventajar,me,2
15736, aventu,rarse,2
15737, aver,gon,2
15738, aver,güenza,2
15739, aver,igü,2
15740, averiguar,lo,2
15741, avi,sos,2
15742, avi,var,2
15743, avis,é,2
15744, avisar,le,2
15745, ay,ú,2
15746, ayu,dado,2
15747, ayu,den,2
15748, ayud,ándole,2
15749, ayudar,le,2
15750, ayun,as,2
15751, ayun,os,2
15752, az,aba,2
15753, az,ada,2
15754, azaba,che,2
15755, azo,gado,2
15756, azo,ta,2
15757, azo,taba,2
15758, azo,taron,2
15759, azor,óse,2
15760, azu,fre,2
15761, añ,udad,2
15762, añad,ido,2
15763, añas,ca,2
15764, b,ad,2
15765, b,eli,2
15766, b,ras,2
15767, b,ri,2
15768, b,rioso,2
15769, b,ó,2
15770, ba,garinos,2
15771, ba,ile,2
15772, ba,p,2
15773, ba,tan,2
15774, bab,ador,2
15775, bac,ín,2
15776, bail,ando,2
15777, baila,do,2
15778, baj,aron,2
15779, baj,é,2
15780, bal,ad,2
15781, bal,andr,2
15782, bal,anza,2
15783, bal,día,2
15784, balandr,án,2
15785, bando,lero,2
15786, banque,tes,2
15787, bar,riendo,2
15788, bar,ro,2
15789, bara,ja,2
15790, bara,jar,2
15791, bara,ti,2
15792, barati,jas,2
15793, barb,ada,2
15794, barb,eros,2
15795, bas,a,2
15796, bas,tase,2
15797, bas,te,2
15798, bas,tó,2
15799, bastar,do,2
15800, basti,mentos,2
15801, bau,ti,2
15802, bañ,ada,2
15803, be,bi,2
15804, beb,amos,2
15805, beb,ieron,2
15806, bel,dad,2
15807, bel,las,2
15808, bella,ca,2
15809, ben,diciones,2
15810, bendi,tos,2
15811, benevol,encia,2
15812, benig,nos,2
15813, berme,jo,2
15814, bes,aban,2
15815, bes,amanos,2
15816, bes,an,2
15817, bes,ando,2
15818, bes,ará,2
15819, bes,tezuela,2
15820, bes,ándole,2
15821, bes,árselas,2
15822, besti,ón,2
15823, bienavent,urado,2
15824, bigo,te,2
15825, biz,m,2
15826, bizar,ro,2
15827, bizarra,mente,2
15828, bizco,cho,2
15829, blanquísi,ma,2
15830, blanquísi,mas,2
15831, blanquísi,mo,2
15832, bo,cinas,2
15833, bo,gando,2
15834, bo,gas,2
15835, bob,as,2
15836, bogas,en,2
15837, bol,os,2
15838, bol,si,2
15839, bon,ísimas,2
15840, bon,ísimo,2
15841, bone,tillo,2
15842, bor,dón,2
15843, bor,ricas,2
15844, bor,rico,2
15845, borra,cha,2
15846, bosque,jo,2
15847, bre,ñas,2
15848, brin,cadora,2
15849, bro,cados,2
15850, bro,ches,2
15851, bru,jo,2
15852, bru,madas,2
15853, bru,mado,2
15854, bru,to,2
15855, bu,cóli,2
15856, bu,fe,2
15857, bu,reo,2
15858, bufe,te,2
15859, bul,tos,2
15860, bull,ía,2
15861, bur,lada,2
15862, bur,lesco,2
15863, bur,lé,2
15864, bur,ló,2
15865, bur,lón,2
15866, bur,ra,2
15867, burlar,se,2
15868, bus,ilis,2
15869, busc,amos,2
15870, busc,ábamos,2
15871, buscar,on,2
15872, béli,co,2
15873, bó,bi,2
15874, bóbi,lis,2
15875, c,li,2
15876, c,un,2
15877, c,una,2
15878, c,ír,2
15879, ca,chor,2
15880, ca,igan,2
15881, ca,igas,2
15882, ca,jón,2
15883, ca,os,2
15884, ca,po,2
15885, ca,tal,2
15886, ca,tara,2
15887, ca,to,2
15888, ca,tá,2
15889, ca,vi,2
15890, cab,en,2
15891, cab,ida,2
15892, cab,riola,2
15893, caba,ñas,2
15894, caballer,i,2
15895, caballer,izo,2
15896, caballeres,cos,2
15897, caballeri,zos,2
15898, cabel,leras,2
15899, cabra,hí,2
15900, cabri,olas,2
15901, cachor,ros,2
15902, cad,á,2
15903, cadá,ver,2
15904, caer,á,2
15905, caer,ía,2
15906, cal,a,2
15907, cal,ada,2
15908, cal,an,2
15909, cal,ar,2
15910, cal,de,2
15911, cal,dera,2
15912, cal,deros,2
15913, cal,ifi,2
15914, cal,o,2
15915, cal,um,2
15916, cal,va,2
15917, cal,zado,2
15918, cal,zarse,2
15919, cal,zó,2
15920, cal,ó,2
15921, calaba,za,2
15922, calabo,zo,2
15923, calam,idad,2
15924, calam,itos,2
15925, calamitos,os,2
15926, calan,dria,2
15927, calent,ura,2
15928, calidad,es,2
15929, call,aron,2
15930, call,asen,2
15931, call,ó,2
15932, callej,uela,2
15933, cam,bi,2
15934, camb,io,2
15935, camin,an,2
15936, camin,ase,2
15937, camin,asen,2
15938, camin,e,2
15939, camin,emos,2
15940, camin,é,2
15941, camp,an,2
15942, campan,ario,2
15943, can,al,2
15944, can,asta,2
15945, can,ción,2
15946, can,dado,2
15947, can,se,2
15948, can,ten,2
15949, can,tillo,2
15950, can,tía,2
15951, canan,eas,2
15952, cande,leros,2
15953, candi,la,2
15954, canon,iz,2
15955, canón,ig,2
15956, canónig,os,2
15957, cap,illas,2
15958, capel,lina,2
15959, capi,tales,2
15960, capo,tillo,2
15961, car,aman,2
15962, car,dado,2
15963, car,ece,2
15964, car,es,2
15965, car,gaba,2
15966, car,gó,2
15967, car,irre,2
15968, car,tel,2
15969, car,tu,2
15970, car,ísimo,2
15971, car,ísimos,2
15972, cara,col,2
15973, caraman,chón,2
15974, carca,jes,2
15975, carca,ños,2
15976, carden,ales,2
15977, careci,eron,2
15978, cares,tía,2
15979, carirre,don,2
15980, carita,tiva,2
15981, carni,ceros,2
15982, carro,zas,2
15983, cartapa,cio,2
15984, cartu,jos,2
15985, cas,aba,2
15986, cas,amientos,2
15987, cas,ara,2
15988, cas,are,2
15989, cas,illas,2
15990, cas,tas,2
15991, cas,tos,2
15992, casta,ños,2
15993, castellan,os,2
15994, casti,galle,2
15995, castigar,me,2
15996, castigar,os,2
15997, castígue,le,2
15998, catal,ana,2
15999, catara,tas,2
16000, cate,drá,2
16001, catedrá,tico,2
16002, catá,logo,2
16003, caus,aban,2
16004, cauti,var,2
16005, cauti,varon,2
16006, cav,ando,2
16007, caver,nas,2
16008, cay,ere,2
16009, cay,esen,2
16010, caí,das,2
16011, cañu,to,2
16012, ce,bar,2
16013, ce,bo,2
16014, ce,lem,2
16015, ce,tros,2
16016, cebol,linas,2
16017, ceg,ase,2
16018, cegue,zuelo,2
16019, celeb,r,2
16020, celeb,rado,2
16021, celebérri,mo,2
16022, celem,ín,2
16023, celes,tes,2
16024, celos,ía,2
16025, celos,ías,2
16026, cen,ado,2
16027, cen,ando,2
16028, cencer,ril,2
16029, cens,ura,2
16030, cep,tros,2
16031, cer,belo,2
16032, cer,cada,2
16033, cer,dosa,2
16034, cer,raron,2
16035, cer,rera,2
16036, cercan,os,2
16037, cern,adero,2
16038, cern,ido,2
16039, cerro,jo,2
16040, certifi,car,2
16041, certifi,co,2
16042, ceñ,ida,2
16043, ceñ,ido,2
16044, ceñ,ían,2
16045, ch,amus,2
16046, ch,ico,2
16047, ch,ine,2
16048, cha,pa,2
16049, chi,cos,2
16050, ci,an,2
16051, ci,cer,2
16052, ci,tar,2
16053, cian,í,2
16054, cianí,is,2
16055, cicer,on,2
16056, ciceron,iana,2
16057, cie,gan,2
16058, cin,ta,2
16059, circunst,ancia,2
16060, cléri,go,2
16061, co,chero,2
16062, co,cidas,2
16063, co,cina,2
16064, co,do,2
16065, co,dos,2
16066, co,gen,2
16067, co,gote,2
16068, co,ja,2
16069, co,pla,2
16070, co,po,2
16071, co,to,2
16072, cob,i,2
16073, cob,rase,2
16074, cobrar,án,2
16075, cocin,eros,2
16076, cof,res,2
16077, cofre,cillo,2
16078, cog,iéndola,2
16079, cog,ía,2
16080, cohe,ch,2
16081, coje,a,2
16082, col,gadas,2
16083, col,gando,2
16084, col,gar,2
16085, col,gó,2
16086, col,m,2
16087, col,mo,2
16088, col,unas,2
16089, cole,gio,2
16090, cole,gios,2
16091, cole,to,2
16092, colig,iendo,2
16093, colm,enas,2
16094, colo,cadas,2
16095, colo,cado,2
16096, colo,cados,2
16097, colo,dri,2
16098, colodri,llo,2
16099, color,ado,2
16100, color,ados,2
16101, com,as,2
16102, com,eros,2
16103, com,idas,2
16104, com,iesen,2
16105, comba,tido,2
16106, comba,tió,2
16107, come,tió,2
16108, comedi,antes,2
16109, comedi,dos,2
16110, comenz,ase,2
16111, comenz,óse,2
16112, comenzar,ía,2
16113, comer,ía,2
16114, comien,ces,2
16115, comien,zas,2
16116, comien,zo,2
16117, comp,rada,2
16118, comp,rado,2
16119, comp,ré,2
16120, comp,uestos,2
16121, comp,us,2
16122, comp,use,2
16123, compar,ado,2
16124, compar,ados,2
16125, compasi,va,2
16126, compasi,vas,2
16127, compe,ti,2
16128, competi,dor,2
16129, compon,iendo,2
16130, compon,ía,2
16131, componer,se,2
16132, comun,ico,2
16133, con,ced,2
16134, con,cor,2
16135, con,cordia,2
16136, con,ejo,2
16137, con,ejos,2
16138, con,mo,2
16139, con,solado,2
16140, con,sta,2
16141, con,tadas,2
16142, con,vino,2
16143, conce,diese,2
16144, conce,dió,2
16145, conce,jo,2
16146, conce,tos,2
16147, concer,taba,2
16148, concer,tamos,2
16149, concern,iente,2
16150, concern,ientes,2
16151, concier,ta,2
16152, concl,uido,2
16153, concl,usión,2
16154, conclu,ya,2
16155, concluy,ese,2
16156, conden,ado,2
16157, conden,ados,2
16158, confes,ado,2
16159, confes,or,2
16160, confes,áis,2
16161, confi,esa,2
16162, confi,esas,2
16163, confi,ese,2
16164, confir,maba,2
16165, confir,mado,2
16166, confir,man,2
16167, confir,maron,2
16168, confir,mándose,2
16169, confor,mes,2
16170, confor,ta,2
16171, confun,diese,2
16172, congo,jado,2
16173, congo,jó,2
16174, conjetu,rar,2
16175, conlle,var,2
16176, cono,celle,2
16177, cono,zcan,2
16178, cono,zcas,2
16179, conocer,te,2
16180, conoci,das,2
16181, conoci,ese,2
16182, conqui,sta,2
16183, cons,erv,2
16184, cons,ienten,2
16185, cons,ue,2
16186, cons,uela,2
16187, conse,ja,2
16188, consegui,ría,2
16189, consi,dero,2
16190, consider,aba,2
16191, consider,es,2
16192, considera,ciones,2
16193, consigui,ese,2
16194, consol,aba,2
16195, consol,arse,2
16196, constitui,das,2
16197, consu,me,2
16198, consu,mida,2
16199, consum,ía,2
16200, cont,aban,2
16201, cont,iendas,2
16202, cont,ina,2
16203, cont,one,2
16204, cont,ras,2
16205, cont,raste,2
16206, cont,re,2
16207, cont,ándose,2
16208, contar,on,2
16209, contar,á,2
16210, contar,ía,2
16211, contemp,lar,2
16212, conten,der,2
16213, conten,dor,2
16214, conten,idas,2
16215, conten,iéndose,2
16216, content,ara,2
16217, content,arse,2
16218, content,as,2
16219, continu,ado,2
16220, continu,o,2
16221, contone,o,2
16222, contrap,uestos,2
16223, contrap,unto,2
16224, contre,cho,2
16225, conven,drá,2
16226, conven,ga,2
16227, conven,gan,2
16228, conver,sión,2
16229, convi,da,2
16230, convi,dando,2
16231, convi,do,2
16232, convir,tió,2
16233, cop,ios,2
16234, copios,ísimo,2
16235, cor,dero,2
16236, cor,pe,2
16237, cor,por,2
16238, cor,respondió,2
16239, cor,tadoras,2
16240, cor,tarme,2
16241, cor,taron,2
16242, cor,té,2
16243, corche,tes,2
16244, cordo,b,2
16245, cordob,és,2
16246, corn,eta,2
16247, corn,etas,2
16248, coron,ados,2
16249, corpe,zuelo,2
16250, corpor,ales,2
16251, corr,ientes,2
16252, corre,a,2
16253, corre,d,2
16254, corre,diza,2
16255, corre,gido,2
16256, corre,gir,2
16257, corre,tor,2
16258, correspon,de,2
16259, corri,eron,2
16260, corri,esen,2
16261, corri,g,2
16262, corri,gió,2
16263, corri,llos,2
16264, corrig,iendo,2
16265, corro,b,2
16266, corte,dad,2
16267, cos,ario,2
16268, cos,e,2
16269, cos,tase,2
16270, costar,á,2
16271, cr,ines,2
16272, cr,ían,2
16273, cre,as,2
16274, cre,ce,2
16275, cre,cidas,2
16276, cre,cido,2
16277, cre,di,2
16278, cre,do,2
16279, cre,es,2
16280, cre,áis,2
16281, cre,éis,2
16282, credi,te,2
16283, creer,la,2
16284, creer,é,2
16285, crey,ente,2
16286, creí,das,2
16287, cri,aban,2
16288, cri,ba,2
16289, cri,s,2
16290, cru,ci,2
16291, cru,zadas,2
16292, cru,zando,2
16293, cru,zar,2
16294, cruel,dades,2
16295, cu,pi,2
16296, cua,jada,2
16297, cuad,rar,2
16298, cuar,tana,2
16299, cuar,teles,2
16300, cub,riendo,2
16301, cub,riese,2
16302, cubri,eron,2
16303, cuchil,los,2
16304, cue,ce,2
16305, cuel,ga,2
16306, cuen,tes,2
16307, cuer,das,2
16308, cuest,ión,2
16309, cul,pado,2
16310, cul,par,2
16311, cul,ti,2
16312, cump,len,2
16313, cumpl,iendo,2
16314, cumpl,iera,2
16315, cumpl,ía,2
16316, cumpl,ían,2
16317, cumpli,d,2
16318, cumpli,dos,2
16319, cumplir,la,2
16320, cumplir,ás,2
16321, cupi,ese,2
16322, cur,sado,2
16323, cura,ba,2
16324, cura,ban,2
16325, curar,a,2
16326, curar,me,2
16327, curi,osas,2
16328, cás,ense,2
16329, có,malos,2
16330, có,mp,2
16331, cómi,tre,2
16332, cómp,uto,2
16333, d,adi,2
16334, d,ale,2
16335, d,ame,2
16336, d,ome,2
16337, d,uen,2
16338, d,ábale,2
16339, d,árselos,2
16340, da,is,2
16341, da,te,2
16342, da,til,2
16343, dadi,voso,2
16344, damas,cos,2
16345, dan,z,2
16346, dan,zar,2
16347, dar,dos,2
16348, dar,es,2
16349, dar,os,2
16350, datil,ados,2
16351, dañ,adores,2
16352, dañ,an,2
16353, de,ba,2
16354, de,cep,2
16355, de,ciendo,2
16356, de,go,2
16357, de,h,2
16358, de,ud,2
16359, de,van,2
16360, deb,í,2
16361, debi,das,2
16362, debi,stes,2
16363, debili,tado,2
16364, decan,tado,2
16365, decen,dencia,2
16366, decen,dientes,2
16367, decen,dió,2
16368, decep,lin,2
16369, deceplin,antes,2
16370, deci,enden,2
16371, deci,lla,2
16372, deci,llas,2
16373, decir,la,2
16374, decir,los,2
16375, declar,ada,2
16376, declar,ador,2
16377, declar,ados,2
16378, declar,an,2
16379, declar,arle,2
16380, declar,arme,2
16381, declar,asen,2
16382, declar,ándole,2
16383, declarar,nos,2
16384, decre,to,2
16385, dedi,caron,2
16386, defen,di,2
16387, defen,sor,2
16388, defra,u,2
16389, dej,ada,2
16390, dej,ándolos,2
16391, dej,ándome,2
16392, dej,ándonos,2
16393, dej,ándose,2
16394, dejar,las,2
16395, dejar,lo,2
16396, dejar,nos,2
16397, del,gada,2
16398, del,ib,2
16399, delei,table,2
16400, delei,tan,2
16401, delei,tes,2
16402, delib,er,2
16403, deman,d,2
16404, den,uestos,2
16405, dep,ra,2
16406, depar,arme,2
16407, depar,ta,2
16408, depar,ti,2
16409, deposi,tar,2
16410, deposi,tario,2
16411, depra,vada,2
16412, derra,mada,2
16413, derra,mado,2
16414, derra,me,2
16415, derre,dor,2
16416, derri,ba,2
16417, derrib,aron,2
16418, derrumb,adero,2
16419, des,arra,2
16420, des,bu,2
16421, des,ca,2
16422, des,cen,2
16423, des,ervi,2
16424, des,esp,2
16425, des,f,2
16426, des,gre,2
16427, des,len,2
16428, des,lo,2
16429, des,lu,2
16430, des,men,2
16431, des,miento,2
16432, des,uel,2
16433, des,uso,2
16434, des,vía,2
16435, desa,cre,2
16436, desa,gu,2
16437, desa,per,2
16438, desa,tada,2
16439, desabro,ch,2
16440, desacre,di,2
16441, desafi,ador,2
16442, desagrade,cidos,2
16443, desal,iñ,2
16444, desal,mada,2
16445, desal,u,2
16446, desaper,cebido,2
16447, desar,mando,2
16448, desas,irse,2
16449, desasos,e,2
16450, desasos,iegos,2
16451, desasose,gar,2
16452, desayun,arse,2
16453, desb,aratar,2
16454, desbara,tada,2
16455, desbara,tado,2
16456, desc,olor,2
16457, desc,rib,2
16458, desc,uel,2
16459, desca,eci,2
16460, descabez,ar,2
16461, descaeci,miento,2
16462, descal,ab,2
16463, descal,za,2
16464, descans,ando,2
16465, descansar,á,2
16466, descar,go,2
16467, descarn,ada,2
16468, descen,dientes,2
16469, descol,garse,2
16470, descol,gó,2
16471, descolor,ido,2
16472, descom,pos,2
16473, descome,dimiento,2
16474, descomp,uestas,2
16475, descomp,uesto,2
16476, descompos,tura,2
16477, descomul,gado,2
16478, descomul,gados,2
16479, descomun,ales,2
16480, descon,fi,2
16481, descon,t,2
16482, descon,tento,2
16483, desconsol,ados,2
16484, descor,tes,2
16485, descortes,ía,2
16486, descos,iese,2
16487, descri,bir,2
16488, descub,iertas,2
16489, descub,rían,2
16490, descubri,ría,2
16491, descui,da,2
16492, desde,ñar,2
16493, dese,arle,2
16494, dese,arme,2
16495, dese,as,2
16496, desembar,cadero,2
16497, desembar,cado,2
16498, desembol,sase,2
16499, desen,cante,2
16500, desen,la,2
16501, desencan,tados,2
16502, desencan,tase,2
16503, desenfad,ada,2
16504, desenfad,ado,2
16505, desengañ,ó,2
16506, desent,er,2
16507, desenvain,ando,2
16508, desenvain,ó,2
16509, desenvol,turas,2
16510, desesp,é,2
16511, desesper,ó,2
16512, desespé,rese,2
16513, desfa,ce,2
16514, desfa,ciendo,2
16515, desfa,vor,2
16516, desgre,ñada,2
16517, desh,or,2
16518, deshon,rada,2
16519, deshones,ti,2
16520, deshones,tidad,2
16521, deshonesti,dades,2
16522, deshor,as,2
16523, desi,stir,2
16524, desle,al,2
16525, deslen,gu,2
16526, desli,zaba,2
16527, desli,áronle,2
16528, deslo,cado,2
16529, desma,z,2
16530, desman,de,2
16531, desmay,ar,2
16532, desmay,e,2
16533, desmaz,alado,2
16534, desn,arig,2
16535, desnu,daron,2
16536, desnu,darse,2
16537, desnu,das,2
16538, desnu,dó,2
16539, desnud,ándose,2
16540, desocu,pado,2
16541, desor,den,2
16542, desp,en,2
16543, desp,ens,2
16544, desp,ere,2
16545, desp,iertas,2
16546, desp,iertos,2
16547, desp,ol,2
16548, desp,á,2
16549, despa,chado,2
16550, despa,char,2
16551, despar,tir,2
16552, despe,ch,2
16553, despe,dimos,2
16554, despe,jar,2
16555, despe,ñar,2
16556, despech,éis,2
16557, despens,ero,2
16558, desper,talle,2
16559, despi,ad,2
16560, despiad,ado,2
16561, desple,gar,2
16562, despo,jar,2
16563, despo,jo,2
16564, despol,vor,2
16565, despolvor,e,2
16566, despos,ados,2
16567, despre,cio,2
16568, despun,tan,2
16569, dest,ino,2
16570, dest,ron,2
16571, desta,ja,2
16572, deste,mp,2
16573, desterra,dos,2
16574, destr,ui,2
16575, destra,í,2
16576, destro,za,2
16577, destro,zo,2
16578, destru,y,2
16579, destru,ye,2
16580, destru,yó,2
16581, destruir,me,2
16582, desus,ados,2
16583, desval,i,2
16584, desvali,jando,2
16585, desvaneci,dos,2
16586, desvar,ío,2
16587, desvari,adas,2
16588, desvari,ados,2
16589, desventura,da,2
16590, desver,gon,2
16591, desvi,ada,2
16592, desvi,arse,2
16593, deten,ernos,2
16594, deten,ida,2
16595, deten,iéndose,2
16596, determ,inar,2
16597, determ,ino,2
16598, detes,table,2
16599, detes,tables,2
16600, detu,viesen,2
16601, deud,or,2
16602, devan,eos,2
16603, di,eras,2
16604, di,eses,2
16605, di,estra,2
16606, di,estros,2
16607, di,eta,2
16608, di,lo,2
16609, di,mes,2
16610, di,ome,2
16611, di,osa,2
16612, di,réis,2
16613, di,rían,2
16614, di,vin,2
16615, di,ésemos,2
16616, diab,óli,2
16617, diabóli,ca,2
16618, dibu,jos,2
16619, dichos,as,2
16620, dichos,os,2
16621, dici,éndoselo,2
16622, dif,ini,2
16623, dij,istes,2
16624, dila,ta,2
16625, dila,tada,2
16626, dila,tando,2
16627, dilig,ente,2
16628, dimin,uir,2
16629, dios,es,2
16630, dipu,tó,2
16631, dire,tes,2
16632, dirigir,los,2
16633, dis,for,2
16634, discul,par,2
16635, discur,riendo,2
16636, discur,rir,2
16637, discur,ría,2
16638, disfraz,ada,2
16639, disfraz,ado,2
16640, disfraz,aron,2
16641, disi,mu,2
16642, disign,ios,2
16643, disim,ulación,2
16644, disimu,le,2
16645, disimul,ando,2
16646, disimul,es,2
16647, disp,uesta,2
16648, disp,usiese,2
16649, dispar,aban,2
16650, dispar,ando,2
16651, dispar,ar,2
16652, dispar,aron,2
16653, dispar,ó,2
16654, dispara,tada,2
16655, dispon,er,2
16656, dispu,ta,2
16657, dist,antes,2
16658, dist,into,2
16659, diver,ti,2
16660, diver,tir,2
16661, divi,dido,2
16662, divi,dir,2
16663, divi,s,2
16664, divi,sar,2
16665, divi,só,2
16666, do,lo,2
16667, do,tado,2
16668, dob,la,2
16669, dob,las,2
16670, dob,lo,2
16671, dob,lones,2
16672, dol,erme,2
16673, dol,iendo,2
16674, dolor,ida,2
16675, dolor,osa,2
16676, dome,ñar,2
16677, domin,gos,2
16678, don,as,2
16679, don,oso,2
16680, dor,ados,2
16681, dor,na,2
16682, dorm,í,2
16683, dorm,ían,2
16684, dorm,íos,2
16685, dormi,mos,2
16686, dormir,é,2
16687, du,daban,2
16688, du,de,2
16689, du,des,2
16690, du,rad,2
16691, duen,des,2
16692, duer,mes,2
16693, dul,za,2
16694, dulc,ísimo,2
16695, dulc,ísimos,2
16696, dulza,inas,2
16697, duque,sas,2
16698, dur,ísimos,2
16699, durad,era,2
16700, durmi,ese,2
16701, dá,banle,2
16702, dá,rosla,2
16703, dándose,los,2
16704, dé,bi,2
16705, dé,jate,2
16706, dé,monos,2
16707, déjen,le,2
16708, dí,gan,2
16709, dí,jele,2
16710, dí,joles,2
16711, dí,melo,2
16712, dígal,e,2
16713, dígan,lo,2
16714, e,cho,2
16715, e,cos,2
16716, e,m,2
16717, e,men,2
16718, e,mienda,2
16719, e,ris,2
16720, e,vid,2
16721, ece,to,2
16722, ech,an,2
16723, ech,arse,2
16724, ech,aré,2
16725, ech,asen,2
16726, ech,ándolos,2
16727, ech,ándose,2
16728, ech,é,2
16729, ech,óse,2
16730, echar,emos,2
16731, echar,ía,2
16732, eclesiásti,cos,2
16733, edi,fi,2
16734, efe,ctos,2
16735, efe,tu,2
16736, ejecu,tan,2
16737, ejecu,tase,2
16738, ejerci,tada,2
16739, ejerci,tando,2
16740, el,íseos,2
16741, ele,ción,2
16742, ele,vado,2
16743, eleg,antes,2
16744, eleg,ir,2
16745, elo,cu,2
16746, elo,gio,2
16747, elocu,ción,2
16748, elocuen,tes,2
16749, emb,eb,2
16750, emb,ista,2
16751, emb,osque,2
16752, emba,jadas,2
16753, embara,zos,2
16754, embarcar,nos,2
16755, embaul,ar,2
16756, embe,be,2
16757, embe,bido,2
16758, embebe,cido,2
16759, embeles,ado,2
16760, embesti,do,2
16761, embesti,rse,2
16762, embist,en,2
16763, embo,zada,2
16764, embob,ado,2
16765, embob,ados,2
16766, embust,eros,2
16767, emp,an,2
16768, emp,r,2
16769, empan,ada,2
16770, empe,dern,2
16771, empe,ñ,2
16772, empedern,ido,2
16773, empin,adas,2
16774, emple,ar,2
16775, empr,entas,2
16776, empren,dido,2
16777, empreñar,ía,2
16778, empu,ñad,2
16779, empuñ,ó,2
16780, empuñad,ura,2
16781, en,amora,2
16782, en,anos,2
16783, en,cas,2
16784, en,cin,2
16785, en,ea,2
16786, en,gas,2
16787, en,go,2
16788, en,gu,2
16789, en,la,2
16790, enalbar,dase,2
16791, enarbol,ó,2
16792, enc,la,2
16793, enc,omién,2
16794, enc,or,2
16795, enca,jado,2
16796, enca,jaron,2
16797, encam,ina,2
16798, encamin,aba,2
16799, encamin,ado,2
16800, encamin,an,2
16801, encan,tan,2
16802, encan,tar,2
16803, encan,tó,2
16804, encantad,ora,2
16805, encar,ece,2
16806, encar,go,2
16807, encarecer,lo,2
16808, encarecer,los,2
16809, encareci,da,2
16810, encareci,mientos,2
16811, encarg,ándole,2
16812, encarn,ado,2
16813, encer,raban,2
16814, encer,rarse,2
16815, encer,rándose,2
16816, encerrar,me,2
16817, enci,ende,2
16818, enci,erro,2
16819, encog,ida,2
16820, encog,ió,2
16821, encom,ienda,2
16822, encom,iendan,2
16823, encom,iende,2
16824, encomen,dándonos,2
16825, encomen,dó,2
16826, encomendar,nos,2
16827, encon,tra,2
16828, encon,tras,2
16829, encont,rarse,2
16830, encont,rándose,2
16831, encu,ad,2
16832, encu,mbrada,2
16833, encuad,ern,2
16834, encub,r,2
16835, encub,riendo,2
16836, encub,rió,2
16837, encubri,era,2
16838, encubrir,lo,2
16839, encuen,tra,2
16840, ende,chas,2
16841, ender,é,2
16842, enderé,cese,2
16843, endiab,lados,2
16844, enemi,stad,2
16845, enferme,dades,2
16846, enfri,ase,2
16847, engañ,es,2
16848, engañ,áis,2
16849, engañ,ó,2
16850, engañ,óse,2
16851, engend,ran,2
16852, engendr,é,2
16853, engo,l,2
16854, engrande,cen,2
16855, enja,ul,2
16856, enlu,tada,2
16857, eno,je,2
16858, enre,jados,2
16859, enri,zados,2
16860, enrique,cen,2
16861, ensal,mo,2
16862, ensan,cha,2
16863, ensan,che,2
16864, ensar,ta,2
16865, ensar,tar,2
16866, ensay,arse,2
16867, ensi,lla,2
16868, ensill,ando,2
16869, ent,all,2
16870, ent,ome,2
16871, ent,or,2
16872, ent,ron,2
16873, ent,ur,2
16874, enten,dedor,2
16875, entender,emos,2
16876, entender,la,2
16877, entendi,da,2
16878, entendi,das,2
16879, enter,ados,2
16880, enter,rada,2
16881, enter,rasen,2
16882, entern,eci,2
16883, entern,eció,2
16884, enterra,mos,2
16885, enterrar,te,2
16886, enti,én,2
16887, entier,ren,2
16888, entor,pe,2
16889, entra,ban,2
16890, entrar,nos,2
16891, entrar,á,2
16892, entrar,é,2
16893, entre,garon,2
16894, entre,gase,2
16895, entre,gue,2
16896, entre,gué,2
16897, entre,gándose,2
16898, entre,m,2
16899, entre,mos,2
16900, entre,tej,2
16901, entregar,a,2
16902, entremeter,se,2
16903, entreo,ído,2
16904, entreten,ida,2
16905, entretener,le,2
16906, entretener,me,2
16907, entretu,viera,2
16908, entretu,viese,2
16909, entretu,viesen,2
16910, entriste,ce,2
16911, entriste,cerse,2
16912, entriste,cía,2
16913, entriste,zca,2
16914, entron,izado,2
16915, env,uel,2
16916, env,uelta,2
16917, envas,ó,2
16918, envi,le,2
16919, envi,te,2
16920, envidi,ado,2
16921, envidi,ara,2
16922, envidi,oso,2
16923, envol,torio,2
16924, envuel,tos,2
16925, envíe,me,2
16926, epigra,mas,2
16927, epitaf,io,2
16928, equi,dad,2
16929, equino,cial,2
16930, er,rada,2
16931, era,t,2
16932, eru,dito,2
16933, es,encia,2
16934, es,es,2
16935, es,grima,2
16936, esc,amos,2
16937, esc,ol,2
16938, esc,onde,2
16939, esc,ue,2
16940, esca,pe,2
16941, escal,era,2
16942, escan,ci,2
16943, escap,ase,2
16944, escar,am,2
16945, escar,ment,2
16946, escar,mentar,2
16947, escar,pines,2
16948, escaram,uza,2
16949, escla,v,2
16950, esclav,inas,2
16951, esco,jo,2
16952, escog,e,2
16953, escog,ieron,2
16954, escog,iese,2
16955, escoger,me,2
16956, escon,diese,2
16957, escriban,os,2
16958, escribir,la,2
16959, escribir,se,2
16960, escrupu,loso,2
16961, escrupulos,os,2
16962, escu,cho,2
16963, escu,l,2
16964, escu,r,2
16965, escu,ro,2
16966, escuad,ra,2
16967, escuch,ada,2
16968, escuch,en,2
16969, escuch,ándole,2
16970, escuchar,te,2
16971, escudriñ,ador,2
16972, escure,cen,2
16973, escure,ció,2
16974, escurecer,los,2
16975, escurecer,se,2
16976, escus,adas,2
16977, escus,ara,2
16978, escus,ó,2
16979, escusar,ás,2
16980, esf,era,2
16981, esfor,cé,2
16982, esfor,zados,2
16983, esfor,zar,2
16984, esfuer,za,2
16985, eslab,ón,2
16986, esp,alda,2
16987, esp,esa,2
16988, esp,eso,2
16989, esp,ir,2
16990, esp,len,2
16991, esp,ole,2
16992, esp,res,2
16993, esp,uela,2
16994, esp,ér,2
16995, espa,ci,2
16996, espan,tad,2
16997, espan,tada,2
16998, espan,tados,2
16999, espan,tas,2
17000, espan,ten,2
17001, espar,ciendo,2
17002, espar,cieron,2
17003, espar,cir,2
17004, especu,lación,2
17005, esper,ara,2
17006, esper,asen,2
17007, esper,es,2
17008, esper,ándole,2
17009, esper,ó,2
17010, esperar,ía,2
17011, espes,ura,2
17012, espir,ar,2
17013, esplen,dor,2
17014, esplén,dida,2
17015, espole,ar,2
17016, espér,enme,2
17017, esqui,la,2
17018, esqui,va,2
17019, est,abas,2
17020, est,able,2
17021, est,ablo,2
17022, est,ada,2
17023, est,er,2
17024, est,il,2
17025, est,orn,2
17026, est,ío,2
17027, est,úvose,2
17028, esta,ciones,2
17029, esta,os,2
17030, esta,tu,2
17031, estan,tero,2
17032, estantero,l,2
17033, estar,lo,2
17034, estar,ían,2
17035, esten,diendo,2
17036, esten,so,2
17037, estender,se,2
17038, esti,mas,2
17039, esti,rado,2
17040, esti,ér,2
17041, estim,ara,2
17042, estim,aré,2
17043, estir,arse,2
17044, estir,pe,2
17045, estiér,col,2
17046, esto,pa,2
17047, estor,ba,2
17048, estor,bo,2
17049, estorb,ara,2
17050, estran,jero,2
17051, estraordinar,io,2
17052, estrañ,ezas,2
17053, estre,ch,2
17054, estre,llar,2
17055, estre,madas,2
17056, estre,me,2
17057, estrella,do,2
17058, estrope,ado,2
17059, estrope,ados,2
17060, estu,che,2
17061, estu,dia,2
17062, estu,vi,2
17063, estudi,an,2
17064, estuvier,as,2
17065, esté,riles,2
17066, estén,me,2
17067, eter,n,2
17068, eter,nos,2
17069, etern,izar,2
17070, ex,pir,2
17071, exag,eración,2
17072, exager,ando,2
17073, exam,en,2
17074, exce,pción,2
17075, excel,ente,2
17076, excel,entes,2
17077, exe,quias,2
17078, exp,ul,2
17079, expir,iencia,2
17080, expul,sión,2
17081, extra,va,2
17082, extraordinar,ias,2
17083, extrava,gantes,2
17084, f,esti,2
17085, f,ili,2
17086, f,ras,2
17087, f,undo,2
17088, f,ía,2
17089, f,ír,2
17090, fa,cción,2
17091, fa,ce,2
17092, fa,cer,2
17093, fa,ga,2
17094, fa,jas,2
17095, fabri,cador,2
17096, fabulos,os,2
17097, faci,enda,2
17098, facili,ta,2
17099, facili,taba,2
17100, facinor,oso,2
17101, fal,samente,2
17102, falda,mentos,2
17103, faltar,le,2
17104, famos,ísimos,2
17105, far,ol,2
17106, fars,antes,2
17107, fati,g,2
17108, fati,gue,2
17109, favor,ez,2
17110, favorecer,le,2
17111, favorecer,me,2
17112, favoreci,da,2
17113, fe,b,2
17114, feb,rero,2
17115, fech,orías,2
17116, fech,urías,2
17117, feli,ces,2
17118, feli,z,2
17119, felic,ísimamente,2
17120, fen,ecer,2
17121, fer,ida,2
17122, fer,ro,2
17123, fer,ti,2
17124, fero,cidad,2
17125, festi,vo,2
17126, fi,ada,2
17127, fi,arme,2
17128, fi,arse,2
17129, fi,lo,2
17130, fili,ste,2
17131, filosof,ías,2
17132, fin,ezas,2
17133, fin,gen,2
17134, fingida,mente,2
17135, fir,mada,2
17136, fis,on,2
17137, fison,omía,2
17138, fla,cos,2
17139, flemáti,cos,2
17140, flor,eci,2
17141, fol,gar,2
17142, for,jó,2
17143, fortal,ecer,2
17144, forz,aba,2
17145, forz,adas,2
17146, forz,ados,2
17147, fra,cas,2
17148, fra,ga,2
17149, fra,gua,2
17150, fre,ír,2
17151, fres,cas,2
17152, fri,sar,2
17153, fris,cal,2
17154, fu,ri,2
17155, fu,tu,2
17156, fu,y,2
17157, fue,lles,2
17158, fun,dado,2
17159, funda,mentos,2
17160, fur,to,2
17161, furi,osa,2
17162, fué,rades,2
17163, fué,ramos,2
17164, fuér,onse,2
17165, fír,mela,2
17166, g,ino,2
17167, g,ue,2
17168, g,us,2
17169, g,ó,2
17170, ga,ita,2
17171, ga,tas,2
17172, ga,te,2
17173, ga,tes,2
17174, ga,tuno,2
17175, ga,y,2
17176, ga,z,2
17177, gal,anas,2
17178, gallar,de,2
17179, galo,cha,2
17180, gan,aba,2
17181, gan,ando,2
17182, gan,en,2
17183, gan,g,2
17184, ganan,ciosos,2
17185, ganap,anes,2
17186, ganap,án,2
17187, ganar,la,2
17188, gang,oso,2
17189, gar,rote,2
17190, garban,zos,2
17191, gas,a,2
17192, gas,cona,2
17193, gas,tador,2
17194, gas,tados,2
17195, gas,tó,2
17196, gastar,las,2
17197, gen,eros,2
17198, gen,erosa,2
17199, generos,idad,2
17200, genti,lidad,2
17201, gi,tano,2
17202, giganta,zo,2
17203, girifal,te,2
17204, girifal,tes,2
17205, go,cen,2
17206, go,do,2
17207, go,la,2
17208, go,tas,2
17209, go,zara,2
17210, go,zasen,2
17211, gobern,aba,2
17212, gobern,adora,2
17213, gobier,nas,2
17214, gobiern,e,2
17215, gol,os,2
17216, gol,oso,2
17217, golos,ina,2
17218, gor,di,2
17219, gordi,ano,2
17220, goz,ase,2
17221, gozar,é,2
17222, gra,bada,2
17223, gra,cios,2
17224, gra,das,2
17225, gra,jos,2
17226, gra,mática,2
17227, gra,ta,2
17228, gra,tifi,2
17229, gra,v,2
17230, gran,di,2
17231, gran,dor,2
17232, gran,izo,2
17233, granje,arme,2
17234, granjer,ía,2
17235, gri,taba,2
17236, gri,tando,2
17237, gros,ero,2
17238, gru,ta,2
17239, gru,ñir,2
17240, gruñ,ían,2
17241, gu,ante,2
17242, gu,la,2
17243, gu,stas,2
17244, guar,d,2
17245, guar,dados,2
17246, guar,dasen,2
17247, guar,dia,2
17248, guardar,los,2
17249, guardar,á,2
17250, guarni,ciones,2
17251, gue,de,2
17252, gui,ados,2
17253, guirn,alda,2
17254, gust,ando,2
17255, gust,ara,2
17256, gust,are,2
17257, gust,áredes,2
17258, gust,ó,2
17259, guár,dese,2
17260, gó,ticas,2
17261, gü,és,2
17262, güés,pe,2
17263, h,al,2
17264, h,ala,2
17265, h,aldas,2
17266, h,alo,2
17267, h,iera,2
17268, h,ir,2
17269, h,ob,2
17270, h,ui,2
17271, h,uido,2
17272, h,uso,2
17273, h,áb,2
17274, h,ár,2
17275, hab,ernos,2
17276, hab,lan,2
17277, hab,íades,2
17278, haber,es,2
17279, haber,las,2
17280, habi,tadores,2
17281, habiéndose,le,2
17282, habl,aron,2
17283, habl,áis,2
17284, habl,ándole,2
17285, habla,mos,2
17286, hablar,an,2
17287, hablar,é,2
17288, habér,me,2
17289, habér,melo,2
17290, habérse,le,2
17291, hacan,eas,2
17292, hace,llo,2
17293, hace,os,2
17294, hacer,los,2
17295, haci,en,2
17296, haci,éndote,2
17297, hacien,das,2
17298, hacía,mos,2
17299, hal,cón,2
17300, hall,asen,2
17301, hall,ándole,2
17302, hall,áronle,2
17303, hallar,e,2
17304, hallar,emos,2
17305, hallar,en,2
17306, hallar,án,2
17307, hallar,é,2
17308, hallar,ían,2
17309, halle,mos,2
17310, hambr,iento,2
17311, hambr,ientos,2
17312, han,egas,2
17313, har,bar,2
17314, har,taba,2
17315, har,tar,2
17316, har,tarme,2
17317, har,ás,2
17318, he,le,2
17319, hech,uras,2
17320, hechicer,as,2
17321, heci,mos,2
17322, her,eda,2
17323, her,raduras,2
17324, her,rar,2
17325, her,rero,2
17326, here,dado,2
17327, here,jes,2
17328, hered,eros,2
17329, hermos,e,2
17330, hermos,ísimo,2
17331, hermose,an,2
17332, hi,ga,2
17333, hi,lar,2
17334, hi,los,2
17335, hici,eren,2
17336, hici,eres,2
17337, hici,érades,2
17338, hici,ésemos,2
17339, hidal,ga,2
17340, hier,en,2
17341, hijo,dal,2
17342, hijodal,go,2
17343, hin,cha,2
17344, hin,char,2
17345, hin,que,2
17346, hipo,c,2
17347, hipoc,res,2
17348, hipocres,ía,2
17349, hipér,boles,2
17350, hir,viendo,2
17351, ho,yo,2
17352, hol,andas,2
17353, hol,ga,2
17354, hol,gá,2
17355, hol,gándose,2
17356, holga,zan,2
17357, holgar,é,2
17358, holgazan,es,2
17359, hon,das,2
17360, hon,rad,2
17361, hon,ralle,2
17362, hor,iz,2
17363, hor,renda,2
17364, hor,ror,2
17365, horad,ados,2
17366, horiz,onte,2
17367, horr,ís,2
17368, hoy,os,2
17369, hu,rón,2
17370, hu,yan,2
17371, hu,ía,2
17372, hub,ieras,2
17373, hue,vo,2
17374, huel,go,2
17375, huel,las,2
17376, hum,ores,2
17377, humede,cer,2
17378, humi,ll,2
17379, hun,día,2
17380, hur,tar,2
17381, huy,en,2
17382, huérf,ana,2
17383, há,gote,2
17384, háb,l,2
17385, hábi,l,2
17386, hás,ele,2
17387, hé,cho,2
17388, hú,me,2
17389, i,dea,2
17390, i,di,2
17391, i,tal,2
17392, idi,oma,2
17393, ignor,aba,2
17394, ignor,aban,2
17395, igual,aban,2
17396, igual,an,2
17397, igual,ara,2
17398, igual,ará,2
17399, igual,en,2
17400, ilust,rísimo,2
17401, imagin,adas,2
17402, imagin,é,2
17403, imitar,los,2
17404, imp,eli,2
17405, imp,ide,2
17406, imp,la,2
17407, impa,ciente,2
17408, impe,dir,2
17409, impeli,ó,2
17410, impen,e,2
17411, impene,tra,2
17412, impenetra,bles,2
17413, imper,ios,2
17414, impertin,encia,2
17415, impor,tara,2
17416, importun,ado,2
17417, importun,ó,2
17418, importuna,ciones,2
17419, imposibili,ta,2
17420, impres,ores,2
17421, impri,ma,2
17422, impri,me,2
17423, impri,mió,2
17424, impri,mo,2
17425, impro,pie,2
17426, impropie,dades,2
17427, improvi,samente,2
17428, impru,dente,2
17429, in,can,2
17430, in,e,2
17431, in,es,2
17432, in,g,2
17433, in,o,2
17434, in,to,2
17435, ina,cab,2
17436, inaudi,tos,2
17437, incan,s,2
17438, incans,able,2
17439, incen,dio,2
17440, inci,tado,2
17441, inci,tan,2
17442, inclin,ando,2
17443, inclinar,me,2
17444, incon,sider,2
17445, incon,vin,2
17446, inconsider,ada,2
17447, inconvin,ientes,2
17448, incur,ra,2
17449, incur,rir,2
17450, inde,c,2
17451, indec,ente,2
17452, indigna,ción,2
17453, indis,cre,2
17454, indubi,table,2
17455, indubi,tables,2
17456, indubitable,mente,2
17457, industri,ado,2
17458, industri,as,2
17459, ines,c,2
17460, inesc,ru,2
17461, inex,cus,2
17462, inex,pu,2
17463, inexcus,ables,2
17464, inexpu,gn,2
17465, inexpugn,able,2
17466, inf,ante,2
17467, inf,lu,2
17468, infam,es,2
17469, infam,ia,2
17470, infer,i,2
17471, infern,al,2
17472, influ,jo,2
17473, infor,mándose,2
17474, infor,mó,2
17475, infor,tun,2
17476, inform,arse,2
17477, infun,dan,2
17478, inhab,i,2
17479, inhabi,table,2
17480, inju,sta,2
17481, inm,undos,2
17482, inmundi,cia,2
17483, inqui,e,2
17484, inqui,eta,2
17485, inquie,tud,2
17486, inre,medi,2
17487, inre,parable,2
17488, insign,ia,2
17489, insign,ias,2
17490, inst,abilidad,2
17491, insti,gado,2
17492, insti,t,2
17493, insu,f,2
17494, int,entan,2
17495, int,entos,2
17496, intelig,ente,2
17497, inten,sa,2
17498, inten,ta,2
17499, intenci,onadas,2
17500, intentar,las,2
17501, inter,es,2
17502, inter,eses,2
17503, inter,ro,2
17504, inter,val,2
17505, inter,ven,2
17506, interrump,áis,2
17507, interval,os,2
17508, intitu,la,2
17509, intitu,laba,2
17510, intitu,lada,2
17511, into,ler,2
17512, intri,c,2
17513, intri,cada,2
17514, intri,cadas,2
17515, intré,p,2
17516, intrép,ida,2
17517, inven,ci,2
17518, inven,tado,2
17519, invenci,bles,2
17520, invent,ores,2
17521, invent,ó,2
17522, invi,cto,2
17523, invi,to,2
17524, invidi,ado,2
17525, invidi,oso,2
17526, invisi,bles,2
17527, ir,te,2
17528, ir,ás,2
17529, ir,éis,2
17530, irri,tar,2
17531, irri,tase,2
17532, ital,i,2
17533, itali,ano,2
17534, j,ade,2
17535, ja,y,2
17536, jab,onado,2
17537, jabon,aduras,2
17538, jade,ando,2
17539, jay,anes,2
17540, jer,ig,2
17541, jerig,on,2
17542, jerigon,za,2
17543, ji,mia,2
17544, jine,te,2
17545, jir,onado,2
17546, jir,ón,2
17547, jorn,al,2
17548, ju,bi,2
17549, ju,gue,2
17550, ju,lio,2
17551, ju,menti,2
17552, ju,má,2
17553, ju,rando,2
17554, judici,ar,2
17555, judici,ario,2
17556, jue,guen,2
17557, jumenti,les,2
17558, jun,cos,2
17559, jun,taba,2
17560, jun,tar,2
17561, jun,ten,2
17562, jun,tándose,2
17563, jurar,é,2
17564, juris,per,2
17565, jurisper,ito,2
17566, juz,gas,2
17567, juz,gue,2
17568, juzgar,a,2
17569, l,ino,2
17570, l,omo,2
17571, l,é,2
17572, l,ó,2
17573, l,ú,2
17574, la,ce,2
17575, la,d,2
17576, la,dito,2
17577, la,ga,2
17578, la,m,2
17579, la,tino,2
17580, la,ven,2
17581, la,zada,2
17582, la,zadas,2
17583, lab,rando,2
17584, lab,ranza,2
17585, laca,yos,2
17586, lace,de,2
17587, lacede,monios,2
17588, ladri,dos,2
17589, lagar,ti,2
17590, lament,aba,2
17591, lan,ce,2
17592, lan,zando,2
17593, lanter,na,2
17594, lanter,nas,2
17595, lasci,via,2
17596, lasti,m,2
17597, lasti,mados,2
17598, lasti,meras,2
17599, lasti,mero,2
17600, lasti,mosa,2
17601, lat,ines,2
17602, laure,ado,2
17603, laure,l,2
17604, lav,aba,2
17605, lav,arse,2
17606, lavar,me,2
17607, le,amos,2
17608, le,chos,2
17609, le,ella,2
17610, le,o,2
17611, le,tu,2
17612, lev,ad,2
17613, levad,iza,2
17614, levan,tador,2
17615, levant,ándome,2
17616, ley,entes,2
17617, ley,era,2
17618, ley,éndola,2
17619, leí,dos,2
17620, li,lilíes,2
17621, li,tado,2
17622, lib,rer,2
17623, lib,rero,2
17624, lib,ró,2
17625, liber,ales,2
17626, librer,ía,2
17627, licen,cias,2
17628, lig,adura,2
17629, lig,eramente,2
17630, ligíti,ma,2
17631, limi,tada,2
17632, limi,tados,2
17633, limpi,arme,2
17634, limpi,arse,2
17635, limpi,árselos,2
17636, lin,ce,2
17637, lin,das,2
17638, lis,a,2
17639, lison,je,2
17640, livi,ana,2
17641, livi,ano,2
17642, ll,ora,2
17643, ll,u,2
17644, lla,gas,2
17645, llam,adas,2
17646, llam,ados,2
17647, llam,en,2
17648, llam,ándole,2
17649, llam,ándome,2
17650, llamar,an,2
17651, llamar,e,2
17652, llamar,ía,2
17653, llan,os,2
17654, lle,go,2
17655, lleg,as,2
17656, lleg,ándole,2
17657, lleg,ásemos,2
17658, lleg,é,2
17659, llega,os,2
17660, llegar,e,2
17661, llegar,é,2
17662, llegar,ía,2
17663, llegue,mos,2
17664, llen,ar,2
17665, llen,ó,2
17666, llev,adas,2
17667, llev,ara,2
17668, llev,arse,2
17669, llev,ándola,2
17670, llev,ándome,2
17671, llev,ándose,2
17672, llev,ársele,2
17673, llev,é,2
17674, llevar,an,2
17675, llevar,la,2
17676, llevar,ían,2
17677, llo,viese,2
17678, llor,aban,2
17679, llor,os,2
17680, llor,oso,2
17681, llor,osos,2
17682, llover,é,2
17683, llovi,do,2
17684, llovi,dos,2
17685, llu,via,2
17686, llue,van,2
17687, lléve,lo,2
17688, lléve,me,2
17689, lo,able,2
17690, lo,ables,2
17691, lo,ado,2
17692, lo,ba,2
17693, lo,ca,2
17694, lon,g,2
17695, lu,ce,2
17696, lu,cida,2
17697, lu,cientes,2
17698, lu,cios,2
17699, lun,as,2
17700, lun,es,2
17701, lámp,ara,2
17702, lásti,mas,2
17703, lí,citos,2
17704, líqui,das,2
17705, ló,bre,2
17706, lóbre,gas,2
17707, lú,cidos,2
17708, m,entar,2
17709, m,iento,2
17710, m,intió,2
17711, m,ándoles,2
17712, ma,chos,2
17713, ma,guera,2
17714, ma,pa,2
17715, ma,tador,2
17716, ma,tase,2
17717, ma,ter,2
17718, ma,tes,2
17719, ma,ti,2
17720, ma,to,2
17721, ma,yo,2
17722, ma,za,2
17723, ma,ñas,2
17724, madru,gado,2
17725, madru,gar,2
17726, maes,tría,2
17727, mal,amente,2
17728, mal,dijo,2
17729, mal,he,2
17730, mal,her,2
17731, mal,qui,2
17732, mal,ísima,2
17733, malan,dan,2
17734, maland,ante,2
17735, malandan,zas,2
17736, malavent,urados,2
17737, maldi,ga,2
17738, male,ante,2
17739, male,ficio,2
17740, male,tilla,2
17741, malen,conía,2
17742, malencón,ico,2
17743, malhe,ch,2
17744, malhech,ores,2
17745, mali,ciosos,2
17746, malintenci,onado,2
17747, malqui,sto,2
17748, maltra,tase,2
17749, maltra,te,2
17750, man,anti,2
17751, man,ca,2
17752, man,chas,2
17753, man,cilla,2
17754, man,dad,2
17755, man,dan,2
17756, man,der,2
17757, man,ida,2
17758, man,quedad,2
17759, man,tas,2
17760, man,tillas,2
17761, mananti,ales,2
17762, manch,egos,2
17763, mand,áis,2
17764, mand,ándole,2
17765, mand,ándoles,2
17766, mand,ándome,2
17767, mand,ásemos,2
17768, manda,mos,2
17769, manda,to,2
17770, mandar,le,2
17771, mander,echa,2
17772, mando,bles,2
17773, mane,jar,2
17774, manifes,tar,2
17775, manifes,tarse,2
17776, manifies,tamente,2
17777, manose,ar,2
17778, mant,iene,2
17779, mante,adores,2
17780, mante,amientos,2
17781, mante,aron,2
17782, mante,ll,2
17783, mantell,ina,2
17784, manten,imiento,2
17785, manu,al,2
17786, mar,có,2
17787, mar,fi,2
17788, mar,inero,2
17789, mar,inos,2
17790, mar,tas,2
17791, mar,tillo,2
17792, mar,zo,2
17793, maravill,aba,2
17794, maravillar,ía,2
17795, marfi,l,2
17796, marti,ri,2
17797, mas,ca,2
17798, matar,on,2
17799, matar,ía,2
17800, mater,ias,2
17801, mayor,ales,2
17802, mazmor,ra,2
17803, mazmor,ras,2
17804, mañ,ero,2
17805, me,aja,2
17806, me,dido,2
17807, me,dos,2
17808, me,li,2
17809, me,ol,2
17810, me,tad,2
17811, me,ten,2
17812, me,tida,2
17813, me,tiendo,2
17814, me,tieron,2
17815, me,tros,2
17816, me,táis,2
17817, me,tía,2
17818, med,alla,2
17819, median,eros,2
17820, mejor,ado,2
17821, mejor,ará,2
17822, melancol,ías,2
17823, melancóli,co,2
17824, memor,i,2
17825, men,di,2
17826, men,digo,2
17827, men,eo,2
17828, men,jur,2
17829, mendi,gando,2
17830, mendr,u,2
17831, mendru,gos,2
17832, mene,aba,2
17833, mene,ando,2
17834, menest,erosas,2
17835, menest,eroso,2
17836, menester,es,2
17837, menjur,jes,2
17838, ment,ía,2
17839, menteca,tos,2
17840, menti,rás,2
17841, menude,aban,2
17842, menude,ar,2
17843, menude,aron,2
17844, meol,lo,2
17845, mere,ces,2
17846, mere,ció,2
17847, meren,daron,2
17848, merez,co,2
17849, mes,ura,2
17850, mezc,lados,2
17851, mezc,laron,2
17852, mi,tra,2
17853, mi,tras,2
17854, mie,dos,2
17855, miga,ja,2
17856, milag,rosa,2
17857, milag,roso,2
17858, milag,rosos,2
17859, milan,os,2
17860, mili,cia,2
17861, minist,erio,2
17862, mir,ándola,2
17863, mira,dos,2
17864, mirar,la,2
17865, mirar,á,2
17866, mirá,banle,2
17867, mo,cos,2
17868, mo,des,2
17869, mo,tes,2
17870, mo,tivo,2
17871, mo,ve,2
17872, mo,ví,2
17873, mocos,a,2
17874, modes,tia,2
17875, moh,arra,2
17876, moharra,cho,2
17877, mol,des,2
17878, mol,ida,2
17879, mol,ifi,2
17880, mol,lera,2
17881, mon,das,2
17882, mon,os,2
17883, mon,tara,2
17884, mon,teros,2
17885, mon,tería,2
17886, mon,ti,2
17887, mon,tones,2
17888, mona,cillo,2
17889, monar,cas,2
17890, monj,il,2
17891, monst,ro,2
17892, monti,ña,2
17893, mor,al,2
17894, mor,ales,2
17895, mor,da,2
17896, mor,derse,2
17897, mor,diera,2
17898, mor,illo,2
17899, morda,za,2
17900, morir,ás,2
17901, morta,ja,2
17902, mos,qui,2
17903, mosqui,tos,2
17904, most,rad,2
17905, most,rasen,2
17906, most,rá,2
17907, most,ré,2
17908, most,réis,2
17909, mostrad,me,2
17910, move,mos,2
17911, mover,le,2
17912, mover,me,2
17913, movi,ble,2
17914, mu,daban,2
17915, mu,dada,2
17916, mu,daron,2
17917, mu,de,2
17918, mu,dé,2
17919, mu,lad,2
17920, mu,le,2
17921, mu,los,2
17922, mu,riese,2
17923, mu,ros,2
17924, mud,able,2
17925, mudé,jares,2
17926, mujer,cillas,2
17927, mujer,ie,2
17928, mujerie,gas,2
17929, mulad,ar,2
17930, mule,tas,2
17931, mur,alla,2
17932, muri,ere,2
17933, murm,uras,2
17934, murmu,re,2
17935, mué,vale,2
17936, mué,ve,2
17937, muést,rate,2
17938, muéve,me,2
17939, muñ,idor,2
17940, má,gi,2
17941, máqu,inas,2
17942, más,cara,2
17943, mé,ri,2
17944, mí,rala,2
17945, n,aran,2
17946, n,ora,2
17947, na,cidas,2
17948, na,cía,2
17949, naci,ese,2
17950, naci,mos,2
17951, nad,ando,2
17952, nav,íos,2
17953, nave,ga,2
17954, nave,gar,2
17955, nave,go,2
17956, necesi,tada,2
17957, neg,ado,2
17958, neg,ase,2
17959, negar,ía,2
17960, ni,dos,2
17961, ni,egue,2
17962, ni,eto,2
17963, nieg,ues,2
17964, ningun,os,2
17965, niñ,ería,2
17966, no,ta,2
17967, no,toria,2
17968, no,té,2
17969, no,via,2
17970, nomb,ra,2
17971, nomb,rando,2
17972, nove,cientos,2
17973, nove,dades,2
17974, novi,llo,2
17975, num,er,2
17976, o,cta,2
17977, o,je,2
17978, o,per,2
17979, o,to,2
17980, ob,jeto,2
17981, obe,dientes,2
17982, obede,celle,2
17983, obedecer,le,2
17984, obje,ción,2
17985, obli,go,2
17986, oblig,aban,2
17987, oblig,ase,2
17988, obs,er,2
17989, ocho,cientos,2
17990, ocu,pe,2
17991, ocul,tas,2
17992, ocup,ados,2
17993, ocup,ase,2
17994, ocup,ó,2
17995, odi,osas,2
17996, ofen,dida,2
17997, ofender,le,2
17998, ofi,cina,2
17999, ofici,ales,2
18000, ofre,cida,2
18001, ofre,zcan,2
18002, ofrecer,le,2
18003, ofreció,sele,2
18004, oir,ás,2
18005, oir,é,2
18006, ojer,as,2
18007, ol,ía,2
18008, olor,osa,2
18009, olor,osas,2
18010, olvi,daba,2
18011, olvi,dar,2
18012, olvi,dase,2
18013, olvi,dándose,2
18014, op,one,2
18015, op,ro,2
18016, oper,ib,2
18017, operib,us,2
18018, opres,os,2
18019, opri,me,2
18020, opro,b,2
18021, oprob,rio,2
18022, or,e,2
18023, or,f,2
18024, or,gu,2
18025, or,iente,2
18026, or,n,2
18027, or,ondas,2
18028, or,á,2
18029, or,é,2
18030, or,ín,2
18031, orden,ada,2
18032, orden,adas,2
18033, orden,e,2
18034, orf,andad,2
18035, orig,en,2
18036, oro,pel,2
18037, orá,culo,2
18038, oré,gano,2
18039, os,os,2
18040, os,tu,2
18041, ostu,go,2
18042, ot,ero,2
18043, oto,ño,2
18044, otor,gado,2
18045, otor,gue,2
18046, oy,as,2
18047, oy,en,2
18048, oy,ente,2
18049, oy,esen,2
18050, oy,éndose,2
18051, oí,lle,2
18052, oí,llo,2
18053, oí,ste,2
18054, oír,se,2
18055, p,ia,2
18056, p,ár,2
18057, p,ín,2
18058, pa,cto,2
18059, pa,galle,2
18060, pa,gan,2
18061, pa,p,2
18062, pa,pa,2
18063, pa,tas,2
18064, pa,tios,2
18065, pa,to,2
18066, pa,usas,2
18067, pad,ecen,2
18068, pad,rino,2
18069, pad,rón,2
18070, paga,os,2
18071, pagar,le,2
18072, pagar,os,2
18073, pal,ad,2
18074, pal,am,2
18075, pal,as,2
18076, pal,m,2
18077, pal,mi,2
18078, pal,oma,2
18079, pala,ci,2
18080, palaci,ega,2
18081, palaf,ren,2
18082, palam,enta,2
18083, palm,adi,2
18084, palmi,lla,2
18085, pan,dero,2
18086, par,ab,2
18087, par,ada,2
18088, par,ale,2
18089, par,anzas,2
18090, par,ase,2
18091, par,che,2
18092, par,cial,2
18093, par,das,2
18094, par,gam,2
18095, par,ienta,2
18096, par,tos,2
18097, par,tía,2
18098, par,éis,2
18099, para,je,2
18100, parale,los,2
18101, parcial,idad,2
18102, pare,ces,2
18103, pare,ja,2
18104, pare,jas,2
18105, pare,zcas,2
18106, parecer,á,2
18107, pareci,era,2
18108, pareci,esen,2
18109, pargam,ino,2
18110, parir,ía,2
18111, parti,mos,2
18112, parti,rás,2
18113, parti,ré,2
18114, parti,óse,2
18115, partir,me,2
18116, pas,ases,2
18117, pas,cuas,2
18118, pas,iones,2
18119, pas,ito,2
18120, pas,é,2
18121, pasa,je,2
18122, pasar,e,2
18123, pasar,á,2
18124, pasar,ían,2
18125, pase,ado,2
18126, pase,an,2
18127, pase,ando,2
18128, pastor,ales,2
18129, pastor,iles,2
18130, pater,nos,2
18131, paternos,tres,2
18132, pato,chadas,2
18133, pe,ana,2
18134, pe,cadora,2
18135, pe,car,2
18136, pe,dern,2
18137, pe,dilla,2
18138, pe,dradas,2
18139, pe,ga,2
18140, pe,gad,2
18141, pe,gada,2
18142, pe,gan,2
18143, pe,in,2
18144, pe,je,2
18145, pe,la,2
18146, pe,ladas,2
18147, pe,lle,2
18148, pe,pita,2
18149, pe,to,2
18150, pe,z,2
18151, pecador,as,2
18152, ped,re,2
18153, pedern,al,2
18154, pedre,ñ,2
18155, pedreñ,ales,2
18156, pedírse,la,2
18157, pelar,ía,2
18158, pele,antes,2
18159, pele,aron,2
18160, pelle,jo,2
18161, pelliz,cado,2
18162, pen,e,2
18163, pene,trado,2
18164, pens,ada,2
18165, pens,ados,2
18166, pensar,es,2
18167, pensar,á,2
18168, pensar,é,2
18169, per,didas,2
18170, per,diendo,2
18171, per,ece,2
18172, per,ecer,2
18173, per,ra,2
18174, per,ri,2
18175, per,ver,2
18176, perder,la,2
18177, perder,le,2
18178, perder,ía,2
18179, perdi,era,2
18180, perdi,esen,2
18181, perdi,gón,2
18182, peregr,inación,2
18183, perfe,cción,2
18184, pergam,inos,2
18185, perjudici,ales,2
18186, permi,tiendo,2
18187, permi,tir,2
18188, perple,ja,2
18189, pers,as,2
18190, persegui,do,2
18191, persuad,iese,2
18192, persuadir,les,2
18193, perteneci,entes,2
18194, pertina,cia,2
18195, pertina,z,2
18196, perver,so,2
18197, pes,adas,2
18198, pes,ase,2
18199, pes,cados,2
18200, pes,car,2
18201, pes,tíf,2
18202, pes,ó,2
18203, pesadu,mbres,2
18204, pese,bre,2
18205, pestil,encia,2
18206, peñas,co,2
18207, pi,ara,2
18208, pi,cada,2
18209, pi,cado,2
18210, pi,caron,2
18211, pi,cos,2
18212, pi,das,2
18213, pi,st,2
18214, pi,z,2
18215, pi,éla,2
18216, pia,che,2
18217, piados,a,2
18218, piados,os,2
18219, pico,ta,2
18220, pidi,era,2
18221, pidi,eran,2
18222, pidi,éndome,2
18223, pie,l,2
18224, pie,les,2
18225, pin,taban,2
18226, pin,tan,2
18227, pin,turas,2
18228, pintar,nos,2
18229, pio,jos,2
18230, pis,ado,2
18231, pis,an,2
18232, pis,ar,2
18233, pist,olas,2
18234, piéla,go,2
18235, pla,tica,2
18236, placer,as,2
18237, plan,ta,2
18238, ple,itos,2
18239, plebe,ya,2
18240, plebe,yo,2
18241, plec,tro,2
18242, po,dimos,2
18243, po,qui,2
18244, po,tencia,2
18245, po,tes,2
18246, po,é,2
18247, pobre,tes,2
18248, pod,erosos,2
18249, pod,rida,2
18250, poder,le,2
18251, poderos,amente,2
18252, poderos,ísimo,2
18253, pol,ido,2
18254, pol,las,2
18255, pol,los,2
18256, pol,os,2
18257, pol,vos,2
18258, pola,inas,2
18259, polvor,osa,2
18260, pom,pos,2
18261, pomp,oso,2
18262, pompos,as,2
18263, pon,ella,2
18264, pon,ernos,2
18265, pon,iente,2
18266, pon,tí,2
18267, pontí,fi,2
18268, pontífi,ces,2
18269, ponérse,las,2
18270, poqui,to,2
18271, por,taba,2
18272, por,te,2
18273, porf,ían,2
18274, porfi,ando,2
18275, porta,mante,2
18276, portamante,o,2
18277, pose,ía,2
18278, poses,or,2
18279, posibi,lidad,2
18280, post,rero,2
18281, posti,zos,2
18282, potes,tad,2
18283, poé,tica,2
18284, pre,cias,2
18285, pre,ciosas,2
18286, pre,fa,2
18287, pre,g,2
18288, pre,gon,2
18289, pre,máticas,2
18290, pre,parada,2
18291, pre,tina,2
18292, pre,var,2
18293, pre,viene,2
18294, pre,vile,2
18295, pre,z,2
18296, prece,dido,2
18297, preci,aba,2
18298, precios,ísimas,2
18299, precip,i,2
18300, predi,cando,2
18301, pregun,tasen,2
18302, pregun,tándose,2
18303, pregunt,ándoles,2
18304, preguntar,me,2
18305, preguntar,nos,2
18306, preguntar,te,2
18307, preguntó,me,2
18308, pregún,te,2
18309, premi,an,2
18310, pres,eas,2
18311, pres,taba,2
18312, pres,tada,2
18313, pres,tarme,2
18314, pres,tasen,2
18315, pres,tó,2
18316, pres,up,2
18317, present,aron,2
18318, present,arse,2
18319, present,éis,2
18320, presona,jes,2
18321, prestar,á,2
18322, presu,men,2
18323, presu,mir,2
18324, presu,rosa,2
18325, presum,ía,2
18326, presup,one,2
18327, preten,des,2
18328, preten,dientes,2
18329, prevar,ic,2
18330, prevaric,ador,2
18331, preven,ido,2
18332, preven,irse,2
18333, previle,gios,2
18334, preámb,ulo,2
18335, preñ,ados,2
18336, pri,ma,2
18337, pri,oste,2
18338, pri,sa,2
18339, prim,as,2
18340, prim,or,2
18341, prima,vera,2
18342, principal,idad,2
18343, priv,anza,2
18344, priv,arse,2
18345, pro,ceden,2
18346, pro,cedía,2
18347, pro,te,2
18348, pro,tes,2
18349, prob,ó,2
18350, probar,la,2
18351, probar,á,2
18352, proce,dido,2
18353, proce,loso,2
18354, procu,rad,2
18355, procu,remos,2
18356, procu,res,2
18357, procu,ré,2
18358, procur,éis,2
18359, procurar,ían,2
18360, prodi,giosa,2
18361, prof,an,2
18362, prof,anos,2
18363, profe,ta,2
18364, profes,aba,2
18365, profes,ado,2
18366, profeti,zadas,2
18367, profeti,zado,2
18368, profun,d,2
18369, profun,damente,2
18370, prome,ta,2
18371, prome,tiendo,2
18372, prometer,se,2
18373, prometi,éndome,2
18374, pron,to,2
18375, pron,tos,2
18376, pronun,ci,2
18377, pronun,ciada,2
18378, propon,ía,2
18379, propor,ci,2
18380, propor,ción,2
18381, proporci,onada,2
18382, pros,pere,2
18383, proseg,uid,2
18384, prosper,idad,2
18385, prosper,idades,2
18386, prove,edor,2
18387, provechos,os,2
18388, proveer,é,2
18389, príst,ina,2
18390, pró,j,2
18391, prósp,era,2
18392, pu,ch,2
18393, pu,ros,2
18394, pudi,éramos,2
18395, pudi,éremos,2
18396, pue,das,2
18397, puer,co,2
18398, pul,gas,2
18399, pul,sos,2
18400, pulgar,es,2
18401, pun,cen,2
18402, pun,tería,2
18403, pun,tia,2
18404, pun,z,2
18405, puntia,gu,2
18406, puntu,ales,2
18407, pus,ieran,2
18408, pusi,éronse,2
18409, pí,c,2
18410, pón,gase,2
18411, pú,do,2
18412, pú,sole,2
18413, púdo,lo,2
18414, púsose,la,2
18415, que,dad,2
18416, que,dada,2
18417, que,des,2
18418, que,dito,2
18419, que,jara,2
18420, que,mados,2
18421, que,mas,2
18422, que,ri,2
18423, queb,radas,2
18424, queb,rado,2
18425, queb,ré,2
18426, quebran,tada,2
18427, quebran,tamiento,2
18428, quedar,emos,2
18429, quejar,me,2
18430, quemar,an,2
18431, quemas,en,2
18432, quer,rán,2
18433, quer,rás,2
18434, quer,ré,2
18435, quer,rían,2
18436, querer,la,2
18437, querer,lo,2
18438, querría,mos,2
18439, quería,mos,2
18440, qui,eta,2
18441, qui,riendo,2
18442, qui,sti,2
18443, qui,tadas,2
18444, qui,tando,2
18445, qui,ten,2
18446, quie,tó,2
18447, quieb,re,2
18448, quim,era,2
18449, quisi,eses,2
18450, quisi,ste,2
18451, quisi,éremos,2
18452, quisti,ón,2
18453, quit,ármele,2
18454, quit,árselos,2
18455, quita,mos,2
18456, quitar,á,2
18457, quitar,án,2
18458, quitar,ían,2
18459, quitas,oles,2
18460, quié,ran,2
18461, quié,rote,2
18462, quiéran,me,2
18463, quiéro,le,2
18464, qué,date,2
18465, qué,dense,2
18466, quí,tame,2
18467, r,ena,2
18468, r,ui,2
18469, r,ü,2
18470, ra,bi,2
18471, ra,ja,2
18472, ra,ma,2
18473, ra,meras,2
18474, ra,par,2
18475, ra,pe,2
18476, ra,pes,2
18477, ra,u,2
18478, ra,za,2
18479, rab,iosa,2
18480, raci,mo,2
18481, raci,mos,2
18482, rap,amiento,2
18483, rapa,za,2
18484, rapi,sta,2
18485, rar,os,2
18486, ras,gado,2
18487, ras,gó,2
18488, ras,tre,2
18489, rastri,llando,2
18490, rastro,jos,2
18491, rau,dal,2
18492, razon,ables,2
18493, razon,ada,2
18494, re,b,2
18495, re,bién,2
18496, re,co,2
18497, re,ctor,2
18498, re,cí,2
18499, re,de,2
18500, re,inar,2
18501, re,jo,2
18502, re,l,2
18503, re,la,2
18504, re,mir,2
18505, re,tencio,2
18506, re,tir,2
18507, re,tírate,2
18508, re,vo,2
18509, re,zaba,2
18510, re,ía,2
18511, reb,ul,2
18512, rebuzn,ando,2
18513, rec,uest,2
18514, reca,tado,2
18515, reca,tos,2
18516, recib,iendo,2
18517, recib,iera,2
18518, recibir,é,2
18519, recibir,ía,2
18520, recl,usión,2
18521, recog,en,2
18522, recog,erse,2
18523, recog,i,2
18524, recog,idas,2
18525, recomp,ens,2
18526, recos,tado,2
18527, recre,ar,2
18528, red,ú,2
18529, redu,cido,2
18530, redun,da,2
18531, redun,daba,2
18532, redundar,á,2
18533, refer,ían,2
18534, referir,las,2
18535, refi,ero,2
18536, refo,ci,2
18537, refoci,lar,2
18538, refri,egas,2
18539, refrig,erio,2
18540, reg,ida,2
18541, reg,irle,2
18542, reg,ía,2
18543, regal,a,2
18544, regal,ado,2
18545, regal,arse,2
18546, regal,ase,2
18547, regoci,jada,2
18548, regoci,jado,2
18549, regoci,jados,2
18550, regoci,jos,2
18551, reh,ú,2
18552, rel,ente,2
18553, relie,ves,2
18554, relin,char,2
18555, relu,ce,2
18556, relu,cida,2
18557, relu,mb,2
18558, relumb,raba,2
18559, rem,eros,2
18560, rem,un,2
18561, rema,tadamente,2
18562, reman,ece,2
18563, remedi,alla,2
18564, remedi,ara,2
18565, remediar,las,2
18566, remi,tieron,2
18567, remo,tos,2
18568, remun,er,2
18569, ren,iego,2
18570, rencuen,tro,2
18571, rendir,me,2
18572, reneg,ada,2
18573, reng,lones,2
18574, rep,ara,2
18575, rep,ul,2
18576, repar,ando,2
18577, repar,tieron,2
18578, repar,tir,2
18579, repent,ina,2
18580, repent,ino,2
18581, repli,que,2
18582, repor,tes,2
18583, reprehen,sor,2
18584, represent,ando,2
18585, represent,aron,2
18586, repu,gn,2
18587, repugn,a,2
18588, reque,rir,2
18589, requeb,rando,2
18590, requi,riendo,2
18591, res,intió,2
18592, res,on,2
18593, res,taba,2
18594, res,uelta,2
18595, res,ur,2
18596, resca,tar,2
18597, resca,té,2
18598, reserv,ado,2
18599, resi,st,2
18600, resi,sta,2
18601, resi,ste,2
18602, resol,vió,2
18603, resp,i,2
18604, respe,cto,2
18605, respe,ctos,2
18606, respi,ro,2
18607, respon,den,2
18608, respon,do,2
18609, respon,dona,2
18610, respon,déis,2
18611, responder,la,2
18612, responder,les,2
18613, responder,á,2
18614, respondió,me,2
18615, restitu,ya,2
18616, resuci,ta,2
18617, resuci,tado,2
18618, resuci,tase,2
18619, resul,tare,2
18620, resur,re,2
18621, resurre,ción,2
18622, reti,ra,2
18623, retirar,nos,2
18624, retiré,monos,2
18625, retiró,se,2
18626, retumb,aron,2
18627, retó,ricos,2
18628, rev,ali,2
18629, revali,dar,2
18630, rever,enci,2
18631, rever,encias,2
18632, rever,enda,2
18633, reveren,d,2
18634, revo,car,2
18635, revol,car,2
18636, revol,verse,2
18637, revol,vía,2
18638, revolvi,éndose,2
18639, reñ,ían,2
18640, ri,be,2
18641, ri,era,2
18642, ri,joso,2
18643, ri,ó,2
18644, ribe,tes,2
18645, ridí,culo,2
18646, rigu,ridad,2
18647, rim,ero,2
18648, rin,cones,2
18649, rin,de,2
18650, rin,diesen,2
18651, rin,do,2
18652, riquísi,ma,2
18653, riñ,en,2
18654, ro,ca,2
18655, ro,cin,2
18656, ro,da,2
18657, ro,dando,2
18658, ro,dar,2
18659, ro,ga,2
18660, ro,gamos,2
18661, ro,gase,2
18662, ro,ja,2
18663, ro,jo,2
18664, ro,p,2
18665, ro,que,2
18666, rob,alla,2
18667, rocin,es,2
18668, rode,aban,2
18669, rode,ada,2
18670, rode,ando,2
18671, rode,ase,2
18672, rogar,te,2
18673, rogar,é,2
18674, rogó,le,2
18675, rom,a,2
18676, rom,pa,2
18677, roman,ci,2
18678, romanci,stas,2
18679, romp,ieron,2
18680, rompi,ese,2
18681, ron,co,2
18682, ron,cos,2
18683, ron,dando,2
18684, ron,dón,2
18685, ru,inas,2
18686, ru,sti,2
18687, rub,ri,2
18688, rub,íes,2
18689, rubi,as,2
18690, rubri,cado,2
18691, rue,ca,2
18692, rue,gan,2
18693, rufi,anes,2
18694, rufi,án,2
18695, rusti,cidad,2
18696, s,ard,2
18697, s,ienes,2
18698, s,ientes,2
18699, s,tu,2
18700, sa,cas,2
18701, sa,cos,2
18702, sa,eta,2
18703, sa,grada,2
18704, sa,tí,2
18705, sa,yas,2
18706, sa,ña,2
18707, sab,oy,2
18708, sab,remos,2
18709, sab,rosamente,2
18710, sab,rosos,2
18711, sab,rían,2
18712, sabía,mos,2
18713, sac,amos,2
18714, sac,ándole,2
18715, sacar,las,2
18716, sacar,á,2
18717, sacar,ía,2
18718, sacar,ían,2
18719, sacerdo,tes,2
18720, sacra,mento,2
18721, sacu,diéndose,2
18722, saga,z,2
18723, sahum,ados,2
18724, sal,es,2
18725, sal,id,2
18726, sal,iéndose,2
18727, sal,pi,2
18728, sal,sa,2
18729, sal,taban,2
18730, sali,éronse,2
18731, salpi,cón,2
18732, salta,e,2
18733, saltae,mb,2
18734, saltaemb,arca,2
18735, salte,ar,2
18736, salte,ó,2
18737, salu,des,2
18738, salud,aban,2
18739, salva,ción,2
18740, salva,je,2
18741, san,aba,2
18742, san,ase,2
18743, san,e,2
18744, san,gu,2
18745, san,idad,2
18746, san,tidad,2
18747, san,tísimo,2
18748, sang,rías,2
18749, sangr,ienta,2
18750, santigu,arse,2
18751, sar,gas,2
18752, sar,tén,2
18753, sard,inas,2
18754, satis,far,2
18755, satisf,ará,2
18756, satisfa,ce,2
18757, satisfa,gas,2
18758, satisfacer,me,2
18759, satisfacer,os,2
18760, satisfe,chas,2
18761, sau,ces,2
18762, saz,onadas,2
18763, se,cta,2
18764, se,cua,2
18765, se,có,2
18766, se,dero,2
18767, se,di,2
18768, se,par,2
18769, se,tenas,2
18770, secua,ces,2
18771, seg,adores,2
18772, segu,íale,2
18773, segui,d,2
18774, segui,da,2
18775, segui,stes,2
18776, seguir,la,2
18777, segun,dar,2
18778, segun,das,2
18779, semb,rar,2
18780, seme,ja,2
18781, semej,aba,2
18782, semej,aban,2
18783, semej,an,2
18784, sen,ado,2
18785, sen,dero,2
18786, sen,dos,2
18787, sen,os,2
18788, sencilla,mente,2
18789, sent,áronse,2
18790, sent,ís,2
18791, sentenci,are,2
18792, senti,mos,2
18793, sentir,lo,2
18794, sepul,tados,2
18795, sepul,tar,2
18796, sepul,tó,2
18797, sepulc,ros,2
18798, ser,ví,2
18799, seren,idad,2
18800, serp,ientes,2
18801, servi,lla,2
18802, servi,mos,2
18803, servir,ían,2
18804, ses,ga,2
18805, sete,cientas,2
18806, sete,cientos,2
18807, señ,ala,2
18808, señ,uelo,2
18809, señal,aba,2
18810, señal,ada,2
18811, señal,adas,2
18812, si,cu,2
18813, si,m,2
18814, sicu,t,2
18815, sier,pes,2
18816, sig,ues,2
18817, sign,os,2
18818, signifi,c,2
18819, signifi,cado,2
18820, signifi,can,2
18821, signifi,car,2
18822, significan,tes,2
18823, sigui,esen,2
18824, sigui,óle,2
18825, sil,bo,2
18826, simp,leza,2
18827, sin,cera,2
18828, sin,cero,2
18829, sin,tiese,2
18830, sini,estro,2
18831, sinsab,ores,2
18832, sinti,eses,2
18833, sir,viesen,2
18834, so,capa,2
18835, so,eces,2
18836, so,pa,2
18837, so,tana,2
18838, so,ti,2
18839, so,til,2
18840, sober,ana,2
18841, sobre,humana,2
18842, sobre,vino,2
18843, sobren,ombres,2
18844, sobresal,tan,2
18845, sobresal,taron,2
18846, sobresal,te,2
18847, sobresal,tó,2
18848, socali,ñas,2
18849, socar,ron,2
18850, socor,rida,2
18851, socor,rido,2
18852, socor,ros,2
18853, socorre,d,2
18854, sol,dada,2
18855, sol,dades,2
18856, sol,talle,2
18857, sol,teros,2
18858, sola,pa,2
18859, sola,zando,2
18860, soldades,ca,2
18861, sole,mos,2
18862, solen,es,2
18863, soli,lo,2
18864, solici,t,2
18865, solici,te,2
18866, solici,tó,2
18867, solilo,qui,2
18868, soliloqui,o,2
18869, somb,ras,2
18870, son,adas,2
18871, son,ajas,2
18872, son,idos,2
18873, son,ora,2
18874, son,oro,2
18875, son,ó,2
18876, sor,da,2
18877, sor,dos,2
18878, sorti,jas,2
18879, sos,pira,2
18880, sos,piro,2
18881, sose,garon,2
18882, soseg,ase,2
18883, soseg,óse,2
18884, sosie,gue,2
18885, sospe,char,2
18886, sosten,erme,2
18887, su,bida,2
18888, su,cio,2
18889, su,ficiencia,2
18890, su,ti,2
18891, sua,v,2
18892, subi,d,2
18893, subir,se,2
18894, suced,ernos,2
18895, suced,ería,2
18896, suceder,le,2
18897, suceder,me,2
18898, sucin,tamente,2
18899, sue,ro,2
18900, suel,tas,2
18901, suen,an,2
18902, suf,rida,2
18903, suf,ría,2
18904, suje,tarme,2
18905, suntu,oso,2
18906, sup,ieran,2
18907, sup,ieras,2
18908, sup,ieres,2
18909, sup,le,2
18910, super,fici,2
18911, superfici,e,2
18912, supli,ca,2
18913, supli,cas,2
18914, supli,cio,2
18915, suplicas,tes,2
18916, suplíco,os,2
18917, sus,ur,2
18918, suspen,dieron,2
18919, suspen,dió,2
18920, sustent,aban,2
18921, sustent,an,2
18922, sustent,arse,2
18923, sustent,ase,2
18924, sustentar,é,2
18925, susur,ro,2
18926, sé,te,2
18927, sí,guese,2
18928, súbi,to,2
18929, t,entó,2
18930, t,ine,2
18931, t,ró,2
18932, t,áp,2
18933, t,ór,2
18934, ta,cha,2
18935, ta,cto,2
18936, ta,jad,2
18937, ta,jada,2
18938, ta,pa,2
18939, tab,ique,2
18940, tama,ños,2
18941, tante,ado,2
18942, tante,ando,2
18943, tap,abo,2
18944, tapabo,ca,2
18945, tapi,z,2
18946, tar,dase,2
18947, tar,tes,2
18948, tardar,á,2
18949, tardar,ía,2
18950, tartes,ios,2
18951, tas,ado,2
18952, tas,aron,2
18953, tañ,endo,2
18954, te,jado,2
18955, te,jados,2
18956, te,mido,2
18957, te,o,2
18958, te,ólogos,2
18959, tej,idas,2
18960, tem,íamos,2
18961, tem,ían,2
18962, temb,lar,2
18963, temb,ló,2
18964, temer,arios,2
18965, temp,la,2
18966, temp,lando,2
18967, ten,der,2
18968, ten,derse,2
18969, ten,diendo,2
18970, ten,dimos,2
18971, ten,eros,2
18972, ten,idas,2
18973, ten,idos,2
18974, ten,tación,2
18975, ten,érsele,2
18976, ten,íades,2
18977, tener,los,2
18978, teni,éndolo,2
18979, teni,éndose,2
18980, ter,ra,2
18981, ter,rado,2
18982, ter,ren,2
18983, ter,rones,2
18984, tern,ura,2
18985, terra,dillo,2
18986, terren,al,2
18987, testi,monios,2
18988, ti,esas,2
18989, ti,rador,2
18990, ti,én,2
18991, tiemb,lo,2
18992, tig,res,2
18993, tine,lo,2
18994, tir,anía,2
18995, tir,arle,2
18996, tir,ase,2
18997, to,bi,2
18998, to,bos,2
18999, to,có,2
19000, to,l,2
19001, to,qué,2
19002, toc,aban,2
19003, toc,ándole,2
19004, tocar,las,2
19005, tocar,á,2
19006, tocas,en,2
19007, todo,poderoso,2
19008, tol,do,2
19009, tom,aban,2
19010, tom,ados,2
19011, tom,en,2
19012, tom,es,2
19013, tom,ándome,2
19014, tom,áronse,2
19015, tomar,es,2
19016, tomar,me,2
19017, tomar,éis,2
19018, top,amos,2
19019, top,aron,2
19020, topar,e,2
19021, topar,éis,2
19022, tor,cidas,2
19023, tor,ciendo,2
19024, tor,ció,2
19025, tor,dilla,2
19026, tor,ment,2
19027, tor,rez,2
19028, tor,to,2
19029, torment,as,2
19030, torn,ando,2
19031, torn,e,2
19032, torn,eo,2
19033, torn,ándose,2
19034, tos,ca,2
19035, tos,er,2
19036, tr,ú,2
19037, tra,emos,2
19038, tra,gaba,2
19039, tra,iciones,2
19040, tra,idora,2
19041, tra,po,2
19042, tra,tase,2
19043, tra,tos,2
19044, tra,vi,2
19045, trab,adas,2
19046, traba,ja,2
19047, traba,jador,2
19048, traba,jando,2
19049, traba,joso,2
19050, tradu,tor,2
19051, traer,las,2
19052, traer,los,2
19053, traer,se,2
19054, traer,te,2
19055, trage,dias,2
19056, tramp,as,2
19057, tranqui,la,2
19058, tranqui,lo,2
19059, trans,portado,2
19060, tras,ero,2
19061, tras,lada,2
19062, tras,par,2
19063, tras,tri,2
19064, tras,udar,2
19065, trasp,ás,2
19066, trastorn,ado,2
19067, trastri,go,2
19068, trasud,aba,2
19069, tratar,e,2
19070, tratar,me,2
19071, tratar,á,2
19072, tray,éndole,2
19073, traí,dos,2
19074, tre,tas,2
19075, tri,bu,2
19076, tri,que,2
19077, trique,te,2
19078, triunf,ante,2
19079, triunf,os,2
19080, triunf,ó,2
19081, tro,có,2
19082, tro,pas,2
19083, tro,v,2
19084, tro,va,2
19085, tro,vas,2
19086, tro,y,2
19087, trocar,ía,2
19088, tron,cos,2
19089, trope,z,2
19090, trope,zar,2
19091, trope,zó,2
19092, tropie,za,2
19093, tropie,zo,2
19094, trov,adores,2
19095, tru,chas,2
19096, truch,uela,2
19097, truch,uelas,2
19098, true,ca,2
19099, true,can,2
19100, true,que,2
19101, truh,anes,2
19102, truh,án,2
19103, truj,iste,2
19104, trujer,e,2
19105, trujer,es,2
19106, tró,mp,2
19107, trómp,o,2
19108, trómpo,ge,2
19109, trómpoge,las,2
19110, trú,jole,2
19111, tu,des,2
19112, tu,fo,2
19113, tu,ví,2
19114, tu,yas,2
19115, tumb,as,2
19116, tur,quesa,2
19117, turb,am,2
19118, turbam,ulta,2
19119, tuvi,éramos,2
19120, tuví,moslo,2
19121, tún,ica,2
19122, ul,tra,2
19123, un,ció,2
19124, ur,gente,2
19125, us,ad,2
19126, us,ada,2
19127, us,adas,2
19128, us,os,2
19129, usar,an,2
19130, usar,á,2
19131, usur,par,2
19132, v,anos,2
19133, v,ieran,2
19134, v,ina,2
19135, v,inos,2
19136, v,ála,2
19137, v,ín,2
19138, v,ínos,2
19139, v,ó,2
19140, va,cí,2
19141, va,gando,2
19142, vací,os,2
19143, vagam,undo,2
19144, val,eros,2
19145, val,idos,2
19146, val,iese,2
19147, val,ona,2
19148, valed,ero,2
19149, valed,ores,2
19150, valent,ísima,2
19151, vanag,lor,2
19152, vap,ula,2
19153, vapula,miento,2
19154, vaque,ros,2
19155, var,ios,2
19156, varap,alo,2
19157, vas,os,2
19158, ve,gadas,2
19159, ve,lla,2
19160, ve,los,2
19161, vecin,as,2
19162, vecin,dad,2
19163, vehe,mente,2
19164, vel,ludo,2
19165, ven,ablo,2
19166, ven,dado,2
19167, ven,dados,2
19168, ven,dido,2
19169, ven,diere,2
19170, ven,dió,2
19171, ven,día,2
19172, ven,en,2
19173, ven,enos,2
19174, ven,erables,2
19175, ven,iere,2
19176, ven,iste,2
19177, ven,za,2
19178, ven,zo,2
19179, vencer,los,2
19180, venci,ese,2
19181, vendi,ble,2
19182, veneci,ano,2
19183, veng,ué,2
19184, vengar,a,2
19185, vengar,le,2
19186, vengar,os,2
19187, vent,an,2
19188, vent,er,2
19189, vent,rera,2
19190, ventu,rosos,2
19191, venía,mos,2
19192, ver,bis,2
19193, ver,los,2
19194, ver,ru,2
19195, ver,sado,2
19196, ver,ter,2
19197, ver,ían,2
19198, vergon,zos,2
19199, vergonzos,a,2
19200, verru,gas,2
19201, veía,mos,2
19202, vi,ciosos,2
19203, vi,d,2
19204, vi,eses,2
19205, vi,gor,2
19206, vi,h,2
19207, vi,leza,2
19208, vi,rote,2
19209, vi,sa,2
19210, vi,stes,2
19211, vi,tor,2
19212, vi,ves,2
19213, vi,vid,2
19214, vi,vido,2
19215, vi,viese,2
19216, vi,vió,2
19217, vi,éredes,2
19218, vi,ñas,2
19219, vid,ro,2
19220, vigi,lan,2
19221, vigilan,cia,2
19222, vigili,a,2
19223, vigili,as,2
19224, vih,uela,2
19225, vini,éndosele,2
19226, vio,le,2
19227, visi,tado,2
19228, visi,tas,2
19229, vist,en,2
19230, visti,óse,2
19231, vitup,era,2
19232, viv,amos,2
19233, vizca,ína,2
19234, vo,a,2
19235, vo,c,2
19236, voa,cé,2
19237, voc,ablo,2
19238, vol,un,2
19239, vol,ve,2
19240, vola,tería,2
19241, volte,ando,2
19242, volv,eros,2
19243, volve,os,2
19244, volver,los,2
19245, volver,ás,2
19246, volvi,éronse,2
19247, volvérse,la,2
19248, volvérse,los,2
19249, volví,me,2
19250, vá,pulo,2
19251, vála,me,2
19252, vín,eme,2
19253, vís,peras,2
19254, vó,mito,2
19255, y,anta,2
19256, y,éndole,2
19257, y,éndoles,2
19258, ye,los,2
19259, yer,no,2
19260, z,alá,2
19261, z,am,2
19262, z,or,2
19263, z,ur,2
19264, za,ques,2
19265, zaf,ia,2
19266, zaf,io,2
19267, zan,cad,2
19268, zancad,illa,2
19269, zapa,tillas,2
19270, zapate,tas,2
19271, Á,r,2
19272, É,n,2
19273, É,sos,2
19274, É,stas,2
19275, Í,banse,2
19276, Í,base,2
19277, á,mexi,2
19278, águi,la,2
19279, án,dense,2
19280, án,dese,2
19281, án,gu,2
19282, ángu,los,2
19283, ár,bi,2
19284, árbi,tros,2
19285, ásp,eros,2
19286, é,cheme,2
19287, é,mulo,2
19288, é,pi,2
19289, é,rades,2
19290, é,sos,2
19291, éch,ase,2
19292, én,trate,2
19293, ímpe,tus,2
19294, ín,ti,2
19295, ínc,lito,2
19296, ínti,mo,2
19297, ñ,udos,2
19298,!'',",",2
19299,"""",?,2
19300,'',?,2
19301,),.,2
19302,.,'',2
19303,...,""",",2
19304,:,),2
19305,?,"""",2
19306,A,B,2
19307,A,L,2
19308,A,llá,2
19309,A,n,2
19310,A,quel,2
19311,A,r,2
19312,A,si,2
19313,A,un,2
19314,AN,D,2
19315,Ah,í,2
19316,Al,b,2
19317,Al,tisidora,2
19318,Ar,ma,2
19319,B,asta,2
19320,B,ra,2
19321,Bon,ico,2
19322,C,all,2
19323,C,om,2
19324,C,omo,2
19325,C,ui,2
19326,Com,éme,2
19327,Cuán,to,2
19328,D,eci,2
19329,D,esta,2
19330,D,imos,2
19331,D,onde,2
19332,D,ulcin,2
19333,D,é,2
19334,De,teneos,2
19335,Di,jo,2
19336,Don,osa,2
19337,Dulcin,ea,2
19338,E,S,2
19339,E,sas,2
19340,E,sta,2
19341,E,ste,2
19342,En,tre,2
19343,Est,amos,2
19344,Est,ando,2
19345,Est,á,2
19346,F,a,2
19347,F,in,2
19348,Fa,vor,2
19349,Fin,almente,2
19350,Fue,se,2
19351,G,uel,2
19352,Guel,te,2
19353,H,o,2
19354,H,í,2
19355,He,cho,2
19356,Her,mano,2
19357,Hi,jo,2
19358,Ho,la,2
19359,I,M,2
19360,I,O,2
19361,J,es,2
19362,Jes,ús,2
19363,L,I,2
19364,L,uego,2
19365,Le,onela,2
19366,Lle,gué,2
19367,Lo,tario,2
19368,M,a,2
19369,M,edrados,2
19370,M,ila,2
19371,M,is,2
19372,M,oros,2
19373,M,ás,2
19374,Mal,di,2
19375,Mal,dito,2
19376,Mila,gro,2
19377,Mis,erable,2
19378,Mu,cho,2
19379,N,i,2
19380,N,in,2
19381,N,unca,2
19382,Nin,gun,2
19383,Ningun,o,2
19384,P,a,2
19385,P,er,2
19386,P,ude,2
19387,Par,diez,2
19388,Per,dióse,2
19389,Pien,sa,2
19390,Qui,en,2
19391,Qui,é,2
19392,R,L,2
19393,Sab,es,2
19394,Sab,éis,2
19395,San,cho,2
19396,San,tiago,2
19397,T,ente,2
19398,T,iene,2
19399,V,os,2
19400,V,uél,2
19401,V,ál,2
19402,Ve,is,2
19403,Ven,gan,2
19404,Vi,van,2
19405,Vuest,ro,2
19406,Vuél,v,2
19407,Vuélv,ase,2
19408,a,zo,2
19409,ad,res,2
19410,ad,ver,2
19411,al,do,2
19412,ali,p,2
19413,all,ar,2
19414,am,entos,2
19415,am,igo,2
19416,an,di,2
19417,an,i,2
19418,an,se,2
19419,b,ale,2
19420,b,ame,2
19421,b,ando,2
19422,b,ara,2
19423,b,ien,2
19424,b,io,2
19425,b,us,2
19426,bre,te,2
19427,c,alle,2
19428,c,ame,2
19429,c,onde,2
19430,c,tas,2
19431,c,teres,2
19432,c,undo,2
19433,c,á,2
19434,c,érse,2
19435,c,ísimo,2
19436,ca,te,2
19437,car,rero,2
19438,car,ía,2
19439,ce,llas,2
19440,ce,lo,2
19441,ce,mos,2
19442,ch,ase,2
19443,ch,erías,2
19444,ci,esen,2
19445,cid,ísimo,2
19446,ció,se,2
19447,cor,de,2
19448,cor,tés,2
19449,cu,ándo,2
19450,cí,ales,2
19451,da,me,2
19452,da,zo,2
19453,dal,e,2
19454,dal,le,2
19455,dar,nos,2
19456,de,lla,2
19457,de,za,2
19458,des,di,2
19459,di,ana,2
19460,di,ca,2
19461,di,ce,2
19462,di,cho,2
19463,di,ga,2
19464,di,s,2
19465,di,éronse,2
19466,dme,los,2
19467,dos,eles,2
19468,dí,os,2
19469,e,das,2
19470,e,los,2
19471,ed,ores,2
19472,el,las,2
19473,el,los,2
19474,el,va,2
19475,en,ado,2
19476,ent,ando,2
19477,enta,os,2
19478,ere,z,2
19479,es,os,2
19480,esti,a,2
19481,f,onte,2
19482,f,óse,2
19483,fe,ñ,2
19484,fer,as,2
19485,fóse,os,2
19486,g,esti,2
19487,g,ros,2
19488,gi,bles,2
19489,gri,fo,2
19490,gu,ían,2
19491,guen,se,2
19492,gui,do,2
19493,gü,e,2
19494,gü,ela,2
19495,h,ala,2
19496,h,as,2
19497,h,o,2
19498,h,onda,2
19499,i,aba,2
19500,i,amente,2
19501,i,ce,2
19502,i,cio,2
19503,i,mas,2
19504,i,onado,2
19505,ide,puta,2
19506,ien,des,2
19507,igan,me,2
19508,in,ales,2
19509,in,antes,2
19510,in,ase,2
19511,in,cuos,2
19512,in,d,2
19513,in,en,2
19514,ios,e,2
19515,j,ano,2
19516,jan,se,2
19517,jos,os,2
19518,jóse,le,2
19519,l,on,2
19520,l,óse,2
19521,lad,ora,2
19522,lar,le,2
19523,le,o,2
19524,ler,ías,2
19525,li,a,2
19526,li,p,2
19527,li,tud,2
19528,lla,te,2
19529,llos,o,2
19530,lu,da,2
19531,m,able,2
19532,m,adamente,2
19533,m,ol,2
19534,m,ulas,2
19535,m,ín,2
19536,man,as,2
19537,mase,le,2
19538,mb,ién,2
19539,mb,o,2
19540,mb,rar,2
19541,mi,dad,2
19542,mi,ra,2
19543,mi,rad,2
19544,min,ado,2
19545,mo,la,2
19546,mon,tas,2
19547,mor,fóseos,2
19548,mos,les,2
19549,mp,a,2
19550,n,ar,2
19551,n,idad,2
19552,n,is,2
19553,ol,só,2
19554,ol,u,2
19555,om,adme,2
19556,on,cillo,2
19557,on,citos,2
19558,or,bi,2
19559,or,í,2
19560,os,e,2
19561,os,la,2
19562,p,ada,2
19563,p,ados,2
19564,p,ero,2
19565,pa,ter,2
19566,paré,ceos,2
19567,pater,rones,2
19568,pe,cto,2
19569,pi,é,2
19570,pi,és,2
19571,pli,co,2
19572,que,ta,2
19573,que,z,2
19574,qui,ero,2
19575,quí,n,2
19576,r,allo,2
19577,r,eras,2
19578,r,uno,2
19579,r,ín,2
19580,ra,diza,2
19581,rag,ios,2
19582,ran,se,2
19583,rar,le,2
19584,re,plico,2
19585,ri,stas,2
19586,rib,les,2
19587,rim,ir,2
19588,rincip,almente,2
19589,rm,ese,2
19590,ros,le,2
19591,rá,masele,2
19592,s,erá,2
19593,s,ores,2
19594,s,é,2
19595,sab,éis,2
19596,si,dades,2
19597,si,va,2
19598,st,ra,2
19599,st,án,2
19600,ste,te,2
19601,t,entísimo,2
19602,t,oma,2
19603,t,omadme,2
19604,t,ome,2
19605,t,ona,2
19606,t,ándolas,2
19607,t,ían,2
19608,t,ído,2
19609,ta,mbién,2
19610,ta,t,2
19611,ta,ñas,2
19612,tal,as,2
19613,tan,as,2
19614,te,me,2
19615,ten,me,2
19616,ter,ios,2
19617,ter,n,2
19618,tes,ele,2
19619,ti,ble,2
19620,ti,ma,2
19621,ti,vamente,2
19622,to,do,2
19623,tra,ña,2
19624,tri,que,2
19625,tu,osa,2
19626,tu,osos,2
19627,tá,culo,2
19628,té,me,2
19629,tí,game,2
19630,tóse,le,2
19631,u,le,2
19632,ud,ando,2
19633,ue,so,2
19634,uer,mes,2
19635,ul,aron,2
19636,un,da,2
19637,un,ta,2
19638,ura,ba,2
19639,ué,lase,2
19640,uér,cese,2
19641,v,amiento,2
19642,v,ero,2
19643,v,ese,2
19644,v,ini,2
19645,v,ó,2
19646,ve,lado,2
19647,vi,as,2
19648,vi,l,2
19649,vi,la,2
19650,vi,sta,2
19651,vi,ve,2
19652,vi,éronse,2
19653,vo,la,2
19654,x,es,2
19655,x,to,2
19656,y,una,2
19657,yó,le,2
19658,z,ame,2
19659,z,ga,2
19660,z,oso,2
19661,zar,le,2
19662,zar,o,2
19663,Á,mexi,2
19664,É,stas,2
19665,á,cenme,2
19666,á,le,2
19667,á,rame,2
19668,á,rase,2
19669,áb,ame,2
19670,áb,ese,2
19671,ándose,le,2
19672,ándose,me,2
19673,árme,lo,2
19674,árnos,lo,2
19675,é,ate,2
19676,é,ese,2
19677,éis,la,2
19678,én,tate,2
19679,éndose,la,2
19680,ér,alo,2
19681,ér,rate,2
19682,ér,tase,2
19683,éron,la,2
19684,éron,los,2
19685,éronse,le,2
19686,és,ame,2
19687,í,ala,2
19688,í,ales,2
19689,í,ese,2
19690,í,so,2
19691,ï,el,2
19692,ñ,ez,2
19693,ñ,ido,2
19694,ñ,ón,2
19695,ón,se,2
19696,óse,la,2
19697,ú,brete,2
19698,ú,vole,2
19699, ,!,1
19700, ,2,1
19701, ,om,1
19702, ,ones,1
19703, ,oso,1
19704, ,ído,1
19705, ,ó,1
19706, ,útiles,1
19707," """,¿,1
19708, -,¿,1
19709, 1,0,1
19710, 1,7,1
19711, 16,0,1
19712, 160,4,1
19713, 161,4,1
19714, 161,5,1
19715, 2,3,1
19716, A,ba,1
19717, A,cep,1
19718, A,cos,1
19719, A,cul,1
19720, A,derez,1
19721, A,gos,1
19722, A,gá,1
19723, A,lag,1
19724, A,las,1
19725, A,mb,1
19726, A,me,1
19727, A,migo,1
19728, A,pa,1
19729, A,ri,1
19730, A,rm,1
19731, A,ré,1
19732, A,sol,1
19733, A,ta,1
19734, A,tenas,1
19735, A,tento,1
19736, A,tre,1
19737, A,us,1
19738, A,v,1
19739, A,ve,1
19740, A,vellan,1
19741, A,vi,1
19742, A,yun,1
19743, ACADÉMIC,OS,1
19744, APROBACI,ON,1
19745, APROBACION,ES,1
19746, ARGAMASILL,E,1
19747, ARGAMASILLE,SC,1
19748, ARGAMASILLESC,O,1
19749, Ab,al,1
19750, Ab,en,1
19751, Ab,lán,1
19752, Ab,ran,1
19753, Ab,ren,1
19754, Ab,rí,1
19755, Ab,si,1
19756, Aba,jó,1
19757, Abal,án,1
19758, Abalán,z,1
19759, Abalánz,ase,1
19760, Aben,cer,1
19761, Abencer,ra,1
19762, Abencerra,je,1
19763, Ablán,date,1
19764, Abraz,áronle,1
19765, Abraz,áronse,1
19766, Abraz,ó,1
19767, Abraz,óla,1
19768, Abren,uncio,1
19769, Abri,óse,1
19770, Abrí,la,1
19771, Absi,t,1
19772, Ac,om,1
19773, Ac,ome,1
19774, Ac,onte,1
19775, Acab,ada,1
19776, Acab,ado,1
19777, Acab,amos,1
19778, Acab,ando,1
19779, Acab,e,1
19780, Acep,tó,1
19781, Aceptó,lo,1
19782, Acer,tastes,1
19783, Acer,tó,1
19784, Acom,pañ,1
19785, Acome,ti,1
19786, Acometi,éron,1
19787, Acometiéron,nos,1
19788, Acomo,dada,1
19789, Acomo,dó,1
19790, Acomo,dóse,1
19791, Acomodó,le,1
19792, Acompañ,e,1
19793, Aconse,jaba,1
19794, Aconse,jar,1
19795, Aconse,jó,1
19796, Aconsejar,íale,1
19797, Aconsejó,le,1
19798, Aconte,ce,1
19799, Acor,damos,1
19800, Acor,re,1
19801, Acorre,dme,1
19802, Acos,tóse,1
19803, Acu,di,1
19804, Acu,dimos,1
19805, Acu,dí,1
19806, Acu,ér,1
19807, Acudi,d,1
19808, Acul,lá,1
19809, Acuér,dome,1
19810, Ad,onde,1
19811, Ad,ri,1
19812, Ade,m,1
19813, Adem,ás,1
19814, Aderez,áronse,1
19815, Admir,óle,1
19816, Adri,ano,1
19817, Adver,tido,1
19818, Agos,tos,1
19819, Agra,jes,1
19820, Agradeci,éndoselo,1
19821, Agradeci,éronse,1
19822, Agradeciéronse,lo,1
19823, Al,abo,1
19824, Al,bogues,1
19825, Al,car,1
19826, Al,cán,1
19827, Al,en,1
19828, Al,feñ,1
19829, Al,gar,1
19830, Al,go,1
19831, Al,gún,1
19832, Al,h,1
19833, Al,ja,1
19834, Al,mas,1
19835, Al,moh,1
19836, Al,re,1
19837, Al,tisi,1
19838, Al,to,1
19839, Al,zada,1
19840, Al,zó,1
19841, Al,í,1
19842, Alab,éle,1
19843, Alag,ones,1
19844, Alas,tra,1
19845, Alastra,jar,1
19846, Alastrajar,eas,1
19847, Alboro,táronse,1
19848, Alcan,z,1
19849, Alcan,zar,1
19850, Alcan,á,1
19851, Alcanz,ólo,1
19852, Alcar,ria,1
19853, Alco,ben,1
19854, Alco,cer,1
19855, Alcoben,das,1
19856, Alcán,tara,1
19857, Ale,ma,1
19858, Aleg,ró,1
19859, Aleg,róse,1
19860, Alegró,les,1
19861, Alejan,dra,1
19862, Alejan,dría,1
19863, Alema,ña,1
19864, Alen,cas,1
19865, Alencas,tros,1
19866, Alfeñ,i,1
19867, Alfeñi,qué,1
19868, Alfeñiqué,n,1
19869, Algar,be,1
19870, Algun,o,1
19871, Alh,elí,1
19872, Ali,das,1
19873, Ali,fan,1
19874, Ali,fanfarón,1
19875, Alifan,fu,1
19876, Alifanfu,ón,1
19877, Alja,fer,1
19878, Aljafer,ía,1
19879, Almoh,adas,1
19880, Alo,j,1
19881, Alo,jaba,1
19882, Aloj,áronle,1
19883, Alon,gado,1
19884, Alre,dedor,1
19885, Altisi,dor,1
19886, Altisidor,illa,1
19887, Alí,gero,1
19888, Am,inta,1
19889, Am,é,1
19890, Am,éla,1
19891, Ama,in,1
19892, Amain,aron,1
19893, Aman,ecer,1
19894, Amanecer,á,1
19895, Amar,iles,1
19896, Amar,ilis,1
19897, Amb,eres,1
19898, Ame,z,1
19899, Amez,queta,1
19900, Ami,ga,1
19901, Ami,gos,1
19902, Amohin,ábase,1
19903, Amohin,óse,1
19904, Amor,osas,1
19905, Amé,rica,1
19906, An,ales,1
19907, An,arda,1
19908, An,dan,1
19909, An,de,1
19910, An,dra,1
19911, An,du,1
19912, An,im,1
19913, An,tigu,1
19914, An,to,1
19915, And,á,1
19916, Andan,dona,1
19917, Andra,dilla,1
19918, Andu,vo,1
19919, Angu,lo,1
19920, Anim,óle,1
19921, Ante,o,1
19922, Antigu,o,1
19923, Anto,jósele,1
19924, Ap,en,1
19925, Ap,ren,1
19926, Ap,ri,1
19927, Ap,ro,1
19928, Ap,ur,1
19929, Ap,éate,1
19930, Apa,garon,1
19931, Apar,icio,1
19932, Apar,táronse,1
19933, Apar,téme,1
19934, Apen,ino,1
19935, Apre,táronle,1
19936, Apren,dan,1
19937, Apretó,le,1
19938, Apri,eta,1
19939, Apro,ba,1
19940, Aproba,ciones,1
19941, Apur,óla,1
19942, Apár,tate,1
19943, Apár,tese,1
19944, Aquel,lo,1
19945, Ar,chi,1
19946, Ar,gos,1
19947, Ar,lanza,1
19948, Ar,men,1
19949, Ar,reme,1
19950, Ar,te,1
19951, Ar,tu,1
19952, Ara,bi,1
19953, Ara,u,1
19954, Arabi,as,1
19955, Aranj,ue,1
19956, Aranj,ü,1
19957, Aranjue,z,1
19958, Aranjü,ez,1
19959, Arau,cana,1
19960, Archi,pie,1
19961, Archipie,la,1
19962, Ari,diana,1
19963, Arm,óse,1
19964, Armen,ia,1
19965, Arreme,tía,1
19966, Arro,j,1
19967, Arro,jaron,1
19968, Arroj,áronse,1
19969, Arte,mi,1
19970, Artemi,sa,1
19971, Artu,ro,1
19972, Aré,val,1
19973, Aréval,o,1
19974, Asol,viese,1
19975, Ast,ol,1
19976, Ast,u,1
19977, Astol,fo,1
19978, Astu,rias,1
19979, At,entísimo,1
19980, At,ienda,1
19981, Atre,ví,1
19982, Atreví,me,1
19983, Au,di,1
19984, Au,diencia,1
19985, Au,tores,1
19986, Audi,encias,1
19987, Augu,st,1
19988, Augu,sta,1
19989, Augu,sto,1
19990, August,in,1
19991, Augustin,us,1
19992, Aus,encia,1
19993, Aust,rí,1
19994, Austrí,ada,1
19995, Av,ís,1
19996, Avellan,eda,1
19997, Avi,só,1
19998, Avís,ame,1
19999, Ay,ud,1
20000, Ay,ude,1
20001, Ay,ú,1
20002, Ayud,áronle,1
20003, Ayudó,le,1
20004, Ayun,tamiento,1
20005, Ayú,dame,1
20006, Az,pe,1
20007, Az,án,1
20008, Azo,gue,1
20009, Azo,te,1
20010, Azogue,jo,1
20011, Azpe,tia,1
20012, Añadióse,le,1
20013, B,AB,1
20014, B,E,1
20015, B,U,1
20016, B,aba,1
20017, B,ara,1
20018, B,az,1
20019, B,er,1
20020, B,erenj,1
20021, B,erro,1
20022, B,estia,1
20023, B,lando,1
20024, B,las,1
20025, B,ol,1
20026, B,olonia,1
20027, B,on,1
20028, B,oy,1
20029, B,rada,1
20030, B,ran,1
20031, B,ro,1
20032, B,ul,1
20033, B,ur,1
20034, B,ust,1
20035, B,É,1
20036, BAB,I,1
20037, BABI,E,1
20038, BABIE,C,1
20039, BABIEC,A,1
20040, BE,LI,1
20041, BELI,AN,1
20042, BELIAN,ÍS,1
20043, BU,RL,1
20044, BURL,ADO,1
20045, BURLADO,R,1
20046, Ba,cía,1
20047, Ba,uti,1
20048, Ba,ñar,1
20049, Baba,zón,1
20050, Bal,bas,1
20051, Bal,dovinos,1
20052, Bal,vas,1
20053, Balbas,tro,1
20054, Balvas,tro,1
20055, Bar,cino,1
20056, Bara,tario,1
20057, Bas,ile,1
20058, Bas,tar,1
20059, Basile,a,1
20060, Bastar,os,1
20061, Bauti,sta,1
20062, Bay,ardo,1
20063, Bay,arte,1
20064, Baz,án,1
20065, Bañar,es,1
20066, Bel,ona,1
20067, Bel,oro,1
20068, Beli,sar,1
20069, Belisar,das,1
20070, Beloro,fonte,1
20071, Ben,al,1
20072, Ben,dito,1
20073, Benal,c,1
20074, Benalc,ázar,1
20075, Ber,rue,1
20076, Berenj,ena,1
20077, Berro,cal,1
20078, Berrue,ca,1
20079, Bes,é,1
20080, Bien,a,1
20081, Biena,ya,1
20082, Bo,cina,1
20083, Bo,o,1
20084, Bol,i,1
20085, Boli,che,1
20086, Boo,tes,1
20087, Bor,bón,1
20088, Bos,cán,1
20089, Bos,io,1
20090, Boy,ardo,1
20091, Brada,mante,1
20092, Bran,d,1
20093, Brand,ab,1
20094, Brandab,ar,1
20095, Brandabar,bar,1
20096, Brandabarbar,án,1
20097, Bri,ar,1
20098, Bri,are,1
20099, Briar,eo,1
20100, Briare,os,1
20101, Bro,cab,1
20102, Brocab,runo,1
20103, Bu,trón,1
20104, Buen,os,1
20105, Bul,lón,1
20106, Bur,gui,1
20107, Burgui,llos,1
20108, Bus,cando,1
20109, Bus,co,1
20110, Bust,am,1
20111, Bustam,ante,1
20112, BÉ,J,1
20113, BÉJ,A,1
20114, BÉJA,R,1
20115, C,ON,1
20116, C,ad,1
20117, C,alip,1
20118, C,el,1
20119, C,esen,1
20120, C,ierto,1
20121, C,is,1
20122, C,lar,1
20123, C,len,1
20124, C,olas,1
20125, C,ole,1
20126, C,osas,1
20127, C,oy,1
20128, C,rey,1
20129, C,uel,1
20130, C,ura,1
20131, C,á,1
20132, C,án,1
20133, C,ás,1
20134, C,ást,1
20135, C,úbrete,1
20136, CA,CH,1
20137, CA,P,1
20138, CABALL,E,1
20139, CABALL,O,1
20140, CABALLE,RO,1
20141, CACH,I,1
20142, CACHI,D,1
20143, CACHID,I,1
20144, CACHIDI,AB,1
20145, CACHIDIAB,LO,1
20146, CAP,RI,1
20147, CAPRI,CH,1
20148, CAPRICH,OSO,1
20149, CON,DE,1
20150, Ca,cho,1
20151, Ca,pilla,1
20152, Ca,tal,1
20153, Ca,til,1
20154, Ca,y,1
20155, Cab,allo,1
20156, Cab,ra,1
20157, Caball,eros,1
20158, Cacho,pines,1
20159, Cad,el,1
20160, Cadel,l,1
20161, Cadell,s,1
20162, Cala,tra,1
20163, Cala,ínos,1
20164, Calatra,va,1
20165, Calip,so,1
20166, Call,aban,1
20167, Call,ando,1
20168, Call,aron,1
20169, Cam,ina,1
20170, Cam,o,1
20171, Cam,pos,1
20172, Camo,es,1
20173, Campe,a,1
20174, Campe,ador,1
20175, Can,alla,1
20176, Can,ci,1
20177, Can,til,1
20178, Canci,onero,1
20179, Cans,ábanse,1
20180, Cantil,lan,1
20181, Cantillan,a,1
20182, Car,ca,1
20183, Car,ib,1
20184, Car,los,1
20185, Car,ole,1
20186, Car,re,1
20187, Car,ón,1
20188, Cara,cu,1
20189, Caracu,li,1
20190, Caraculi,ambro,1
20191, Carca,j,1
20192, Carcaj,ona,1
20193, Carib,dis,1
20194, Carlo,to,1
20195, Carole,a,1
20196, Carre,tero,1
20197, Cas,tillo,1
20198, Catal,u,1
20199, Catalu,ña,1
20200, Catil,ina,1
20201, Caus,aba,1
20202, Caus,ó,1
20203, Caus,óme,1
20204, Cay,eron,1
20205, Ce,ca,1
20206, Cel,esti,1
20207, Cer,das,1
20208, Cer,raron,1
20209, Cer,tifi,1
20210, Cer,vino,1
20211, Cerró,se,1
20212, Certifi,co,1
20213, Cerv,el,1
20214, Cervel,lón,1
20215, Ch,an,1
20216, Ch,ar,1
20217, Ch,rist,1
20218, Chan,cil,1
20219, Chancil,lerías,1
20220, Char,n,1
20221, Charn,í,1
20222, Christ,us,1
20223, Ci,des,1
20224, Ci,p,1
20225, Ci,pi,1
20226, Ci,ñ,1
20227, Cip,ión,1
20228, Cipi,ones,1
20229, Cir,ce,1
20230, Cis,máti,1
20231, Cismáti,cos,1
20232, Ciñ,óse,1
20233, Cla,vó,1
20234, Clar,i,1
20235, Clari,diana,1
20236, Clau,quel,1
20237, Clen,ardo,1
20238, Co,gido,1
20239, Co,p,1
20240, Cogi,éronle,1
20241, Cogi,éronlos,1
20242, Cogió,la,1
20243, Cogió,le,1
20244, Col,gó,1
20245, Col,onas,1
20246, Cole,gio,1
20247, Com,entar,1
20248, Com,ió,1
20249, Com,or,1
20250, Come,d,1
20251, Comen,dador,1
20252, Comen,z,1
20253, Comen,zaba,1
20254, Comen,zó,1
20255, Comentar,ios,1
20256, Comenz,ad,1
20257, Comor,ín,1
20258, Comp,lu,1
20259, Comp,ás,1
20260, Complu,to,1
20261, Con,ce,1
20262, Con,cedió,1
20263, Con,cer,1
20264, Con,ci,1
20265, Con,migo,1
20266, Con,s,1
20267, Con,si,1
20268, Con,sider,1
20269, Con,solado,1
20270, Con,tad,1
20271, Con,temp,1
20272, Con,tento,1
20273, Con,tén,1
20274, Con,vidó,1
20275, Conce,jo,1
20276, Concedió,selo,1
20277, Concer,táronse,1
20278, Conci,lio,1
20279, Conf,es,1
20280, Conf,usas,1
20281, Conf,uso,1
20282, Confes,ad,1
20283, Confi,ada,1
20284, Conoció,los,1
20285, Conoció,me,1
20286, Conocí,la,1
20287, Conocí,le,1
20288, Cons,intió,1
20289, Consi,dera,1
20290, Consider,aba,1
20291, Consol,ábale,1
20292, Consol,óle,1
20293, Consol,óse,1
20294, Cont,entóse,1
20295, Cont,reras,1
20296, Contemp,lá,1
20297, Contemplá,base,1
20298, Contén,tate,1
20299, Cop,las,1
20300, Cor,ellas,1
20301, Cor,p,1
20302, Cor,rieron,1
20303, Cor,ría,1
20304, Cor,tad,1
20305, Cor,tada,1
20306, Cor,tés,1
20307, Corp,us,1
20308, Corre,o,1
20309, Cortad,illo,1
20310, Cos,mo,1
20311, Cosmo,gra,1
20312, Cosmogra,f,1
20313, Cosmograf,ía,1
20314, Coy,un,1
20315, Coyun,das,1
20316, Cre,ce,1
20317, Cre,edme,1
20318, Cre,o,1
20319, Cre,ta,1
20320, Cre,yóle,1
20321, Cre,í,1
20322, Crey,eron,1
20323, Cri,ador,1
20324, Cré,anme,1
20325, Cré,eme,1
20326, Cu,ares,1
20327, Cu,arta,1
20328, Cu,b,1
20329, Cu,yo,1
20330, Cu,ál,1
20331, Cuares,ma,1
20332, Cub,ri,1
20333, Cubri,éronse,1
20334, Cuel,ga,1
20335, Cuen,tan,1
20336, Cul,p,1
20337, Cul,pa,1
20338, Culp,ábase,1
20339, Cump,lí,1
20340, Cumplí,selos,1
20341, Cur,cio,1
20342, Cur,cios,1
20343, Cura,mbro,1
20344, Curi,el,1
20345, Cá,di,1
20346, Cádi,z,1
20347, Cán,ones,1
20348, Cás,ese,1
20349, Cást,or,1
20350, Cés,ares,1
20351, D,U,1
20352, D,a,1
20353, D,aba,1
20354, D,aban,1
20355, D,ad,1
20356, D,ador,1
20357, D,ale,1
20358, D,ara,1
20359, D,ario,1
20360, D,ate,1
20361, D,enme,1
20362, D,entro,1
20363, D,er,1
20364, D,esti,1
20365, D,ic,1
20366, D,ie,1
20367, D,iera,1
20368, D,ieron,1
20369, D,igan,1
20370, D,ila,1
20371, D,in,1
20372, D,inos,1
20373, D,ió,1
20374, D,ol,1
20375, D,ue,1
20376, D,ábanle,1
20377, D,án,1
20378, D,áse,1
20379, D,én,1
20380, D,ï,1
20381, DE,D,1
20382, DED,IC,1
20383, DEDIC,A,1
20384, DEDICA,TO,1
20385, DEDICATO,RI,1
20386, DEDICATORI,A,1
20387, DI,SC,1
20388, DI,Á,1
20389, DISC,RE,1
20390, DISCRE,T,1
20391, DISCRET,ÍS,1
20392, DISCRETÍS,IM,1
20393, DISCRETÍSIM,O,1
20394, DIÁ,LOGO,1
20395, DON,OSO,1
20396, DU,Q,1
20397, DUQ,U,1
20398, DUQU,E,1
20399, Da,vid,1
20400, Dar,án,1
20401, Dar,ásela,1
20402, Dara,ida,1
20403, Darán,nos,1
20404, De,bió,1
20405, De,cil,1
20406, De,cir,1
20407, De,cíale,1
20408, De,cían,1
20409, De,cíase,1
20410, De,dica,1
20411, De,jad,1
20412, De,jemos,1
20413, De,mó,1
20414, De,ten,1
20415, De,um,1
20416, De,us,1
20417, Decil,do,1
20418, Decían,me,1
20419, Dedica,toria,1
20420, Dej,árame,1
20421, Dej,áronla,1
20422, Dej,áronle,1
20423, Dej,óse,1
20424, Dejé,mos,1
20425, Dejé,mosle,1
20426, Dejémos,los,1
20427, Dejó,le,1
20428, Del,ante,1
20429, Demó,sten,1
20430, Demósten,es,1
20431, Der,rámasele,1
20432, Des,cono,1
20433, Des,cortés,1
20434, Des,cub,1
20435, Des,denes,1
20436, Des,ment,1
20437, Des,n,1
20438, Des,nu,1
20439, Des,pa,1
20440, Des,tos,1
20441, Des,un,1
20442, Des,via,1
20443, Des,vióse,1
20444, Desa,tad,1
20445, Desa,té,1
20446, Desatad,lo,1
20447, Descono,cida,1
20448, Descub,rió,1
20449, Descubrió,la,1
20450, Dese,aba,1
20451, Dese,aron,1
20452, Dese,ch,1
20453, Dese,mb,1
20454, Desech,á,1
20455, Desechá,ste,1
20456, Desecháste,me,1
20457, Desemb,olsó,1
20458, Desen,ca,1
20459, Desen,ga,1
20460, Desen,gaño,1
20461, Desenca,jó,1
20462, Desenga,ños,1
20463, Desment,í,1
20464, Desmentí,la,1
20465, Desn,ú,1
20466, Desnu,dóse,1
20467, Desnú,dese,1
20468, Deso,cu,1
20469, Desocu,pado,1
20470, Desp,ab,1
20471, Despa,chó,1
20472, Despab,il,1
20473, Despabil,é,1
20474, Desper,t,1
20475, Desper,taron,1
20476, Despert,áron,1
20477, Despertáron,los,1
20478, Despi,diéronse,1
20479, Despi,dióse,1
20480, Desti,erra,1
20481, Desun,ció,1
20482, Desvia,os,1
20483, Det,úvole,1
20484, Deten,ed,1
20485, Detu,ve,1
20486, Detu,vieron,1
20487, Detu,viéronse,1
20488, Detu,vo,1
20489, Detén,g,1
20490, Detén,gase,1
20491, Deténg,ome,1
20492, Di,jér,1
20493, Di,mos,1
20494, Di,te,1
20495, Di,vi,1
20496, Dic,tado,1
20497, Die,z,1
20498, Dij,eron,1
20499, Dijér,on,1
20500, Dijéron,me,1
20501, Din,am,1
20502, Dinam,arca,1
20503, Dios,có,1
20504, Dioscó,ri,1
20505, Dioscóri,des,1
20506, Dir,los,1
20507, Dir,éis,1
20508, Diréis,le,1
20509, Dis,cur,1
20510, Discre,to,1
20511, Discre,tos,1
20512, Discur,ra,1
20513, Disp,uesto,1
20514, Disp,ón,1
20515, Divi,didos,1
20516, Diéronse,los,1
20517, Dió,genes,1
20518, Do,ctor,1
20519, Do,quiera,1
20520, Do,ña,1
20521, Dol,fos,1
20522, Don,cellas,1
20523, Don,e,1
20524, Done,c,1
20525, Dor,ado,1
20526, Dor,m,1
20527, Dorm,ían,1
20528, Du,daron,1
20529, Du,de,1
20530, Due,ñas,1
20531, Dulcin,a,1
20532, Dulcinea,e,1
20533, Dur,ind,1
20534, Dur,m,1
20535, Dur,mi,1
20536, Dur,mió,1
20537, Dur,óle,1
20538, Durind,ana,1
20539, Durm,amos,1
20540, Durmi,éronse,1
20541, Dán,a,1
20542, Dána,es,1
20543, Dáse,los,1
20544, Dé,j,1
20545, Dé,janse,1
20546, Dé,os,1
20547, Dé,stos,1
20548, Déj,alos,1
20549, Déjese,me,1
20550, Dén,sele,1
20551, Déos,le,1
20552, Dí,cese,1
20553, Dí,ganme,1
20554, Dí,ganos,1
20555, Dí,joles,1
20556, Dí,jose,1
20557, Dí,mosle,1
20558, Dígal,as,1
20559, Dígal,o,1
20560, Dígal,os,1
20561, Dígo,os,1
20562, Dï,ana,1
20563, E,che,1
20564, E,co,1
20565, E,g,1
20566, E,go,1
20567, E,gue,1
20568, E,r,1
20569, E,ró,1
20570, E,ur,1
20571, E,va,1
20572, ENTRE,V,1
20573, ENTREV,ER,1
20574, ENTREVER,ADO,1
20575, Ec,c,1
20576, Ec,lip,1
20577, Ecc,lesia,1
20578, Ecclesia,e,1
20579, Eche,mos,1
20580, Eclip,se,1
20581, Eg,ï,1
20582, Egue,món,1
20583, Egï,ón,1
20584, El,lo,1
20585, Emb,ar,1
20586, Emb,esti,1
20587, Embar,qué,1
20588, Embarqué,me,1
20589, Embesti,mos,1
20590, Emper,ante,1
20591, En,albar,1
20592, En,amor,1
20593, En,cog,1
20594, En,f,1
20595, En,ga,1
20596, En,mude,1
20597, En,ri,1
20598, En,si,1
20599, En,tern,1
20600, En,tri,1
20601, En,vía,1
20602, Enalbar,dado,1
20603, Enamor,óla,1
20604, Encan,tada,1
20605, Encan,tan,1
20606, Encar,gó,1
20607, Encar,góse,1
20608, Encog,ió,1
20609, Encomen,dad,1
20610, Encomen,dados,1
20611, Encomendad,lo,1
20612, Encomién,dal,1
20613, Encomién,deme,1
20614, Encomiéndal,o,1
20615, Enf,r,1
20616, Enfr,ena,1
20617, Enga,ñado,1
20618, Enmude,ció,1
20619, Enri,que,1
20620, Ensi,ll,1
20621, Ensill,ó,1
20622, Ent,ré,1
20623, Enten,dida,1
20624, Entern,eció,1
20625, Enterneció,se,1
20626, Entra,dos,1
20627, Entre,góse,1
20628, Entri,ste,1
20629, Entriste,cióse,1
20630, Envi,ad,1
20631, Envi,ando,1
20632, Envi,dio,1
20633, Envía,me,1
20634, Er,cilla,1
20635, Eró,stra,1
20636, Eróstra,to,1
20637, Es,ca,1
20638, Es,car,1
20639, Es,co,1
20640, Es,f,1
20641, Es,pa,1
20642, Es,par,1
20643, Es,pañ,1
20644, Es,quife,1
20645, Esc,rib,1
20646, Esc,rí,1
20647, Esca,pado,1
20648, Escar,ment,1
20649, Escarment,ó,1
20650, Esco,tillo,1
20651, Escri,be,1
20652, Escri,bió,1
20653, Escrib,ano,1
20654, Escribió,me,1
20655, Escrí,b,1
20656, Escríb,ala,1
20657, Escu,dero,1
20658, Escu,pía,1
20659, Escuch,aban,1
20660, Escuch,óla,1
20661, Esf,uércese,1
20662, Esp,era,1
20663, Esp,ero,1
20664, Espan,táronse,1
20665, Espar,ta,1
20666, Esparta,fi,1
20667, Espartafi,lar,1
20668, Espartafilar,do,1
20669, Españ,ol,1
20670, Espe,jo,1
20671, Espera,os,1
20672, Esplandi,anes,1
20673, Espé,rame,1
20674, Espé,rate,1
20675, Est,aban,1
20676, Est,u,1
20677, Est,ábale,1
20678, Est,ábanle,1
20679, Est,áis,1
20680, Est,ándola,1
20681, Est,én,1
20682, Este,mos,1
20683, Estoy,te,1
20684, Estre,llas,1
20685, Estu,vo,1
20686, Está,me,1
20687, Estábase,lo,1
20688, Estén,me,1
20689, Eu,ri,1
20690, Eur,í,1
20691, Euri,al,1
20692, Eurial,io,1
20693, Eurí,alo,1
20694, Evangeli,o,1
20695, Evangeli,os,1
20696, F,U,1
20697, F,ara,1
20698, F,arta,1
20699, F,eb,1
20700, F,ez,1
20701, F,i,1
20702, F,ido,1
20703, F,ig,1
20704, F,is,1
20705, F,l,1
20706, F,lori,1
20707, F,léri,1
20708, F,o,1
20709, F,orte,1
20710, F,ra,1
20711, F,ri,1
20712, F,ris,1
20713, F,u,1
20714, F,uego,1
20715, F,uel,1
20716, F,uér,1
20717, F,énix,1
20718, F,úcar,1
20719, FE,B,1
20720, FE,E,1
20721, FEB,O,1
20722, FU,RI,1
20723, FURI,OSO,1
20724, Fa,ti,1
20725, Fa,vila,1
20726, Fa,vor,1
20727, Fal,ces,1
20728, Fal,ta,1
20729, Fal,te,1
20730, Fara,ones,1
20731, Farta,x,1
20732, Fati,góse,1
20733, Favor,é,1
20734, Favoré,zca,1
20735, Favorézca,te,1
20736, Fe,e,1
20737, Feb,os,1
20738, Feli,c,1
20739, Feli,ci,1
20740, Feli,cia,1
20741, Feli,pe,1
20742, Felic,ísimos,1
20743, Felici,ano,1
20744, Fer,ido,1
20745, Fer,mosa,1
20746, Fer,rar,1
20747, Fern,án,1
20748, Ferrar,a,1
20749, Fi,ambr,1
20750, Fiambr,eras,1
20751, Fig,ue,1
20752, Figue,ro,1
20753, Figuero,a,1
20754, Fili,po,1
20755, Fin,ge,1
20756, Fin,is,1
20757, Fir,mados,1
20758, Fis,cal,1
20759, Fl,ora,1
20760, Flori,pes,1
20761, Fléri,das,1
20762, Fo,ces,1
20763, For,si,1
20764, For,tu,1
20765, Fra,tín,1
20766, Fran,cen,1
20767, Francen,ia,1
20768, Fri,tón,1
20769, Fris,aba,1
20770, Fu,gi,1
20771, Fuel,es,1
20772, Fuer,za,1
20773, Fugi,te,1
20774, Fuér,onse,1
20775, Fíli,da,1
20776, Fíli,das,1
20777, G,AND,1
20778, G,RE,1
20779, G,ab,1
20780, G,ali,1
20781, G,an,1
20782, G,ante,1
20783, G,ente,1
20784, G,era,1
20785, G,ig,1
20786, G,igo,1
20787, G,los,1
20788, G,o,1
20789, G,onela,1
20790, G,ue,1
20791, G,uió,1
20792, G,ur,1
20793, G,urapas,1
20794, GAND,AL,1
20795, GANDAL,Í,1
20796, GANDALÍ,N,1
20797, GRE,CI,1
20798, GRECI,A,1
20799, Ga,té,1
20800, Ga,yos,1
20801, Gab,rio,1
20802, Gala,ores,1
20803, Gali,ana,1
20804, Gan,dal,1
20805, Gandal,ín,1
20806, Gar,am,1
20807, Garam,anta,1
20808, Gas,ab,1
20809, Gasab,al,1
20810, Gaté,enme,1
20811, Gen,er,1
20812, Gen,il,1
20813, Gener,al,1
20814, Gera,ya,1
20815, Gib,ral,1
20816, Gib,rale,1
20817, Gibral,tar,1
20818, Gibrale,ón,1
20819, Gig,antes,1
20820, Gigo,te,1
20821, Glos,a,1
20822, Go,do,1
20823, Gobern,ar,1
20824, Gobernar,ás,1
20825, Godo,fre,1
20826, Gol,ia,1
20827, Golia,t,1
20828, Gri,al,1
20829, Gri,ego,1
20830, Gri,fo,1
20831, Gri,j,1
20832, Grij,al,1
20833, Grijal,ba,1
20834, Gu,y,1
20835, Guad,arra,1
20836, Guadarra,ma,1
20837, Guar,dó,1
20838, Guar,ino,1
20839, Gue,v,1
20840, Guev,ara,1
20841, Gui,so,1
20842, Gui,áb,1
20843, Gui,ábanle,1
20844, Guiso,pete,1
20845, Guiáb,alas,1
20846, Gur,reas,1
20847, Guz,manes,1
20848, Guz,mán,1
20849, Guár,dale,1
20850, H,O,1
20851, H,able,1
20852, H,ablo,1
20853, H,adri,1
20854, H,alle,1
20855, H,am,1
20856, H,anme,1
20857, H,anse,1
20858, H,ará,1
20859, H,eb,1
20860, H,eci,1
20861, H,era,1
20862, H,ideputa,1
20863, H,ier,1
20864, H,ombre,1
20865, H,ombres,1
20866, H,or,1
20867, H,u,1
20868, H,um,1
20869, H,ur,1
20870, H,ábi,1
20871, H,ín,1
20872, HO,C,1
20873, Ha,can,1
20874, Ha,cía,1
20875, Ha,cíales,1
20876, Ha,cían,1
20877, Ha,cíase,1
20878, Ha,ya,1
20879, Ha,za,1
20880, Hab,iendo,1
20881, Hab,ili,1
20882, Hab,l,1
20883, Hab,lad,1
20884, Hab,lara,1
20885, Hab,ré,1
20886, Hab,éis,1
20887, Hab,íale,1
20888, Hab,íales,1
20889, Hab,ían,1
20890, Habili,dades,1
20891, Habl,áis,1
20892, Hablé,la,1
20893, Habré,la,1
20894, Hacan,eas,1
20895, Hacían,les,1
20896, Hadri,ani,1
20897, Haldu,do,1
20898, Haldu,dos,1
20899, Hall,en,1
20900, Hall,áronle,1
20901, Hall,áronse,1
20902, Hall,óle,1
20903, Halle,mos,1
20904, Ham,ida,1
20905, Hame,t,1
20906, Har,ás,1
20907, Har,ásela,1
20908, Har,ía,1
20909, Harás,me,1
20910, Haza,ñas,1
20911, He,cha,1
20912, He,chos,1
20913, He,pi,1
20914, He,te,1
20915, Heb,reo,1
20916, Heci,mos,1
20917, Hepi,la,1
20918, Her,ia,1
20919, Her,m,1
20920, Her,mana,1
20921, Her,mosa,1
20922, Her,radura,1
20923, Hera,c,1
20924, Herac,lio,1
20925, Herm,anos,1
20926, Hi,jo,1
20927, Hi,po,1
20928, Hici,eron,1
20929, Hici,éronle,1
20930, Hier,ros,1
20931, Hipo,grifo,1
20932, Hipó,lito,1
20933, Ho,gaño,1
20934, Ho,jeo,1
20935, Hom,er,1
20936, Homer,us,1
20937, Hor,nos,1
20938, Hu,bo,1
20939, Hum,í,1
20940, Humí,ll,1
20941, Humíll,ome,1
20942, Hur,gada,1
20943, Há,cense,1
20944, Há,gal,1
20945, Há,gote,1
20946, Hábi,l,1
20947, Hágal,o,1
20948, Hé,mosle,1
20949, Hé,tores,1
20950, Hí,celo,1
20951, Hín,cate,1
20952, Hízo,le,1
20953, I,b,1
20954, I,lust,1
20955, I,lí,1
20956, I,numer,1
20957, I,sab,1
20958, I,se,1
20959, I,ten,1
20960, Ib,er,1
20961, Iber,ia,1
20962, Ilust,rísima,1
20963, Ilí,ada,1
20964, Imagin,ando,1
20965, Imagin,ábase,1
20966, Imp,erios,1
20967, Imp,or,1
20968, Impor,ta,1
20969, In,adver,1
20970, In,dia,1
20971, In,qui,1
20972, In,si,1
20973, In,sol,1
20974, Inadver,tidos,1
20975, Inclin,óse,1
20976, Inclin,ósele,1
20977, Inqui,si,1
20978, Inquisi,ción,1
20979, Insi,gn,1
20980, Insign,e,1
20981, Insol,encias,1
20982, Inter,p,1
20983, Interp,one,1
20984, Inumer,ables,1
20985, Is,las,1
20986, Is,ra,1
20987, Isab,ela,1
20988, Ise,o,1
20989, Isra,el,1
20990, Ital,ias,1
20991, J,a,1
20992, J,anto,1
20993, J,ard,1
20994, J,ari,1
20995, J,as,1
20996, J,erez,1
20997, J,ose,1
20998, J,ue,1
20999, J,uicio,1
21000, J,á,1
21001, Ja,ca,1
21002, Jar,am,1
21003, Jaram,illa,1
21004, Jard,ín,1
21005, Jari,fa,1
21006, Jas,ón,1
21007, Jer,us,1
21008, Jerus,alén,1
21009, Jose,f,1
21010, Ju,gando,1
21011, Ju,ven,1
21012, Ju,z,1
21013, Jue,ces,1
21014, Juli,os,1
21015, Juli,án,1
21016, Jun,tamente,1
21017, Jun,táronse,1
21018, Juven,al,1
21019, Juz,gue,1
21020, Já,u,1
21021, Jáu,ri,1
21022, Jáuri,gui,1
21023, L,III,1
21024, L,IV,1
21025, L,IX,1
21026, L,O,1
21027, L,OS,1
21028, L,U,1
21029, L,V,1
21030, L,VI,1
21031, L,VII,1
21032, L,VIII,1
21033, L,ab,1
21034, L,ad,1
21035, L,am,1
21036, L,ara,1
21037, L,are,1
21038, L,ea,1
21039, L,eg,1
21040, L,ie,1
21041, L,ite,1
21042, L,len,1
21043, L,omb,1
21044, L,uci,1
21045, L,unas,1
21046, L,é,1
21047, LA,S,1
21048, LE,C,1
21049, LE,M,1
21050, LEC,TO,1
21051, LECTO,R,1
21052, LEM,OS,1
21053, LI,B,1
21054, LIB,RO,1
21055, LO,O,1
21056, LOO,R,1
21057, LU,GA,1
21058, LUGA,R,1
21059, LX,I,1
21060, LX,II,1
21061, LX,III,1
21062, LX,IV,1
21063, LX,IX,1
21064, LX,V,1
21065, LX,VI,1
21066, LX,VII,1
21067, LX,VIII,1
21068, LXX,I,1
21069, LXX,II,1
21070, LXX,III,1
21071, LXX,IV,1
21072, La,gar,1
21073, La,gun,1
21074, La,ida,1
21075, La,ti,1
21076, La,u,1
21077, La,ur,1
21078, La,ura,1
21079, Lab,rador,1
21080, Lad,rón,1
21081, Lagar,tos,1
21082, Lagun,a,1
21083, Lam,ia,1
21084, Lare,do,1
21085, Lau,tre,1
21086, Laur,cal,1
21087, Laurcal,co,1
21088, Lautre,c,1
21089, Lava,jos,1
21090, Lava,piés,1
21091, Lazar,i,1
21092, Lazar,illo,1
21093, Le,on,1
21094, Le,p,1
21095, Le,tras,1
21096, Le,í,1
21097, Leg,an,1
21098, Legan,itos,1
21099, Leon,ora,1
21100, Lep,anto,1
21101, Lev,ante,1
21102, Levan,tada,1
21103, Levan,tado,1
21104, Levan,tarse,1
21105, Levan,táronse,1
21106, Levan,tó,1
21107, Leván,tase,1
21108, Leván,tenme,1
21109, Leván,tese,1
21110, Leván,tos,1
21111, Levántos,e,1
21112, Leyó,las,1
21113, Li,bia,1
21114, Li,bre,1
21115, Lib,ro,1
21116, Liber,tad,1
21117, Lie,bre,1
21118, Limp,i,1
21119, Limp,ia,1
21120, Limp,ias,1
21121, Limp,ió,1
21122, Limpi,áronle,1
21123, Limpió,las,1
21124, Lis,bo,1
21125, Lis,i,1
21126, Lis,u,1
21127, Lisbo,a,1
21128, Lisi,po,1
21129, Lisu,arte,1
21130, Llam,ad,1
21131, Llam,é,1
21132, Llamó,me,1
21133, Llan,eza,1
21134, Lle,ga,1
21135, Lle,gaba,1
21136, Lle,gaste,1
21137, Lle,gue,1
21138, Lle,val,1
21139, Lle,var,1
21140, Lleg,áronle,1
21141, Llen,ósele,1
21142, Llev,aba,1
21143, Llev,adle,1
21144, Llev,ábase,1
21145, Llev,áronle,1
21146, Llev,óle,1
21147, Lleval,de,1
21148, Llevar,ónse,1
21149, Llor,aba,1
21150, Llor,aban,1
21151, Llor,e,1
21152, Llor,ár,1
21153, Llor,ó,1
21154, Llorár,alas,1
21155, Llá,mola,1
21156, Llám,ale,1
21157, Llám,ame,1
21158, Llé,guese,1
21159, Llé,ve,1
21160, Llé,ven,1
21161, Lléve,le,1
21162, Lléven,me,1
21163, Lo,co,1
21164, Lo,cura,1
21165, Lo,f,1
21166, Lo,ja,1
21167, Lo,t,1
21168, Lob,o,1
21169, Lof,ras,1
21170, Lofras,o,1
21171, Lomb,ar,1
21172, Lombar,día,1
21173, Lon,g,1
21174, Long,incuos,1
21175, Lu,cinda,1
21176, Lu,do,1
21177, Luci,fer,1
21178, Ludo,vi,1
21179, Ludovi,co,1
21180, Lus,i,1
21181, Lusi,tan,1
21182, Lusitan,ia,1
21183, Lá,sti,1
21184, Lásti,ma,1
21185, Lé,ame,1
21186, Léame,la,1
21187, M,ON,1
21188, M,U,1
21189, M,enti,1
21190, M,ia,1
21191, M,ien,1
21192, M,ila,1
21193, M,oles,1
21194, M,uer,1
21195, M,undo,1
21196, M,usas,1
21197, M,á,1
21198, M,ándote,1
21199, M,ár,1
21200, M,é,1
21201, M,ú,1
21202, MON,IC,1
21203, MONIC,ON,1
21204, MONICON,GO,1
21205, MU,ER,1
21206, MUER,TE,1
21207, Ma,cab,1
21208, Ma,gi,1
21209, Ma,j,1
21210, Ma,te,1
21211, Ma,tó,1
21212, Ma,ule,1
21213, Ma,uso,1
21214, Ma,yor,1
21215, Ma,z,1
21216, Macab,eos,1
21217, Mad,al,1
21218, Mad,ama,1
21219, Mad,ru,1
21220, Mad,é,1
21221, Madal,ena,1
21222, Madru,gó,1
21223, Madás,imas,1
21224, Madé,sima,1
21225, Mag,all,1
21226, Mag,uer,1
21227, Magall,anes,1
21228, Magi,mas,1
21229, Magimas,a,1
21230, Mah,ama,1
21231, Mahama,te,1
21232, Maj,ala,1
21233, Majala,honda,1
21234, Mal,andr,1
21235, Mal,as,1
21236, Mal,decía,1
21237, Mal,don,1
21238, Mal,dí,1
21239, Mal,ind,1
21240, Mal,ino,1
21241, Mal,o,1
21242, Mal,os,1
21243, Malandr,ino,1
21244, Maldon,ado,1
21245, Maldí,jose,1
21246, Malind,ran,1
21247, Malindran,ia,1
21248, Mam,el,1
21249, Mamel,u,1
21250, Mamelu,co,1
21251, Man,ch,1
21252, Man,che,1
21253, Man,ri,1
21254, Man,tible,1
21255, Man,tu,1
21256, Man,zan,1
21257, Manch,ísima,1
21258, Manche,go,1
21259, Mandó,lo,1
21260, Mandó,me,1
21261, Mandó,selos,1
21262, Manri,ques,1
21263, Mantu,ano,1
21264, Manzan,ares,1
21265, Mar,ch,1
21266, Mar,cial,1
21267, Mar,co,1
21268, Mar,io,1
21269, Mar,ta,1
21270, Mar,tino,1
21271, Mar,tos,1
21272, Mara,vi,1
21273, Mara,ñón,1
21274, Maravi,llá,1
21275, Maravillá,rame,1
21276, March,ena,1
21277, Martín,ez,1
21278, Mate,o,1
21279, Maule,ón,1
21280, Mauso,leo,1
21281, Maz,orca,1
21282, Me,ca,1
21283, Me,cina,1
21284, Me,dea,1
21285, Me,di,1
21286, Me,dia,1
21287, Me,ona,1
21288, Me,ó,1
21289, Med,ina,1
21290, Med,us,1
21291, Med,í,1
21292, Med,íos,1
21293, Medi,ter,1
21294, Mediter,rán,1
21295, Mediterrán,eo,1
21296, Medus,a,1
21297, Medí,me,1
21298, Men,ala,1
21299, Men,cía,1
21300, Men,es,1
21301, Men,eses,1
21302, Menala,o,1
21303, Mendo,za,1
21304, Mendo,zas,1
21305, Menes,ter,1
21306, Menti,ron,1
21307, Mentiron,iana,1
21308, Mer,cad,1
21309, Mer,lo,1
21310, Mercad,er,1
21311, Meta,f,1
21312, Meta,morfóseos,1
21313, Metaf,ísi,1
21314, Metafísi,co,1
21315, Mez,c,1
21316, Mez,quino,1
21317, Mezc,lóse,1
21318, Meó,ti,1
21319, Meóti,des,1
21320, Mi,ca,1
21321, Mi,co,1
21322, Mi,cu,1
21323, Mi,ul,1
21324, Mia,u,1
21325, Mica,el,1
21326, Mico,co,1
21327, Micoco,le,1
21328, Micocole,mbo,1
21329, Micu,loso,1
21330, Mien,tras,1
21331, Mila,gros,1
21332, Min,guilla,1
21333, Mir,aldo,1
21334, Mir,á,1
21335, Mir,ábale,1
21336, Mir,ábase,1
21337, Mir,ándola,1
21338, Mir,áronla,1
21339, Mir,áronse,1
21340, Mir,óla,1
21341, Mira,f,1
21342, Mira,guarda,1
21343, Mira,mos,1
21344, Miraf,lores,1
21345, Miráb,alas,1
21346, Miráb,alo,1
21347, Miul,ina,1
21348, Mo,der,1
21349, Mo,dón,1
21350, Mo,vía,1
21351, Moder,ó,1
21352, Mon,cadas,1
21353, Mon,do,1
21354, Mon,ju,1
21355, Mon,s,1
21356, Mon,t,1
21357, Mon,tañas,1
21358, Mondo,ñe,1
21359, Mondoñe,do,1
21360, Monju,í,1
21361, Mons,erra,1
21362, Monserra,to,1
21363, Mont,ïel,1
21364, Mor,ón,1
21365, Most,rad,1
21366, Most,raron,1
21367, Most,rá,1
21368, Most,ró,1
21369, Mostrá,mosle,1
21370, Mu,cio,1
21371, Mu,dó,1
21372, Mu,ri,1
21373, Mu,rieron,1
21374, Mu,rió,1
21375, Mu,zara,1
21376, Mu,ña,1
21377, Mucha,cho,1
21378, Mud,anza,1
21379, Mud,é,1
21380, Muer,to,1
21381, Mur,m,1
21382, Muri,érase,1
21383, Murm,uraba,1
21384, Muzara,que,1
21385, Mué,rese,1
21386, Mué,vate,1
21387, Mué,ven,1
21388, Muéven,os,1
21389, Muña,tón,1
21390, Má,gi,1
21391, Mági,ca,1
21392, Már,quez,1
21393, Mé,j,1
21394, Méj,ico,1
21395, Mú,si,1
21396, Músi,ca,1
21397, N,ego,1
21398, N,er,1
21399, N,erb,1
21400, N,ero,1
21401, N,ico,1
21402, N,iso,1
21403, N,ona,1
21404, N,or,1
21405, N,uncio,1
21406, N,é,1
21407, Na,cimiento,1
21408, Na,tu,1
21409, Natu,ralmente,1
21410, Navar,ra,1
21411, Ne,mbro,1
21412, Ne,mor,1
21413, Neg,ra,1
21414, Neg,ósela,1
21415, Nego,ci,1
21416, Negoci,ante,1
21417, Nembro,t,1
21418, Nemor,oso,1
21419, Ner,ón,1
21420, Nerb,ia,1
21421, Ni,ar,1
21422, Ni,é,1
21423, Ni,ña,1
21424, Ni,ño,1
21425, Niar,ros,1
21426, Nico,la,1
21427, Nicola,o,1
21428, Nin,gún,1
21429, Nié,guen,1
21430, Niéguen,me,1
21431, No,gales,1
21432, No,table,1
21433, No,tad,1
21434, Nor,iz,1
21435, Nove,las,1
21436, Nu,man,1
21437, Nu,zas,1
21438, Nue,vo,1
21439, Numan,cia,1
21440, Né,st,1
21441, Nést,or,1
21442, O,RI,1
21443, O,RL,1
21444, O,be,1
21445, O,cas,1
21446, O,cho,1
21447, O,m,1
21448, O,re,1
21449, O,res,1
21450, O,ri,1
21451, O,si,1
21452, O,ta,1
21453, O,ye,1
21454, O,ía,1
21455, O,ído,1
21456, ORI,AN,1
21457, ORIAN,A,1
21458, ORL,AND,1
21459, ORLAND,O,1
21460, Obe,de,1
21461, Obede,ci,1
21462, Obedeci,éronle,1
21463, Ocas,ión,1
21464, Ofre,ci,1
21465, Ofre,cí,1
21466, Ofreci,éronsele,1
21467, Ofreció,le,1
21468, Ofreció,sela,1
21469, Ofreció,sele,1
21470, Ofrecióse,me,1
21471, Ofrecí,me,1
21472, Ofrecíme,le,1
21473, Ol,vidó,1
21474, Ol,ví,1
21475, Oli,va,1
21476, Oli,vera,1
21477, Oliv,ante,1
21478, Oliv,antes,1
21479, Olvidó,sele,1
21480, Olví,dase,1
21481, Olvídase,me,1
21482, Om,nis,1
21483, Or,dó,1
21484, Or,ien,1
21485, Orden,aron,1
21486, Orden,é,1
21487, Ordó,ñez,1
21488, Ore,lia,1
21489, Ores,tes,1
21490, Ori,anas,1
21491, Orien,tales,1
21492, Os,aré,1
21493, Osi,ris,1
21494, Ota,vi,1
21495, Otavi,ano,1
21496, Ovi,e,1
21497, Ovie,do,1
21498, Oy,eron,1
21499, Oy,éronse,1
21500, Oy,óse,1
21501, Oyó,le,1
21502, P,O,1
21503, P,adre,1
21504, P,ala,1
21505, P,alas,1
21506, P,all,1
21507, P,alla,1
21508, P,allas,1
21509, P,aso,1
21510, P,eren,1
21511, P,ido,1
21512, P,ie,1
21513, P,ien,1
21514, P,io,1
21515, P,lé,1
21516, P,onte,1
21517, P,ri,1
21518, P,rincipalmente,1
21519, P,uente,1
21520, P,uestas,1
21521, P,us,1
21522, P,use,1
21523, P,ué,1
21524, P,ésame,1
21525, P,ío,1
21526, P,ó,1
21527, P,ú,1
21528, PAN,I,1
21529, PANI,A,1
21530, PANIA,G,1
21531, PANIAG,U,1
21532, PANIAGU,ADO,1
21533, PO,E,1
21534, POE,T,1
21535, POET,A,1
21536, PR,IV,1
21537, PRIV,I,1
21538, PRIVI,L,1
21539, PRIVIL,E,1
21540, PRIVILE,G,1
21541, PRIVILEG,IO,1
21542, Pa,cto,1
21543, Pa,g,1
21544, Pa,gad,1
21545, Pa,gue,1
21546, Pa,gó,1
21547, Pa,pín,1
21548, Pa,ta,1
21549, Pa,trón,1
21550, Pa,us,1
21551, Pacto,lo,1
21552, Pag,án,1
21553, Pagad,le,1
21554, Pal,ad,1
21555, Pal,in,1
21556, Pal,ome,1
21557, Pala,fo,1
21558, Palad,ión,1
21559, Palafo,xes,1
21560, Palin,uro,1
21561, Pall,ida,1
21562, Palome,que,1
21563, Pan,ca,1
21564, Panca,ya,1
21565, Panda,h,1
21566, Pandah,ila,1
21567, Pandahila,do,1
21568, Par,alip,1
21569, Par,aron,1
21570, Par,e,1
21571, Par,eci,1
21572, Par,ecía,1
21573, Par,ejas,1
21574, Par,is,1
21575, Par,o,1
21576, Par,ras,1
21577, Par,tes,1
21578, Par,áronse,1
21579, Para,íso,1
21580, Paralip,omen,1
21581, Paralipomen,ón,1
21582, Pare,ción,1
21583, Pareci,eron,1
21584, Pareció,les,1
21585, Pareción,os,1
21586, Paro,p,1
21587, Parop,illo,1
21588, Parras,io,1
21589, Partió,les,1
21590, Pas,aba,1
21591, Pas,cua,1
21592, Pas,tores,1
21593, Pas,é,1
21594, Pase,ó,1
21595, Pase,óse,1
21596, Pastor,cillo,1
21597, Paus,an,1
21598, Pausan,ias,1
21599, Pe,día,1
21600, Pe,p,1
21601, Ped,ímosle,1
21602, Pen,eo,1
21603, Pen,é,1
21604, Pens,ando,1
21605, Pentapol,én,1
21606, Pené,lo,1
21607, Penélo,pe,1
21608, Pep,ino,1
21609, Per,al,1
21610, Per,ch,1
21611, Per,dióse,1
21612, Per,i,1
21613, Per,ito,1
21614, Per,ión,1
21615, Per,se,1
21616, Peral,villo,1
21617, Perch,eles,1
21618, Perdon,ad,1
21619, Pere,cida,1
21620, Pere,cía,1
21621, Peren,den,1
21622, Perenden,ga,1
21623, Peri,qui,1
21624, Periqui,llo,1
21625, Perito,a,1
21626, Perler,ina,1
21627, Perler,ino,1
21628, Pero,gr,1
21629, Perogr,ul,1
21630, Perogrul,lo,1
21631, Pers,io,1
21632, Pers,ona,1
21633, Perse,guido,1
21634, Persi,guen,1
21635, Persona,jes,1
21636, Pi,amonte,1
21637, Pi,dieron,1
21638, Pi,que,1
21639, Pidió,les,1
21640, Pie,dra,1
21641, Piedra,hí,1
21642, Piedrahí,ta,1
21643, Pien,so,1
21644, Pin,tad,1
21645, Pin,ti,1
21646, Pin,tura,1
21647, Pinti,qu,1
21648, Pintiqu,ini,1
21649, Pintiquini,estra,1
21650, Pio,jo,1
21651, Pir,in,1
21652, Pir,ú,1
21653, Pirin,eo,1
21654, Pis,ó,1
21655, Pla,cer,1
21656, Pla,ta,1
21657, Pla,ti,1
21658, Pla,to,1
21659, Pla,ya,1
21660, Placer,de,1
21661, Placerde,mi,1
21662, Placerdemi,vi,1
21663, Placerdemivi,da,1
21664, Plati,res,1
21665, Plu,gui,1
21666, Plu,tar,1
21667, Plugui,ese,1
21668, Plutar,co,1
21669, Plé,gaos,1
21670, Po,ca,1
21671, Po,cas,1
21672, Po,drá,1
21673, Po,dré,1
21674, Po,eta,1
21675, Pol,i,1
21676, Poli,fe,1
21677, Polife,mos,1
21678, Pon,to,1
21679, Por,cia,1
21680, Por,to,1
21681, Porfi,aba,1
21682, Porto,gal,1
21683, Pregun,t,1
21684, Pregun,ta,1
21685, Pregun,tar,1
21686, Pregun,te,1
21687, Pregun,tón,1
21688, Pregunt,áronme,1
21689, Preguntó,me,1
21690, Preguntón,os,1
21691, Pres,ente,1
21692, Pres,to,1
21693, Pres,upuesto,1
21694, Presup,on,1
21695, Presup,uesta,1
21696, Presupon,gamos,1
21697, Pri,ora,1
21698, Prim,era,1
21699, Prim,eramente,1
21700, Pro,ve,1
21701, Prob,ó,1
21702, Prob,óse,1
21703, Probóse,me,1
21704, Procu,raba,1
21705, Procu,rad,1
21706, Procu,raron,1
21707, Procu,re,1
21708, Procu,ró,1
21709, Prome,tió,1
21710, Prometió,le,1
21711, Prometí,mos,1
21712, Prometí,mosle,1
21713, Prometímos,selo,1
21714, Pros,iga,1
21715, Pros,iguió,1
21716, Pros,upuesto,1
21717, Prosigui,endo,1
21718, Prosigui,eron,1
21719, Prosup,on,1
21720, Prosup,uesta,1
21721, Prosupon,ga,1
21722, Prove,y,1
21723, Provey,óse,1
21724, Pue,b,1
21725, Pue,da,1
21726, Pueb,la,1
21727, Puer,ta,1
21728, Puerto,carrero,1
21729, Pus,ieron,1
21730, Pusi,éronlos,1
21731, Pusi,éronme,1
21732, Pué,des,1
21733, Puédes,lo,1
21734, Pí,lad,1
21735, Pídese,lo,1
21736, Pílad,es,1
21737, Pó,lu,1
21738, Pólu,x,1
21739, Pú,sole,1
21740, Q,u,1
21741, Qu,ís,1
21742, Que,damos,1
21743, Que,dará,1
21744, Que,j,1
21745, Que,ja,1
21746, Quedó,se,1
21747, Quej,ana,1
21748, Queja,os,1
21749, Quer,ía,1
21750, Quer,íale,1
21751, Qui,er,1
21752, Qui,eren,1
21753, Qui,ri,1
21754, Qui,ro,1
21755, Qui,si,1
21756, Qui,tá,1
21757, Qui,táronle,1
21758, Qui,táronse,1
21759, Qui,tó,1
21760, Qui,tóse,1
21761, Qui,éralo,1
21762, Quier,én,1
21763, Quierén,se,1
21764, Quijo,tísimo,1
21765, Quiri,ele,1
21766, Quiriele,is,1
21767, Quirieleis,ón,1
21768, Quiro,cia,1
21769, Quis,ieran,1
21770, Quis,ieras,1
21771, Quisi,éronle,1
21772, Quitá,mos,1
21773, Quitámos,sele,1
21774, Quitáronse,la,1
21775, Quitó,le,1
21776, Qué,dense,1
21777, Qué,jese,1
21778, Quí,sele,1
21779, Quí,tate,1
21780, Quí,tense,1
21781, Quí,tesele,1
21782, Quís,ome,1
21783, Quítense,me,1
21784, R,a,1
21785, R,ab,1
21786, R,egos,1
21787, R,eno,1
21788, R,esta,1
21789, R,ic,1
21790, R,on,1
21791, R,um,1
21792, R,us,1
21793, R,ué,1
21794, R,á,1
21795, R,í,1
21796, R,ú,1
21797, Ra,zón,1
21798, Rab,iaba,1
21799, Ras,tre,1
21800, Rastre,a,1
21801, Re,b,1
21802, Re,ca,1
21803, Re,cu,1
21804, Re,gu,1
21805, Re,h,1
21806, Re,i,1
21807, Re,in,1
21808, Re,lo,1
21809, Re,mes,1
21810, Re,p,1
21811, Re,pli,1
21812, Re,plicó,1
21813, Re,t,1
21814, Re,tencio,1
21815, Re,tir,1
21816, Re,tó,1
21817, Re,v,1
21818, Re,íase,1
21819, Reb,ellas,1
21820, Reca,tos,1
21821, Rece,b,1
21822, Rece,bi,1
21823, Receb,íale,1
21824, Recebi,d,1
21825, Reci,bió,1
21826, Reci,tante,1
21827, Recibi,éronse,1
21828, Recibi,ólo,1
21829, Recibió,la,1
21830, Recog,idas,1
21831, Recog,ió,1
21832, Recor,re,1
21833, Recor,rida,1
21834, Recorre,d,1
21835, Recu,é,1
21836, Recué,sta,1
21837, Recuésta,te,1
21838, Redu,cida,1
21839, Redu,cían,1
21840, Reducían,sele,1
21841, Regos,tóse,1
21842, Regu,m,1
21843, Regum,que,1
21844, Reh,us,1
21845, Rehus,ólo,1
21846, Rei,ter,1
21847, Rein,cor,1
21848, Reincor,por,1
21849, Reincorpor,óse,1
21850, Reiter,áronse,1
21851, Relo,ja,1
21852, Remes,tán,1
21853, Reno,v,1
21854, Renov,óse,1
21855, Rep,osa,1
21856, Repar,aron,1
21857, Repar,ó,1
21858, Repli,car,1
21859, Repos,ada,1
21860, Repos,emos,1
21861, Reque,b,1
21862, Reque,sen,1
21863, Requeb,rá,1
21864, Requebrá,banle,1
21865, Requesen,es,1
21866, Res,uelto,1
21867, Resol,v,1
21868, Resol,viéronse,1
21869, Resolv,ámonos,1
21870, Respon,di,1
21871, Respondi,éronme,1
21872, Respondió,les,1
21873, Ret,rá,1
21874, Retir,áronse,1
21875, Retrá,teme,1
21876, Retó,rica,1
21877, Rev,ul,1
21878, Revul,go,1
21879, Rey,es,1
21880, Ri,ar,1
21881, Ri,éronse,1
21882, Ri,ña,1
21883, Riar,án,1
21884, Ric,amonte,1
21885, Rin,c,1
21886, Rin,dióse,1
21887, Rinc,one,1
21888, Rincone,te,1
21889, Ro,ca,1
21890, Ro,cab,1
21891, Ro,che,1
21892, Ro,da,1
21893, Ro,gá,1
21894, Ro,tun,1
21895, Rocab,er,1
21896, Rocaber,tis,1
21897, Roche,la,1
21898, Roda,m,1
21899, Rodam,onte,1
21900, Rogá,mosle,1
21901, Rol,dan,1
21902, Roldan,es,1
21903, Romp,ió,1
21904, Romp,í,1
21905, Ron,dilla,1
21906, Rotun,da,1
21907, Ru,bi,1
21908, Ru,fo,1
21909, Ru,gel,1
21910, Rubi,cón,1
21911, Rum,ía,1
21912, Rué,gale,1
21913, Rá,ven,1
21914, Ráven,a,1
21915, Rí,ome,1
21916, Rú,stico,1
21917, S,C,1
21918, S,O,1
21919, S,ala,1
21920, S,ci,1
21921, S,elva,1
21922, S,ent,1
21923, S,entaos,1
21924, S,erv,1
21925, S,erá,1
21926, S,ería,1
21927, S,ier,1
21928, S,ir,1
21929, S,or,1
21930, S,ud,1
21931, S,ué,1
21932, S,ísi,1
21933, SC,RI,1
21934, SCRI,P,1
21935, SCRIP,S,1
21936, SCRIPS,ER,1
21937, SCRIPSER,U,1
21938, SCRIPSERU,N,1
21939, SCRIPSERUN,T,1
21940, SE,Ñ,1
21941, SEÑ,O,1
21942, SEÑO,RA,1
21943, SO,LI,1
21944, SOLI,S,1
21945, SOLIS,D,1
21946, SOLISD,Á,1
21947, SOLISDÁ,N,1
21948, Sa,camos,1
21949, Sa,co,1
21950, Sa,ya,1
21951, Sab,e,1
21952, Sab,ida,1
21953, Sab,io,1
21954, Sab,rás,1
21955, Sab,éis,1
21956, Sab,ían,1
21957, Sacó,los,1
21958, Sal,ga,1
21959, Sal,i,1
21960, Sal,ieron,1
21961, Sal,ión,1
21962, Sal,ióse,1
21963, Sal,om,1
21964, Sal,ud,1
21965, Sal,udó,1
21966, Sal,ía,1
21967, Sala,zar,1
21968, Sali,éronle,1
21969, Salió,le,1
21970, Salión,os,1
21971, Salom,ón,1
21972, Salud,ón,1
21973, Saludó,les,1
21974, Saludón,os,1
21975, San,a,1
21976, San,ch,1
21977, San,chuelo,1
21978, San,tigu,1
21979, San,tán,1
21980, San,tísima,1
21981, Sana,zaro,1
21982, Sanch,ico,1
21983, Sans,on,1
21984, Sanson,ino,1
21985, Santigu,arnos,1
21986, Santán,gel,1
21987, Saya,go,1
21988, Sci,las,1
21989, Se,an,1
21990, Se,as,1
21991, Se,guía,1
21992, Se,li,1
21993, Segu,ra,1
21994, Segu,ras,1
21995, Segura,mente,1
21996, Seli,m,1
21997, Sent,áronse,1
21998, Ser,gas,1
21999, Ser,vía,1
22000, Ser,án,1
22001, Serv,ían,1
22002, Servían,os,1
22003, Señ,al,1
22004, Señor,as,1
22005, Si,la,1
22006, Si,mp,1
22007, Si,món,1
22008, Sier,pe,1
22009, Sig,is,1
22010, Sig,lo,1
22011, Sig,los,1
22012, Sig,ue,1
22013, Sig,ui,1
22014, Sig,ü,1
22015, Sigis,m,1
22016, Sigism,unda,1
22017, Sigui,endo,1
22018, Siguió,las,1
22019, Sigü,enza,1
22020, Sil,eno,1
22021, Sil,vias,1
22022, Silva,to,1
22023, Simp,li,1
22024, Simpli,císimo,1
22025, Sin,tieron,1
22026, Sin,tiéndose,1
22027, Sin,tióse,1
22028, Sin,ón,1
22029, Sir,tes,1
22030, So,car,1
22031, So,cor,1
22032, So,is,1
22033, Sob,er,1
22034, Sob,orn,1
22035, Sober,ana,1
22036, Soborn,ó,1
22037, Socar,rón,1
22038, Socor,ra,1
22039, Sol,dado,1
22040, Sol,i,1
22041, Sol,tó,1
22042, Sol,ón,1
22043, Sola,mente,1
22044, Soli,ad,1
22045, Soliad,is,1
22046, Soliadis,a,1
22047, Son,aron,1
22048, Sor,r,1
22049, Sorr,ento,1
22050, Soseg,adas,1
22051, Soseg,áronse,1
22052, Sosié,gate,1
22053, Sosié,guese,1
22054, Sospir,ará,1
22055, Sospir,ó,1
22056, Su,bamos,1
22057, Su,be,1
22058, Su,ceder,1
22059, Su,cedía,1
22060, Su,ficiente,1
22061, Su,ma,1
22062, Su,mo,1
22063, Su,plicó,1
22064, Su,po,1
22065, Suceder,á,1
22066, Sud,aba,1
22067, Sue,le,1
22068, Sue,ro,1
22069, Supli,c,1
22070, Supli,qué,1
22071, Suplic,áronle,1
22072, Supliqué,mosle,1
22073, Suspen,ded,1
22074, Suspen,so,1
22075, Suspendió,les,1
22076, Suspendió,me,1
22077, Sué,len,1
22078, Suélen,les,1
22079, Sé,anme,1
22080, Sé,lo,1
22081, Sí,gue,1
22082, Sí,r,1
22083, Sígue,me,1
22084, Sír,vate,1
22085, Sísi,fo,1
22086, Sú,mulas,1
22087, Sú,pos,1
22088, Súpos,e,1
22089, T,ES,1
22090, T,I,1
22091, T,ales,1
22092, T,anta,1
22093, T,ent,1
22094, T,ente,1
22095, T,ere,1
22096, T,esti,1
22097, T,ienen,1
22098, T,ier,1
22099, T,io,1
22100, T,ome,1
22101, T,omen,1
22102, T,ran,1
22103, T,re,1
22104, T,rá,1
22105, T,án,1
22106, T,áp,1
22107, T,é,1
22108, T,énganse,1
22109, T,íbar,1
22110, TES,T,1
22111, TEST,IM,1
22112, TESTIM,ON,1
22113, TESTIMON,IO,1
22114, TI,Q,1
22115, TIQ,UI,1
22116, TIQUI,TO,1
22117, TIQUITO,C,1
22118, Ta,garinos,1
22119, Ta,pa,1
22120, Tab,arca,1
22121, Tab,lante,1
22122, Tab,lantes,1
22123, Tan,si,1
22124, Tansi,lo,1
22125, Tapa,os,1
22126, Tar,peya,1
22127, Tar,quino,1
22128, Tar,rag,1
22129, Tarrag,ona,1
22130, Te,je,1
22131, Te,m,1
22132, Te,mo,1
22133, Te,mía,1
22134, Te,ólogos,1
22135, Teje,dor,1
22136, Tem,íase,1
22137, Temb,ló,1
22138, Ten,diéronle,1
22139, Ten,diéronse,1
22140, Ten,dió,1
22141, Ten,ed,1
22142, Ten,eos,1
22143, Ten,erías,1
22144, Ten,or,1
22145, Ten,íala,1
22146, Tenor,io,1
22147, Tent,óle,1
22148, Tentó,los,1
22149, Ter,cera,1
22150, Ter,cero,1
22151, Ter,en,1
22152, Ter,es,1
22153, Ter,mo,1
22154, Tere,b,1
22155, Tereb,into,1
22156, Teren,cio,1
22157, Teres,ona,1
22158, Teresa,ina,1
22159, Termo,don,1
22160, Termodon,te,1
22161, Tes,oro,1
22162, Testi,monio,1
22163, Ti,bre,1
22164, Ti,bu,1
22165, Ti,cio,1
22166, Ti,mb,1
22167, Ti,ro,1
22168, Ti,én,1
22169, Ti,ñoso,1
22170, Tibu,lo,1
22171, Tier,na,1
22172, Tim,antes,1
22173, Tim,on,1
22174, Timb,rio,1
22175, Timon,el,1
22176, Tio,pie,1
22177, Tiopie,yo,1
22178, Tir,antes,1
22179, Tir,ábanle,1
22180, Tién,ese,1
22181, Tob,o,1
22182, Tob,osa,1
22183, Todo,poderoso,1
22184, Tol,ome,1
22185, Tol,omeo,1
22186, Tolome,os,1
22187, Tom,ado,1
22188, Tom,ando,1
22189, Tom,aros,1
22190, Tom,as,1
22191, Tom,ases,1
22192, Tom,illas,1
22193, Tom,á,1
22194, Tom,áronle,1
22195, Tom,ás,1
22196, Tom,ólo,1
22197, Tom,óse,1
22198, Tomas,illo,1
22199, Ton,ante,1
22200, Tor,mes,1
22201, Tor,no,1
22202, Tor,res,1
22203, Torn,e,1
22204, Torn,óla,1
22205, Tos,cana,1
22206, Tos,tado,1
22207, Tra,e,1
22208, Tra,emos,1
22209, Tra,idor,1
22210, Tra,igan,1
22211, Tra,jano,1
22212, Tra,ta,1
22213, Tra,taron,1
22214, Tra,vi,1
22215, Traba,je,1
22216, Traba,jos,1
22217, Traba,josa,1
22218, Tran,s,1
22219, Trans,for,1
22220, Transfor,maciones,1
22221, Travi,eso,1
22222, Tre,inta,1
22223, Tri,stán,1
22224, Tro,cá,1
22225, Trocá,reme,1
22226, Truj,illo,1
22227, Truj,éronle,1
22228, Truj,éronsele,1
22229, Trá,ele,1
22230, Tu,vieron,1
22231, Tu,yo,1
22232, Tán,talo,1
22233, Táp,enme,1
22234, Té,m,1
22235, Tém,ome,1
22236, Tú,vol,1
22237, Túvol,os,1
22238, U,trique,1
22239, Uli,xes,1
22240, Un,ic,1
22241, Unic,orn,1
22242, Unicorn,io,1
22243, Ur,b,1
22244, Ur,raca,1
22245, Ur,reas,1
22246, Ur,s,1
22247, Urb,ina,1
22248, Urs,inos,1
22249, V,AL,1
22250, V,ase,1
22251, V,ay,1
22252, V,ea,1
22253, V,ente,1
22254, V,es,1
22255, V,ez,1
22256, V,in,1
22257, V,ine,1
22258, V,ino,1
22259, V,iose,1
22260, V,iso,1
22261, V,oto,1
22262, V,oy,1
22263, V,uel,1
22264, V,uél,1
22265, V,ál,1
22266, V,ámonos,1
22267, V,éese,1
22268, V,ínos,1
22269, VAL,ER,1
22270, VALER,OSO,1
22271, VI,D,1
22272, VID,A,1
22273, Val,di,1
22274, Valdi,vi,1
22275, Valdivi,el,1
22276, Valdiviel,so,1
22277, Van,le,1
22278, Vay,an,1
22279, Ve,cin,1
22280, Ve,inte,1
22281, Ve,te,1
22282, Ve,ámosla,1
22283, Ve,ía,1
22284, Vecin,g,1
22285, Vecing,uer,1
22286, Vecinguer,ra,1
22287, Ven,ci,1
22288, Ven,cido,1
22289, Ven,ida,1
22290, Ven,imos,1
22291, Ven,tillas,1
22292, Venci,ste,1
22293, Ver,ino,1
22294, Vi,caría,1
22295, Vi,ome,1
22296, Vi,ria,1
22297, Vi,var,1
22298, Vi,vo,1
22299, Vi,vía,1
22300, Vi,éndola,1
22301, Vil,lan,1
22302, Vill,al,1
22303, Villadie,go,1
22304, Villal,p,1
22305, Villalp,ando,1
22306, Villan,o,1
22307, Villano,vas,1
22308, Vin,ieron,1
22309, Vio,la,1
22310, Vir,tud,1
22311, Vir,ués,1
22312, Viria,to,1
22313, Vis,i,1
22314, Vis,ita,1
22315, Vis,ión,1
22316, Visi,táronle,1
22317, Vizca,ya,1
22318, Vizca,íno,1
22319, Vol,vi,1
22320, Vol,ví,1
22321, Volved,le,1
22322, Volvi,éronla,1
22323, Volví,mosle,1
22324, Volvía,me,1
22325, Vuel,van,1
22326, Vuél,ve,1
22327, Vuélve,te,1
22328, Vál,gate,1
22329, Ví,stan,1
22330, Ví,stes,1
22331, Ví,stete,1
22332, Vínos,ele,1
22333, Vístan,me,1
22334, Vístes,os,1
22335, X,eno,1
22336, Xeno,fonte,1
22337, Y,éndose,1
22338, Z,amora,1
22339, Z,ano,1
22340, Z,e,1
22341, Z,on,1
22342, Z,or,1
22343, Z,oro,1
22344, Z,ule,1
22345, Z,ur,1
22346, Zano,guera,1
22347, Ze,u,1
22348, Zeu,x,1
22349, Zeux,is,1
22350, Zo,piro,1
22351, Zo,í,1
22352, Zon,z,1
22353, Zonz,or,1
22354, Zonzor,ino,1
22355, Zor,runa,1
22356, Zoro,astes,1
22357, Zoí,lo,1
22358, Zule,ma,1
22359, Zur,do,1
22360, a,ci,1
22361, a,ciones,1
22362, a,cur,1
22363, a,dió,1
22364, a,e,1
22365, a,fer,1
22366, a,i,1
22367, a,ir,1
22368, a,is,1
22369, a,qui,1
22370, a,rados,1
22371, a,ran,1
22372, a,ras,1
22373, a,ristas,1
22374, a,ros,1
22375, a,stas,1
22376, a,tarse,1
22377, a,tase,1
22378, a,ti,1
22379, a,tién,1
22380, a,tos,1
22381, a,ula,1
22382, a,var,1
22383, a,ví,1
22384, a,za,1
22385, a,zar,1
22386, ab,ades,1
22387, ab,an,1
22388, ab,e,1
22389, ab,er,1
22390, ab,erenj,1
22391, ab,ern,1
22392, ab,iertas,1
22393, ab,ob,1
22394, ab,om,1
22395, ab,on,1
22396, ab,or,1
22397, ab,r,1
22398, ab,ráis,1
22399, ab,rí,1
22400, ab,ría,1
22401, ab,us,1
22402, aba,j,1
22403, aba,ja,1
22404, aba,jan,1
22405, aba,jó,1
22406, aba,tanar,1
22407, aba,ti,1
22408, aba,tiendo,1
22409, abaj,en,1
22410, aban,don,1
22411, abandon,arme,1
22412, abarragan,ada,1
22413, abarragan,ados,1
22414, abati,eres,1
22415, abe,ced,1
22416, abeced,ario,1
22417, aber,tura,1
22418, aberenj,enado,1
22419, abern,uncio,1
22420, ablan,daba,1
22421, ablan,daban,1
22422, ablan,dado,1
22423, ablan,dan,1
22424, ablan,dar,1
22425, ablan,dara,1
22426, ablan,darme,1
22427, ablan,daron,1
22428, ablan,darte,1
22429, ablan,de,1
22430, ablan,dáis,1
22431, ablan,dó,1
22432, abob,ado,1
22433, abol,en,1
22434, abol,lada,1
22435, abol,lado,1
22436, abol,lé,1
22437, abolen,go,1
22438, abom,ino,1
22439, abomin,able,1
22440, abomin,ábamos,1
22441, abon,asen,1
22442, abor,ras,1
22443, aborras,cadas,1
22444, aborre,cen,1
22445, aborre,cible,1
22446, aborre,cida,1
22447, aborre,cidos,1
22448, aborre,ció,1
22449, aborre,cí,1
22450, abr,ís,1
22451, abra,cé,1
22452, abras,adas,1
22453, abras,adores,1
22454, abras,an,1
22455, abras,arla,1
22456, abras,asen,1
22457, abras,emos,1
22458, abrasar,nos,1
22459, abraz,aba,1
22460, abraz,amiento,1
22461, abraz,arle,1
22462, abraz,arse,1
22463, abraz,ará,1
22464, abraz,ase,1
22465, abraz,ándonos,1
22466, abraz,áronse,1
22467, abraz,árselos,1
22468, abrazó,los,1
22469, abre,vió,1
22470, abrevi,an,1
22471, abrevi,es,1
22472, abri,eran,1
22473, abri,esen,1
22474, abri,gó,1
22475, abri,l,1
22476, abri,rá,1
22477, abri,ré,1
22478, abri,ría,1
22479, abri,ste,1
22480, abri,éndolos,1
22481, abri,éndose,1
22482, abrir,le,1
22483, abrir,ían,1
22484, abro,jos,1
22485, abs,uelve,1
22486, abs,ur,1
22487, absolu,ta,1
22488, absolu,tamente,1
22489, absor,tar,1
22490, absten,gas,1
22491, absten,i,1
22492, absteni,éndote,1
22493, absur,dos,1
22494, abun,da,1
22495, abun,daba,1
22496, abund,aban,1
22497, abundan,tísima,1
22498, abundan,tísimo,1
22499, abundante,mente,1
22500, abus,os,1
22501, ac,ad,1
22502, ac,ade,1
22503, ac,en,1
22504, ac,lara,1
22505, ac,lá,1
22506, ac,rib,1
22507, ac,tivo,1
22508, ac,uest,1
22509, ac,uesta,1
22510, ac,ábese,1
22511, ac,íbar,1
22512, ac,óli,1
22513, aca,ece,1
22514, aca,ecen,1
22515, aca,ecido,1
22516, acab,able,1
22517, acab,ad,1
22518, acab,adme,1
22519, acab,ados,1
22520, acab,alla,1
22521, acab,alle,1
22522, acab,amos,1
22523, acab,as,1
22524, acab,ábamos,1
22525, acab,ándolos,1
22526, acab,ándonos,1
22527, acab,ársele,1
22528, acab,árseme,1
22529, acab,éis,1
22530, acabar,e,1
22531, acabar,le,1
22532, acabándonos,las,1
22533, acad,émi,1
22534, acade,mias,1
22535, académi,co,1
22536, acaeci,miento,1
22537, acar,re,1
22538, acar,rea,1
22539, acarden,al,1
22540, acarden,alado,1
22541, acardenal,arme,1
22542, acarici,ar,1
22543, acarici,ase,1
22544, acarre,an,1
22545, ace,bo,1
22546, ace,da,1
22547, ace,taba,1
22548, ace,taban,1
22549, ace,tación,1
22550, ace,tarlos,1
22551, ace,taron,1
22552, ace,te,1
22553, ace,to,1
22554, acei,tera,1
22555, aceler,ado,1
22556, aceler,ando,1
22557, acen,d,1
22558, acend,rad,1
22559, acendrad,ísimo,1
22560, acep,tar,1
22561, acep,tó,1
22562, acer,ado,1
22563, acer,cado,1
22564, acer,os,1
22565, acer,taban,1
22566, acer,tad,1
22567, acer,tadas,1
22568, acer,tados,1
22569, acer,tase,1
22570, acer,tasen,1
22571, acer,tá,1
22572, acer,táis,1
22573, acer,tándole,1
22574, acer,té,1
22575, acercó,se,1
22576, acertad,ísimo,1
22577, acertar,es,1
22578, acertar,le,1
22579, acertar,éis,1
22580, acertá,ramos,1
22581, acetar,os,1
22582, aci,cal,1
22583, acical,ada,1
22584, acier,tes,1
22585, acla,maban,1
22586, acla,maron,1
22587, aclar,aba,1
22588, aclar,ase,1
22589, aclar,e,1
22590, aclá,rate,1
22591, aco,ja,1
22592, aco,tar,1
22593, aco,te,1
22594, aco,tán,1
22595, acobar,daban,1
22596, acobar,dan,1
22597, acobar,de,1
22598, acobar,dóse,1
22599, acoce,ado,1
22600, acoce,ar,1
22601, acog,en,1
22602, acog,erse,1
22603, acog,ido,1
22604, acog,idos,1
22605, acog,iesen,1
22606, acog,imientos,1
22607, acog,istes,1
22608, acog,ía,1
22609, acome,tida,1
22610, acome,tiese,1
22611, acome,tí,1
22612, acome,tían,1
22613, acomete,dores,1
22614, acomete,lla,1
22615, acomete,llas,1
22616, acomete,mos,1
22617, acometer,la,1
22618, acometer,las,1
22619, acometer,ía,1
22620, acometi,dos,1
22621, acometi,era,1
22622, acometi,eran,1
22623, acometi,éndoos,1
22624, acomo,dada,1
22625, acomo,dan,1
22626, acomo,dando,1
22627, acomo,darme,1
22628, acomo,dase,1
22629, acomo,dé,1
22630, acomod,ándole,1
22631, acomod,ándome,1
22632, acomod,ándoos,1
22633, acomod,áronme,1
22634, acomod,ársele,1
22635, acomodar,le,1
22636, acomodar,án,1
22637, acomodar,ía,1
22638, acomodá,do,1
22639, acomodá,dose,1
22640, acomodá,remos,1
22641, acomodádo,las,1
22642, acomodó,se,1
22643, acompañ,ador,1
22644, acompañ,arme,1
22645, acompañ,arse,1
22646, acompañ,en,1
22647, acompañ,ámosla,1
22648, acompañ,áramos,1
22649, acompañar,emos,1
22650, acompañar,les,1
22651, acompañar,os,1
22652, acomó,dale,1
22653, acomó,date,1
22654, acon,sé,1
22655, acon,ten,1
22656, aconse,jando,1
22657, aconse,jara,1
22658, aconse,jaron,1
22659, aconsej,ár,1
22660, aconsej,éis,1
22661, aconsejar,emos,1
22662, aconsejar,la,1
22663, aconsejar,le,1
22664, aconsejar,ía,1
22665, aconsejár,ale,1
22666, aconsejó,le,1
22667, aconsé,jo,1
22668, aconséjo,os,1
22669, acontecer,les,1
22670, aconteci,eran,1
22671, aconten,cido,1
22672, acor,darte,1
22673, acor,ri,1
22674, acor,rió,1
22675, acor,ta,1
22676, acor,tando,1
22677, acor,tes,1
22678, acordar,an,1
22679, acorrer,me,1
22680, acorri,esen,1
22681, acos,ados,1
22682, acos,tarme,1
22683, acos,tasen,1
22684, acos,áis,1
22685, acostar,áse,1
22686, acostumb,rar,1
22687, acostumb,ro,1
22688, acre,cen,1
22689, acre,edor,1
22690, acrebi,ll,1
22691, acrebi,llado,1
22692, acrebill,aron,1
22693, acrec,entóse,1
22694, acrecen,tamiento,1
22695, acrecent,aba,1
22696, acrecent,arse,1
22697, acrecent,ase,1
22698, acrecentar,á,1
22699, acrecentóse,les,1
22700, acredi,t,1
22701, acredi,taban,1
22702, acredi,tado,1
22703, acredi,tarse,1
22704, acredi,taré,1
22705, acredi,tasen,1
22706, acredi,te,1
22707, acredit,ábamos,1
22708, acreditar,te,1
22709, acri,sole,1
22710, acrib,ado,1
22711, acribar,me,1
22712, acu,das,1
22713, acu,diesen,1
22714, acu,dimos,1
22715, acu,sado,1
22716, acu,so,1
22717, acu,tos,1
22718, acu,ér,1
22719, acuchil,ladas,1
22720, acuci,es,1
22721, acuci,éis,1
22722, acudi,eren,1
22723, acudi,ría,1
22724, acudi,éronme,1
22725, acudir,ás,1
22726, acuer,des,1
22727, acuer,dos,1
22728, acuest,an,1
22729, acui,t,1
22730, acui,te,1
22731, acuit,éis,1
22732, acuitar,áse,1
22733, acuite,des,1
22734, acur,rucó,1
22735, acusar,e,1
22736, acuér,date,1
22737, acóli,tos,1
22738, ad,al,1
22739, ad,j,1
22740, ad,min,1
22741, ad,un,1
22742, ad,ven,1
22743, ad,vi,1
22744, ad,úl,1
22745, ada,hala,1
22746, ada,maba,1
22747, ada,mada,1
22748, ada,mar,1
22749, ada,mo,1
22750, adal,id,1
22751, adar,me,1
22752, adar,va,1
22753, adel,fa,1
22754, adel,fas,1
22755, adel,gaza,1
22756, adelan,ta,1
22757, adelan,taba,1
22758, adelan,tara,1
22759, adelan,taron,1
22760, adelan,tasen,1
22761, adelan,tándose,1
22762, adelan,tóse,1
22763, adeli,ñ,1
22764, adeli,ño,1
22765, adeliñ,ase,1
22766, ader,ece,1
22767, aderez,aban,1
22768, aderez,ando,1
22769, aderez,arla,1
22770, aderez,aré,1
22771, aderezar,les,1
22772, aderezas,te,1
22773, aderezó,las,1
22774, adher,ente,1
22775, adi,vas,1
22776, adi,vinos,1
22777, adita,mento,1
22778, adita,mentos,1
22779, adiv,ina,1
22780, adivin,aba,1
22781, adivin,ando,1
22782, adivin,ase,1
22783, adivin,en,1
22784, adivin,éle,1
22785, adió,s,1
22786, adj,unto,1
22787, adm,í,1
22788, admi,ro,1
22789, admi,ta,1
22790, admi,ti,1
22791, admi,tidos,1
22792, admi,tieron,1
22793, admi,to,1
22794, admin,í,1
22795, administ,ra,1
22796, administ,rando,1
22797, administ,rar,1
22798, administra,ción,1
22799, adminí,cu,1
22800, adminícu,la,1
22801, admir,ara,1
22802, admir,asen,1
22803, admir,ábame,1
22804, admir,éme,1
22805, admir,óle,1
22806, admira,das,1
22807, admira,tiva,1
22808, admirable,mente,1
22809, admirar,an,1
22810, admirar,la,1
22811, admirar,os,1
22812, admirar,ás,1
22813, admiró,me,1
22814, admiti,ere,1
22815, admitir,las,1
22816, admitir,los,1
22817, admí,teme,1
22818, ado,b,1
22819, ado,quiera,1
22820, adob,ándoseme,1
22821, adobar,la,1
22822, adobar,lo,1
22823, adobar,ía,1
22824, ador,ada,1
22825, ador,arte,1
22826, ador,as,1
22827, ador,ase,1
22828, ador,na,1
22829, ador,é,1
22830, ador,ó,1
22831, adorar,las,1
22832, adorn,ados,1
22833, adorn,ara,1
22834, adorn,aron,1
22835, adorn,arse,1
22836, adorn,arte,1
22837, adorn,e,1
22838, adorn,en,1
22839, adorn,es,1
22840, adornar,en,1
22841, adqui,ere,1
22842, adqui,rida,1
22843, adul,ador,1
22844, adul,ter,1
22845, adulter,ado,1
22846, adun,ia,1
22847, adven,e,1
22848, advene,diza,1
22849, adver,sa,1
22850, adver,sas,1
22851, adver,sidades,1
22852, adver,tía,1
22853, adversa,e,1
22854, adverti,das,1
22855, adverti,mento,1
22856, adverti,rás,1
22857, advertir,le,1
22858, advertir,me,1
22859, advertir,te,1
22860, advi,értase,1
22861, advier,tan,1
22862, advier,tas,1
22863, advir,tiéndole,1
22864, advirtió,le,1
22865, adúl,tera,1
22866, ae,qu,1
22867, aequ,o,1
22868, af,abilidad,1
22869, af,amado,1
22870, af,an,1
22871, af,ri,1
22872, af,ron,1
22873, af,án,1
22874, af,érrate,1
22875, afan,ando,1
22876, afe,aba,1
22877, afe,aban,1
22878, afe,ado,1
22879, afe,cto,1
22880, afe,minado,1
22881, afec,tadas,1
22882, afec,tuosa,1
22883, afer,rados,1
22884, aficion,aba,1
22885, aficion,adas,1
22886, aficion,ando,1
22887, aficion,aron,1
22888, aficion,ó,1
22889, afin,ada,1
22890, afin,ándola,1
22891, afir,maron,1
22892, afirma,tivamente,1
22893, afirmar,la,1
22894, afli,ciones,1
22895, aflig,e,1
22896, aflig,idas,1
22897, aflig,ir,1
22898, aflig,ióse,1
22899, aflig,ía,1
22900, afligir,te,1
22901, afligióse,le,1
22902, afor,ismo,1
22903, afor,ro,1
22904, afortun,ado,1
22905, afr,ente,1
22906, afr,entes,1
22907, afrent,aba,1
22908, afrent,an,1
22909, afrent,arse,1
22910, afri,can,1
22911, african,as,1
22912, afron,tara,1
22913, ag,alla,1
22914, ag,i,1
22915, ag,ible,1
22916, ag,igan,1
22917, ag,il,1
22918, ag,on,1
22919, ag,raz,1
22920, ag,re,1
22921, ag,ár,1
22922, agasa,j,1
22923, agasa,jado,1
22924, agasaj,amos,1
22925, agaza,pa,1
22926, agaza,par,1
22927, agaza,pó,1
22928, agazap,asen,1
22929, agazap,ándose,1
22930, agi,tación,1
22931, agigan,tado,1
22932, agil,í,1
22933, agilí,tan,1
22934, agilítan,se,1
22935, agobi,aba,1
22936, agobi,ada,1
22937, agobi,ándola,1
22938, agon,ía,1
22939, agor,eros,1
22940, agos,tado,1
22941, agra,da,1
22942, agrad,aba,1
22943, agrad,é,1
22944, agradable,mente,1
22945, agrade,cemos,1
22946, agrade,ceros,1
22947, agrade,ci,1
22948, agrade,cidas,1
22949, agrade,cidísimo,1
22950, agrade,cérse,1
22951, agrade,cí,1
22952, agrade,zca,1
22953, agrade,zcas,1
22954, agradecer,lo,1
22955, agradecer,é,1
22956, agradeci,era,1
22957, agradeció,le,1
22958, agradeció,lo,1
22959, agradecé,ros,1
22960, agradecé,roslo,1
22961, agradecéros,las,1
22962, agradecérse,lo,1
22963, agradecía,mos,1
22964, agradé,zco,1
22965, agradézco,os,1
22966, agravi,aba,1
22967, agravi,ada,1
22968, agravi,arle,1
22969, agre,gar,1
22970, agu,ase,1
22971, agu,das,1
22972, agu,jas,1
22973, agu,jer,1
22974, agu,zan,1
22975, agu,ó,1
22976, agua,ch,1
22977, aguach,irle,1
22978, aguaman,iles,1
22979, aguar,dador,1
22980, aguar,dan,1
22981, aguar,daron,1
22982, aguar,dasen,1
22983, aguar,de,1
22984, aguar,den,1
22985, aguar,des,1
22986, aguar,do,1
22987, aguard,ábades,1
22988, aguard,ándolos,1
22989, aguard,ándome,1
22990, aguard,ándonos,1
22991, aguard,é,1
22992, aguardar,le,1
22993, aguardar,é,1
22994, agui,ja,1
22995, agui,jar,1
22996, agui,je,1
22997, agui,jó,1
22998, aguile,ño,1
22999, agujer,e,1
23000, agujere,ado,1
23001, agár,rale,1
23002, agü,elos,1
23003, ah,on,1
23004, ahe,ch,1
23005, ahe,chaba,1
23006, ahe,chado,1
23007, ahe,char,1
23008, ahe,cho,1
23009, ahech,ándole,1
23010, ahi,jado,1
23011, ahi,jados,1
23012, ahi,tarse,1
23013, ahij,ándolos,1
23014, ahij,ársele,1
23015, ahin,c,1
23016, ahin,cadas,1
23017, ahinc,adamente,1
23018, aho,ga,1
23019, aho,gado,1
23020, aho,galle,1
23021, aho,gando,1
23022, aho,gar,1
23023, aho,gara,1
23024, aho,guen,1
23025, ahogar,os,1
23026, ahon,dar,1
23027, ahor,caba,1
23028, ahor,cados,1
23029, ahor,camos,1
23030, ahor,can,1
23031, ahor,case,1
23032, ahor,ra,1
23033, ahor,rad,1
23034, ahor,rado,1
23035, ahor,ran,1
23036, ahor,ro,1
23037, ahor,ró,1
23038, ahorcar,me,1
23039, ahorcar,se,1
23040, ahorra,tivo,1
23041, ahorrar,a,1
23042, ahorrar,an,1
23043, ahuy,enta,1
23044, ahuy,entado,1
23045, ahí,ta,1
23046, ahín,cos,1
23047, ai,rada,1
23048, air,arse,1
23049, ais,lados,1
23050, aju,ar,1
23051, ajust,amos,1
23052, ajust,an,1
23053, ajust,ar,1
23054, ajust,ara,1
23055, ajust,ará,1
23056, ajust,ándola,1
23057, al,ambre,1
23058, al,ano,1
23059, al,anos,1
23060, al,ban,1
23061, al,daba,1
23062, al,ega,1
23063, al,entando,1
23064, al,fa,1
23065, al,feñ,1
23066, al,g,1
23067, al,gar,1
23068, al,gos,1
23069, al,gu,1
23070, al,gui,1
23071, al,ia,1
23072, al,ientes,1
23073, al,ig,1
23074, al,in,1
23075, al,is,1
23076, al,j,1
23077, al,mag,1
23078, al,mar,1
23079, al,par,1
23080, al,t,1
23081, al,tar,1
23082, al,tillo,1
23083, al,tis,1
23084, al,titud,1
23085, al,tro,1
23086, al,turas,1
23087, al,ude,1
23088, al,zas,1
23089, alab,aban,1
23090, alab,ada,1
23091, alab,arle,1
23092, alab,aron,1
23093, alab,ase,1
23094, alab,e,1
23095, alab,ándote,1
23096, alab,áronse,1
23097, alab,óle,1
23098, alabar,ás,1
23099, alabáronse,la,1
23100, alance,allas,1
23101, alance,ara,1
23102, alar,de,1
23103, alar,gan,1
23104, alar,gar,1
23105, alar,garme,1
23106, alar,gase,1
23107, alar,gó,1
23108, alar,idos,1
23109, alb,on,1
23110, alb,os,1
23111, alba,ñ,1
23112, alba,ñir,1
23113, alban,ega,1
23114, albar,das,1
23115, albar,de,1
23116, albar,raz,1
23117, albarraz,adas,1
23118, albañ,il,1
23119, alber,gan,1
23120, alber,garon,1
23121, alber,gase,1
23122, alber,gue,1
23123, albon,di,1
23124, albondi,gui,1
23125, albondigui,llas,1
23126, alboro,cen,1
23127, alboro,taba,1
23128, alboro,tarse,1
23129, alboro,te,1
23130, alboro,tes,1
23131, alboro,tóse,1
23132, alboro,zados,1
23133, alborotar,ían,1
23134, alc,all,1
23135, alc,éis,1
23136, alca,cel,1
23137, alca,gü,1
23138, alca,i,1
23139, alca,ti,1
23140, alcab,al,1
23141, alcab,ala,1
23142, alcabal,ero,1
23143, alcagü,ete,1
23144, alcai,día,1
23145, alcall,er,1
23146, alcan,cen,1
23147, alcan,zas,1
23148, alcan,zá,1
23149, alcanz,adas,1
23150, alcanz,ados,1
23151, alcanz,ando,1
23152, alcanz,ándoles,1
23153, alcanz,ásedes,1
23154, alcanzar,emos,1
23155, alcanzar,lo,1
23156, alcanzar,los,1
23157, alcanzar,é,1
23158, alcanzá,redes,1
23159, alcati,fa,1
23160, alcornoque,ñas,1
23161, aldaba,zos,1
23162, alde,ano,1
23163, alde,güela,1
23164, ale,jase,1
23165, ale,jándose,1
23166, ale,ma,1
23167, ale,manas,1
23168, ale,manes,1
23169, aleg,ado,1
23170, aleg,ando,1
23171, aleg,orías,1
23172, aleg,rando,1
23173, aleg,ren,1
23174, aleg,rá,1
23175, aleg,rándose,1
23176, aleg,ré,1
23177, aleg,rísimo,1
23178, aleg,ues,1
23179, alegrar,le,1
23180, alegrar,án,1
23181, alegrá,banse,1
23182, alegré,me,1
23183, alema,ñas,1
23184, aler,to,1
23185, alevos,os,1
23186, alevos,ías,1
23187, alf,ere,1
23188, alfa,quí,1
23189, alfere,cía,1
23190, alfeñ,ique,1
23191, alfiler,es,1
23192, alfor,ja,1
23193, alg,eb,1
23194, algar,ro,1
23195, algarro,bas,1
23196, algeb,ri,1
23197, algebri,sta,1
23198, algo,dones,1
23199, algui,en,1
23200, alh,aja,1
23201, alh,el,1
23202, alh,u,1
23203, alhel,íes,1
23204, alhu,ce,1
23205, alhuce,ma,1
23206, ali,mpi,1
23207, ali,qu,1
23208, ali,st,1
23209, ali,vió,1
23210, alia,gas,1
23211, alig,era,1
23212, alim,enta,1
23213, alim,entado,1
23214, alima,ña,1
23215, alima,ñas,1
23216, alimpi,ando,1
23217, alin,da,1
23218, aliqu,ando,1
23219, alis,arse,1
23220, alist,aba,1
23221, alivi,a,1
23222, alivi,adísimo,1
23223, alivi,ar,1
23224, alivi,aría,1
23225, alivi,os,1
23226, alj,am,1
23227, aljam,i,1
23228, aljami,ado,1
23229, all,ano,1
23230, all,ende,1
23231, all,ento,1
23232, all,ombre,1
23233, allan,ando,1
23234, allan,e,1
23235, alle,gaba,1
23236, alm,ena,1
23237, alm,íbar,1
23238, almag,re,1
23239, almar,io,1
23240, alme,jas,1
23241, almen,dra,1
23242, almen,dras,1
23243, almi,don,1
23244, almi,lla,1
23245, almi,rez,1
23246, almidon,ar,1
23247, almoh,a,1
23248, almoh,ácenme,1
23249, almoha,za,1
23250, almohad,illa,1
23251, almohad,illas,1
23252, alo,j,1
23253, alo,jaban,1
23254, alo,jados,1
23255, alo,jan,1
23256, alo,jando,1
23257, alo,jemos,1
23258, alo,jó,1
23259, aloj,amiento,1
23260, alojar,nos,1
23261, alon,gados,1
23262, alpar,ga,1
23263, alparga,tas,1
23264, alre,de,1
23265, alrede,dores,1
23266, alt,ísimas,1
23267, altan,eros,1
23268, altan,erías,1
23269, alter,ada,1
23270, alter,an,1
23271, alter,ando,1
23272, alter,arse,1
23273, alter,car,1
23274, alter,ó,1
23275, alterna,tivamente,1
23276, alterna,tivos,1
23277, alti,bajo,1
23278, altis,on,1
23279, altison,ante,1
23280, alu,mbr,1
23281, alu,mbrar,1
23282, alu,mbres,1
23283, alumbr,ándoles,1
23284, alumbrar,á,1
23285, alz,aban,1
23286, alz,adas,1
23287, alz,amiento,1
23288, alz,an,1
23289, alz,ase,1
23290, alz,ádole,1
23291, alz,ándote,1
23292, alz,óse,1
23293, alzar,me,1
23294, alzar,os,1
23295, alzas,te,1
23296, alá,be,1
23297, alábe,le,1
23298, alé,gra,1
23299, alé,gres,1
23300, alégra,te,1
23301, alégres,e,1
23302, am,aban,1
23303, am,adas,1
23304, am,asa,1
23305, am,eno,1
23306, am,enos,1
23307, am,on,1
23308, am,ora,1
23309, am,ábades,1
23310, am,é,1
23311, am,éis,1
23312, ama,inado,1
23313, ama,ñar,1
23314, ama,ño,1
23315, aman,ecen,1
23316, aman,ecido,1
23317, aman,ecían,1
23318, aman,ezca,1
23319, aman,sar,1
23320, aman,tado,1
23321, amance,bada,1
23322, amance,bar,1
23323, amanceb,ado,1
23324, amar,guen,1
23325, amar,gura,1
23326, amar,illa,1
23327, amar,illos,1
23328, amar,la,1
23329, amar,os,1
23330, amar,ra,1
23331, amarrar,os,1
23332, amarrar,á,1
23333, ame,mos,1
23334, amen,ísimos,1
23335, amenaz,óle,1
23336, ami,ca,1
23337, ami,cos,1
23338, ami,cus,1
23339, ami,g,1
23340, amig,able,1
23341, amigable,mente,1
23342, amon,don,1
23343, amondon,gado,1
23344, amor,os,1
23345, amor,tigu,1
23346, amor,íos,1
23347, amora,tado,1
23348, amoros,ísimos,1
23349, amortigu,ados,1
23350, amp,aran,1
23351, amp,o,1
23352, ampar,ador,1
23353, ampar,ando,1
23354, ampar,ase,1
23355, an,ales,1
23356, an,chas,1
23357, an,chos,1
23358, an,dados,1
23359, an,e,1
23360, an,egue,1
23361, an,ejos,1
23362, an,gui,1
23363, an,nis,1
23364, an,que,1
23365, an,ton,1
23366, an,tor,1
23367, an,tro,1
23368, an,tído,1
23369, an,udando,1
23370, an,ulo,1
23371, anch,ura,1
23372, anch,ísima,1
23373, anci,an,1
23374, anci,ana,1
23375, ancian,idad,1
23376, and,ábamos,1
23377, and,ábanse,1
23378, and,éis,1
23379, anda,mi,1
23380, anda,mio,1
23381, andad,as,1
23382, andad,ura,1
23383, andami,os,1
23384, andantes,cas,1
23385, andar,emos,1
23386, andar,las,1
23387, andar,os,1
23388, andar,ía,1
23389, andu,viere,1
23390, andu,vimos,1
23391, anduvi,stes,1
23392, anduvi,éremos,1
23393, ane,garon,1
23394, aneg,ase,1
23395, aneg,ábamos,1
23396, anex,o,1
23397, angos,ta,1
23398, angos,to,1
23399, angui,la,1
23400, angusti,adas,1
23401, angusti,ado,1
23402, angusti,ados,1
23403, ani,ma,1
23404, anim,ale,1
23405, anim,ará,1
23406, anim,es,1
23407, anim,ándose,1
23408, anim,é,1
23409, animal,ia,1
23410, animale,jo,1
23411, animos,ísimo,1
23412, aniqui,lada,1
23413, aniqui,lan,1
23414, aniqui,le,1
23415, aniqui,ló,1
23416, aniquilar,las,1
23417, ano,tar,1
23418, anoche,ce,1
23419, anoche,cen,1
23420, anoche,ci,1
23421, anoche,cido,1
23422, anocheci,ese,1
23423, ansi,oso,1
23424, ante,c,1
23425, ante,viendo,1
23426, antec,ámara,1
23427, anteced,entes,1
23428, antecog,er,1
23429, antecog,idos,1
23430, antecog,ió,1
23431, antes,ala,1
23432, antes,alas,1
23433, anti,quísi,1
23434, antigü,e,1
23435, antigüe,dades,1
23436, antiquísi,mo,1
23437, anto,j,1
23438, anto,jaba,1
23439, anto,jado,1
23440, anto,jaron,1
23441, anto,jósele,1
23442, antoj,una,1
23443, antojad,izo,1
23444, anton,omasia,1
23445, antor,chas,1
23446, antro,pó,1
23447, antropó,fa,1
23448, antropófa,gos,1
23449, antído,to,1
23450, anub,lar,1
23451, anub,ló,1
23452, ap,es,1
23453, ap,i,1
23454, ap,iñ,1
23455, ap,or,1
23456, ap,rue,1
23457, ap,titud,1
23458, ap,u,1
23459, ap,uraba,1
23460, ap,urada,1
23461, ap,urado,1
23462, ap,uro,1
23463, ap,ár,1
23464, ap,éate,1
23465, ap,ólo,1
23466, apa,c,1
23467, apa,gando,1
23468, apa,garse,1
23469, apa,gó,1
23470, apac,entando,1
23471, apaci,bi,1
23472, apaci,bles,1
23473, apaci,entan,1
23474, apacibi,lidad,1
23475, apacigu,arse,1
23476, apale,ar,1
23477, apale,e,1
23478, apale,en,1
23479, apale,ó,1
23480, apar,adores,1
23481, apar,ecido,1
23482, apar,eció,1
23483, apar,ejo,1
23484, apar,taban,1
23485, apar,tamiento,1
23486, apar,tan,1
23487, apar,ten,1
23488, apar,táis,1
23489, apara,tos,1
23490, apare,jad,1
23491, apare,jada,1
23492, apare,je,1
23493, apare,jó,1
23494, apareja,os,1
23495, aparejad,ísimos,1
23496, apart,ándoles,1
23497, apart,ándome,1
23498, ape,ado,1
23499, ape,ados,1
23500, ape,amiento,1
23501, ape,arla,1
23502, ape,dern,1
23503, ape,ándole,1
23504, ape,é,1
23505, apedern,aladas,1
23506, apelli,dado,1
23507, apelli,dar,1
23508, apellidar,ían,1
23509, aper,cebido,1
23510, aper,ci,1
23511, aper,s,1
23512, aperce,bi,1
23513, aperce,bida,1
23514, apercebi,dos,1
23515, aperci,ba,1
23516, apers,onado,1
23517, apes,ar,1
23518, apesar,ado,1
23519, apete,cer,1
23520, apete,zco,1
23521, apetecer,lo,1
23522, apeti,tes,1
23523, api,car,1
23524, apicar,ados,1
23525, apiñ,ados,1
23526, apla,cado,1
23527, apla,car,1
23528, apla,cara,1
23529, apla,caron,1
23530, apla,ce,1
23531, apla,zada,1
23532, apli,c,1
23533, apli,caba,1
23534, apli,cados,1
23535, apli,cando,1
23536, apli,cas,1
23537, apli,cándose,1
23538, apli,qué,1
23539, aplic,ándolos,1
23540, aplicar,le,1
23541, aplicar,á,1
23542, aplicándose,las,1
23543, apliqué,las,1
23544, apo,ca,1
23545, apo,cado,1
23546, apo,cábase,1
23547, apo,der,1
23548, apo,ques,1
23549, apoder,an,1
23550, apor,tares,1
23551, aporre,a,1
23552, aporre,aba,1
23553, aporre,antes,1
23554, aporre,aron,1
23555, apos,tar,1
23556, apre,ci,1
23557, apre,cie,1
23558, apre,tadas,1
23559, apre,tados,1
23560, apre,taron,1
23561, apre,tarse,1
23562, apre,tándolas,1
23563, apre,tándole,1
23564, apre,tándose,1
23565, apre,tósele,1
23566, apreci,adores,1
23567, apren,de,1
23568, apren,der,1
23569, apren,di,1
23570, apren,dida,1
23571, apren,diendo,1
23572, aprendi,eses,1
23573, apres,urado,1
23574, apres,urando,1
23575, apresu,rar,1
23576, apresu,raron,1
23577, apresu,res,1
23578, apresurar,te,1
23579, apretó,me,1
23580, apri,e,1
23581, apri,etos,1
23582, apri,s,1
23583, apri,sa,1
23584, apri,si,1
23585, aprie,tes,1
23586, apris,cos,1
23587, aprisi,onado,1
23588, apro,bar,1
23589, aprob,ara,1
23590, aprob,aron,1
23591, aprob,ó,1
23592, aprobar,á,1
23593, apropi,adas,1
23594, apropi,ado,1
23595, aprove,che,1
23596, aprovech,aban,1
23597, aprovech,ará,1
23598, aprovech,ándose,1
23599, aprovechar,nos,1
23600, aprovechar,os,1
23601, aprue,ba,1
23602, apu,ñe,1
23603, apun,t,1
23604, apun,tado,1
23605, apun,tando,1
23606, apun,tarme,1
23607, apun,te,1
23608, apun,té,1
23609, apunt,ándome,1
23610, apuñe,ado,1
23611, apár,tense,1
23612, apócri,fas,1
23613, apócri,fos,1
23614, apólo,gas,1
23615, aque,sa,1
23616, aque,sos,1
23617, aque,sta,1
23618, aqui,sta,1
23619, aqué,stas,1
23620, aqué,stos,1
23621, ar,ar,1
23622, ar,bol,1
23623, ar,bole,1
23624, ar,ca,1
23625, ar,ch,1
23626, ar,den,1
23627, ar,der,1
23628, ar,do,1
23629, ar,go,1
23630, ar,gü,1
23631, ar,man,1
23632, ar,mi,1
23633, ar,naúte,1
23634, ar,pas,1
23635, ar,queta,1
23636, ar,qui,1
23637, ar,rin,1
23638, ar,ru,1
23639, ar,rumb,1
23640, ar,ró,1
23641, ara,mb,1
23642, arag,ones,1
23643, aragones,es,1
23644, aramb,eles,1
23645, aran,celes,1
23646, arbi,tran,1
23647, arbitran,te,1
23648, arbitri,o,1
23649, arbitri,os,1
23650, arbol,ando,1
23651, arbole,da,1
23652, arcabu,cería,1
23653, arcabu,za,1
23654, arcabuza,zos,1
23655, arcadu,ces,1
23656, arcadu,z,1
23657, arch,id,1
23658, archi,di,1
23659, archid,u,1
23660, archidi,gn,1
23661, archidign,ísimo,1
23662, archidu,que,1
23663, ardi,d,1
23664, ardi,des,1
23665, ardi,entes,1
23666, ardi,miento,1
23667, ardu,a,1
23668, ardu,o,1
23669, aren,oso,1
23670, aren,ques,1
23671, arg,ent,1
23672, arg,entada,1
23673, argent,ería,1
23674, argo,llas,1
23675, argu,yo,1
23676, argü,ir,1
23677, arm,adas,1
23678, arm,adura,1
23679, arm,alle,1
23680, arm,ase,1
23681, arm,ón,1
23682, arm,óse,1
23683, arma,zón,1
23684, armi,ño,1
23685, armón,ico,1
23686, aromá,tica,1
23687, aromá,tico,1
23688, arp,adas,1
23689, arqui,te,1
23690, arquite,tura,1
23691, arra,ig,1
23692, arra,igó,1
23693, arraig,ado,1
23694, arran,ca,1
23695, arran,cada,1
23696, arran,cábase,1
23697, arran,cándose,1
23698, arran,quen,1
23699, arrancar,án,1
23700, arrancar,é,1
23701, arrancándose,le,1
23702, arras,an,1
23703, arras,tran,1
23704, arras,tras,1
23705, arras,ó,1
23706, arrast,rarse,1
23707, arrast,ró,1
23708, arrastra,das,1
23709, arre,ar,1
23710, arre,man,1
23711, arre,o,1
23712, arre,qui,1
23713, arreba,t,1
23714, arreba,tadamente,1
23715, arreba,tan,1
23716, arreba,tando,1
23717, arreba,tó,1
23718, arrebat,ándola,1
23719, arreman,gadas,1
23720, arreme,tido,1
23721, arreme,to,1
23722, arren,da,1
23723, arren,dada,1
23724, arren,dar,1
23725, arren,dara,1
23726, arrenda,miento,1
23727, arrep,ienta,1
23728, arrep,iento,1
23729, arrep,intió,1
23730, arrepenti,da,1
23731, arrepenti,dos,1
23732, arrequi,ves,1
23733, arri,ma,1
23734, arri,mos,1
23735, arrin,con,1
23736, arrincon,ados,1
23737, arro,b,1
23738, arro,ba,1
23739, arro,cadas,1
23740, arro,j,1
23741, arro,jada,1
23742, arro,jara,1
23743, arro,jo,1
23744, arro,jándose,1
23745, arro,jóse,1
23746, arro,par,1
23747, arro,z,1
23748, arrob,amiento,1
23749, arrodilla,do,1
23750, arrodilla,miento,1
23751, arroj,ándole,1
23752, arrojar,as,1
23753, arrojar,los,1
23754, arrojar,me,1
23755, arrojar,ía,1
23756, arrojas,en,1
23757, arroje,mos,1
23758, arrojó,la,1
23759, arrop,aron,1
23760, arrop,asen,1
23761, arrop,ándole,1
23762, arropar,me,1
23763, arros,t,1
23764, arrost,rar,1
23765, arru,gado,1
23766, arrul,lador,1
23767, arrul,lar,1
23768, arrumb,adas,1
23769, arró,jate,1
23770, artes,a,1
23771, artes,as,1
23772, artes,oncillo,1
23773, arti,cul,1
23774, arti,ficios,1
23775, articul,adas,1
23776, artifi,cioso,1
23777, artifi,ciosos,1
23778, artificios,as,1
23779, arz,ones,1
23780, arzobis,p,1
23781, arzobisp,ales,1
23782, arábi,ga,1
23783, as,adas,1
23784, as,ado,1
23785, as,ador,1
23786, as,ados,1
23787, as,aduras,1
23788, as,conde,1
23789, as,en,1
23790, as,entóse,1
23791, as,id,1
23792, as,ienten,1
23793, as,iera,1
23794, as,ieron,1
23795, as,irse,1
23796, as,pa,1
23797, as,pado,1
23798, as,par,1
23799, as,pecto,1
23800, as,peta,1
23801, as,uela,1
23802, as,ura,1
23803, asaete,aran,1
23804, asaete,e,1
23805, asal,t,1
23806, asal,ta,1
23807, asal,ten,1
23808, asal,tó,1
23809, asalt,ásemos,1
23810, ascon,der,1
23811, ascon,déis,1
23812, asconder,me,1
23813, ase,ados,1
23814, asegu,raba,1
23815, asegu,ran,1
23816, asegu,rándose,1
23817, asegu,ró,1
23818, asegurar,te,1
23819, asegurar,é,1
23820, asegurar,ía,1
23821, asegurar,íamos,1
23822, asegú,rala,1
23823, asegú,rate,1
23824, asender,ado,1
23825, asendere,ada,1
23826, asent,ada,1
23827, asent,arse,1
23828, asentar,ía,1
23829, asentó,me,1
23830, asentóse,le,1
23831, ases,or,1
23832, ases,tan,1
23833, asi,das,1
23834, asi,es,1
23835, asi,rios,1
23836, asi,ste,1
23837, asi,éndome,1
23838, asid,ero,1
23839, asies,ten,1
23840, asist,ían,1
23841, asn,ales,1
23842, asn,almente,1
23843, asol,ados,1
23844, asol,ase,1
23845, asol,ver,1
23846, asol,viese,1
23847, asolver,le,1
23848, asom,ar,1
23849, asom,aron,1
23850, asom,ó,1
23851, asomb,radiza,1
23852, asomb,ren,1
23853, asombrar,a,1
23854, asombrar,an,1
23855, aspeta,tores,1
23856, aspir,an,1
23857, aspir,ar,1
23858, asque,rosa,1
23859, asque,rosas,1
23860, asque,roso,1
23861, asque,ste,1
23862, ast,ros,1
23863, ast,roso,1
23864, astro,lab,1
23865, astrolab,io,1
23866, astu,to,1
23867, asura,mos,1
23868, at,aba,1
23869, at,ale,1
23870, at,an,1
23871, at,iene,1
23872, at,on,1
23873, at,ran,1
23874, at,us,1
23875, at,ármela,1
23876, at,é,1
23877, ata,jan,1
23878, ata,jar,1
23879, ata,jase,1
23880, ata,jos,1
23881, atad,illo,1
23882, atad,ura,1
23883, atale,gar,1
23884, atar,les,1
23885, atañe,deras,1
23886, atemor,i,1
23887, atemor,iz,1
23888, atemori,cen,1
23889, atemoriz,an,1
23890, aten,dimos,1
23891, aten,dían,1
23892, aten,erse,1
23893, aten,ga,1
23894, aten,ida,1
23895, aten,iéndome,1
23896, aten,iéndose,1
23897, aten,ácenme,1
23898, atendió,le,1
23899, atent,adamente,1
23900, atent,ados,1
23901, atent,ísimos,1
23902, atenu,ado,1
23903, ates,tada,1
23904, ates,tados,1
23905, ati,erra,1
23906, atil,dad,1
23907, atil,de,1
23908, atildad,ura,1
23909, atién,tame,1
23910, aton,tada,1
23911, atorment,en,1
23912, atos,igó,1
23913, atra,illa,1
23914, atra,viesen,1
23915, atraer,le,1
23916, atraer,án,1
23917, atrailla,do,1
23918, atran,car,1
23919, atraves,ados,1
23920, atraves,ando,1
23921, atraves,ar,1
23922, atraves,arla,1
23923, atraves,aron,1
23924, atraves,é,1
23925, atre,ve,1
23926, atre,ves,1
23927, atre,vier,1
23928, atre,viere,1
23929, atre,ví,1
23930, atre,vía,1
23931, atrever,án,1
23932, atrever,é,1
23933, atrevi,das,1
23934, atrevi,dillo,1
23935, atrevi,óse,1
23936, atrevier,es,1
23937, atrib,ularon,1
23938, atribu,ya,1
23939, atribu,yan,1
23940, atribu,yendo,1
23941, atribu,í,1
23942, atribu,ía,1
23943, atribu,ían,1
23944, atribuir,le,1
23945, atribuir,lo,1
23946, atribuir,me,1
23947, atribuy,en,1
23948, atribuy,éndolos,1
23949, atron,aba,1
23950, atron,aban,1
23951, atron,aron,1
23952, atropel,lada,1
23953, atropel,lado,1
23954, atropel,lan,1
23955, atropel,laron,1
23956, atroz,mente,1
23957, atus,ándole,1
23958, atón,ita,1
23959, au,da,1
23960, au,g,1
23961, au,menta,1
23962, au,ro,1
23963, au,tos,1
23964, auda,císimo,1
23965, audi,encias,1
23966, aug,menta,1
23967, aulli,dos,1
23968, aument,aban,1
23969, aument,aron,1
23970, aument,áis,1
23971, aument,ármela,1
23972, aument,ó,1
23973, aumentar,án,1
23974, aus,entas,1
23975, ausent,ase,1
23976, ausent,asen,1
23977, ausent,á,1
23978, ausentá,dose,1
23979, autor,ice,1
23980, autor,iz,1
23981, autor,izo,1
23982, autoriz,ada,1
23983, autén,ti,1
23984, autén,tico,1
23985, auténti,camente,1
23986, avar,iento,1
23987, avas,allado,1
23988, avasall,ara,1
23989, avasall,ase,1
23990, avasall,en,1
23991, ave,citas,1
23992, avellan,ada,1
23993, avellan,adas,1
23994, aven,dremos,1
23995, aven,dré,1
23996, aven,dría,1
23997, aven,ga,1
23998, aven,ir,1
23999, aventa,jaban,1
24000, aventa,jada,1
24001, aventa,jado,1
24002, aventa,jaron,1
24003, aventa,jase,1
24004, aventajar,á,1
24005, aventajar,án,1
24006, aventu,re,1
24007, aventur,ando,1
24008, aventur,era,1
24009, aventur,eras,1
24010, aventur,ándote,1
24011, aventur,é,1
24012, aventur,éis,1
24013, aventura,ba,1
24014, aventura,do,1
24015, aventurar,lo,1
24016, aventurar,ía,1
24017, avergon,zada,1
24018, avergon,zados,1
24019, averigu,adas,1
24020, averigu,allo,1
24021, averigu,are,1
24022, averigu,arse,1
24023, averigu,ase,1
24024, averigu,o,1
24025, averigua,ciones,1
24026, averigü,en,1
24027, averigü,éle,1
24028, avi,esas,1
24029, avi,eso,1
24030, avi,se,1
24031, avi,v,1
24032, avi,vado,1
24033, avi,ve,1
24034, avi,ves,1
24035, avi,vo,1
24036, avis,ada,1
24037, avis,adas,1
24038, avis,ando,1
24039, avis,aré,1
24040, avis,asen,1
24041, avis,pas,1
24042, avis,ándome,1
24043, avis,ásemos,1
24044, avisar,te,1
24045, avisar,ía,1
24046, avisaré,te,1
24047, aviv,aban,1
24048, aví,so,1
24049, avís,ame,1
24050, avís,enme,1
24051, avíso,te,1
24052, ay,udad,1
24053, ay,uno,1
24054, ay,untad,1
24055, ay,uso,1
24056, ayu,des,1
24057, ayud,ábala,1
24058, ayud,ándoos,1
24059, ayud,éis,1
24060, ayudad,or,1
24061, ayudar,an,1
24062, ayudar,e,1
24063, ayudar,emos,1
24064, ayudar,les,1
24065, ayudar,on,1
24066, ayudar,os,1
24067, ayudar,se,1
24068, ayudar,te,1
24069, ayudar,ía,1
24070, ayun,ase,1
24071, ayun,que,1
24072, ayuntad,os,1
24073, ayú,dame,1
24074, ayú,dome,1
24075, az,ad,1
24076, az,cona,1
24077, aza,cán,1
24078, azad,ón,1
24079, azo,tan,1
24080, azo,tarle,1
24081, azo,tase,1
24082, azota,ina,1
24083, azotar,te,1
24084, azotes,ca,1
24085, azu,mbre,1
24086, azu,mbres,1
24087, azó,tan,1
24088, azó,tate,1
24089, azótan,me,1
24090, añ,adas,1
24091, añ,ejo,1
24092, añ,u,1
24093, añad,e,1
24094, añad,ieron,1
24095, añad,iese,1
24096, añad,iesen,1
24097, añad,ióse,1
24098, añad,í,1
24099, añad,ía,1
24100, añad,ís,1
24101, añadir,les,1
24102, añadir,ía,1
24103, añu,demos,1
24104, añudad,a,1
24105, añudad,as,1
24106, b,am,1
24107, b,aron,1
24108, b,ea,1
24109, b,ir,1
24110, b,irre,1
24111, b,le,1
24112, b,orre,1
24113, b,oste,1
24114, b,rida,1
24115, b,uido,1
24116, b,ése,1
24117, b,ú,1
24118, b,úcar,1
24119, ba,ci,1
24120, ba,ga,1
24121, ba,jas,1
24122, ba,te,1
24123, ba,tel,1
24124, ba,tería,1
24125, ba,tido,1
24126, ba,tir,1
24127, ba,us,1
24128, ba,za,1
24129, ba,ñado,1
24130, ba,ños,1
24131, bab,era,1
24132, bachil,le,1
24133, bachille,ar,1
24134, bachiller,ada,1
24135, bachiller,es,1
24136, baci,y,1
24137, baciy,el,1
24138, baciyel,mo,1
24139, bad,eas,1
24140, bad,ula,1
24141, badula,ques,1
24142, baga,jes,1
24143, bail,adores,1
24144, bailador,as,1
24145, bailar,ines,1
24146, bailar,é,1
24147, bailar,ín,1
24148, baj,ada,1
24149, baj,ado,1
24150, baj,an,1
24151, baj,ando,1
24152, baj,ara,1
24153, baj,ábale,1
24154, baj,ándose,1
24155, bajar,la,1
24156, baje,zas,1
24157, bal,as,1
24158, bal,dones,1
24159, bal,idos,1
24160, bala,zo,1
24161, balad,ro,1
24162, balad,ros,1
24163, ballena,tos,1
24164, bam,bole,1
24165, bambole,as,1
24166, ban,d,1
24167, ban,dos,1
24168, band,ines,1
24169, bap,ti,1
24170, bap,tiz,1
24171, bapti,zada,1
24172, baptiz,alla,1
24173, bar,cadas,1
24174, bar,ren,1
24175, bar,rer,1
24176, bar,roso,1
24177, bar,rían,1
24178, bara,jan,1
24179, barb,adas,1
24180, barb,ar,1
24181, barb,e,1
24182, barb,era,1
24183, barb,ería,1
24184, barb,udo,1
24185, barbar,las,1
24186, barbe,cho,1
24187, barbi,lu,1
24188, barbi,p,1
24189, barbi,ta,1
24190, barbilu,cio,1
24191, barbip,on,1
24192, barbipon,iente,1
24193, barbita,he,1
24194, barbitahe,ño,1
24195, barniz,ada,1
24196, baron,ías,1
24197, barra,gan,1
24198, barragan,ía,1
24199, barren,ó,1
24200, barri,les,1
24201, bas,as,1
24202, bas,cas,1
24203, bas,taban,1
24204, bas,to,1
24205, bas,ura,1
24206, bastan,tísima,1
24207, bastante,mente,1
24208, bastar,an,1
24209, bastar,da,1
24210, bastar,e,1
24211, bastará,me,1
24212, baste,cida,1
24213, basti,mento,1
24214, bat,allar,1
24215, batan,ado,1
24216, batan,e,1
24217, batane,e,1
24218, baus,anes,1
24219, bauti,ce,1
24220, bauti,zar,1
24221, bañ,adas,1
24222, bañ,ados,1
24223, bañ,an,1
24224, bañ,arle,1
24225, bañ,aron,1
24226, bañ,arse,1
24227, bañ,ará,1
24228, bañ,ándose,1
24229, be,bo,1
24230, be,ca,1
24231, be,co,1
24232, bea,tifi,1
24233, beatifi,caron,1
24234, beb,ed,1
24235, beb,edor,1
24236, beb,iere,1
24237, beb,í,1
24238, beb,ían,1
24239, beb,íase,1
24240, beber,é,1
24241, bebi,das,1
24242, bebi,dos,1
24243, beco,quín,1
24244, beli,cos,1
24245, beli,tre,1
24246, belicos,os,1
24247, bella,c,1
24248, bella,cona,1
24249, bella,cón,1
24250, bellac,uelo,1
24251, bellacona,zo,1
24252, ben,decir,1
24253, ben,decía,1
24254, ben,dijo,1
24255, ben,itos,1
24256, bendecir,é,1
24257, bendi,go,1
24258, bendi,tas,1
24259, bendi,tísima,1
24260, bendi,tísimo,1
24261, benevol,encias,1
24262, benig,no,1
24263, ber,gante,1
24264, ber,zas,1
24265, berenj,en,1
24266, berenj,ena,1
24267, berenj,enas,1
24268, berenjen,eros,1
24269, berme,ja,1
24270, berme,llón,1
24271, bes,ad,1
24272, bes,ado,1
24273, bes,amos,1
24274, bes,arse,1
24275, bes,ugo,1
24276, bes,ándola,1
24277, bes,ándose,1
24278, bes,ársela,1
24279, bes,árselos,1
24280, bes,éis,1
24281, besar,las,1
24282, besándose,las,1
24283, bi,én,1
24284, bien,he,1
24285, bien,intenci,1
24286, bien,lle,1
24287, bien,ven,1
24288, bienavent,urada,1
24289, bienes,tar,1
24290, bienhe,chor,1
24291, bienintenci,on,1
24292, bienintencion,adamente,1
24293, bienlle,gada,1
24294, bienven,ida,1
24295, bir,la,1
24296, birre,tillo,1
24297, bis,ab,1
24298, bis,n,1
24299, bis,unto,1
24300, bisab,uelos,1
24301, bisn,ie,1
24302, bisnie,to,1
24303, biz,mado,1
24304, bizar,ras,1
24305, bizm,alle,1
24306, bizm,arse,1
24307, bizmar,le,1
24308, blan,de,1
24309, blan,diendo,1
24310, blan,dió,1
24311, blan,dones,1
24312, blan,dos,1
24313, blande,ando,1
24314, blas,ón,1
24315, blasfe,mo,1
24316, ble,dos,1
24317, bo,do,1
24318, bo,gado,1
24319, bo,gase,1
24320, bo,gó,1
24321, bo,j,1
24322, bo,la,1
24323, bo,que,1
24324, bo,qui,1
24325, bo,tanas,1
24326, bo,te,1
24327, bo,til,1
24328, bo,to,1
24329, bob,erías,1
24330, bode,g,1
24331, bode,ga,1
24332, bode,gón,1
24333, bodeg,onero,1
24334, bodo,ques,1
24335, bofe,tones,1
24336, bofe,tón,1
24337, boj,igan,1
24338, bojigan,ga,1
24339, bol,lo,1
24340, bol,s,1
24341, bol,sas,1
24342, bols,ón,1
24343, bolsi,co,1
24344, bolsi,lla,1
24345, bon,ita,1
24346, bon,us,1
24347, bon,ísimos,1
24348, bone,tero,1
24349, boque,ar,1
24350, boqui,r,1
24351, boquir,ru,1
24352, bor,bol,1
24353, bor,dando,1
24354, bor,do,1
24355, bor,la,1
24356, bor,raba,1
24357, bor,rado,1
24358, bor,ran,1
24359, bor,raron,1
24360, borbol,lones,1
24361, borcegu,í,1
24362, borra,cherías,1
24363, borra,chos,1
24364, borrar,la,1
24365, borrar,le,1
24366, borrar,án,1
24367, borras,cas,1
24368, borre,ga,1
24369, bosque,ril,1
24370, boste,zó,1
24371, bote,cillo,1
24372, boti,ca,1
24373, boti,car,1
24374, boticar,ios,1
24375, botil,lerías,1
24376, bra,c,1
24377, bra,gas,1
24378, bra,maba,1
24379, bra,mando,1
24380, bra,mido,1
24381, bra,midos,1
24382, bra,vamente,1
24383, brac,manes,1
24384, bras,as,1
24385, bras,ero,1
24386, brava,tas,1
24387, bre,tones,1
24388, bre,va,1
24389, bri,llando,1
24390, bri,z,1
24391, brin,cos,1
24392, brin,daba,1
24393, brin,dis,1
24394, briz,nas,1
24395, bro,taban,1
24396, bro,tar,1
24397, bron,c,1
24398, bron,ca,1
24399, bron,co,1
24400, bronc,ínea,1
24401, bru,ja,1
24402, bru,mada,1
24403, bru,mó,1
24404, bru,tes,1
24405, bru,ñ,1
24406, brutes,co,1
24407, bruñ,idas,1
24408, bu,far,1
24409, bu,riles,1
24410, bu,z,1
24411, bu,ñ,1
24412, bucóli,ca,1
24413, bucóli,cas,1
24414, bui,das,1
24415, bull,endo,1
24416, bull,ente,1
24417, bur,dos,1
24418, bur,ladas,1
24419, bur,ladora,1
24420, bur,lando,1
24421, bur,le,1
24422, bur,lería,1
24423, burl,aban,1
24424, burl,ador,1
24425, burl,aron,1
24426, burl,onas,1
24427, burl,áis,1
24428, burl,éis,1
24429, bus,cado,1
24430, bus,casen,1
24431, bus,co,1
24432, bus,có,1
24433, busc,ada,1
24434, busc,adas,1
24435, busc,ador,1
24436, busc,allos,1
24437, busc,ándola,1
24438, busc,ándoos,1
24439, busc,ásemos,1
24440, buscar,emos,1
24441, buscar,los,1
24442, buscar,nos,1
24443, buscar,os,1
24444, buscar,se,1
24445, buscar,á,1
24446, buscar,é,1
24447, buscas,es,1
24448, busque,mos,1
24449, buz,cor,1
24450, buzcor,ona,1
24451, buñ,uelos,1
24452, bá,ra,1
24453, bár,bara,1
24454, bára,tro,1
24455, bást,ale,1
24456, béli,cos,1
24457, bése,le,1
24458, bú,ho,1
24459, búcar,os,1
24460, c,antes,1
24461, c,edu,1
24462, c,enas,1
24463, c,esen,1
24464, c,ientos,1
24465, c,igü,1
24466, c,le,1
24467, c,lem,1
24468, c,ler,1
24469, c,lí,1
24470, c,ues,1
24471, c,ín,1
24472, c,úbrete,1
24473, ca,ci,1
24474, ca,j,1
24475, ca,par,1
24476, ca,pas,1
24477, ca,tarle,1
24478, ca,ton,1
24479, ca,tándole,1
24480, ca,té,1
24481, ca,var,1
24482, ca,ya,1
24483, ca,yas,1
24484, ca,yo,1
24485, ca,zando,1
24486, ca,zarle,1
24487, ca,zas,1
24488, ca,zos,1
24489, cab,ales,1
24490, cab,alle,1
24491, cab,estros,1
24492, cab,os,1
24493, cab,ría,1
24494, cabal,gaba,1
24495, caball,era,1
24496, caballer,izas,1
24497, caballeres,co,1
24498, caballero,te,1
24499, cabiz,ba,1
24500, cabizba,ja,1
24501, cabrahí,go,1
24502, cabrahí,gos,1
24503, caci,que,1
24504, cad,en,1
24505, cada,h,1
24506, cadah,al,1
24507, cadahal,so,1
24508, caden,illa,1
24509, caer,se,1
24510, caer,án,1
24511, caj,ita,1
24512, cal,ab,1
24513, cal,ado,1
24514, cal,der,1
24515, cal,entar,1
24516, cal,eta,1
24517, cal,ienta,1
24518, cal,ientan,1
24519, cal,ientes,1
24520, cal,ig,1
24521, cal,on,1
24522, cal,ores,1
24523, cal,u,1
24524, cal,un,1
24525, cal,za,1
24526, cal,zadas,1
24527, cal,zarme,1
24528, cal,zo,1
24529, cal,zándose,1
24530, cal,ándose,1
24531, calab,rés,1
24532, calabo,zos,1
24533, calde,as,1
24534, calde,os,1
24535, calder,adas,1
24536, calent,aban,1
24537, calent,uras,1
24538, califi,cadas,1
24539, califi,cados,1
24540, calig,inos,1
24541, caliginos,as,1
24542, call,aban,1
24543, call,ados,1
24544, call,andi,1
24545, call,en,1
24546, call,enta,1
24547, call,os,1
24548, callandi,co,1
24549, callar,lo,1
24550, callar,los,1
24551, calo,ñas,1
24552, calon,jía,1
24553, calu,rosos,1
24554, calum,n,1
24555, calum,ni,1
24556, calumn,ias,1
24557, calumni,ado,1
24558, calun,ien,1
24559, calva,t,1
24560, calvat,ruen,1
24561, calvatruen,o,1
24562, caló,ñ,1
24563, calóñ,enme,1
24564, cam,bia,1
24565, cam,ellos,1
24566, cam,pañas,1
24567, camaran,chones,1
24568, camb,ie,1
24569, camb,ron,1
24570, cambi,ado,1
24571, cambi,asen,1
24572, cambron,eras,1
24573, camin,allas,1
24574, camin,en,1
24575, camin,ábamos,1
24576, camin,ó,1
24577, campe,aba,1
24578, campe,ar,1
24579, campe,ó,1
24580, can,ales,1
24581, can,ario,1
24582, can,da,1
24583, can,dados,1
24584, can,e,1
24585, can,el,1
24586, can,illas,1
24587, can,ina,1
24588, can,sas,1
24589, can,t,1
24590, can,tadas,1
24591, can,tado,1
24592, can,tados,1
24593, can,tan,1
24594, can,taron,1
24595, can,tas,1
24596, can,tasen,1
24597, can,ter,1
24598, can,ti,1
24599, can,tores,1
24600, can,tos,1
24601, can,tus,1
24602, can,ísima,1
24603, canan,ea,1
24604, canda,y,1
24605, canday,esca,1
24606, cande,li,1
24607, candeli,llas,1
24608, candi,les,1
24609, candila,zo,1
24610, candila,zos,1
24611, cane,quí,1
24612, canel,ones,1
24613, canon,i,1
24614, canon,izar,1
24615, canoni,cato,1
24616, canoniz,an,1
24617, canoniz,aron,1
24618, cans,aba,1
24619, cans,aban,1
24620, cans,ase,1
24621, cans,é,1
24622, cans,óle,1
24623, cansar,an,1
24624, cansar,me,1
24625, cansar,os,1
24626, cant,ueso,1
24627, cantar,a,1
24628, cantar,es,1
24629, cantar,illo,1
24630, cantar,á,1
24631, cantar,é,1
24632, canter,à,1
24633, canti,mp,1
24634, cantimp,lor,1
24635, cantimplor,as,1
24636, cantus,ado,1
24637, cap,ones,1
24638, cap,tar,1
24639, cap,tiva,1
24640, cap,ul,1
24641, capa,chos,1
24642, capa,cidad,1
24643, capa,ta,1
24644, capar,um,1
24645, capata,ces,1
24646, capel,lan,1
24647, capellan,es,1
24648, capi,ro,1
24649, capi,tal,1
24650, capi,tanas,1
24651, capiro,tes,1
24652, capu,ch,1
24653, capu,t,1
24654, capu,z,1
24655, capuch,ino,1
24656, capul,los,1
24657, car,am,1
24658, car,b,1
24659, car,bón,1
24660, car,d,1
24661, car,eciendo,1
24662, car,gaban,1
24663, car,gados,1
24664, car,gando,1
24665, car,garse,1
24666, car,gas,1
24667, car,gues,1
24668, car,mín,1
24669, car,na,1
24670, car,os,1
24671, car,p,1
24672, car,rico,1
24673, car,ril,1
24674, car,rillo,1
24675, car,riola,1
24676, car,tero,1
24677, car,tones,1
24678, cara,cteres,1
24679, caram,illos,1
24680, carb,un,1
24681, carbun,cos,1
24682, carc,om,1
24683, carc,oma,1
24684, carc,omen,1
24685, carca,j,1
24686, carcom,ida,1
24687, card,inales,1
24688, carecer,ía,1
24689, careci,era,1
24690, careci,eran,1
24691, careci,ere,1
24692, cari,cias,1
24693, carirredon,da,1
24694, carirredon,do,1
24695, carita,tivas,1
24696, carn,al,1
24697, carna,zas,1
24698, carnes,to,1
24699, carnesto,len,1
24700, carnestolen,das,1
24701, carni,cer,1
24702, carnicer,ías,1
24703, carp,ían,1
24704, carre,teros,1
24705, carrico,che,1
24706, cará,cteres,1
24707, cará,teres,1
24708, cará,tu,1
24709, carátu,la,1
24710, cas,ad,1
24711, cas,am,1
24712, cas,amos,1
24713, cas,an,1
24714, cas,co,1
24715, cas,en,1
24716, cas,ero,1
24717, cas,eros,1
24718, cas,pa,1
24719, cas,tamente,1
24720, cas,tidad,1
24721, cas,tor,1
24722, cas,tí,1
24723, cas,árase,1
24724, cas,ármela,1
24725, casa,os,1
24726, casad,la,1
24727, casam,ent,1
24728, casament,ero,1
24729, casar,nos,1
24730, casar,ás,1
24731, casar,ía,1
24732, casar,ían,1
24733, cascab,el,1
24734, cast,rador,1
24735, casti,g,1
24736, casti,ga,1
24737, casti,gando,1
24738, casti,gue,1
24739, casti,guen,1
24740, casti,gándome,1
24741, casti,gó,1
24742, casti,za,1
24743, casti,zo,1
24744, castig,allos,1
24745, castigar,le,1
24746, castigar,nos,1
24747, castigar,é,1
24748, castí,gal,1
24749, castígal,os,1
24750, castígue,se,1
24751, catad,uras,1
24752, catar,rib,1
24753, catar,ro,1
24754, catar,ros,1
24755, catarrib,eras,1
24756, caton,i,1
24757, catoni,anas,1
24758, cator,cen,1
24759, catorcen,o,1
24760, cau,terio,1
24761, cau,terios,1
24762, cau,to,1
24763, caudal,oso,1
24764, caudal,osos,1
24765, caus,adora,1
24766, caus,an,1
24767, caus,ara,1
24768, caus,arme,1
24769, caus,ábanle,1
24770, causar,án,1
24771, cauti,vado,1
24772, cauti,van,1
24773, cauti,vó,1
24774, cautivar,la,1
24775, cav,aba,1
24776, cav,ase,1
24777, caver,na,1
24778, cavi,al,1
24779, cavi,loso,1
24780, cay,ado,1
24781, cay,an,1
24782, cay,eran,1
24783, caz,ador,1
24784, caz,ol,1
24785, cazol,eros,1
24786, caí,ste,1
24787, cañu,tillo,1
24788, cañu,tillos,1
24789, cañu,tos,1
24790, ce,ba,1
24791, ce,ce,1
24792, ce,cina,1
24793, ce,dazo,1
24794, ce,gara,1
24795, ce,garon,1
24796, ce,j,1
24797, ce,lillos,1
24798, ce,pas,1
24799, ce,vil,1
24800, ce,ñir,1
24801, ceb,ado,1
24802, cebar,la,1
24803, cebol,luda,1
24804, cece,ar,1
24805, cedu,lilla,1
24806, ceg,uera,1
24807, cegue,dad,1
24808, cej,i,1
24809, ceji,j,1
24810, cejij,unta,1
24811, cel,aba,1
24812, cel,adas,1
24813, cel,esti,1
24814, cel,si,1
24815, celeb,ra,1
24816, celeb,raba,1
24817, celeb,rados,1
24818, celeb,raron,1
24819, celeb,rarse,1
24820, celeb,ros,1
24821, celebr,ándola,1
24822, celebr,ándote,1
24823, celebrar,la,1
24824, celebrar,án,1
24825, celebrar,é,1
24826, celebérri,mos,1
24827, celes,te,1
24828, celesti,ales,1
24829, celsi,tud,1
24830, cen,aban,1
24831, cen,amos,1
24832, cen,ará,1
24833, cen,ase,1
24834, cen,emos,1
24835, cen,iza,1
24836, cen,so,1
24837, cen,sos,1
24838, cen,óse,1
24839, cenar,éis,1
24840, cencer,ro,1
24841, cencer,runa,1
24842, cens,u,1
24843, cens,urando,1
24844, censu,rar,1
24845, censura,dores,1
24846, cer,ba,1
24847, cer,cado,1
24848, cer,da,1
24849, cer,im,1
24850, cer,raba,1
24851, cer,raban,1
24852, cer,radura,1
24853, cer,raduras,1
24854, cer,ras,1
24855, cer,rase,1
24856, cer,rasen,1
24857, cer,remos,1
24858, cer,teza,1
24859, cer,tísima,1
24860, cer,tísimo,1
24861, cer,tísimos,1
24862, cer,vi,1
24863, cerba,tana,1
24864, cercan,o,1
24865, cercen,ara,1
24866, ceremon,i,1
24867, ceremoni,al,1
24868, cerim,onia,1
24869, cern,í,1
24870, cerní,c,1
24871, cerníc,alo,1
24872, cerrar,a,1
24873, cerrar,la,1
24874, cerrar,los,1
24875, cerrar,án,1
24876, certifi,c,1
24877, certifi,cado,1
24878, certifi,caron,1
24879, certifi,cándose,1
24880, certific,ándoles,1
24881, certificar,me,1
24882, certificar,se,1
24883, cervi,ces,1
24884, ces,ado,1
24885, ces,an,1
24886, ces,ara,1
24887, cesar,ía,1
24888, cesar,ían,1
24889, ceñ,ía,1
24890, ceñ,íale,1
24891, ceñir,le,1
24892, ch,ame,1
24893, ch,anto,1
24894, ch,ic,1
24895, ch,ica,1
24896, ch,il,1
24897, ch,ina,1
24898, ch,inche,1
24899, ch,ines,1
24900, ch,ir,1
24901, ch,ismos,1
24902, ch,up,1
24903, ch,ur,1
24904, cha,pada,1
24905, cha,pas,1
24906, cha,pi,1
24907, cha,pines,1
24908, cha,pín,1
24909, chame,lo,1
24910, chamelo,te,1
24911, chamus,cado,1
24912, chamus,cados,1
24913, chapi,teles,1
24914, chi,chones,1
24915, chic,oria,1
24916, chil,l,1
24917, chill,adores,1
24918, chine,la,1
24919, chine,las,1
24920, chines,ca,1
24921, chir,r,1
24922, chirr,ío,1
24923, chismos,as,1
24924, cho,carrero,1
24925, cho,quez,1
24926, choquez,uelas,1
24927, chu,fe,1
24928, chu,rumb,1
24929, chu,zo,1
24930, chufe,ta,1
24931, chup,ados,1
24932, chur,ri,1
24933, churri,ll,1
24934, churrill,era,1
24935, churumb,e,1
24936, churumbe,las,1
24937, ci,ca,1
24938, ci,ment,1
24939, ci,mi,1
24940, ci,mientos,1
24941, ci,riales,1
24942, ci,rim,1
24943, ci,tación,1
24944, ci,tan,1
24945, ci,tas,1
24946, ci,vil,1
24947, ci,ñe,1
24948, ci,ñen,1
24949, cica,tri,1
24950, cicatri,ces,1
24951, cie,gue,1
24952, cif,radas,1
24953, cif,rado,1
24954, cif,ras,1
24955, cif,ró,1
24956, cigü,e,1
24957, cigüe,ñas,1
24958, ciment,erios,1
24959, cimi,tar,1
24960, cimitar,ra,1
24961, cin,cha,1
24962, cin,char,1
24963, cin,to,1
24964, cir,c,1
24965, cir,u,1
24966, circ,ui,1
24967, circui,to,1
24968, circun,s,1
24969, circuns,pecto,1
24970, circust,ancias,1
24971, cirim,on,1
24972, cirimon,ias,1
24973, ciru,jano,1
24974, ciñ,ese,1
24975, ciñ,iéndole,1
24976, ciñ,ó,1
24977, ciñ,óse,1
24978, cla,va,1
24979, cla,ven,1
24980, cla,ves,1
24981, cla,vo,1
24982, cla,vos,1
24983, clar,ísima,1
24984, clar,ísimos,1
24985, claro,es,1
24986, claroes,cu,1
24987, claroescu,ro,1
24988, clav,adas,1
24989, clav,ado,1
24990, clav,aron,1
24991, clav,ásedes,1
24992, clav,ó,1
24993, clav,ósele,1
24994, cle,mente,1
24995, clem,encia,1
24996, cler,ic,1
24997, cleric,al,1
24998, cli,ma,1
24999, cli,mas,1
25000, clí,ticas,1
25001, co,ches,1
25002, co,ci,1
25003, co,cos,1
25004, co,fi,1
25005, co,honda,1
25006, co,ima,1
25007, co,jos,1
25008, co,pa,1
25009, co,pete,1
25010, co,pi,1
25011, co,pli,1
25012, co,ta,1
25013, co,te,1
25014, co,ton,1
25015, co,z,1
25016, cob,raba,1
25017, cob,res,1
25018, cobi,ja,1
25019, cobrar,emos,1
25020, cobrar,é,1
25021, cobrar,ía,1
25022, coci,éndolos,1
25023, cocin,eras,1
25024, coco,dri,1
25025, cocodri,lo,1
25026, codi,ciada,1
25027, codi,cio,1
25028, codi,ciosa,1
25029, cof,ad,1
25030, cofad,ría,1
25031, cofi,as,1
25032, cog,idos,1
25033, cog,iera,1
25034, cog,ieron,1
25035, cog,iese,1
25036, cog,ita,1
25037, cog,iéndole,1
25038, coger,la,1
25039, coger,á,1
25040, coger,é,1
25041, cogita,ti,1
25042, cogitati,ones,1
25043, cohe,chos,1
25044, cohe,tes,1
25045, cohech,an,1
25046, cohech,arme,1
25047, coje,aba,1
25048, coje,ar,1
25049, coje,éis,1
25050, col,ar,1
25051, col,chado,1
25052, col,chas,1
25053, col,chón,1
25054, col,g,1
25055, col,gaban,1
25056, col,i,1
25057, col,lares,1
25058, col,mada,1
25059, col,madas,1
25060, col,mado,1
25061, col,mados,1
25062, col,men,1
25063, col,mó,1
25064, cola,mbre,1
25065, cole,g,1
25066, cole,gi,1
25067, cole,gido,1
25068, coleg,í,1
25069, colegi,al,1
25070, colegir,se,1
25071, colg,ándoos,1
25072, colgar,le,1
25073, coli,jo,1
25074, colig,e,1
25075, colig,ieron,1
25076, colmi,l,1
25077, colmi,llo,1
25078, colmi,llos,1
25079, colmil,ludo,1
25080, colo,car,1
25081, colo,dra,1
25082, color,ada,1
25083, color,astes,1
25084, colu,mb,1
25085, colu,mbro,1
25086, colu,ros,1
25087, columb,ró,1
25088, colé,rica,1
25089, com,arca,1
25090, com,ento,1
25091, com,i,1
25092, com,idos,1
25093, com,iera,1
25094, com,ieras,1
25095, com,imos,1
25096, com,po,1
25097, com,u,1
25098, com,áis,1
25099, com,í,1
25100, com,íamos,1
25101, comba,te,1
25102, comba,ten,1
25103, comba,ti,1
25104, comba,tidos,1
25105, comba,tir,1
25106, comba,tiéndose,1
25107, combat,iente,1
25108, combat,ían,1
25109, combati,stes,1
25110, come,ten,1
25111, come,tida,1
25112, come,tieron,1
25113, comen,cemos,1
25114, comenz,aban,1
25115, comenz,ada,1
25116, comenz,ados,1
25117, comenz,ara,1
25118, comenz,ará,1
25119, comenz,áis,1
25120, comenzar,emos,1
25121, comenzó,le,1
25122, comer,se,1
25123, comer,á,1
25124, comer,ás,1
25125, cometer,á,1
25126, comi,éramos,1
25127, comp,adres,1
25128, comp,el,1
25129, comp,radas,1
25130, comp,rados,1
25131, comp,ran,1
25132, comp,rando,1
25133, comp,raron,1
25134, comp,reh,1
25135, comp,res,1
25136, comp,réis,1
25137, comp,uer,1
25138, comp,un,1
25139, comp,usiese,1
25140, compar,aban,1
25141, compar,an,1
25142, compar,arla,1
25143, compar,arse,1
25144, compar,ándolos,1
25145, compar,éis,1
25146, comparar,las,1
25147, compas,iones,1
25148, compatri,o,1
25149, compatri,ote,1
25150, compatrio,tos,1
25151, compe,li,1
25152, compe,t,1
25153, compe,tencias,1
25154, compel,ía,1
25155, compeli,dos,1
25156, compet,ientes,1
25157, compla,céis,1
25158, complacer,te,1
25159, compon,drá,1
25160, compon,dré,1
25161, componer,la,1
25162, comprar,a,1
25163, comprar,é,1
25164, comprar,ía,1
25165, comprar,ían,1
25166, compreh,endo,1
25167, compuer,tas,1
25168, compun,g,1
25169, compung,ióse,1
25170, compus,ieron,1
25171, compus,iesen,1
25172, comu,ta,1
25173, comun,es,1
25174, comun,idad,1
25175, comun,idades,1
25176, comuni,cación,1
25177, comuni,can,1
25178, comunic,ada,1
25179, comunic,alle,1
25180, comunic,allo,1
25181, comunic,amos,1
25182, comunic,ando,1
25183, comunic,ase,1
25184, comunic,ándolo,1
25185, comunicar,é,1
25186, comunique,mos,1
25187, comuta,tiva,1
25188, con,dados,1
25189, con,dazo,1
25190, con,gra,1
25191, con,orte,1
25192, con,sa,1
25193, con,so,1
25194, con,st,1
25195, con,ste,1
25196, con,tador,1
25197, con,taste,1
25198, con,tu,1
25199, con,v,1
25200, con,vierta,1
25201, conca,vi,1
25202, concavi,dades,1
25203, conce,b,1
25204, conce,bido,1
25205, conce,bía,1
25206, conce,diera,1
25207, conce,dieron,1
25208, conce,do,1
25209, conce,j,1
25210, conceb,í,1
25211, conced,érsele,1
25212, conced,ían,1
25213, conceder,le,1
25214, concej,il,1
25215, concer,taban,1
25216, concer,tadamente,1
25217, concer,tar,1
25218, conci,be,1
25219, conci,encias,1
25220, conci,értase,1
25221, concier,te,1
25222, concl,uida,1
25223, conclu,yas,1
25224, conclu,yo,1
25225, conclu,yó,1
25226, conclu,ían,1
25227, concluy,amos,1
25228, concluy,ente,1
25229, concluy,esen,1
25230, concluy,óse,1
25231, concor,dan,1
25232, concor,darnos,1
25233, concordan,cia,1
25234, condecen,ció,1
25235, condecen,der,1
25236, condecen,dió,1
25237, conden,ada,1
25238, conden,an,1
25239, conden,ando,1
25240, conden,arle,1
25241, conden,arme,1
25242, conden,aron,1
25243, condenar,los,1
25244, condes,cen,1
25245, condes,il,1
25246, condescen,der,1
25247, condo,lí,1
25248, condoli,do,1
25249, condoli,dos,1
25250, condoli,éndose,1
25251, condolí,me,1
25252, condu,c,1
25253, condu,cida,1
25254, condu,cidas,1
25255, condu,cir,1
25256, condu,mio,1
25257, condu,tor,1
25258, conduc,ís,1
25259, conducir,le,1
25260, conf,inantes,1
25261, conf,is,1
25262, conf,lito,1
25263, conf,u,1
25264, conf,undo,1
25265, conf,ía,1
25266, conf,íese,1
25267, conf,ír,1
25268, confes,ando,1
25269, confes,arle,1
25270, confes,arme,1
25271, confes,arse,1
25272, confes,ase,1
25273, confes,óle,1
25274, confesar,emos,1
25275, confesar,ía,1
25276, confi,ad,1
25277, confi,ada,1
25278, confi,ados,1
25279, confi,ar,1
25280, confi,esen,1
25281, confi,eses,1
25282, confir,ma,1
25283, confir,mada,1
25284, confir,mase,1
25285, confir,me,1
25286, confirm,óle,1
25287, confirm,ólo,1
25288, confirm,óse,1
25289, confirmar,á,1
25290, confis,cación,1
25291, confor,maba,1
25292, confor,midad,1
25293, conforta,tivas,1
25294, conforta,tivo,1
25295, confu,tación,1
25296, confun,da,1
25297, confun,dan,1
25298, confun,didas,1
25299, confun,dir,1
25300, confír,mo,1
25301, confírmo,le,1
25302, congo,jaban,1
25303, congo,jad,1
25304, congo,jar,1
25305, congo,je,1
25306, congo,josa,1
25307, congo,jóse,1
25308, congojad,ísima,1
25309, congojar,te,1
25310, congra,tu,1
25311, congratu,l,1
25312, congratul,ándose,1
25313, conje,tura,1
25314, conjetu,rando,1
25315, conjetu,raron,1
25316, conjetu,ro,1
25317, conjetura,mos,1
25318, conju,rarse,1
25319, conjurar,an,1
25320, conjurar,me,1
25321, conjurar,te,1
25322, conlle,v,1
25323, conllev,ador,1
25324, conmo,vido,1
25325, conmo,vió,1
25326, cono,ciéndole,1
25327, cono,z,1
25328, cono,zan,1
25329, conocer,la,1
25330, conocer,los,1
25331, conocer,me,1
25332, conocer,se,1
25333, conocer,á,1
25334, conocer,án,1
25335, conoci,eran,1
25336, conoci,mos,1
25337, conoci,éronle,1
25338, conoci,ésedes,1
25339, conoci,ésemos,1
25340, conoció,le,1
25341, conocí,la,1
25342, conocía,mos,1
25343, conoz,camos,1
25344, conqui,sto,1
25345, conquist,ados,1
25346, conquist,ar,1
25347, conquist,aron,1
25348, cons,ab,1
25349, cons,ienta,1
25350, cons,or,1
25351, cons,ulta,1
25352, cons,uél,1
25353, cons,uélase,1
25354, consa,gro,1
25355, consab,idores,1
25356, conse,cuen,1
25357, conse,jeros,1
25358, consecuen,cias,1
25359, consegui,do,1
25360, consegui,rse,1
25361, conseguir,le,1
25362, consent,í,1
25363, consent,ían,1
25364, consenti,mos,1
25365, consenti,rá,1
25366, consenti,rán,1
25367, consenti,ría,1
25368, consentir,lo,1
25369, conser,vo,1
25370, conserv,ando,1
25371, conserv,ándome,1
25372, conservar,la,1
25373, consi,d,1
25374, consi,dé,1
25375, consi,ga,1
25376, consi,stan,1
25377, consi,stiese,1
25378, consi,stir,1
25379, consid,érale,1
25380, consider,asen,1
25381, consider,en,1
25382, consider,áis,1
25383, consider,ándole,1
25384, consider,ó,1
25385, considé,rame,1
25386, consin,ti,1
25387, consin,tieron,1
25388, consin,tiese,1
25389, consinti,ría,1
25390, conso,lación,1
25391, consol,ando,1
25392, consol,arla,1
25393, consol,arme,1
25394, consol,aré,1
25395, consol,ase,1
25396, consol,asen,1
25397, consol,óse,1
25398, consor,cio,1
25399, const,ru,1
25400, consti,tu,1
25401, constitu,ciones,1
25402, constitui,dos,1
25403, constru,y,1
25404, construy,éndole,1
25405, consu,mado,1
25406, consu,man,1
25407, consu,mi,1
25408, consu,mido,1
25409, consu,midos,1
25410, consu,mió,1
25411, consue,gro,1
25412, consue,le,1
25413, consum,adamente,1
25414, consum,iendo,1
25415, consum,ían,1
25416, consumi,dor,1
25417, consuél,ome,1
25418, cont,alla,1
25419, cont,alle,1
25420, cont,ini,1
25421, cont,inos,1
25422, cont,rase,1
25423, cont,ábamos,1
25424, cont,áis,1
25425, cont,án,1
25426, cont,ándole,1
25427, cont,ándolos,1
25428, cont,ándonos,1
25429, cont,ármelo,1
25430, cont,áronle,1
25431, cont,ároslo,1
25432, cont,ártela,1
25433, cont,éis,1
25434, cont,éle,1
25435, cont,éntate,1
25436, conta,gio,1
25437, conta,giosa,1
25438, conta,minado,1
25439, contad,nos,1
25440, contar,an,1
25441, contar,las,1
25442, contar,los,1
25443, contar,nos,1
25444, contar,os,1
25445, contar,te,1
25446, contar,ás,1
25447, contemp,la,1
25448, contemp,laba,1
25449, contemp,lo,1
25450, contemp,ló,1
25451, conten,dieron,1
25452, conten,diesen,1
25453, conten,dré,1
25454, conten,er,1
25455, conten,erse,1
25456, conten,ga,1
25457, conten,go,1
25458, conten,iéndome,1
25459, content,alle,1
25460, content,an,1
25461, content,asen,1
25462, content,ándose,1
25463, content,ísima,1
25464, content,ísimas,1
25465, content,óse,1
25466, contenta,mos,1
25467, contentar,e,1
25468, contentar,le,1
25469, contentar,me,1
25470, contes,tas,1
25471, contes,to,1
25472, contes,tura,1
25473, contin,entes,1
25474, contin,g,1
25475, contin,gente,1
25476, contin,gibles,1
25477, conting,encia,1
25478, contini,éndose,1
25479, continu,amente,1
25480, continu,ar,1
25481, continu,ó,1
25482, continua,ción,1
25483, contra,decía,1
25484, contra,dición,1
25485, contra,diga,1
25486, contra,ha,1
25487, contra,m,1
25488, contra,pes,1
25489, contra,tación,1
25490, contra,to,1
25491, contradecir,la,1
25492, contradecir,le,1
25493, contradecir,lo,1
25494, contradecir,me,1
25495, contraha,cer,1
25496, contrahe,cho,1
25497, contram,ina,1
25498, contrap,uestas,1
25499, contrap,un,1
25500, contrapes,o,1
25501, contrapun,tos,1
25502, contrar,ias,1
25503, contras,tado,1
25504, contras,tando,1
25505, contrase,ño,1
25506, contu,ma,1
25507, contuma,z,1
25508, contán,doseles,1
25509, contó,la,1
25510, contó,le,1
25511, contó,selo,1
25512, conv,ienen,1
25513, conven,cido,1
25514, conven,encia,1
25515, conven,ible,1
25516, conven,ientes,1
25517, conven,imos,1
25518, conven,ir,1
25519, conven,irle,1
25520, convenir,les,1
25521, conver,s,1
25522, convers,aba,1
25523, conversa,ciones,1
25524, convi,dado,1
25525, convi,dador,1
25526, convi,dados,1
25527, convi,daron,1
25528, convi,dase,1
25529, convi,dándonos,1
25530, convi,te,1
25531, convi,tes,1
25532, convi,ér,1
25533, convir,ti,1
25534, convir,tieron,1
25535, convir,tién,1
25536, convirti,ésemos,1
25537, convirtién,doseles,1
25538, conviér,talas,1
25539, cop,ia,1
25540, cop,le,1
25541, cop,leros,1
25542, copi,oso,1
25543, cople,e,1
25544, copli,tas,1
25545, cor,al,1
25546, cor,dal,1
25547, cor,der,1
25548, cor,dones,1
25549, cor,du,1
25550, cor,ma,1
25551, cor,mana,1
25552, cor,mano,1
25553, cor,pi,1
25554, cor,rales,1
25555, cor,ras,1
25556, cor,res,1
25557, cor,taba,1
25558, cor,taban,1
25559, cor,tamente,1
25560, cor,taré,1
25561, cor,ten,1
25562, cor,ve,1
25563, cor,vo,1
25564, cor,ón,1
25565, cora,z,1
25566, coraz,oncillo,1
25567, corche,te,1
25568, corco,vada,1
25569, corde,le,1
25570, corde,les,1
25571, corde,llate,1
25572, cordele,jo,1
25573, corder,illa,1
25574, corn,ado,1
25575, corn,eja,1
25576, coron,aban,1
25577, coron,adas,1
25578, coron,an,1
25579, coron,aron,1
25580, coron,arte,1
25581, corpi,ños,1
25582, corr,í,1
25583, corre,as,1
25584, corre,cto,1
25585, corre,os,1
25586, corre,osa,1
25587, correr,te,1
25588, correr,ían,1
25589, correspon,dan,1
25590, correspon,das,1
25591, correspon,den,1
25592, correspon,deros,1
25593, correspon,des,1
25594, correspon,di,1
25595, correspon,diendo,1
25596, correspon,diente,1
25597, correspon,diese,1
25598, correspon,diesen,1
25599, correspon,déis,1
25600, correspon,dían,1
25601, corresponder,ás,1
25602, correspondi,éndoles,1
25603, corri,d,1
25604, corri,dica,1
25605, corri,era,1
25606, corri,ere,1
25607, corri,ge,1
25608, corri,ja,1
25609, corri,llo,1
25610, corri,ste,1
25611, corrid,ísimo,1
25612, corrob,or,1
25613, corrob,ó,1
25614, corrobor,arla,1
25615, corrobó,ranse,1
25616, corta,p,1
25617, cortap,is,1
25618, cortapis,as,1
25619, cortar,es,1
25620, cortar,las,1
25621, cortar,ía,1
25622, cortes,anía,1
25623, cortes,ísimamente,1
25624, cortes,ísimo,1
25625, corve,tas,1
25626, corón,icas,1
25627, cos,cor,1
25628, cos,ele,1
25629, cos,erse,1
25630, cos,ida,1
25631, cos,idas,1
25632, cos,ido,1
25633, cos,idos,1
25634, cos,ieron,1
25635, cos,illas,1
25636, cos,ió,1
25637, cos,que,1
25638, cos,tarme,1
25639, cos,taron,1
25640, cos,tezuela,1
25641, cos,to,1
25642, cos,tura,1
25643, coscor,rones,1
25644, cose,chas,1
25645, cosele,te,1
25646, cosque,amos,1
25647, costar,les,1
25648, costar,án,1
25649, costar,ía,1
25650, costos,as,1
25651, cote,jando,1
25652, coton,ía,1
25653, coyun,das,1
25654, cr,ío,1
25655, cr,íti,1
25656, cre,cida,1
25657, cre,cidos,1
25658, cre,cía,1
25659, cre,ed,1
25660, cre,edme,1
25661, cre,emos,1
25662, cre,encia,1
25663, cre,p,1
25664, cre,éme,1
25665, cre,ían,1
25666, cre,ó,1
25667, creer,lo,1
25668, creer,los,1
25669, creer,á,1
25670, crep,ús,1
25671, crepús,culo,1
25672, crey,eran,1
25673, crey,eses,1
25674, crey,éndola,1
25675, crey,éndolo,1
25676, creí,ble,1
25677, creí,da,1
25678, cri,ad,1
25679, cri,aron,1
25680, cri,aste,1
25681, cri,ban,1
25682, cri,bando,1
25683, cri,éme,1
25684, cria,turas,1
25685, criar,los,1
25686, crist,el,1
25687, cristal,inas,1
25688, cristal,ino,1
25689, cristi,an,1
25690, cristi,anes,1
25691, cristian,amente,1
25692, cristianes,ca,1
25693, crió,me,1
25694, cru,ce,1
25695, cru,da,1
25696, cru,deza,1
25697, cru,dos,1
25698, cru,zaba,1
25699, cruci,fi,1
25700, cruci,s,1
25701, crucifi,jo,1
25702, cruj,en,1
25703, cruj,iendo,1
25704, cruj,ieron,1
25705, cruj,ir,1
25706, cruj,iéndole,1
25707, cruz,ados,1
25708, cré,alo,1
25709, cré,du,1
25710, cré,elo,1
25711, crédu,lo,1
25712, críti,co,1
25713, cu,adre,1
25714, cu,asi,1
25715, cu,ch,1
25716, cu,di,1
25717, cu,pe,1
25718, cu,raron,1
25719, cu,ren,1
25720, cu,res,1
25721, cu,ris,1
25722, cu,ro,1
25723, cu,ré,1
25724, cu,réis,1
25725, cu,ti,1
25726, cu,é,1
25727, cu,ñada,1
25728, cua,jo,1
25729, cuad,raba,1
25730, cuad,rada,1
25731, cuad,rado,1
25732, cuad,rados,1
25733, cuad,ran,1
25734, cuad,ren,1
25735, cuad,ros,1
25736, cuadrar,e,1
25737, cuadrar,en,1
25738, cuadri,llas,1
25739, cual,idad,1
25740, cual,ifi,1
25741, cual,que,1
25742, cuales,quier,1
25743, cualifi,cada,1
25744, cuar,tal,1
25745, cuat,rero,1
25746, cuat,rín,1
25747, cub,ramos,1
25748, cub,rí,1
25749, cubri,mos,1
25750, cubri,rá,1
25751, cubri,éndole,1
25752, cubri,éndose,1
25753, cubri,óse,1
25754, cubrí,ale,1
25755, cuch,ara,1
25756, cuchar,ada,1
25757, cuchar,es,1
25758, cuchar,ón,1
25759, cuchil,las,1
25760, cudi,cia,1
25761, cue,cen,1
25762, cuer,damente,1
25763, cues,co,1
25764, cuest,en,1
25765, cui,dad,1
25766, cui,tada,1
25767, cui,tadas,1
25768, cui,tísima,1
25769, cuidad,osa,1
25770, cul,po,1
25771, cul,tiva,1
25772, culp,ada,1
25773, culp,ados,1
25774, culp,an,1
25775, culp,ando,1
25776, culp,ante,1
25777, culpar,le,1
25778, culti,v,1
25779, culti,vado,1
25780, cultiv,ándolas,1
25781, cultiva,ción,1
25782, cump,lo,1
25783, cumpl,iere,1
25784, cumpl,ís,1
25785, cumpli,da,1
25786, cumpli,das,1
25787, cumpli,lla,1
25788, cumpli,lle,1
25789, cumpli,llos,1
25790, cumpli,éndosela,1
25791, cumpli,ólo,1
25792, cumplid,le,1
25793, cumplir,le,1
25794, cun,dido,1
25795, cun,diendo,1
25796, cur,sos,1
25797, cur,tidos,1
25798, cur,vas,1
25799, cur,ándome,1
25800, cur,ándose,1
25801, cura,d,1
25802, cura,dillo,1
25803, curar,emos,1
25804, curar,ía,1
25805, curi,o,1
25806, curé,monos,1
25807, cuti,ré,1
25808, cué,l,1
25809, cuél,guense,1
25810, cuén,ta,1
25811, cuén,talo,1
25812, cuén,tase,1
25813, cuén,ten,1
25814, cuénta,melo,1
25815, cuénten,osla,1
25816, cá,talo,1
25817, cá,tate,1
25818, cá,te,1
25819, cá,ñ,1
25820, cán,ones,1
25821, cár,celes,1
25822, cáte,dras,1
25823, cáñ,amo,1
25824, cín,ico,1
25825, cír,culo,1
25826, cír,culos,1
25827, có,ge,1
25828, có,l,1
25829, cóge,le,1
25830, cól,mese,1
25831, cómi,co,1
25832, cómo,damente,1
25833, d,ador,1
25834, d,alas,1
25835, d,allas,1
25836, d,alo,1
25837, d,ase,1
25838, d,om,1
25839, d,omas,1
25840, d,rí,1
25841, d,uélase,1
25842, d,ábamos,1
25843, d,ándola,1
25844, d,ándolos,1
25845, d,ándonos,1
25846, d,árme,1
25847, d,ármela,1
25848, d,árselas,1
25849, d,árseme,1
25850, d,ásela,1
25851, d,én,1
25852, da,gas,1
25853, da,ñada,1
25854, da,ñado,1
25855, da,ñar,1
25856, dam,i,1
25857, damas,quino,1
25858, dami,se,1
25859, damise,las,1
25860, dan,zando,1
25861, danz,adores,1
25862, danz,antes,1
25863, dar,las,1
25864, dar,éis,1
25865, darás,me,1
25866, daré,mosles,1
25867, dañ,aba,1
25868, dañ,ador,1
25869, dañ,oso,1
25870, dañ,ó,1
25871, daños,a,1
25872, de,chado,1
25873, de,cil,1
25874, de,cillo,1
25875, de,fe,1
25876, de,idad,1
25877, de,nos,1
25878, de,pu,1
25879, de,ri,1
25880, de,ven,1
25881, de,vi,1
25882, de,vor,1
25883, de,z,1
25884, deb,an,1
25885, deb,as,1
25886, deb,ieras,1
25887, deb,iere,1
25888, deb,ías,1
25889, debi,lidad,1
25890, debi,ste,1
25891, debi,érase,1
25892, debi,óse,1
25893, dec,ente,1
25894, dec,entes,1
25895, dec,lina,1
25896, dec,or,1
25897, dec,í,1
25898, dec,ías,1
25899, dec,íase,1
25900, decan,tada,1
25901, decan,tase,1
25902, decen,dencias,1
25903, decen,der,1
25904, decen,diendo,1
25905, decen,dían,1
25906, deci,embre,1
25907, decid,le,1
25908, decil,les,1
25909, decir,nos,1
25910, decl,inación,1
25911, decl,inar,1
25912, decl,ár,1
25913, declar,ad,1
25914, declar,ando,1
25915, declar,ara,1
25916, declar,are,1
25917, declar,arte,1
25918, declar,ará,1
25919, declar,aré,1
25920, declar,e,1
25921, declara,os,1
25922, declarar,los,1
25923, declár,alo,1
25924, decor,aban,1
25925, decre,ta,1
25926, decre,tado,1
25927, decí,rosla,1
25928, dedi,cado,1
25929, dedi,tos,1
25930, def,ienda,1
25931, def,iendan,1
25932, def,iendas,1
25933, def,ienden,1
25934, def,uera,1
25935, defe,ctos,1
25936, defen,dedor,1
25937, defen,dido,1
25938, defen,diendo,1
25939, defen,siva,1
25940, defen,sores,1
25941, defender,la,1
25942, defender,te,1
25943, defendi,éndola,1
25944, defendi,éndolo,1
25945, defra,udando,1
25946, defra,ude,1
25947, defra,udó,1
25948, defrau,da,1
25949, defrau,darme,1
25950, defraudad,a,1
25951, defraudad,as,1
25952, defraudad,os,1
25953, defraudar,le,1
25954, defraudar,os,1
25955, dego,llada,1
25956, dego,llado,1
25957, deh,esa,1
25958, deh,esas,1
25959, dej,adas,1
25960, dej,allos,1
25961, dej,aste,1
25962, dej,os,1
25963, dej,áis,1
25964, dej,ándola,1
25965, dej,ándolas,1
25966, dej,árame,1
25967, dej,áramos,1
25968, dej,áronle,1
25969, dej,ársele,1
25970, deja,os,1
25971, dejad,lo,1
25972, dejad,nos,1
25973, dejar,as,1
25974, dejar,e,1
25975, dejar,en,1
25976, dejar,es,1
25977, dejar,les,1
25978, dejar,los,1
25979, dejar,os,1
25980, dejar,ás,1
25981, dejar,éis,1
25982, dejar,ían,1
25983, dejaré,mosle,1
25984, dejas,tes,1
25985, dejé,mosle,1
25986, dejó,la,1
25987, dejó,le,1
25988, dejó,los,1
25989, del,gad,1
25990, del,i,1
25991, dele,ita,1
25992, dele,itos,1
25993, delei,tables,1
25994, delei,ten,1
25995, deleitos,o,1
25996, delgad,ísimo,1
25997, deli,ñada,1
25998, deliber,ada,1
25999, deliber,ado,1
26000, delic,adamente,1
26001, deline,adas,1
26002, deline,ado,1
26003, deline,ar,1
26004, deline,ase,1
26005, dem,uest,1
26006, deman,dase,1
26007, demand,ante,1
26008, demand,antes,1
26009, demas,ías,1
26010, demon,stra,1
26011, demonstra,tivos,1
26012, demostra,tivas,1
26013, demuest,ran,1
26014, den,om,1
26015, den,se,1
26016, den,te,1
26017, den,un,1
26018, denom,inación,1
26019, denos,tar,1
26020, dente,lle,1
26021, dentelle,ar,1
26022, denun,ci,1
26023, denunci,are,1
26024, dep,ara,1
26025, dep,enden,1
26026, dep,on,1
26027, dep,re,1
26028, dep,ri,1
26029, dep,usiese,1
26030, depar,ado,1
26031, depar,an,1
26032, depar,ara,1
26033, depar,are,1
26034, depar,ará,1
26035, depar,tido,1
26036, depar,tiera,1
26037, depar,tiese,1
26038, depar,tir,1
26039, departi,remos,1
26040, departi,ré,1
26041, depon,er,1
26042, deposi,taban,1
26043, deposi,tado,1
26044, deposi,tando,1
26045, deposi,tarlos,1
26046, deposi,tasen,1
26047, deposi,ten,1
26048, deposi,tó,1
26049, depre,caciones,1
26050, depri,esa,1
26051, depu,tado,1
26052, der,ren,1
26053, der,rámasele,1
26054, deri,va,1
26055, deriva,tivo,1
26056, derra,maba,1
26057, derra,maban,1
26058, derra,maron,1
26059, derramar,me,1
26060, derre,tir,1
26061, derren,gado,1
26062, derretir,le,1
26063, derri,ban,1
26064, derri,bo,1
26065, derri,ten,1
26066, derrib,ados,1
26067, derrib,arse,1
26068, derrib,as,1
26069, derrib,áronme,1
26070, derrib,é,1
26071, derrib,óle,1
26072, derribar,te,1
26073, derrumb,a,1
26074, derrumb,ado,1
26075, des,bo,1
26076, des,ce,1
26077, des,ci,1
26078, des,cog,1
26079, des,cre,1
26080, des,esti,1
26081, des,fal,1
26082, des,fe,1
26083, des,fo,1
26084, des,jar,1
26085, des,lig,1
26086, des,mante,1
26087, des,me,1
26088, des,menti,1
26089, des,mo,1
26090, des,mor,1
26091, des,na,1
26092, des,ob,1
26093, des,v,1
26094, des,velado,1
26095, des,vió,1
26096, des,víos,1
26097, desa,c,1
26098, desa,gua,1
26099, desa,güe,1
26100, desa,irado,1
26101, desa,par,1
26102, desa,pas,1
26103, desa,ta,1
26104, desa,taba,1
26105, desa,taban,1
26106, desa,tados,1
26107, desa,tamos,1
26108, desa,tarle,1
26109, desa,tarse,1
26110, desa,ten,1
26111, desa,ti,1
26112, desa,tá,1
26113, desa,té,1
26114, desa,ven,1
26115, desa,yuna,1
26116, desab,ri,1
26117, desab,rida,1
26118, desab,rido,1
26119, desab,rimientos,1
26120, desabri,dos,1
26121, desabrida,mente,1
26122, desabro,char,1
26123, desabroch,arle,1
26124, desabroch,ándole,1
26125, desac,onse,1
26126, desaconse,jaban,1
26127, desacredi,taban,1
26128, desacredi,tasen,1
26129, desafi,aba,1
26130, desafi,alle,1
26131, desafi,arle,1
26132, desafi,aré,1
26133, desafi,ásedes,1
26134, desafi,ó,1
26135, desafi,óme,1
26136, desagu,aderos,1
26137, desagu,arse,1
26138, desal,bar,1
26139, desal,ent,1
26140, desal,entado,1
26141, desal,for,1
26142, desal,madas,1
26143, desalbar,dara,1
26144, desalent,ados,1
26145, desalfor,jó,1
26146, desaliñ,ando,1
26147, desaliñ,ase,1
26148, desalu,mb,1
26149, desalu,mbrada,1
26150, desalumb,rados,1
26151, desalumbrada,mente,1
26152, desampar,ada,1
26153, desampar,ados,1
26154, desampar,ando,1
26155, desampar,arme,1
26156, desampar,aros,1
26157, desampar,e,1
26158, desampar,o,1
26159, desapar,ecido,1
26160, desapas,ionado,1
26161, desar,m,1
26162, desar,ma,1
26163, desar,maban,1
26164, desar,maron,1
26165, desarm,óle,1
26166, desarra,i,1
26167, desarra,igó,1
26168, desarrai,gar,1
26169, desas,ir,1
26170, desas,tre,1
26171, desas,tres,1
26172, desasos,egado,1
26173, desasos,iega,1
26174, desasosegar,les,1
26175, desat,inar,1
26176, desatar,los,1
26177, desatar,os,1
26178, desaten,tado,1
26179, desatin,aba,1
26180, desatin,ado,1
26181, desatá,cate,1
26182, desaven,idos,1
26183, desayun,ar,1
26184, desayun,arnos,1
26185, desayuna,os,1
26186, desb,ást,1
26187, desbara,taba,1
26188, desbara,tados,1
26189, desbara,tó,1
26190, desbaratar,los,1
26191, desbo,cado,1
26192, desbu,char,1
26193, desbu,chase,1
26194, desbást,ala,1
26195, desc,olorida,1
26196, desc,ora,1
26197, desc,r,1
26198, desc,ré,1
26199, desc,uen,1
26200, desc,uente,1
26201, descab,al,1
26202, descab,alado,1
26203, descabal,ar,1
26204, descabez,ado,1
26205, descabez,ando,1
26206, descal,zarse,1
26207, descal,zo,1
26208, descal,zándose,1
26209, descalab,rado,1
26210, descalab,rar,1
26211, descamin,ada,1
26212, descamin,adas,1
26213, descans,aba,1
26214, descans,adamente,1
26215, descar,gado,1
26216, descargar,é,1
26217, descarn,e,1
26218, desce,ñido,1
26219, desci,ñ,1
26220, desciñ,éronse,1
26221, descog,er,1
26222, descol,g,1
26223, descol,gadas,1
26224, descol,gado,1
26225, descol,gar,1
26226, descol,garon,1
26227, descol,gándose,1
26228, descol,l,1
26229, descolg,ásedes,1
26230, descoll,aban,1
26231, descomul,gó,1
26232, descomun,ión,1
26233, descon,cer,1
26234, descon,cier,1
26235, descon,solado,1
26236, descon,tar,1
26237, desconcer,tados,1
26238, desconcier,ta,1
26239, desconfi,anza,1
26240, desconfi,anzas,1
26241, descono,cido,1
26242, desconsol,óle,1
26243, descont,entar,1
26244, descont,ente,1
26245, descora,z,1
26246, descoraz,onado,1
26247, descos,erse,1
26248, descos,ido,1
26249, descr,íe,1
26250, descre,er,1
26251, descri,ba,1
26252, descri,biese,1
26253, descri,bió,1
26254, descri,pción,1
26255, descri,to,1
26256, describ,en,1
26257, describ,ía,1
26258, describir,la,1
26259, descré,dito,1
26260, descub,ran,1
26261, descub,ras,1
26262, descub,res,1
26263, descub,ráis,1
26264, descubri,era,1
26265, descubri,eran,1
26266, descubri,eras,1
26267, descubri,eres,1
26268, descubri,lle,1
26269, descubri,éndolo,1
26270, descubri,éndome,1
26271, descubri,éronle,1
26272, descubri,ésemos,1
26273, descubrir,nos,1
26274, descubrir,te,1
26275, descuel,ga,1
26276, descuel,gan,1
26277, descuen,tos,1
26278, descui,daba,1
26279, descui,darse,1
26280, descui,dase,1
26281, descui,dasen,1
26282, descui,de,1
26283, descul,p,1
26284, descul,pa,1
26285, descul,pó,1
26286, desculp,aba,1
26287, desde,ñada,1
26288, desde,ños,1
26289, desdeñ,aba,1
26290, desdeñ,ados,1
26291, desdeñ,ará,1
26292, desdeñ,ase,1
26293, desdeñ,é,1
26294, desdeños,a,1
26295, desdi,ga,1
26296, desdi,gan,1
26297, desdi,jese,1
26298, desdich,ad,1
26299, desdich,adas,1
26300, desdich,adísima,1
26301, desdichad,ísimas,1
26302, dese,ase,1
26303, dese,chaba,1
26304, dese,chado,1
26305, dese,chase,1
26306, dese,che,1
26307, dese,ches,1
26308, dese,en,1
26309, dese,me,1
26310, dese,osa,1
26311, dese,ábamos,1
26312, desear,en,1
26313, desemb,a,1
26314, desemb,anas,1
26315, desemba,ú,1
26316, desembanas,tasen,1
26317, desembar,c,1
26318, desembara,z,1
26319, desembara,za,1
26320, desembara,zada,1
26321, desembara,zar,1
26322, desembara,zaron,1
26323, desembaraz,adamente,1
26324, desembarc,ásemos,1
26325, desembaú,le,1
26326, desembol,sado,1
26327, desembol,sar,1
26328, desembol,só,1
26329, deseme,j,1
26330, desemej,able,1
26331, desen,albar,1
26332, desen,amor,1
26333, desen,cin,1
26334, desen,cla,1
26335, desen,ja,1
26336, desen,re,1
26337, desen,si,1
26338, desenalbar,dar,1
26339, desenamor,ado,1
26340, desenca,jaba,1
26341, desenca,jados,1
26342, desenca,jar,1
26343, desenca,jaron,1
26344, desenca,jó,1
26345, desencajar,le,1
26346, desencan,tado,1
26347, desencan,tes,1
26348, desencan,tos,1
26349, desencan,tó,1
26350, desencin,ta,1
26351, desencla,vi,1
26352, desenclavi,jó,1
26353, desenfad,adamente,1
26354, desenga,ñada,1
26355, desenga,ñes,1
26356, desengañ,aban,1
26357, desengañ,ados,1
26358, desengañ,ara,1
26359, desengañ,arle,1
26360, desengañ,arse,1
26361, desenja,ularon,1
26362, desenla,zando,1
26363, desenla,zarle,1
26364, desenre,dar,1
26365, desenredar,le,1
26366, desensi,llado,1
26367, desent,onada,1
26368, desent,ra,1
26369, desenter,rar,1
26370, desenter,rándonos,1
26371, desentra,ñar,1
26372, desentrañar,les,1
26373, desenv,uel,1
26374, desenva,inar,1
26375, desenva,ine,1
26376, desenvain,adas,1
26377, desenvain,aron,1
26378, desenvain,en,1
26379, desenvol,vi,1
26380, desenvolvi,éndole,1
26381, desenvuel,tamente,1
26382, deseos,as,1
26383, deservi,cio,1
26384, deservi,cios,1
26385, desesper,aban,1
26386, desesper,adas,1
26387, desesper,ar,1
26388, desesper,aron,1
26389, desesti,mase,1
26390, desf,alle,1
26391, desf,lor,1
26392, desfa,celle,1
26393, desfa,gan,1
26394, desfal,car,1
26395, desfalcar,é,1
26396, desfalle,zca,1
26397, desfavor,ecer,1
26398, desfavor,ecido,1
26399, desfe,cho,1
26400, desfigu,raban,1
26401, desfigu,rado,1
26402, desfigu,rar,1
26403, desflor,en,1
26404, desfo,gar,1
26405, desfogar,é,1
26406, desga,jar,1
26407, desgar,rado,1
26408, desgar,rarse,1
26409, desgar,rase,1
26410, desgobern,ada,1
26411, desh,aré,1
26412, desh,ere,1
26413, desh,ice,1
26414, desh,o,1
26415, desha,cedor,1
26416, desha,cen,1
26417, desha,cía,1
26418, deshacer,los,1
26419, deshacer,se,1
26420, deshacer,te,1
26421, deshe,cha,1
26422, deshe,chos,1
26423, deshere,dada,1
26424, desho,gar,1
26425, deshon,raba,1
26426, deshon,ran,1
26427, deshon,ras,1
26428, deshon,ró,1
26429, deshones,to,1
26430, deshones,tos,1
26431, desi,stiese,1
26432, desig,no,1
26433, desistir,é,1
26434, desjar,re,1
26435, desjarre,te,1
26436, desle,ído,1
26437, deslengu,ado,1
26438, deslengu,ados,1
26439, desli,cen,1
26440, desli,za,1
26441, desli,zarme,1
26442, desli,zó,1
26443, deslig,ó,1
26444, deslin,dan,1
26445, deslin,dar,1
26446, deslin,dase,1
26447, deslu,mbrada,1
26448, deslu,mbrar,1
26449, desma,yó,1
26450, desman,dada,1
26451, desman,das,1
26452, desman,dó,1
26453, desmante,lar,1
26454, desmay,adas,1
26455, desmay,asen,1
26456, desmay,es,1
26457, desmay,ábase,1
26458, desmay,óse,1
26459, desmayar,áse,1
26460, desme,d,1
26461, desmed,rado,1
26462, desmen,tille,1
26463, desmen,u,1
26464, desmenti,r,1
26465, desmenu,zadas,1
26466, desmo,chada,1
26467, desmor,on,1
26468, desmoron,ar,1
26469, desna,tan,1
26470, desnarig,ada,1
26471, desnarig,ado,1
26472, desnu,darme,1
26473, desnu,dase,1
26474, desnu,de,1
26475, desnud,aba,1
26476, desnudar,nos,1
26477, deso,lado,1
26478, deso,tros,1
26479, desob,lig,1
26480, desoblig,aba,1
26481, desocu,pados,1
26482, desol,lado,1
26483, desol,uto,1
26484, desollar,os,1
26485, desor,e,1
26486, desorden,ada,1
26487, desorden,ado,1
26488, desore,jaba,1
26489, desp,al,1
26490, desp,ara,1
26491, desp,eg,1
26492, desp,id,1
26493, desp,ido,1
26494, desp,la,1
26495, desp,li,1
26496, desp,í,1
26497, despa,cha,1
26498, despab,il,1
26499, despab,ile,1
26500, despabil,aron,1
26501, despabilar,me,1
26502, despabilar,é,1
26503, despach,arle,1
26504, despach,arme,1
26505, despach,ará,1
26506, despach,en,1
26507, despal,dado,1
26508, despar,cir,1
26509, despar,ecer,1
26510, despar,tió,1
26511, despara,tado,1
26512, despare,cido,1
26513, despare,ció,1
26514, despare,cían,1
26515, despartir,la,1
26516, despavor,ida,1
26517, despe,ado,1
26518, despe,dida,1
26519, despe,diéndose,1
26520, despe,dió,1
26521, despe,día,1
26522, despe,j,1
26523, despe,jan,1
26524, despe,ña,1
26525, despe,ñad,1
26526, despe,ñas,1
26527, despedi,lle,1
26528, despedi,mientos,1
26529, despedi,rá,1
26530, despedir,te,1
26531, despeg,ador,1
26532, despej,alle,1
26533, despen,ar,1
26534, despen,sas,1
26535, desper,tadores,1
26536, desper,tarle,1
26537, desper,tarme,1
26538, desper,tastes,1
26539, desper,té,1
26540, despere,zarse,1
26541, despere,zándose,1
26542, despertar,á,1
26543, despeñ,aba,1
26544, despeñ,arme,1
26545, despeñ,arse,1
26546, despeñ,ándome,1
26547, despeñ,ándose,1
26548, despeñ,éme,1
26549, despeñad,eros,1
26550, despi,des,1
26551, despi,diendo,1
26552, despid,ámonos,1
26553, despier,tan,1
26554, despier,ten,1
26555, despla,ce,1
26556, desple,gado,1
26557, desple,gó,1
26558, desplegar,ás,1
26559, despli,egue,1
26560, despo,jarse,1
26561, despo,trique,1
26562, despolvore,arnos,1
26563, despolvore,ó,1
26564, despos,ada,1
26565, despos,ar,1
26566, despos,ara,1
26567, despos,arse,1
26568, despos,arte,1
26569, despos,ó,1
26570, despre,cia,1
26571, despre,ciada,1
26572, despre,cias,1
26573, despre,ció,1
26574, despreci,ando,1
26575, despreci,ar,1
26576, despreci,es,1
26577, despreci,é,1
26578, despun,tas,1
26579, despun,tes,1
26580, despá,ch,1
26581, despá,cheme,1
26582, despách,enme,1
26583, despí,dese,1
26584, dest,il,1
26585, dest,in,1
26586, dest,ri,1
26587, deste,tan,1
26588, destemp,lado,1
26589, destemp,lanza,1
26590, dester,rado,1
26591, dester,rando,1
26592, desterra,ban,1
26593, desterrar,me,1
26594, destier,ran,1
26595, destier,ren,1
26596, destil,aban,1
26597, destin,guir,1
26598, desto,tro,1
26599, destr,uida,1
26600, destra,e,1
26601, destraí,da,1
26602, destraí,das,1
26603, destri,paterrones,1
26604, destro,zadas,1
26605, destro,zando,1
26606, destron,cada,1
26607, destron,caron,1
26608, destru,yendo,1
26609, destrui,ción,1
26610, destrui,lle,1
26611, destruir,nos,1
26612, destruy,en,1
26613, destruy,ese,1
26614, desuel,lan,1
26615, desuel,le,1
26616, desun,ce,1
26617, desun,cir,1
26618, desun,ció,1
26619, desus,ado,1
26620, desv,íe,1
26621, desvan,ecer,1
26622, desvan,ecido,1
26623, desvanecer,se,1
26624, desvaneci,mientos,1
26625, desvar,ía,1
26626, desvar,íos,1
26627, desvari,ada,1
26628, desvel,aban,1
26629, desvel,aron,1
26630, desvel,en,1
26631, desvel,ábase,1
26632, desventura,das,1
26633, desventura,dos,1
26634, desver,gü,1
26635, desver,güenza,1
26636, desvergon,zada,1
26637, desvergon,zadas,1
26638, desvergü,en,1
26639, desvergüen,zas,1
26640, desvi,aba,1
26641, desvi,aban,1
26642, desvi,adas,1
26643, desvi,arnos,1
26644, desvi,aron,1
26645, desvi,ase,1
26646, desvi,ases,1
26647, desvi,ándose,1
26648, desvi,óse,1
26649, desvía,te,1
26650, det,ienen,1
26651, det,rim,1
26652, det,én,1
26653, det,úvole,1
26654, det,úvose,1
26655, deten,elle,1
26656, deten,eos,1
26657, deten,gamos,1
26658, deten,iendo,1
26659, deten,éis,1
26660, deten,íamos,1
26661, deten,ían,1
26662, detener,les,1
26663, detener,los,1
26664, determ,ina,1
26665, determin,adas,1
26666, determin,ados,1
26667, determin,ase,1
26668, determin,ándose,1
26669, determina,ciones,1
26670, detes,tación,1
26671, detrim,ento,1
26672, deven,gar,1
26673, devi,dir,1
26674, devidir,se,1
26675, devo,tamente,1
26676, devo,tas,1
26677, devo,tos,1
26678, devor,ador,1
26679, dez,mar,1
26680, di,aman,1
26681, di,c,1
26682, di,co,1
26683, di,cta,1
26684, di,cí,1
26685, di,eces,1
26686, di,eres,1
26687, di,gesti,1
26688, di,le,1
26689, di,li,1
26690, di,lá,1
26691, di,oles,1
26692, di,sta,1
26693, di,stes,1
26694, di,sti,1
26695, di,tado,1
26696, di,éramos,1
26697, di,éronle,1
26698, diab,o,1
26699, diabo,lo,1
26700, diaman,tino,1
26701, dic,taba,1
26702, dici,embre,1
26703, dici,éndonos,1
26704, dici,éndoos,1
26705, diciplin,ante,1
26706, diciplin,e,1
26707, dicí,pulo,1
26708, diestra,mente,1
26709, dif,unta,1
26710, difer,encias,1
26711, diferenci,aban,1
26712, diferenci,ados,1
26713, diferenci,ar,1
26714, diferente,mente,1
26715, dificul,tar,1
26716, difini,ción,1
26717, difini,tiva,1
26718, difícil,mente,1
26719, digesti,ón,1
26720, dign,amente,1
26721, dign,ase,1
26722, dign,ísima,1
26723, dij,éronle,1
26724, dij,ímosle,1
26725, dijer,as,1
26726, dila,ciones,1
26727, dila,ción,1
26728, dila,taba,1
26729, dila,tadas,1
26730, dila,tados,1
26731, dila,tarme,1
26732, dila,tas,1
26733, dila,tase,1
26734, dila,tándose,1
26735, dilatar,lo,1
26736, dilate,mos,1
26737, dili,cada,1
26738, dilig,ite,1
26739, dilá,telo,1
26740, dimin,u,1
26741, dimin,uido,1
26742, diminu,yó,1
26743, diminuir,la,1
26744, diminuir,se,1
26745, diminuyó,la,1
26746, din,er,1
26747, diner,illo,1
26748, dios,e,1
26749, dipu,tado,1
26750, dipu,to,1
26751, dire,cción,1
26752, dire,te,1
26753, dirigir,se,1
26754, dirá,les,1
26755, dirás,le,1
26756, diréis,le,1
26757, dis,can,1
26758, dis,cer,1
26759, dis,corde,1
26760, dis,figu,1
26761, dis,min,1
26762, dis,olu,1
26763, dis,u,1
26764, dis,uen,1
26765, discan,taba,1
26766, discer,n,1
26767, discern,ir,1
26768, discre,tísimos,1
26769, discul,p,1
26770, discul,po,1
26771, disculp,ándose,1
26772, disculpar,an,1
26773, discur,ra,1
26774, discur,re,1
26775, discur,ren,1
26776, discur,rido,1
26777, discur,rimientos,1
26778, disfigu,rado,1
26779, disfor,m,1
26780, disfor,me,1
26781, disform,ísima,1
26782, disfraz,adas,1
26783, disgu,st,1
26784, disgu,sta,1
26785, disgu,stos,1
26786, disgust,ado,1
26787, disi,mi,1
26788, disimi,lar,1
26789, disimul,ada,1
26790, disimul,adamente,1
26791, disimul,aron,1
26792, dismin,u,1
26793, disminu,ya,1
26794, disolu,ble,1
26795, disp,ensa,1
26796, disp,uestas,1
26797, disp,us,1
26798, disp,uso,1
26799, dispar,ada,1
26800, dispar,alla,1
26801, dispar,arse,1
26802, dispar,é,1
26803, dispensa,ciones,1
26804, dispon,ed,1
26805, dispon,en,1
26806, dispon,erme,1
26807, dispon,ga,1
26808, dispon,gas,1
26809, dispon,iéndola,1
26810, dispu,ten,1
26811, dispus,ición,1
26812, dist,an,1
26813, dist,ante,1
26814, dist,inta,1
26815, dist,rib,1
26816, disti,lada,1
26817, distin,gue,1
26818, distrib,uir,1
26819, disu,ad,1
26820, disuad,iendo,1
26821, disuen,e,1
26822, div,ierto,1
26823, div,ul,1
26824, diver,tidos,1
26825, diver,tille,1
26826, diver,tiéndose,1
26827, diverti,esen,1
26828, diverti,miento,1
26829, divertir,la,1
26830, divertir,me,1
26831, divi,da,1
26832, divi,di,1
26833, divi,dida,1
26834, divi,didas,1
26835, divi,didos,1
26836, divi,dieron,1
26837, divi,diesen,1
26838, divi,diéndose,1
26839, divi,so,1
26840, dividi,éndolas,1
26841, dividir,ían,1
26842, divin,amente,1
26843, divin,idad,1
26844, divis,aban,1
26845, divis,aron,1
26846, divul,gándose,1
26847, diéronse,los,1
26848, dióse,la,1
26849, dióse,lo,1
26850, dióse,los,1
26851, do,g,1
26852, do,le,1
26853, do,tes,1
26854, do,tos,1
26855, do,tó,1
26856, dob,lad,1
26857, dob,lado,1
26858, dob,lados,1
26859, dob,lares,1
26860, dob,laron,1
26861, dob,le,1
26862, dob,lega,1
26863, doblad,le,1
26864, doblar,á,1
26865, doc,tores,1
26866, doct,rín,1
26867, doctrín,ala,1
26868, dog,ma,1
26869, dogma,tiz,1
26870, dogmatiz,ador,1
26871, dol,er,1
26872, dol,erá,1
26873, dol,ientes,1
26874, dol,ieran,1
26875, dol,iese,1
26876, dol,ores,1
26877, dol,ían,1
26878, dole,t,1
26879, dolor,ido,1
26880, dolor,os,1
26881, dolor,osamente,1
26882, doloros,ísima,1
26883, dom,ó,1
26884, domin,io,1
26885, don,osas,1
26886, dona,ción,1
26887, dona,ir,1
26888, donair,oso,1
26889, donce,lle,1
26890, doncelle,z,1
26891, dormi,da,1
26892, dormi,tando,1
26893, dormi,tat,1
26894, dormir,la,1
26895, dorna,jo,1
26896, dorna,jos,1
26897, dos,el,1
26898, dos,eles,1
26899, doy,me,1
26900, drí,adas,1
26901, du,bi,1
26902, du,cal,1
26903, du,daba,1
26904, du,dara,1
26905, du,rado,1
26906, du,raron,1
26907, dubi,tat,1
26908, duda,mos,1
26909, dudar,e,1
26910, dudos,a,1
26911, dudos,as,1
26912, due,cho,1
26913, due,ñ,1
26914, dueñ,ísima,1
26915, dueñes,ca,1
26916, dul,z,1
26917, dulc,ísimas,1
26918, dulz,ura,1
26919, dur,ísima,1
26920, dura,bles,1
26921, dura,ción,1
26922, durar,a,1
26923, durar,e,1
26924, durar,á,1
26925, durm,amos,1
26926, durm,ieron,1
26927, durmi,esen,1
26928, dá,ban,1
26929, dá,banse,1
26930, dá,came,1
26931, dá,d,1
26932, dá,dole,1
26933, dá,mela,1
26934, dá,til,1
26935, dá,tiles,1
26936, dában,las,1
26937, dád,selos,1
26938, dándome,la,1
26939, dándose,la,1
26940, dándose,le,1
26941, dándose,lo,1
26942, dárme,los,1
26943, dé,belo,1
26944, dé,ci,1
26945, dé,janse,1
26946, dé,jo,1
26947, dé,la,1
26948, dé,mosle,1
26949, dé,se,1
26950, débi,l,1
26951, débi,les,1
26952, déci,mas,1
26953, déj,alo,1
26954, déjame,la,1
26955, déjen,nos,1
26956, déjen,se,1
26957, déjo,la,1
26958, déme,le,1
26959, déme,los,1
26960, dén,os,1
26961, dénos,lo,1
26962, dí,cen,1
26963, dí,chos,1
26964, dí,gole,1
26965, dí,jose,1
26966, dí,mosle,1
26967, dí,mosles,1
26968, dí,stico,1
26969, dícen,le,1
26970, díchos,elo,1
26971, dígame,la,1
26972, dó,cil,1
26973, e,co,1
26974, e,f,1
26975, e,rar,1
26976, e,tio,1
26977, e,té,1
26978, ec,lip,1
26979, ece,p,1
26980, ece,tu,1
26981, ecep,tar,1
26982, ecetu,ando,1
26983, ech,ad,1
26984, ech,adas,1
26985, ech,adle,1
26986, ech,adme,1
26987, ech,ados,1
26988, ech,alle,1
26989, ech,allo,1
26990, ech,ara,1
26991, ech,á,1
26992, ech,áis,1
26993, ech,ándola,1
26994, ech,ándome,1
26995, ech,ándonos,1
26996, ech,áronse,1
26997, echa,c,1
26998, echac,uer,1
26999, echacuer,vos,1
27000, echar,an,1
27001, echar,as,1
27002, echar,la,1
27003, echar,les,1
27004, echar,lo,1
27005, echar,los,1
27006, echar,me,1
27007, echar,os,1
27008, echar,án,1
27009, echar,éis,1
27010, echar,ían,1
27011, echá,dmelos,1
27012, echó,les,1
27013, eclesiásti,ca,1
27014, eclip,sado,1
27015, edifi,cados,1
27016, edifi,car,1
27017, ef,usión,1
27018, efe,c,1
27019, efe,tos,1
27020, efec,tivo,1
27021, efetu,ar,1
27022, efetu,ase,1
27023, efi,g,1
27024, efica,c,1
27025, efica,cia,1
27026, eficac,ísimas,1
27027, efig,ie,1
27028, ejecu,t,1
27029, ejecu,ta,1
27030, ejecu,taba,1
27031, ejecu,tado,1
27032, ejecu,tarme,1
27033, ejecu,te,1
27034, ejecut,allos,1
27035, ejemp,lares,1
27036, ejer,cer,1
27037, ejerci,taban,1
27038, ejerci,tado,1
27039, ejerci,tarse,1
27040, ejerci,tastes,1
27041, ejerci,tándose,1
27042, el,ches,1
27043, el,ig,1
27044, ele,cto,1
27045, ele,f,1
27046, ele,vamiento,1
27047, elef,antes,1
27048, eleg,ancia,1
27049, elig,rosas,1
27050, elocuen,te,1
27051, em,iende,1
27052, em,iendes,1
27053, emb,i,1
27054, emb,olsó,1
27055, emba,idora,1
27056, emba,zó,1
27057, emba,ído,1
27058, embar,cadero,1
27059, embar,can,1
27060, embar,có,1
27061, embara,zado,1
27062, embara,zara,1
27063, embara,zo,1
27064, embara,zoso,1
27065, embarcar,los,1
27066, embarcar,me,1
27067, embaul,aban,1
27068, embaul,ando,1
27069, embeb,er,1
27070, embeb,ían,1
27071, embele,cadores,1
27072, embeles,ada,1
27073, embestir,le,1
27074, embi,sti,1
27075, embist,iera,1
27076, embisti,ó,1
27077, embo,car,1
27078, embo,ta,1
27079, embo,tan,1
27080, embo,tó,1
27081, embo,zado,1
27082, embo,zarse,1
27083, embos,casen,1
27084, emboscar,se,1
27085, embraz,ado,1
27086, embu,tir,1
27087, embutir,se,1
27088, emen,dar,1
27089, emen,darme,1
27090, emp,al,1
27091, emp,alado,1
27092, emp,are,1
27093, emp,ed,1
27094, emp,edrados,1
27095, emp,ezca,1
27096, emp,o,1
27097, emp,obre,1
27098, emp,rincip,1
27099, empa,chados,1
27100, empa,che,1
27101, empa,pado,1
27102, empa,ñ,1
27103, empal,aba,1
27104, empare,dado,1
27105, empañ,arse,1
27106, empe,ñado,1
27107, emped,rarle,1
27108, empeñ,ando,1
27109, empeñ,é,1
27110, empin,aba,1
27111, empin,ándola,1
27112, emplas,tado,1
27113, emplas,taron,1
27114, emplas,tos,1
27115, emple,adas,1
27116, emple,ados,1
27117, emple,adísima,1
27118, emple,ando,1
27119, emplear,án,1
27120, empo,zarme,1
27121, empobre,cieron,1
27122, empre,ñas,1
27123, empren,della,1
27124, empren,der,1
27125, empreñas,tes,1
27126, emprincip,io,1
27127, empu,jaba,1
27128, empu,jón,1
27129, empu,ñar,1
27130, empuñ,ando,1
27131, empuñ,ará,1
27132, en,a,1
27133, en,arcar,1
27134, en,co,1
27135, en,dri,1
27136, en,m,1
27137, en,man,1
27138, en,ob,1
27139, en,ros,1
27140, en,va,1
27141, en,var,1
27142, ena,j,1
27143, enaj,enado,1
27144, enalbar,dado,1
27145, enalbar,dando,1
27146, enalbar,dó,1
27147, enamor,an,1
27148, enamor,aron,1
27149, enamor,arse,1
27150, enamor,asen,1
27151, enamor,e,1
27152, enamor,é,1
27153, enamor,éme,1
27154, enar,cando,1
27155, enar,có,1
27156, enarbol,ando,1
27157, enc,al,1
27158, enc,ol,1
27159, enc,omi,1
27160, enc,á,1
27161, enca,jaba,1
27162, enca,jada,1
27163, enca,jador,1
27164, enca,jados,1
27165, enca,jarse,1
27166, encaj,allo,1
27167, encaj,ándole,1
27168, encaj,ársela,1
27169, encal,ab,1
27170, encalab,rin,1
27171, encalabrin,ó,1
27172, encam,b,1
27173, encam,ino,1
27174, encamb,ron,1
27175, encambron,ado,1
27176, encamin,ados,1
27177, encamin,ara,1
27178, encamin,en,1
27179, encamin,é,1
27180, encamin,éis,1
27181, encamin,óse,1
27182, encaminar,e,1
27183, encaminar,los,1
27184, encamis,ado,1
27185, encan,t,1
27186, encan,taron,1
27187, encan,ten,1
27188, encan,torio,1
27189, encan,té,1
27190, encant,áronla,1
27191, encar,adas,1
27192, encar,am,1
27193, encar,ecen,1
27194, encar,eciendo,1
27195, encar,eció,1
27196, encar,gaba,1
27197, encar,gaban,1
27198, encar,gado,1
27199, encar,gando,1
27200, encar,gar,1
27201, encar,gase,1
27202, encar,gue,1
27203, encaram,ar,1
27204, encarece,lla,1
27205, encarecer,las,1
27206, encarecer,te,1
27207, encarg,ándolas,1
27208, encarg,ándonos,1
27209, encarg,ármelo,1
27210, encargar,ía,1
27211, encargue,mos,1
27212, encargó,les,1
27213, encarn,ada,1
27214, encarn,adas,1
27215, encarn,iz,1
27216, encarniz,ados,1
27217, encas,que,1
27218, encas,til,1
27219, encasque,tóse,1
27220, encastil,ladas,1
27221, encen,derse,1
27222, encen,didos,1
27223, encen,diendo,1
27224, encender,le,1
27225, encender,me,1
27226, encendió,sele,1
27227, encer,adas,1
27228, encer,ados,1
27229, encer,r,1
27230, encer,rando,1
27231, encer,rasen,1
27232, encer,rándole,1
27233, encer,ré,1
27234, encerr,áronse,1
27235, encerrar,le,1
27236, encerrar,lo,1
27237, encerró,se,1
27238, enci,érrate,1
27239, encier,re,1
27240, encier,ren,1
27241, encin,ar,1
27242, encin,ta,1
27243, encla,v,1
27244, encla,vi,1
27245, enclav,ársela,1
27246, enclavi,jadas,1
27247, enco,jan,1
27248, encog,e,1
27249, encog,emos,1
27250, encog,ido,1
27251, encog,iera,1
27252, encog,ía,1
27253, encol,er,1
27254, encoler,izado,1
27255, encom,iendo,1
27256, encomen,dado,1
27257, encomen,dasen,1
27258, encomen,dé,1
27259, encomendar,le,1
27260, encomendar,os,1
27261, encomendé,moslo,1
27262, encomi,éndole,1
27263, encomién,date,1
27264, encomién,den,1
27265, encomiénden,me,1
27266, encon,ar,1
27267, encon,tin,1
27268, encont,ré,1
27269, encontin,ente,1
27270, encontra,ba,1
27271, encontra,mos,1
27272, encontrar,a,1
27273, encontrar,e,1
27274, encontras,e,1
27275, encontras,en,1
27276, encor,por,1
27277, encor,vamiento,1
27278, encorpor,ados,1
27279, encru,ce,1
27280, encruce,jadas,1
27281, encu,mbres,1
27282, encu,én,1
27283, encuadern,ado,1
27284, encuadern,ados,1
27285, encub,er,1
27286, encub,iertas,1
27287, encub,ras,1
27288, encuber,tadas,1
27289, encubr,ír,1
27290, encubr,ís,1
27291, encubri,éndosela,1
27292, encubrir,le,1
27293, encubrir,les,1
27294, encubrir,me,1
27295, encubrir,se,1
27296, encubrir,te,1
27297, encubrír,sela,1
27298, encuen,t,1
27299, encuent,ren,1
27300, encuén,tras,1
27301, encuéntras,e,1
27302, encá,jenme,1
27303, ende,ble,1
27304, ende,ch,1
27305, ende,chando,1
27306, endech,aderas,1
27307, endemoni,ada,1
27308, endemoni,ado,1
27309, endemoni,ados,1
27310, ender,ece,1
27311, ender,ezo,1
27312, enderez,ado,1
27313, enderez,ador,1
27314, enderez,arse,1
27315, enderez,ase,1
27316, enderez,ándole,1
27317, endiab,ladas,1
27318, endri,gos,1
27319, endria,go,1
27320, endure,cida,1
27321, endure,cidas,1
27322, endure,cido,1
27323, endure,cidos,1
27324, endure,cía,1
27325, enemi,gas,1
27326, enf,la,1
27327, enf,ras,1
27328, enf,ría,1
27329, enfad,ar,1
27330, enfad,aros,1
27331, enfad,ará,1
27332, enfad,ase,1
27333, enfad,e,1
27334, enfad,en,1
27335, enfad,oso,1
27336, enfad,áis,1
27337, enfados,as,1
27338, enfer,mi,1
27339, enfer,mos,1
27340, enfermi,za,1
27341, enfla,que,1
27342, enflaque,ce,1
27343, enfras,có,1
27344, enfren,ada,1
27345, enfren,ase,1
27346, enfren,ó,1
27347, enfri,aba,1
27348, enfri,ar,1
27349, enga,ña,1
27350, engas,tado,1
27351, engas,tados,1
27352, engañ,aban,1
27353, engañ,ador,1
27354, engañ,ando,1
27355, engañ,arte,1
27356, engañ,if,1
27357, engañ,oso,1
27358, engañ,ándonos,1
27359, engañar,nos,1
27360, engañif,as,1
27361, engaños,a,1
27362, engen,drada,1
27363, engend,rado,1
27364, engendr,ando,1
27365, engendrar,en,1
27366, engol,f,1
27367, engol,far,1
27368, engolf,ados,1
27369, engolfar,te,1
27370, engrandecer,las,1
27371, engu,ll,1
27372, engu,lle,1
27373, engull,ía,1
27374, enh,ar,1
27375, enh,i,1
27376, enh,ila,1
27377, enh,ilar,1
27378, enhar,in,1
27379, enharin,ados,1
27380, enhi,las,1
27381, enj,amb,1
27382, enj,un,1
27383, enja,ez,1
27384, enja,ulas,1
27385, enjaez,ada,1
27386, enjamb,res,1
27387, enjaul,ados,1
27388, enjaul,arme,1
27389, enjaulas,en,1
27390, enju,a,1
27391, enju,gad,1
27392, enju,gase,1
27393, enju,gue,1
27394, enju,gó,1
27395, enju,ta,1
27396, enju,tas,1
27397, enju,tos,1
27398, enjua,góse,1
27399, enjugad,las,1
27400, enjun,dia,1
27401, enla,zaba,1
27402, enla,zados,1
27403, enlu,tadas,1
27404, enm,iende,1
27405, enman,taban,1
27406, enmen,dado,1
27407, enmen,dando,1
27408, enmen,darme,1
27409, enmen,darse,1
27410, enmendar,en,1
27411, enmendar,la,1
27412, enmendar,é,1
27413, enmude,ce,1
27414, enmude,cí,1
27415, enmudeció,se,1
27416, eno,j,1
27417, eno,jaban,1
27418, eno,jada,1
27419, eno,jadas,1
27420, eno,jados,1
27421, eno,jarse,1
27422, eno,jes,1
27423, eno,jó,1
27424, eno,jóse,1
27425, enob,le,1
27426, enoble,cer,1
27427, enoj,alla,1
27428, enojar,é,1
27429, enra,mar,1
27430, enre,dado,1
27431, enre,darme,1
27432, enre,darse,1
27433, enre,do,1
27434, enre,dó,1
27435, enre,jada,1
27436, enrique,ce,1
27437, enrique,cido,1
27438, enrique,ciendo,1
27439, enrique,cían,1
27440, enriquecían,se,1
27441, enrist,rando,1
27442, enros,cada,1
27443, ens,aban,1
27444, ens,or,1
27445, ens,u,1
27446, ens,ár,1
27447, ens,é,1
27448, ensaban,ados,1
27449, ensal,z,1
27450, ensalz,amiento,1
27451, ensan,char,1
27452, ensan,gr,1
27453, ensangr,entada,1
27454, ensar,mentar,1
27455, ensar,tado,1
27456, ensay,ados,1
27457, ense,ña,1
27458, ense,ñad,1
27459, enseñ,ando,1
27460, enseñ,are,1
27461, enseñ,arle,1
27462, enseñ,aron,1
27463, enseñ,arte,1
27464, enseñ,aré,1
27465, enseñ,ábale,1
27466, enseñ,ándose,1
27467, enseñ,ármele,1
27468, enseñ,ársele,1
27469, enseñ,éis,1
27470, enseñad,me,1
27471, enseñar,ía,1
27472, enseñándose,la,1
27473, ensi,lle,1
27474, ensill,aba,1
27475, ensill,ada,1
27476, ensill,aron,1
27477, ensill,ó,1
27478, ensor,de,1
27479, ensorde,cieron,1
27480, ensu,cio,1
27481, ensár,tal,1
27482, ensártal,os,1
27483, ensé,ñ,1
27484, enséñ,ala,1
27485, ent,eramente,1
27486, ent,eras,1
27487, ent,on,1
27488, ent,ona,1
27489, ent,onado,1
27490, ent,res,1
27491, ent,rese,1
27492, ent,ráis,1
27493, ent,rándose,1
27494, entab,lad,1
27495, entab,lado,1
27496, entab,larle,1
27497, entablad,ura,1
27498, entall,ad,1
27499, entall,arse,1
27500, enten,ded,1
27501, enten,deros,1
27502, enten,dáis,1
27503, entender,las,1
27504, entender,lo,1
27505, entender,á,1
27506, entender,ás,1
27507, entendi,ere,1
27508, entendi,mos,1
27509, entendi,érades,1
27510, entendió,le,1
27511, enter,adas,1
27512, enter,arme,1
27513, enter,aros,1
27514, enter,arse,1
27515, enter,rarse,1
27516, enter,rándonos,1
27517, enter,ándose,1
27518, entern,ece,1
27519, entern,ecido,1
27520, entern,ezca,1
27521, enternecer,le,1
27522, enternecer,me,1
27523, enterneci,da,1
27524, enterneci,era,1
27525, enterra,das,1
27526, enterra,dos,1
27527, enterrar,le,1
27528, enterrar,me,1
27529, enti,b,1
27530, enti,bia,1
27531, entib,ie,1
27532, entien,das,1
27533, entier,ran,1
27534, entier,re,1
27535, entién,dase,1
27536, entién,dese,1
27537, entome,ce,1
27538, entome,cen,1
27539, enton,os,1
27540, entona,os,1
27541, entorpe,ce,1
27542, entorpe,cen,1
27543, entrar,an,1
27544, entrar,le,1
27545, entrar,me,1
27546, entrar,os,1
27547, entrar,án,1
27548, entrar,éis,1
27549, entrar,ía,1
27550, entre,c,1
27551, entre,cano,1
27552, entre,dicho,1
27553, entre,g,1
27554, entre,gada,1
27555, entre,gadas,1
27556, entre,galle,1
27557, entre,gan,1
27558, entre,gando,1
27559, entre,gas,1
27560, entre,gaste,1
27561, entre,par,1
27562, entre,ver,1
27563, entrec,lara,1
27564, entreg,ándolos,1
27565, entregar,an,1
27566, entregar,la,1
27567, entregar,le,1
27568, entregar,los,1
27569, entregar,á,1
27570, entregar,ía,1
27571, entregué,me,1
27572, entrem,é,1
27573, entrem,és,1
27574, entreme,ten,1
27575, entreme,tidas,1
27576, entreme,tiera,1
27577, entremeter,me,1
27578, entremé,te,1
27579, entreméte,te,1
27580, entreo,yóle,1
27581, entrepar,ecía,1
27582, entres,a,1
27583, entresa,que,1
27584, entrese,mana,1
27585, entretej,idas,1
27586, entretej,ióse,1
27587, entreten,dré,1
27588, entreten,elle,1
27589, entreten,ellos,1
27590, entreten,eros,1
27591, entreten,ga,1
27592, entreten,gamos,1
27593, entreten,go,1
27594, entreten,idas,1
27595, entretener,la,1
27596, entretener,las,1
27597, entretu,ve,1
27598, entretu,vi,1
27599, entretu,vieron,1
27600, entretu,vo,1
27601, entretuvi,ésemos,1
27602, entrever,ado,1
27603, entri,cadas,1
27604, entri,é,1
27605, entriste,cieron,1
27606, entriste,cióse,1
27607, entrié,game,1
27608, entur,bi,1
27609, entur,bió,1
27610, enturbi,ar,1
27611, env,ás,1
27612, enva,inen,1
27613, envar,amiento,1
27614, envas,ar,1
27615, envi,allo,1
27616, envi,ando,1
27617, envi,arte,1
27618, envi,aste,1
27619, envi,dado,1
27620, envi,dar,1
27621, envi,dio,1
27622, envi,udar,1
27623, envi,udó,1
27624, envi,ábades,1
27625, envi,ádole,1
27626, envi,ándole,1
27627, enviar,ía,1
27628, envidi,ada,1
27629, envidi,ados,1
27630, envidi,ar,1
27631, envile,ce,1
27632, envile,cen,1
27633, enviudar,es,1
27634, envol,ver,1
27635, envás,ala,1
27636, envían,os,1
27637, ep,í,1
27638, epigra,ma,1
27639, epí,sto,1
27640, epísto,la,1
27641, equi,s,1
27642, equino,cios,1
27643, equival,entes,1
27644, er,guido,1
27645, er,guían,1
27646, er,r,1
27647, er,rados,1
27648, er,rando,1
27649, er,rarse,1
27650, erar,io,1
27651, eri,zados,1
27652, eri,zaron,1
27653, eri,zarse,1
27654, ermita,ños,1
27655, err,ores,1
27656, errar,e,1
27657, errar,en,1
27658, errar,te,1
27659, errar,ía,1
27660, eru,di,1
27661, eru,taciones,1
27662, erudi,tos,1
27663, es,amin,1
27664, es,en,1
27665, es,enci,1
27666, es,encias,1
27667, es,enta,1
27668, es,entas,1
27669, es,entos,1
27670, es,feras,1
27671, es,fo,1
27672, es,gre,1
27673, es,me,1
27674, es,orbi,1
27675, es,que,1
27676, esamin,adores,1
27677, esc,ab,1
27678, esc,ala,1
27679, esc,alas,1
27680, esc,am,1
27681, esc,ase,1
27682, esc,ú,1
27683, esca,ño,1
27684, escab,roso,1
27685, escal,ones,1
27686, escal,ón,1
27687, escam,onde,1
27688, escamos,a,1
27689, escamos,as,1
27690, escan,cie,1
27691, escan,dal,1
27692, escanci,adora,1
27693, escanci,ando,1
27694, escandal,iz,1
27695, escandaliz,ase,1
27696, escap,aba,1
27697, escap,ado,1
27698, escap,an,1
27699, escap,ara,1
27700, escapar,me,1
27701, escapar,nos,1
27702, escapar,te,1
27703, escapar,ía,1
27704, escar,ba,1
27705, escar,dar,1
27706, escar,dara,1
27707, escar,de,1
27708, escar,men,1
27709, escar,ol,1
27710, escardar,é,1
27711, escarmen,ase,1
27712, escarment,ados,1
27713, escarment,ando,1
27714, escarmentar,á,1
27715, escarn,ecen,1
27716, escarn,ecido,1
27717, escarn,ida,1
27718, escarn,idos,1
27719, escarol,ados,1
27720, escas,os,1
27721, escase,za,1
27722, escla,vas,1
27723, esco,jan,1
27724, esco,p,1
27725, esco,pe,1
27726, escog,ella,1
27727, escog,iendo,1
27728, escol,ar,1
27729, escol,ares,1
27730, escon,dieron,1
27731, escon,diesen,1
27732, escon,dimiento,1
27733, escon,dió,1
27734, escon,dri,1
27735, escon,dáis,1
27736, esconder,la,1
27737, esconder,me,1
27738, escondri,jos,1
27739, escop,los,1
27740, escope,teros,1
27741, escr,í,1
27742, escre,mento,1
27743, escre,mentos,1
27744, escrebir,se,1
27745, escri,bién,1
27746, escri,bo,1
27747, escrib,iera,1
27748, escrib,ieren,1
27749, escrib,ían,1
27750, escribi,lla,1
27751, escribi,lle,1
27752, escribi,llos,1
27753, escribi,stes,1
27754, escribi,ésemos,1
27755, escribir,las,1
27756, escribir,lo,1
27757, escribir,los,1
27758, escribir,ía,1
27759, escribién,dose,1
27760, escribí,stes,1
27761, escribístes,la,1
27762, escritor,ios,1
27763, escru,ti,1
27764, escrupulos,a,1
27765, escruti,ñ,1
27766, escrutiñ,ador,1
27767, escrí,bame,1
27768, escu,dar,1
27769, escu,de,1
27770, escu,di,1
27771, escu,dilla,1
27772, escu,p,1
27773, escu,pe,1
27774, escu,pir,1
27775, escu,rez,1
27776, escu,rísima,1
27777, escu,sas,1
27778, escu,se,1
27779, escu,ses,1
27780, escuch,aban,1
27781, escuch,alle,1
27782, escuch,antes,1
27783, escuch,ara,1
27784, escuch,arle,1
27785, escuch,aron,1
27786, escuch,ase,1
27787, escuch,ábamos,1
27788, escuch,é,1
27789, escuch,éis,1
27790, escuch,éle,1
27791, escuchar,emos,1
27792, escuchar,lo,1
27793, escuchar,ían,1
27794, escuchas,en,1
27795, escuchas,tes,1
27796, escuche,mos,1
27797, escuché,mosle,1
27798, escud,era,1
27799, escud,ó,1
27800, escuder,ías,1
27801, escuder,ísimo,1
27802, escuderil,mente,1
27803, escudi,llar,1
27804, escudri,ño,1
27805, escudriñ,an,1
27806, escudriñ,ando,1
27807, escudriñ,ase,1
27808, escudriñ,áronse,1
27809, escue,to,1
27810, escue,zan,1
27811, escul,pido,1
27812, escul,pir,1
27813, esculpir,se,1
27814, escup,ió,1
27815, escur,ri,1
27816, escur,riendo,1
27817, escure,cida,1
27818, escure,cieron,1
27819, escure,ciesen,1
27820, escure,cía,1
27821, escurecer,la,1
27822, escurez,can,1
27823, escurri,ésedes,1
27824, escus,ados,1
27825, escus,aré,1
27826, escusar,an,1
27827, escusar,e,1
27828, escusar,la,1
27829, escusar,á,1
27830, escusar,ían,1
27831, escú,ch,1
27832, escúch,ame,1
27833, esen,ciones,1
27834, esenci,ales,1
27835, esf,uércese,1
27836, esfo,gue,1
27837, esfor,zada,1
27838, esfor,zándose,1
27839, esfor,zó,1
27840, esforzar,é,1
27841, esgre,mir,1
27842, esgrimir,la,1
27843, eslab,on,1
27844, eslab,onado,1
27845, eslabon,ando,1
27846, eso,tra,1
27847, eso,tras,1
27848, eso,tros,1
27849, esorbi,tante,1
27850, esp,arra,1
27851, esp,iaba,1
27852, esp,igas,1
27853, esp,il,1
27854, esp,irado,1
27855, esp,ol,1
27856, esp,on,1
27857, esp,u,1
27858, esp,ul,1
27859, esp,um,1
27860, esp,ía,1
27861, espa,cios,1
27862, espa,ciosidad,1
27863, espaci,ar,1
27864, espaci,arse,1
27865, espacios,ísimo,1
27866, espada,ch,1
27867, espadach,ín,1
27868, espal,dara,1
27869, espal,der,1
27870, espalda,zaro,1
27871, espaldara,zo,1
27872, espan,taba,1
27873, espan,tables,1
27874, espan,tan,1
27875, espan,taron,1
27876, espantad,iza,1
27877, espantad,izo,1
27878, espantar,an,1
27879, espantar,ía,1
27880, espar,cidas,1
27881, espar,ció,1
27882, esparcir,án,1
27883, esparra,guera,1
27884, español,as,1
27885, espe,c,1
27886, espe,cias,1
27887, espe,diente,1
27888, espe,tado,1
27889, espe,tera,1
27890, espe,táculo,1
27891, espec,táculo,1
27892, especi,e,1
27893, especi,es,1
27894, especu,le,1
27895, esper,ada,1
27896, esper,adas,1
27897, esper,ante,1
27898, esper,aron,1
27899, esper,emos,1
27900, esper,en,1
27901, esper,ez,1
27902, esper,ábamos,1
27903, esper,ándola,1
27904, esper,ándote,1
27905, esper,ásemos,1
27906, esper,é,1
27907, esperar,emos,1
27908, esperar,le,1
27909, esperar,os,1
27910, esperez,óse,1
27911, espes,os,1
27912, espes,uras,1
27913, espil,or,1
27914, espilor,chería,1
27915, esplén,dido,1
27916, espléndida,mente,1
27917, espol,ón,1
27918, espon,ja,1
27919, espres,a,1
27920, espres,o,1
27921, espu,mas,1
27922, espul,gar,1
27923, espum,ad,1
27924, espé,rame,1
27925, espé,rate,1
27926, espé,reme,1
27927, esqu,ina,1
27928, esqu,inado,1
27929, esqu,inas,1
27930, esqu,inen,1
27931, esque,ros,1
27932, esqui,lón,1
27933, esqui,sitos,1
27934, esqui,v,1
27935, esqui,van,1
27936, esqui,vas,1
27937, esqui,ve,1
27938, esqui,vo,1
27939, esquiv,arse,1
27940, esquive,za,1
27941, est,ad,1
27942, est,ambre,1
27943, est,ante,1
27944, est,iendan,1
27945, est,iendes,1
27946, est,ig,1
27947, est,ob,1
27948, est,ren,1
27949, est,ré,1
27950, est,ándola,1
27951, est,ándole,1
27952, est,ándome,1
27953, est,ándose,1
27954, est,í,1
27955, esta,ca,1
27956, esta,t,1
27957, esta,tura,1
27958, esta,turas,1
27959, estable,cida,1
27960, estaca,zos,1
27961, estam,pado,1
27962, estam,pes,1
27963, estamp,ada,1
27964, estamp,adas,1
27965, estamp,ero,1
27966, estan,co,1
27967, estar,le,1
27968, estar,me,1
27969, estar,éis,1
27970, estat,uido,1
27971, estatu,as,1
27972, estatu,tos,1
27973, este,vado,1
27974, esten,dida,1
27975, esten,didas,1
27976, esten,didos,1
27977, esten,diese,1
27978, esten,diéndose,1
27979, estender,á,1
27980, estender,ía,1
27981, ester,col,1
27982, ester,ilidad,1
27983, estercol,ándolas,1
27984, esti,me,1
27985, esti,radas,1
27986, esti,rados,1
27987, estig,io,1
27988, estim,ados,1
27989, estim,arme,1
27990, estim,aron,1
27991, estim,arse,1
27992, estim,ase,1
27993, estim,en,1
27994, estim,áis,1
27995, estim,ándole,1
27996, estimar,an,1
27997, estir,ar,1
27998, estir,en,1
27999, estir,ábase,1
28000, estir,ándose,1
28001, esto,tra,1
28002, estob,ar,1
28003, estobar,lo,1
28004, estor,ban,1
28005, estorb,aba,1
28006, estorb,ado,1
28007, estorb,asen,1
28008, estorb,en,1
28009, estorb,os,1
28010, estorb,ában,1
28011, estorb,áron,1
28012, estorb,ársela,1
28013, estorb,óse,1
28014, estorbar,en,1
28015, estorbar,le,1
28016, estorbar,me,1
28017, estorbában,selo,1
28018, estorbáron,lo,1
28019, estorbóse,lo,1
28020, estorn,udar,1
28021, estorn,udo,1
28022, estoy,le,1
28023, estra,go,1
28024, estra,mbo,1
28025, estrambo,tes,1
28026, estran,jeras,1
28027, estraordinar,iamente,1
28028, estraordinar,ios,1
28029, estre,char,1
28030, estre,go,1
28031, estre,madamente,1
28032, estre,mar,1
28033, estrech,ísima,1
28034, estrech,ísimamente,1
28035, estrellar,te,1
28036, estrellar,é,1
28037, estremar,me,1
28038, estreme,cido,1
28039, estreme,ció,1
28040, estren,ado,1
28041, estri,paterrones,1
28042, estrib,ando,1
28043, estro,pa,1
28044, estropa,jos,1
28045, estrope,ada,1
28046, estrope,ando,1
28047, estré,pi,1
28048, estrépi,to,1
28049, estu,vieran,1
28050, estudi,ada,1
28051, estudi,adas,1
28052, estudi,ando,1
28053, estudi,ara,1
28054, estudi,aré,1
28055, estudi,e,1
28056, estudi,en,1
28057, estudian,tado,1
28058, estudian,til,1
28059, estup,endo,1
28060, estuvi,ésedes,1
28061, estuvi,ésemos,1
28062, estuvier,en,1
28063, estuvier,es,1
28064, está,bale,1
28065, está,base,1
28066, está,me,1
28067, está,mosle,1
28068, esté,me,1
28069, estí,malos,1
28070, eter,nas,1
28071, eter,ni,1
28072, eterni,ce,1
28073, eternizar,los,1
28074, etio,pes,1
28075, eté,reas,1
28076, evi,dencia,1
28077, evid,ente,1
28078, evid,entes,1
28079, evidente,mente,1
28080, ex,ceder,1
28081, ex,hala,1
28082, ex,orbi,1
28083, ex,ter,1
28084, ex,tir,1
28085, exager,aba,1
28086, exager,ado,1
28087, exager,ar,1
28088, exam,inar,1
28089, examin,adas,1
28090, examin,ado,1
28091, examin,ador,1
28092, examin,ádole,1
28093, exce,da,1
28094, exce,diese,1
28095, exce,tado,1
28096, exce,to,1
28097, excel,entísimo,1
28098, excla,ma,1
28099, excla,mación,1
28100, excla,mó,1
28101, exe,un,1
28102, exeun,t,1
28103, exhala,ciones,1
28104, exorbi,tan,1
28105, exorbitan,cia,1
28106, exp,rim,1
28107, exper,i,1
28108, exper,im,1
28109, experi,mento,1
28110, experim,entado,1
28111, expres,a,1
28112, expres,adas,1
28113, expres,as,1
28114, expres,o,1
28115, exprim,ieron,1
28116, exter,i,1
28117, exteri,ores,1
28118, extir,par,1
28119, extra,ñas,1
28120, extra,ño,1
28121, extraordinar,iamente,1
28122, f,adas,1
28123, f,allar,1
28124, f,ando,1
28125, f,ardo,1
28126, f,arse,1
28127, f,ará,1
28128, f,as,1
28129, f,ender,1
28130, f,es,1
28131, f,ina,1
28132, f,lá,1
28133, f,onte,1
28134, f,ora,1
28135, f,raz,1
28136, f,rión,1
28137, f,ías,1
28138, f,íes,1
28139, f,íese,1
28140, f,ín,1
28141, f,ísi,1
28142, f,ïel,1
28143, fa,c,1
28144, fa,cas,1
28145, fa,ceros,1
28146, fa,cil,1
28147, fa,is,1
28148, fa,jaban,1
28149, fa,quín,1
28150, fa,tal,1
28151, fa,un,1
28152, fab,lado,1
28153, fab,lar,1
28154, fab,ló,1
28155, fabri,caba,1
28156, fabri,cados,1
28157, fabri,case,1
28158, fabricar,la,1
28159, fabulos,as,1
28160, fac,ciones,1
28161, face,to,1
28162, facer,le,1
28163, facil,ísima,1
28164, facili,tado,1
28165, facili,tando,1
28166, facili,tó,1
28167, facilitar,an,1
28168, facilitar,lo,1
28169, facilitar,ía,1
28170, facinor,osa,1
28171, fais,anes,1
28172, fal,s,1
28173, fal,sar,1
28174, fal,se,1
28175, fal,tri,1
28176, faldell,ines,1
28177, fals,ías,1
28178, falsar,ios,1
28179, false,dades,1
28180, faltar,en,1
28181, faltar,te,1
28182, faltar,ía,1
28183, faltri,quera,1
28184, faltó,les,1
28185, fam,o,1
28186, famili,as,1
28187, fan,ales,1
28188, fan,far,1
28189, fanfar,rón,1
28190, fantas,iosa,1
28191, fantas,ías,1
28192, fantásti,cas,1
28193, fantásti,cos,1
28194, far,án,1
28195, fars,ante,1
28196, farse,to,1
28197, farán,dula,1
28198, fas,ti,1
28199, fasti,dio,1
28200, fati,gados,1
28201, fati,garon,1
28202, fati,go,1
28203, fati,gues,1
28204, fati,gó,1
28205, fatig,alles,1
28206, fatig,ábase,1
28207, fatigar,nos,1
28208, faun,os,1
28209, favor,ecen,1
28210, favor,eces,1
28211, favor,eciendo,1
28212, favor,eció,1
28213, favor,ecían,1
28214, favor,idos,1
28215, favorecer,nos,1
28216, favorecer,se,1
28217, favoreci,dos,1
28218, favoreci,esen,1
28219, favoreci,éndome,1
28220, favorez,can,1
28221, favorez,cas,1
28222, faza,ña,1
28223, fe,chas,1
28224, fe,ci,1
28225, fe,cun,1
28226, fe,es,1
28227, fe,lig,1
28228, fech,uría,1
28229, feci,stes,1
28230, fecun,das,1
28231, feli,x,1
28232, felic,ísimos,1
28233, felig,res,1
28234, feligres,es,1
28235, feliz,mente,1
28236, fementi,da,1
28237, fen,dientes,1
28238, fen,eció,1
28239, fen,es,1
28240, fender,ían,1
28241, fenes,tras,1
28242, fer,i,1
28243, fer,ia,1
28244, fer,ir,1
28245, fer,radas,1
28246, fer,rer,1
28247, fer,v,1
28248, feri,ar,1
28249, fermos,uras,1
28250, fero,ces,1
28251, fero,z,1
28252, ferrer,uelo,1
28253, ferti,li,1
28254, ferti,lidad,1
28255, fertili,za,1
28256, ferv,iente,1
28257, fes,tej,1
28258, festej,alle,1
28259, fi,aba,1
28260, fi,ado,1
28261, fi,ador,1
28262, fi,adores,1
28263, fi,ambr,1
28264, fi,anza,1
28265, fi,anzas,1
28266, fi,ciesen,1
28267, fi,ja,1
28268, fi,jo,1
28269, fi,jó,1
28270, fi,zo,1
28271, fi,ásemos,1
28272, fi,éis,1
28273, fiambr,era,1
28274, fic,ti,1
28275, ficti,cio,1
28276, fide,di,1
28277, fide,lísima,1
28278, fidedi,gno,1
28279, fiel,tro,1
28280, fier,eza,1
28281, fier,ro,1
28282, figu,raba,1
28283, figu,reros,1
28284, figu,ri,1
28285, figu,ro,1
28286, figu,ró,1
28287, figuri,llas,1
28288, filiste,azo,1
28289, filiste,o,1
28290, fin,as,1
28291, fin,ta,1
28292, fin,ísimas,1
28293, fing,e,1
28294, fing,es,1
28295, fing,imiento,1
28296, fing,imientos,1
28297, fing,í,1
28298, fing,ían,1
28299, fingir,é,1
28300, fino,jos,1
28301, fir,man,1
28302, fir,mó,1
28303, firmar,la,1
28304, firme,mente,1
28305, firme,zas,1
28306, fis,ga,1
28307, fió,le,1
28308, fla,m,1
28309, flam,antes,1
28310, flamen,cas,1
28311, flamen,co,1
28312, flamen,cos,1
28313, flau,ta,1
28314, fle,chaba,1
28315, fle,xi,1
28316, flemáti,co,1
28317, flexi,ble,1
28318, flo,j,1
28319, flo,ja,1
28320, flo,ta,1
28321, floj,amente,1
28322, flor,eció,1
28323, flor,enti,1
28324, flor,ida,1
28325, flor,ido,1
28326, floreci,ente,1
28327, floreci,llas,1
28328, florenti,bus,1
28329, flá,mulas,1
28330, fol,lon,1
28331, follon,cicos,1
28332, fon,tana,1
28333, fonte,cilla,1
28334, for,ce,1
28335, for,cé,1
28336, for,era,1
28337, for,ib,1
28338, for,jar,1
28339, for,jaron,1
28340, for,mados,1
28341, for,man,1
28342, for,t,1
28343, for,tu,1
28344, for,tunas,1
28345, for,tísimo,1
28346, for,zasen,1
28347, fora,j,1
28348, foraj,idos,1
28349, foras,teras,1
28350, foras,teros,1
28351, force,jaba,1
28352, forib,undo,1
28353, form,aba,1
28354, form,adas,1
28355, form,ales,1
28356, form,almente,1
28357, form,ando,1
28358, form,arse,1
28359, formar,ía,1
28360, fort,ísimamente,1
28361, fortal,ece,1
28362, fortal,ecen,1
28363, fortal,ezas,1
28364, fortalecer,á,1
28365, fortifi,ca,1
28366, fortifi,caba,1
28367, fortifi,cación,1
28368, fortifi,can,1
28369, fortifi,case,1
28370, fortifi,có,1
28371, forz,ando,1
28372, forz,aron,1
28373, forz,udo,1
28374, forz,ábame,1
28375, forz,ándose,1
28376, forzar,le,1
28377, forzar,les,1
28378, forzos,a,1
28379, forzos,as,1
28380, fr,un,1
28381, fr,ías,1
28382, fr,íos,1
28383, fra,de,1
28384, fra,gan,1
28385, fra,gante,1
28386, fra,gran,1
28387, fra,tern,1
28388, fra,u,1
28389, fracas,ar,1
28390, fracas,o,1
28391, fraga,ta,1
28392, fraga,tas,1
28393, fragan,cia,1
28394, fragran,cia,1
28395, fraile,cicos,1
28396, fraile,cito,1
28397, fraile,citos,1
28398, fran,ca,1
28399, fran,cho,1
28400, fran,col,1
28401, fran,jas,1
28402, frances,a,1
28403, frances,as,1
28404, francho,te,1
28405, francol,ines,1
28406, fras,co,1
28407, fras,is,1
28408, fratern,al,1
28409, frau,des,1
28410, fraz,ada,1
28411, fre,cuen,1
28412, fre,g,1
28413, fre,gar,1
28414, frecuen,cia,1
28415, freg,ona,1
28416, fren,il,1
28417, fren,os,1
28418, fren,é,1
28419, frenil,lados,1
28420, frené,tico,1
28421, fres,cor,1
28422, fres,cos,1
28423, fres,cura,1
28424, fres,no,1
28425, fres,quísi,1
28426, fresquísi,ma,1
28427, fri,aldad,1
28428, fri,tas,1
28429, fris,ada,1
28430, fris,ón,1
28431, fron,dos,1
28432, frondos,os,1
28433, frun,cida,1
28434, fu,rio,1
28435, fu,stán,1
28436, fu,turas,1
28437, fu,yan,1
28438, fue,nos,1
28439, fue,sa,1
28440, fuer,ce,1
28441, fuer,in,1
28442, fuer,zan,1
28443, fuerin,t,1
28444, fui,me,1
28445, fui,ste,1
28446, fui,t,1
28447, ful,ana,1
28448, ful,lero,1
28449, fun,dad,1
28450, fun,dada,1
28451, fun,dadas,1
28452, fun,dan,1
28453, fun,dar,1
28454, fun,dir,1
28455, fun,esta,1
28456, fun,esto,1
28457, funda,mento,1
28458, fundad,ores,1
28459, fur,or,1
28460, furib,undo,1
28461, futu,ro,1
28462, futu,ros,1
28463, fuy,ades,1
28464, fuy,áis,1
28465, fué,rale,1
28466, fué,ron,1
28467, fué,sele,1
28468, fuér,zame,1
28469, fuéron,le,1
28470, fuéronse,lo,1
28471, fáb,rica,1
28472, fín,is,1
28473, fínis,imo,1
28474, físi,cos,1
28475, g,am,1
28476, g,ari,1
28477, g,er,1
28478, g,ile,1
28479, g,im,1
28480, g,in,1
28481, g,inas,1
28482, g,om,1
28483, g,ras,1
28484, g,raz,1
28485, g,uió,1
28486, g,á,1
28487, ga,chas,1
28488, ga,fo,1
28489, ga,itas,1
28490, ga,u,1
28491, ga,ude,1
28492, ga,ñ,1
28493, ga,ñir,1
28494, gal,anos,1
28495, gal,ante,1
28496, gal,ard,1
28497, gal,erías,1
28498, gal,ici,1
28499, gal,á,1
28500, galard,ón,1
28501, galici,anas,1
28502, gall,i,1
28503, gallar,ín,1
28504, gallarde,tes,1
28505, gallarde,ó,1
28506, galli,pa,1
28507, gallipa,vos,1
28508, galá,pa,1
28509, galápa,go,1
28510, gam,ella,1
28511, gan,aban,1
28512, gan,ada,1
28513, gan,are,1
28514, gan,cho,1
28515, gan,so,1
28516, gan,ándola,1
28517, ganan,cioso,1
28518, gar,aba,1
28519, gar,aman,1
28520, gar,be,1
28521, gar,na,1
28522, gar,ra,1
28523, gar,ran,1
28524, gar,rida,1
28525, gar,ru,1
28526, gar,za,1
28527, gar,zones,1
28528, garaba,to,1
28529, garaman,tas,1
28530, garban,zo,1
28531, garbe,are,1
28532, gargan,tas,1
28533, gari,tos,1
28534, garna,chas,1
28535, garran,cho,1
28536, garrota,zo,1
28537, garru,cha,1
28538, gas,cones,1
28539, gas,cón,1
28540, gas,t,1
28541, gas,taba,1
28542, gas,taban,1
28543, gas,tad,1
28544, gas,tadores,1
28545, gas,tan,1
28546, gas,tara,1
28547, gas,tase,1
28548, gas,te,1
28549, gas,tes,1
28550, gas,tos,1
28551, gasa,je,1
28552, gasa,jos,1
28553, gast,alla,1
28554, gastad,ora,1
28555, gastar,ías,1
28556, gate,ado,1
28557, gate,amiento,1
28558, gates,ca,1
28559, gates,cas,1
28560, gau,dia,1
28561, gaude,amus,1
28562, gay,adas,1
28563, gay,ado,1
28564, gaz,na,1
28565, gaz,pa,1
28566, gazna,tico,1
28567, gazpa,chos,1
28568, gañ,án,1
28569, ge,mi,1
28570, ge,mir,1
28571, ge,mía,1
28572, ge,ome,1
28573, ge,omé,1
28574, gemi,di,1
28575, gemidi,cos,1
28576, gen,erosas,1
28577, gener,almente,1
28578, gentiles,h,1
28579, gentilesh,ombres,1
28580, geome,tría,1
28581, geomé,tri,1
28582, geométri,cas,1
28583, ger,i,1
28584, geri,fal,1
28585, gerifal,te,1
28586, gi,mió,1
28587, gi,ù,1
28588, gig,an,1
28589, gigan,tillo,1
28590, gigante,a,1
28591, gigante,os,1
28592, gile,cuel,1
28593, gilecuel,co,1
28594, gim,iendo,1
28595, gin,oso,1
28596, ginas,ios,1
28597, gino,v,1
28598, gino,veses,1
28599, ginoso,fi,1
28600, ginosofi,stas,1
28601, ginov,esa,1
28602, glo,bo,1
28603, glor,iosa,1
28604, glos,aba,1
28605, glos,ados,1
28606, glos,an,1
28607, glos,ar,1
28608, glos,as,1
28609, go,ces,1
28610, go,da,1
28611, go,dos,1
28612, go,za,1
28613, go,zaba,1
28614, go,zado,1
28615, go,zaron,1
28616, go,zos,1
28617, gobern,amos,1
28618, gobern,ando,1
28619, gobern,are,1
28620, gobern,arle,1
28621, gobern,arse,1
28622, gobern,ase,1
28623, gobern,ases,1
28624, gobern,é,1
28625, gobernadores,co,1
28626, gobernar,es,1
28627, gobernar,la,1
28628, gobernar,los,1
28629, gol,on,1
28630, gol,osa,1
28631, golon,dr,1
28632, golondr,ina,1
28633, golosa,zo,1
28634, gom,ia,1
28635, gor,dos,1
28636, gor,je,1
28637, gorje,ar,1
28638, goz,amos,1
28639, goz,ques,1
28640, gozar,ás,1
28641, gozos,os,1
28642, gr,uesos,1
28643, gr,ul,1
28644, gra,be,1
28645, gra,ce,1
28646, gra,ma,1
28647, gra,máti,1
28648, gra,tis,1
28649, grab,ado,1
28650, grab,ando,1
28651, grab,ó,1
28652, grabar,emos,1
28653, grabar,la,1
28654, gracios,ísimo,1
28655, gracios,ísimos,1
28656, gradu,aron,1
28657, gradu,arse,1
28658, gramáti,co,1
28659, gran,a,1
28660, gran,dí,1
28661, grand,ísimas,1
28662, grande,mente,1
28663, grandi,osas,1
28664, grandi,osidad,1
28665, grandí,lo,1
28666, grandílo,cua,1
28667, granje,a,1
28668, granje,adas,1
28669, granje,e,1
28670, granje,en,1
28671, gras,iento,1
28672, gratifi,c,1
28673, gratifi,cado,1
28674, gratific,allas,1
28675, grav,ísima,1
28676, grav,ísimas,1
28677, graz,nar,1
28678, gre,bas,1
28679, gri,egas,1
28680, gri,fo,1
28681, gros,eras,1
28682, gru,me,1
28683, gru,ñen,1
28684, grul,las,1
28685, grume,te,1
28686, gruñ,idora,1
28687, gruñ,ía,1
28688, gu,ad,1
28689, gu,ada,1
28690, gu,an,1
28691, gu,in,1
28692, gu,ll,1
28693, gu,ste,1
28694, gu,stes,1
28695, gu,ían,1
28696, gu,ías,1
28697, gu,íes,1
28698, gu,ío,1
28699, guad,ame,1
28700, guada,ña,1
28701, guadame,ciles,1
28702, guan,tero,1
28703, guar,dad,1
28704, guar,dalle,1
28705, guar,di,1
28706, guar,do,1
28707, guar,dáis,1
28708, guar,dándose,1
28709, guar,dé,1
28710, guar,ismo,1
28711, guard,alla,1
28712, guard,ábase,1
28713, guarda,amigo,1
28714, guarda,mos,1
28715, guardar,lo,1
28716, guardar,nos,1
28717, guardar,ro,1
28718, guardarro,pas,1
28719, guardi,anes,1
28720, guarn,ecido,1
28721, guarneci,da,1
28722, guarneci,das,1
28723, guarneci,dos,1
28724, guarni,ción,1
28725, guede,ja,1
28726, guede,jas,1
28727, gui,aban,1
28728, gui,ada,1
28729, gui,adas,1
28730, gui,arse,1
28731, gui,jas,1
28732, gui,je,1
28733, gui,lla,1
28734, gui,ándole,1
28735, gui,ándolos,1
28736, guije,ñas,1
28737, guin,das,1
28738, guitar,ristas,1
28739, gull,urías,1
28740, gus,an,1
28741, gus,anos,1
28742, gusan,illos,1
28743, gust,ado,1
28744, gust,an,1
28745, gust,ares,1
28746, gust,aron,1
28747, gust,ará,1
28748, gustar,án,1
28749, gustar,ía,1
28750, gustos,amente,1
28751, gustos,as,1
28752, guár,date,1
28753, guár,dense,1
28754, guíe,te,1
28755, gá,li,1
28756, gáli,co,1
28757, gü,ero,1
28758, gü,esos,1
28759, güe,vo,1
28760, güéspe,da,1
28761, güéspe,des,1
28762, h,alda,1
28763, h,ale,1
28764, h,en,1
28765, h,ender,1
28766, h,om,1
28767, h,ome,1
28768, h,ura,1
28769, h,ía,1
28770, ha,cas,1
28771, ha,cí,1
28772, ha,cíale,1
28773, ha,cíase,1
28774, ha,me,1
28775, hab,elle,1
28776, hab,ello,1
28777, hab,lantes,1
28778, hab,lá,1
28779, hab,rí,1
28780, hab,é,1
28781, hab,íales,1
28782, hab,ías,1
28783, habi,tadoras,1
28784, habi,éndolas,1
28785, habi,éndonos,1
28786, habi,éndoos,1
28787, habili,tado,1
28788, habili,tándole,1
28789, habiéndose,los,1
28790, habl,ada,1
28791, habl,adas,1
28792, habl,adora,1
28793, habl,adores,1
28794, habl,ados,1
28795, habl,alle,1
28796, habl,en,1
28797, habl,ándolos,1
28798, habl,éis,1
28799, hablar,emos,1
28800, hablar,les,1
28801, hablar,lo,1
28802, hablar,nos,1
28803, hablar,os,1
28804, hablar,se,1
28805, hablar,íamos,1
28806, hable,mos,1
28807, hablá,bamos,1
28808, habrí,ades,1
28809, habría,mos,1
28810, habé,rosla,1
28811, habéis,me,1
28812, habér,mela,1
28813, habérme,las,1
28814, habérme,los,1
28815, habérse,las,1
28816, hace,lde,1
28817, hace,lla,1
28818, hace,llas,1
28819, haced,era,1
28820, haced,ero,1
28821, haced,me,1
28822, haced,nos,1
28823, hacen,dosa,1
28824, haci,éndola,1
28825, haci,éndolo,1
28826, haci,éndome,1
28827, haci,éndonos,1
28828, hací,ades,1
28829, hala,garme,1
28830, hall,ada,1
28831, hall,adas,1
28832, hall,ador,1
28833, hall,es,1
28834, hall,ámonos,1
28835, hall,ándome,1
28836, hall,áredes,1
28837, hall,ásemos,1
28838, hallar,lo,1
28839, hallar,te,1
28840, hallar,íamos,1
28841, hallé,la,1
28842, hallé,le,1
28843, hallé,me,1
28844, halló,la,1
28845, hambr,ientas,1
28846, han,ega,1
28847, han,la,1
28848, han,os,1
28849, han,se,1
28850, har,ina,1
28851, har,p,1
28852, har,taban,1
28853, har,tos,1
28854, har,tura,1
28855, har,tó,1
28856, har,íale,1
28857, har,ón,1
28858, harp,illera,1
28859, harta,mos,1
28860, harta,zga,1
28861, haría,mos,1
28862, hay,ades,1
28863, haz,lo,1
28864, haza,ños,1
28865, hazaños,os,1
28866, he,di,1
28867, he,is,1
28868, he,l,1
28869, he,lada,1
28870, he,lado,1
28871, he,lase,1
28872, hechi,zos,1
28873, hechicer,esca,1
28874, hedi,on,1
28875, hedion,do,1
28876, hel,árseme,1
28877, hen,ch,1
28878, hench,ir,1
28879, her,b,1
28880, her,bol,1
28881, her,encia,1
28882, her,radas,1
28883, her,rados,1
28884, her,reros,1
28885, herb,oso,1
28886, herbol,ario,1
28887, here,dar,1
28888, here,dase,1
28889, here,den,1
28890, here,je,1
28891, herir,le,1
28892, herir,les,1
28893, herir,nos,1
28894, herir,se,1
28895, herm,an,1
28896, herman,dades,1
28897, hero,ica,1
28898, hero,icas,1
28899, hero,ico,1
28900, hero,icos,1
28901, herrer,uelos,1
28902, herrer,ías,1
28903, hi,di,1
28904, hi,dr,1
28905, hi,ero,1
28906, hi,gas,1
28907, hi,go,1
28908, hi,gos,1
28909, hi,j,1
28910, hi,lando,1
28911, hi,le,1
28912, hi,lera,1
28913, hi,so,1
28914, hici,eras,1
28915, hici,mos,1
28916, hici,stes,1
28917, hici,éramos,1
28918, hici,éremos,1
28919, hici,éronse,1
28920, hici,ésedes,1
28921, hide,per,1
28922, hideper,ro,1
28923, hidi,ondas,1
28924, hidr,ó,1
28925, hidró,pi,1
28926, hidrópi,ca,1
28927, hiero,g,1
28928, hierog,lí,1
28929, hij,itos,1
28930, hila,chas,1
28931, hin,ca,1
28932, hin,cada,1
28933, hin,cado,1
28934, hin,cados,1
28935, hin,chadas,1
28936, hin,chados,1
28937, hin,che,1
28938, hin,chó,1
28939, hin,cándose,1
28940, hinca,pié,1
28941, hincar,se,1
28942, hincha,zón,1
28943, hinchar,te,1
28944, hipo,grifo,1
28945, hipér,bole,1
28946, hipócri,tas,1
28947, hirió,le,1
28948, hiso,po,1
28949, histori,ado,1
28950, ho,ci,1
28951, ho,cicos,1
28952, ho,ga,1
28953, ho,gaño,1
28954, ho,gue,1
28955, ho,j,1
28956, ho,la,1
28957, ho,po,1
28958, ho,to,1
28959, hob,iere,1
28960, hob,iese,1
28961, hoci,cando,1
28962, hoga,zas,1
28963, hogue,ras,1
28964, hoj,uelas,1
28965, hoje,ando,1
28966, hoje,arle,1
28967, hoje,é,1
28968, hol,g,1
28969, hol,gaba,1
28970, hol,gados,1
28971, hol,gando,1
28972, hol,gase,1
28973, hol,gué,1
28974, hol,gáis,1
28975, hol,góse,1
28976, hol,lar,1
28977, hol,len,1
28978, holg,adamente,1
28979, holgar,an,1
28980, holgar,éme,1
28981, holgá,ramos,1
28982, holgá,redes,1
28983, hom,ici,1
28984, homb,runa,1
28985, homb,runo,1
28986, homb,rón,1
28987, hombre,cillo,1
28988, hombre,cito,1
28989, homici,dios,1
28990, hon,don,1
28991, hon,dos,1
28992, hon,dura,1
28993, hon,r,1
28994, hon,rando,1
28995, hon,raron,1
28996, hon,rarse,1
28997, hondon,ada,1
28998, hones,tamente,1
28999, hones,tísima,1
29000, hones,tísimos,1
29001, honr,ándola,1
29002, honrad,ísima,1
29003, honrad,ísimos,1
29004, honrar,le,1
29005, honrar,me,1
29006, honrar,te,1
29007, honrar,é,1
29008, hor,ada,1
29009, hor,ma,1
29010, hor,no,1
29011, hor,quilla,1
29012, hor,ros,1
29013, horad,ado,1
29014, horad,ara,1
29015, horad,ó,1
29016, horada,ción,1
29017, horca,jad,1
29018, horcajad,ura,1
29019, hormi,gas,1
29020, horrís,ona,1
29021, horrís,ono,1
29022, hos,tal,1
29023, hostal,ero,1
29024, hu,ma,1
29025, hu,mos,1
29026, hu,ya,1
29027, hu,yas,1
29028, hu,ías,1
29029, hub,ieren,1
29030, hubi,eses,1
29031, hubi,stes,1
29032, hubi,érale,1
29033, hue,ca,1
29034, hue,cos,1
29035, hue,lan,1
29036, hue,lla,1
29037, huel,es,1
29038, huel,ga,1
29039, hui,dos,1
29040, hui,lla,1
29041, huir,me,1
29042, hum,í,1
29043, human,idad,1
29044, human,ista,1
29045, hume,dad,1
29046, humede,ce,1
29047, humi,llan,1
29048, humil,ísima,1
29049, humilde,mente,1
29050, humill,adas,1
29051, humill,ó,1
29052, humilla,ción,1
29053, humí,llate,1
29054, hun,de,1
29055, hun,di,1
29056, hun,didos,1
29057, hun,dir,1
29058, hun,dió,1
29059, hundi,éndola,1
29060, hundir,me,1
29061, hur,ta,1
29062, hur,tada,1
29063, hur,taron,1
29064, hur,te,1
29065, hur,tes,1
29066, hur,tos,1
29067, hura,ño,1
29068, hurta,corde,1
29069, hurtacorde,l,1
29070, huy,ere,1
29071, huy,eron,1
29072, huy,óse,1
29073, huérf,anas,1
29074, há,ceme,1
29075, há,gal,1
29076, há,gale,1
29077, há,game,1
29078, há,gan,1
29079, há,gase,1
29080, há,gole,1
29081, há,ma,1
29082, há,mela,1
29083, hábi,les,1
29084, hábl,ale,1
29085, hábl,ese,1
29086, hágal,as,1
29087, hágan,le,1
29088, háma,go,1
29089, hár,tate,1
29090, hár,tome,1
29091, hás,eles,1
29092, hás,elo,1
29093, hé,mosle,1
29094, hé,telo,1
29095, hé,tico,1
29096, hécho,le,1
29097, hécho,os,1
29098, hí,cela,1
29099, hí,gado,1
29100, hí,gados,1
29101, hí,zo,1
29102, hí,zose,1
29103, hízo,lo,1
29104, hú,bo,1
29105, hú,mida,1
29106, húbo,lo,1
29107, húme,da,1
29108, húme,do,1
29109, i,bas,1
29110, i,d,1
29111, i,das,1
29112, i,des,1
29113, i,dón,1
29114, i,jad,1
29115, i,jas,1
29116, i,ll,1
29117, i,medi,1
29118, idón,eo,1
29119, ign,ora,1
29120, ignor,ada,1
29121, ignor,ado,1
29122, ignor,ados,1
29123, ignor,an,1
29124, ignor,ancias,1
29125, ignor,ando,1
29126, ignor,as,1
29127, ignor,aste,1
29128, ignor,áis,1
29129, ignor,ó,1
29130, igu,ale,1
29131, igual,asen,1
29132, igualar,an,1
29133, igualar,ían,1
29134, ijad,e,1
29135, ijade,ando,1
29136, ill,ud,1
29137, ilust,rado,1
29138, ilust,rísima,1
29139, imagin,aldo,1
29140, imagin,ase,1
29141, imagin,ándose,1
29142, imagina,tivo,1
29143, imaginar,emos,1
29144, imaginar,en,1
29145, imaginar,la,1
29146, imedi,a,1
29147, imedia,tamente,1
29148, imi,tador,1
29149, imi,tados,1
29150, imi,talle,1
29151, imi,taste,1
29152, imi,to,1
29153, imi,táis,1
29154, imitar,e,1
29155, imitar,le,1
29156, imitar,os,1
29157, imitar,án,1
29158, imp,el,1
29159, imp,ens,1
29160, imp,era,1
29161, imp,id,1
29162, imp,li,1
29163, imp,on,1
29164, imp,uesta,1
29165, imp,ul,1
29166, imp,ura,1
29167, imp,us,1
29168, imp,use,1
29169, imp,í,1
29170, imp,ío,1
29171, impa,ciencia,1
29172, impe,didos,1
29173, impedi,miento,1
29174, impedir,les,1
29175, impedir,lo,1
29176, impel,iendo,1
29177, impen,sado,1
29178, impens,ada,1
29179, imper,iosos,1
29180, impera,toria,1
29181, imperfe,cta,1
29182, imperfe,cto,1
29183, imperfe,to,1
29184, impi,diera,1
29185, impi,diese,1
29186, impi,dió,1
29187, impi,día,1
29188, impid,an,1
29189, impla,c,1
29190, impla,cab,1
29191, implac,able,1
29192, implacab,les,1
29193, impli,caría,1
29194, impon,erse,1
29195, impor,tante,1
29196, impor,tar,1
29197, impor,tare,1
29198, impor,te,1
29199, importun,aba,1
29200, importun,aban,1
29201, importun,an,1
29202, importun,arla,1
29203, importun,arle,1
29204, importun,os,1
29205, imposibili,tada,1
29206, imposibili,tar,1
29207, imposibili,tó,1
29208, impri,mi,1
29209, imprim,an,1
29210, imprim,en,1
29211, imprim,iendo,1
29212, imprim,ieron,1
29213, imprimi,d,1
29214, imprimir,le,1
29215, imprimir,se,1
29216, impro,pio,1
29217, improvi,sa,1
29218, impru,dencia,1
29219, imprudente,mente,1
29220, impul,so,1
29221, impus,iere,1
29222, impí,reas,1
29223, in,adver,1
29224, in,ces,1
29225, in,cier,1
29226, in,cul,1
29227, in,cura,1
29228, in,cómo,1
29229, in,do,1
29230, in,esti,1
29231, in,fe,1
29232, in,h,1
29233, in,humana,1
29234, in,imi,1
29235, in,me,1
29236, in,omin,1
29237, in,or,1
29238, in,que,1
29239, in,res,1
29240, in,se,1
29241, in,ta,1
29242, in,usi,1
29243, in,ve,1
29244, ina,ces,1
29245, inacab,able,1
29246, inacab,ables,1
29247, inaces,ible,1
29248, inadver,tida,1
29249, inadvertida,mente,1
29250, inc,lu,1
29251, incen,tivos,1
29252, inces,able,1
29253, inci,te,1
29254, inci,tó,1
29255, incier,tos,1
29256, incita,tivas,1
29257, incita,tivo,1
29258, incl,ino,1
29259, inclem,encia,1
29260, inclin,aba,1
29261, inclin,é,1
29262, inclina,ciones,1
29263, inclu,y,1
29264, incluy,ese,1
29265, incom,par,1
29266, incom,por,1
29267, incompar,ables,1
29268, incompor,table,1
29269, incon,st,1
29270, incon,tras,1
29271, inconst,ancia,1
29272, incontras,table,1
29273, incre,du,1
29274, incredu,lidad,1
29275, increí,bles,1
29276, incul,to,1
29277, incur,rido,1
29278, incura,ble,1
29279, incómo,dos,1
29280, inde,cencia,1
29281, inde,cible,1
29282, indi,fer,1
29283, indi,gesti,1
29284, indifer,ente,1
29285, indigesti,ones,1
29286, indis,p,1
29287, indiscre,to,1
29288, indiscre,tos,1
29289, indisp,osición,1
29290, indo,mable,1
29291, indubi,tadamente,1
29292, industri,adas,1
29293, industri,osos,1
29294, industri,ándole,1
29295, ine,f,1
29296, ine,vi,1
29297, inef,able,1
29298, inescru,table,1
29299, inescru,tables,1
29300, inesti,mable,1
29301, inevi,table,1
29302, inf,a,1
29303, inf,ama,1
29304, inf,antes,1
29305, inf,ier,1
29306, inf,iera,1
29307, inf,ir,1
29308, inf,l,1
29309, infa,cundo,1
29310, infama,torio,1
29311, infe,li,1
29312, infeli,ce,1
29313, inferi,or,1
29314, inferi,ores,1
29315, infern,ales,1
29316, infier,nos,1
29317, infini,tamente,1
29318, infini,tus,1
29319, infir,áis,1
29320, infl,uen,1
29321, influen,cia,1
29322, infor,maba,1
29323, infor,maciones,1
29324, infor,mada,1
29325, infor,mando,1
29326, infor,mar,1
29327, infor,mase,1
29328, inform,alle,1
29329, informar,emos,1
29330, infortun,io,1
29331, infortun,ios,1
29332, infun,da,1
29333, infun,de,1
29334, infun,diendo,1
29335, infun,dir,1
29336, ing,er,1
29337, ing,l,1
29338, ingen,i,1
29339, ingeni,ero,1
29340, ingenios,a,1
29341, inger,ir,1
29342, ingl,és,1
29343, ingra,to,1
29344, inh,u,1
29345, inhab,ili,1
29346, inhabili,tado,1
29347, inhu,man,1
29348, inhuman,idad,1
29349, inimi,cos,1
29350, inju,st,1
29351, inju,stos,1
29352, injust,amente,1
29353, inme,mor,1
29354, inmemor,i,1
29355, inmemori,ales,1
29356, inmen,sidad,1
29357, inmundi,cias,1
29358, innumer,able,1
29359, ino,c,1
29360, ino,cencia,1
29361, inoc,entes,1
29362, inomin,ia,1
29363, inor,mes,1
29364, inque,rir,1
29365, inqui,riendo,1
29366, inqui,riese,1
29367, inqui,rir,1
29368, inqui,si,1
29369, inquisi,dores,1
29370, inremedi,able,1
29371, inremedi,ables,1
29372, inres,olu,1
29373, inresolu,tas,1
29374, ins,er,1
29375, ins,pira,1
29376, inse,parable,1
29377, inser,to,1
29378, insi,dias,1
29379, insign,es,1
29380, inspira,ción,1
29381, inst,able,1
29382, inst,into,1
29383, insti,gados,1
29384, insti,go,1
29385, insti,tu,1
29386, instit,uida,1
29387, instit,uido,1
29388, institu,yó,1
29389, insu,ficiencia,1
29390, insuf,rible,1
29391, insuf,ribles,1
29392, insul,ano,1
29393, int,ent,1
29394, int,entas,1
29395, int,entó,1
29396, int,on,1
29397, int,ru,1
29398, inta,ctas,1
29399, inte,g,1
29400, inte,le,1
29401, integ,ridad,1
29402, intele,gibles,1
29403, intelig,encia,1
29404, intelig,i,1
29405, inteligi,bles,1
29406, inten,samente,1
29407, inten,tado,1
29408, intenci,onados,1
29409, intent,arse,1
29410, intentar,e,1
29411, intentar,la,1
29412, inter,ces,1
29413, inter,du,1
29414, inter,i,1
29415, inter,pre,1
29416, inter,viene,1
29417, inter,vini,1
29418, interces,or,1
29419, interdu,m,1
29420, interes,ado,1
29421, interes,al,1
29422, interi,or,1
29423, interpre,tación,1
29424, interr,omp,1
29425, interro,gantes,1
29426, interro,tos,1
29427, interromp,iendo,1
29428, interromper,éis,1
29429, interrump,idas,1
29430, interrump,iese,1
29431, interven,ción,1
29432, interven,ga,1
29433, intervini,esen,1
29434, inti,maciones,1
29435, inti,mado,1
29436, inti,mar,1
29437, inti,mase,1
29438, inti,mo,1
29439, intoler,able,1
29440, intoler,ables,1
29441, inton,sos,1
29442, intri,car,1
29443, intric,able,1
29444, intric,adamente,1
29445, intricar,los,1
29446, introdu,cen,1
29447, introdu,ciendo,1
29448, introdu,cir,1
29449, intru,mentos,1
29450, intrépida,mente,1
29451, inum,er,1
29452, inum,erable,1
29453, inumer,abilidad,1
29454, inusi,tadas,1
29455, inve,c,1
29456, invec,tiva,1
29457, inven,erable,1
29458, inven,ta,1
29459, invent,ando,1
29460, invent,ar,1
29461, invent,arla,1
29462, invi,c,1
29463, invi,dio,1
29464, invic,tísimo,1
29465, invidi,ada,1
29466, invidi,ara,1
29467, invisi,ble,1
29468, invo,can,1
29469, invo,cando,1
29470, invo,car,1
29471, invo,có,1
29472, ir,nos,1
29473, ir,ían,1
29474, irri,tado,1
29475, is,lilla,1
29476, iz,ó,1
29477, izquier,de,1
29478, izquierde,aba,1
29479, j,al,1
29480, j,amón,1
29481, j,ara,1
29482, j,en,1
29483, j,erez,1
29484, j,ú,1
29485, j,ü,1
29486, ja,cin,1
29487, ja,z,1
29488, jabalí,es,1
29489, jabon,adura,1
29490, jabon,aron,1
29491, jabon,eros,1
29492, jacin,tos,1
29493, jal,des,1
29494, jar,ales,1
29495, jar,cia,1
29496, jaspe,aban,1
29497, jaspe,ada,1
29498, jaspe,ados,1
29499, jaz,m,1
29500, jazm,ines,1
29501, jen,í,1
29502, jení,zar,1
29503, jenízar,os,1
29504, jer,in,1
29505, jerez,anos,1
29506, jerin,gas,1
29507, ji,mio,1
29508, ji,ra,1
29509, jine,tes,1
29510, jo,cun,1
29511, jo,eces,1
29512, jo,ven,1
29513, jo,vent,1
29514, jo,vi,1
29515, jocun,da,1
29516, jornal,ero,1
29517, jornal,eros,1
29518, jovent,ud,1
29519, jovi,ales,1
29520, ju,díos,1
29521, ju,gaban,1
29522, ju,menta,1
29523, ju,raste,1
29524, ju,re,1
29525, ju,ré,1
29526, ju,rí,1
29527, ju,x,1
29528, jubi,laba,1
29529, jubi,larle,1
29530, judici,al,1
29531, judiciar,ia,1
29532, judiciar,ias,1
29533, jue,ga,1
29534, jue,gos,1
29535, jue,gue,1
29536, jue,ves,1
29537, jug,ador,1
29538, jug,adores,1
29539, jug,lar,1
29540, jugar,es,1
29541, jugue,tes,1
29542, jugue,tona,1
29543, jun,taban,1
29544, jun,tado,1
29545, jun,tan,1
29546, jun,taron,1
29547, jun,tase,1
29548, jun,tillas,1
29549, jun,tura,1
29550, jun,tá,1
29551, jun,téme,1
29552, jun,tó,1
29553, juntá,ban,1
29554, juntában,sele,1
29555, jura,ban,1
29556, juris,con,1
29557, juris,dición,1
29558, juriscon,s,1
29559, juriscons,ul,1
29560, jurisconsul,tos,1
29561, jurí,di,1
29562, jurídi,camente,1
29563, just,ísimas,1
29564, jux,ta,1
29565, juz,gaban,1
29566, juz,gad,1
29567, juz,gando,1
29568, juz,gáis,1
29569, juzgar,an,1
29570, juzgar,le,1
29571, juzgar,lo,1
29572, jáqui,mas,1
29573, jú,z,1
29574, júz,guen,1
29575, júzguen,lo,1
29576, jü,icio,1
29577, l,anas,1
29578, l,ante,1
29579, l,er,1
29580, l,ir,1
29581, l,or,1
29582, l,usi,1
29583, l,ín,1
29584, la,ch,1
29585, la,de,1
29586, la,di,1
29587, la,mb,1
29588, la,me,1
29589, la,mentar,1
29590, la,mente,1
29591, la,mpa,1
29592, la,mpi,1
29593, la,pi,1
29594, la,tro,1
29595, la,ude,1
29596, lab,ores,1
29597, lab,rado,1
29598, lab,rados,1
29599, lab,ran,1
29600, lab,re,1
29601, lab,ró,1
29602, labradores,cas,1
29603, labran,dera,1
29604, laca,yuna,1
29605, lach,r,1
29606, lachr,y,1
29607, lachry,mis,1
29608, lad,ino,1
29609, lad,rido,1
29610, lade,arme,1
29611, ladri,lla,1
29612, ladri,llos,1
29613, ladrilla,zos,1
29614, laga,ñas,1
29615, laga,ñoso,1
29616, lagar,es,1
29617, lagar,to,1
29618, lagarti,ja,1
29619, lagarti,jero,1
29620, lagun,a,1
29621, lam,entes,1
29622, lam,ieron,1
29623, lamb,ic,1
29624, lambic,ando,1
29625, lamen,ta,1
29626, lament,aban,1
29627, lament,ador,1
29628, lampa,zos,1
29629, lampi,ñas,1
29630, lan,ceros,1
29631, lan,ces,1
29632, lan,zadas,1
29633, lan,zarse,1
29634, lan,zones,1
29635, lante,jas,1
29636, lapi,darios,1
29637, lar,garse,1
29638, las,tamos,1
29639, lasti,ma,1
29640, lasti,madas,1
29641, lasti,me,1
29642, lasti,men,1
29643, lasti,mos,1
29644, lastim,era,1
29645, lastim,eros,1
29646, lastimos,as,1
29647, lat,ini,1
29648, latini,cos,1
29649, latro,cin,1
29650, latrocin,io,1
29651, lau,ro,1
29652, lau,ros,1
29653, laude,m,1
29654, laure,les,1
29655, lav,adas,1
29656, lav,adme,1
29657, lav,ado,1
29658, lav,aron,1
29659, lav,óse,1
29660, lavar,an,1
29661, laú,des,1
29662, le,chones,1
29663, le,ción,1
29664, le,dan,1
29665, le,ed,1
29666, le,elle,1
29667, le,emos,1
29668, le,en,1
29669, le,gi,1
29670, le,go,1
29671, le,la,1
29672, le,lilíes,1
29673, le,oncitos,1
29674, le,tan,1
29675, le,tor,1
29676, le,tores,1
29677, le,var,1
29678, le,ve,1
29679, le,vent,1
29680, le,z,1
29681, le,ían,1
29682, le,ños,1
29683, ledan,ías,1
29684, leed,le,1
29685, leel,de,1
29686, leel,las,1
29687, leel,los,1
29688, leer,le,1
29689, leer,los,1
29690, leer,é,1
29691, leer,ía,1
29692, leg,almente,1
29693, leg,ión,1
29694, legal,idad,1
29695, legi,bus,1
29696, legíti,mamente,1
29697, legíti,mas,1
29698, len,cería,1
29699, len,i,1
29700, len,tamente,1
29701, leni,tivas,1
29702, leones,es,1
29703, ler,cha,1
29704, les,a,1
29705, letan,ía,1
29706, lev,adas,1
29707, levan,taba,1
29708, levan,tadores,1
29709, levan,tan,1
29710, levan,tastes,1
29711, levan,ten,1
29712, levan,tándole,1
29713, levan,té,1
29714, levant,alla,1
29715, levant,ándola,1
29716, levant,éis,1
29717, levanta,os,1
29718, levantar,a,1
29719, levantar,an,1
29720, levantar,es,1
29721, levantar,las,1
29722, levantar,me,1
29723, levantó,se,1
29724, levent,es,1
29725, leván,tate,1
29726, ley,éndole,1
29727, ley,éndolo,1
29728, ley,éndolos,1
29729, ley,óle,1
29730, lez,na,1
29731, leí,da,1
29732, leí,das,1
29733, li,aba,1
29734, li,ar,1
29735, li,aron,1
29736, li,ción,1
29737, li,des,1
29738, li,ma,1
29739, li,rio,1
29740, li,rios,1
29741, li,ta,1
29742, li,teras,1
29743, li,zos,1
29744, li,ó,1
29745, lib,elos,1
29746, lib,io,1
29747, lib,rada,1
29748, lib,rado,1
29749, lib,rados,1
29750, lib,ré,1
29751, liber,tada,1
29752, liber,tas,1
29753, liber,tó,1
29754, liberalidad,es,1
29755, libertad,es,1
29756, libertad,os,1
29757, librar,a,1
29758, librar,le,1
29759, librar,me,1
29760, librar,os,1
29761, librar,é,1
29762, librar,ía,1
29763, licen,ci,1
29764, licen,ciosa,1
29765, licenci,ad,1
29766, licenciad,illo,1
29767, lig,aba,1
29768, lig,ados,1
29769, lig,amiento,1
29770, ligíti,mamente,1
29771, ligíti,mo,1
29772, limi,tadamente,1
29773, limi,tado,1
29774, limi,ten,1
29775, limp,ísima,1
29776, limpi,ando,1
29777, limpi,ándose,1
29778, limpi,é,1
29779, limpi,éme,1
29780, limpiar,las,1
29781, limpiéme,los,1
29782, lin,ces,1
29783, lir,ón,1
29784, lis,ión,1
29785, lison,ja,1
29786, lison,jero,1
29787, lisonje,a,1
29788, lisonje,e,1
29789, lió,las,1
29790, ll,adres,1
29791, ll,ores,1
29792, lla,gada,1
29793, lla,gado,1
29794, lla,gar,1
29795, llam,abas,1
29796, llam,adme,1
29797, llam,ara,1
29798, llam,aré,1
29799, llam,asen,1
29800, llam,ases,1
29801, llam,aste,1
29802, llam,á,1
29803, llam,ábase,1
29804, llam,ándola,1
29805, llam,ándolos,1
29806, llam,ándonos,1
29807, llam,éis,1
29808, llam,óse,1
29809, llama,tivo,1
29810, llamar,emos,1
29811, llamar,me,1
29812, llamar,án,1
29813, llamá,remos,1
29814, llan,as,1
29815, llan,ura,1
29816, lleg,ad,1
29817, lleg,adas,1
29818, lleg,aste,1
29819, lleg,ues,1
29820, lleg,áronse,1
29821, llegar,emos,1
29822, llegar,es,1
29823, llegar,la,1
29824, llegar,lo,1
29825, llegar,se,1
29826, llegar,te,1
29827, llegándose,le,1
29828, llegó,se,1
29829, llen,aba,1
29830, llen,aban,1
29831, llen,aran,1
29832, llen,aron,1
29833, llen,aros,1
29834, llen,e,1
29835, llen,ándosele,1
29836, llen,áronse,1
29837, llev,ad,1
29838, llev,aderos,1
29839, llev,adle,1
29840, llev,alla,1
29841, llev,alle,1
29842, llev,allos,1
29843, llev,á,1
29844, llev,ábamos,1
29845, llev,ádole,1
29846, llev,ámos,1
29847, llev,ándolas,1
29848, llev,ándolo,1
29849, llev,ándonos,1
29850, llev,ándoos,1
29851, llev,árades,1
29852, llev,árnos,1
29853, llev,áronse,1
29854, llev,óse,1
29855, lleva,os,1
29856, llevan,tan,1
29857, llevar,las,1
29858, llevar,les,1
29859, llevar,lo,1
29860, llevar,los,1
29861, llevar,nos,1
29862, llevar,os,1
29863, llevar,íamos,1
29864, llevas,tes,1
29865, lleve,mos,1
29866, llevá,do,1
29867, llevádo,los,1
29868, llevámos,las,1
29869, llevárnos,le,1
29870, llo,viere,1
29871, llo,vió,1
29872, llo,vían,1
29873, llor,ados,1
29874, llor,am,1
29875, llor,amos,1
29876, llor,ara,1
29877, llor,aron,1
29878, llor,as,1
29879, llor,e,1
29880, llor,osas,1
29881, llor,éis,1
29882, lloram,icos,1
29883, llorar,an,1
29884, llovi,da,1
29885, llovi,das,1
29886, llue,va,1
29887, llue,ve,1
29888, llám,ale,1
29889, llám,ame,1
29890, llám,ase,1
29891, llám,ese,1
29892, llám,ome,1
29893, llé,gate,1
29894, llé,guense,1
29895, llé,ven,1
29896, llé,vese,1
29897, llé,vola,1
29898, lléve,te,1
29899, lléven,se,1
29900, lo,a,1
29901, lo,bas,1
29902, lo,dos,1
29903, lo,gi,1
29904, lo,grada,1
29905, lo,ores,1
29906, lo,zan,1
29907, log,rase,1
29908, logi,cuos,1
29909, lon,gura,1
29910, lon,ja,1
29911, lon,jas,1
29912, long,incuos,1
29913, long,ísima,1
29914, lor,iga,1
29915, lozan,ías,1
29916, lu,c,1
29917, lu,ch,1
29918, lu,char,1
29919, lu,cidísimo,1
29920, lu,ju,1
29921, lu,stre,1
29922, luc,rando,1
29923, luce,m,1
29924, luch,ador,1
29925, lue,ñas,1
29926, luju,ria,1
29927, luminar,es,1
29928, luminar,ia,1
29929, lusi,tano,1
29930, lá,grima,1
29931, lá,m,1
29932, lá,tigo,1
29933, lám,inas,1
29934, lé,alos,1
29935, lé,ase,1
29936, lí,mpi,1
29937, lí,rico,1
29938, líci,tamente,1
29939, lími,ste,1
29940, límpi,ale,1
29941, lín,eas,1
29942, líqui,do,1
29943, m,adri,1
29944, m,amo,1
29945, m,era,1
29946, m,ero,1
29947, m,inas,1
29948, m,uel,1
29949, m,un,1
29950, m,ándole,1
29951, m,ándote,1
29952, ma,can,1
29953, ma,chu,1
29954, ma,chuelo,1
29955, ma,ga,1
29956, ma,gra,1
29957, ma,h,1
29958, ma,her,1
29959, ma,ja,1
29960, ma,jad,1
29961, ma,jadas,1
29962, ma,jar,1
29963, ma,qu,1
29964, ma,tal,1
29965, ma,talo,1
29966, ma,tasen,1
29967, ma,tor,1
29968, ma,tri,1
29969, ma,ños,1
29970, macan,ge,1
29971, macha,can,1
29972, macha,caron,1
29973, macha,có,1
29974, machu,c,1
29975, machuc,ándole,1
29976, maci,len,1
29977, maci,zas,1
29978, maci,zo,1
29979, macilen,ta,1
29980, mad,eros,1
29981, mad,res,1
29982, mad,rina,1
29983, mad,urado,1
29984, mad,uras,1
29985, madres,elva,1
29986, madri,gal,1
29987, madrigal,ete,1
29988, madru,g,1
29989, madru,gada,1
29990, madru,gan,1
29991, madru,gó,1
29992, madrug,ador,1
29993, maes,tra,1
29994, maes,tre,1
29995, maese,cor,1
29996, maesecor,al,1
29997, mag,ia,1
29998, mag,is,1
29999, magn,i,1
30000, magn,um,1
30001, magni,tudes,1
30002, magnán,ima,1
30003, magnífi,camente,1
30004, magnífi,cos,1
30005, mah,omé,1
30006, maher,idas,1
30007, mahomé,tico,1
30008, maja,gran,1
30009, majad,ería,1
30010, majagran,zas,1
30011, mal,bara,1
30012, mal,cri,1
30013, mal,de,1
30014, mal,dí,1
30015, mal,h,1
30016, mal,la,1
30017, mal,na,1
30018, mal,son,1
30019, mal,vada,1
30020, mal,vas,1
30021, mal,é,1
30022, mala,e,1
30023, malan,danza,1
30024, malandr,ina,1
30025, malavent,ura,1
30026, malbara,tándolas,1
30027, malcri,ado,1
30028, malde,cían,1
30029, maldecir,te,1
30030, maldecía,mos,1
30031, maldi,ce,1
30032, maldi,cen,1
30033, maldi,go,1
30034, maldí,jome,1
30035, male,ador,1
30036, malen,col,1
30037, malencol,ía,1
30038, malencón,icas,1
30039, malencón,icos,1
30040, malfer,ida,1
30041, malh,ad,1
30042, malhad,ada,1
30043, malher,ido,1
30044, malher,idos,1
30045, mali,ciosas,1
30046, malig,na,1
30047, malig,nidad,1
30048, malintenci,onados,1
30049, malna,cida,1
30050, malpar,ada,1
30051, malpar,ados,1
30052, malson,antes,1
30053, maltra,taban,1
30054, maltra,tado,1
30055, maltra,tando,1
30056, maltra,tar,1
30057, maltra,ten,1
30058, maltra,tó,1
30059, maltre,cha,1
30060, maltre,chos,1
30061, malé,vo,1
30062, malévo,lo,1
30063, mam,aron,1
30064, mam,ona,1
30065, mam,onado,1
30066, mam,é,1
30067, man,ar,1
30068, man,cha,1
30069, man,chada,1
30070, man,chado,1
30071, man,co,1
30072, man,cos,1
30073, man,dos,1
30074, man,ga,1
30075, man,i,1
30076, man,ia,1
30077, man,illas,1
30078, man,sa,1
30079, man,samente,1
30080, man,sos,1
30081, man,tos,1
30082, man,tu,1
30083, man,z,1
30084, man,á,1
30085, mance,ba,1
30086, mance,bas,1
30087, mance,bi,1
30088, mancebi,to,1
30089, manch,ase,1
30090, mand,allas,1
30091, mand,ara,1
30092, mand,árnoslo,1
30093, mand,áron,1
30094, mand,árselo,1
30095, mandad,ería,1
30096, mandar,an,1
30097, mandar,en,1
30098, mandar,me,1
30099, mandas,tes,1
30100, mandáron,les,1
30101, mandó,la,1
30102, mandó,les,1
30103, mandó,me,1
30104, mane,jan,1
30105, manejar,é,1
30106, mani,fa,1
30107, mania,tar,1
30108, manifa,tura,1
30109, manifestar,an,1
30110, manifies,tan,1
30111, manifies,te,1
30112, manifies,tos,1
30113, mano,jos,1
30114, mano,tadas,1
30115, manose,ada,1
30116, manose,an,1
30117, manose,e,1
30118, manose,ó,1
30119, manose,óse,1
30120, manse,du,1
30121, mansedu,mbres,1
30122, mant,ienen,1
30123, mante,ca,1
30124, mante,quillas,1
30125, manten,edor,1
30126, manten,er,1
30127, manten,ga,1
30128, manten,go,1
30129, manten,idos,1
30130, manten,imientos,1
30131, mantu,ve,1
30132, manu,ales,1
30133, manz,ana,1
30134, maqu,inase,1
30135, mar,caron,1
30136, mar,cha,1
30137, mar,chando,1
30138, mar,cial,1
30139, mar,co,1
30140, mar,e,1
30141, mar,fu,1
30142, mar,gar,1
30143, mar,mol,1
30144, mar,omas,1
30145, mar,que,1
30146, mar,ques,1
30147, mar,rido,1
30148, mar,tillos,1
30149, mara,ña,1
30150, mara,ñas,1
30151, maravi,llan,1
30152, maravi,lle,1
30153, maravi,lles,1
30154, maravill,ados,1
30155, maravill,aron,1
30156, maravill,ándose,1
30157, maravill,ásemos,1
30158, maravillar,me,1
30159, maravillar,án,1
30160, maravillas,e,1
30161, maravillos,os,1
30162, marchi,ta,1
30163, marchi,tan,1
30164, marchi,to,1
30165, marchi,tos,1
30166, marfu,ces,1
30167, margar,ita,1
30168, marque,sas,1
30169, marques,es,1
30170, marti,rio,1
30171, martiri,zada,1
30172, martiri,zado,1
30173, mas,cando,1
30174, mas,có,1
30175, mas,íli,1
30176, masíli,cos,1
30177, mat,r,1
30178, mat,ándote,1
30179, matal,ote,1
30180, matalo,ta,1
30181, matalota,je,1
30182, matar,as,1
30183, matar,le,1
30184, matar,se,1
30185, matar,é,1
30186, mate,mática,1
30187, mati,zadas,1
30188, mati,zar,1
30189, mator,rales,1
30190, matr,ona,1
30191, matri,mo,1
30192, matrimo,ñes,1
30193, matrimoñes,co,1
30194, may,aban,1
30195, may,ar,1
30196, mayor,mente,1
30197, mayora,z,1
30198, mayoraz,gos,1
30199, mayordo,ma,1
30200, maz,orcas,1
30201, maza,p,1
30202, mazap,án,1
30203, mañ,er,1
30204, mañ,oso,1
30205, mañer,uelas,1
30206, maños,amente,1
30207, me,de,1
30208, me,l,1
30209, me,le,1
30210, me,lón,1
30211, me,mos,1
30212, me,o,1
30213, me,tan,1
30214, me,ti,1
30215, me,tiese,1
30216, me,tiéndole,1
30217, me,tiéndose,1
30218, me,tá,1
30219, me,tído,1
30220, me,ón,1
30221, med,re,1
30222, med,ros,1
30223, med,rosa,1
30224, med,rosos,1
30225, mede,cinas,1
30226, medi,anas,1
30227, medi,anos,1
30228, medi,aron,1
30229, medi,mos,1
30230, medros,ica,1
30231, mej,i,1
30232, mej,ora,1
30233, meji,cano,1
30234, mejor,ada,1
30235, mejor,ados,1
30236, mejor,an,1
30237, mejor,ares,1
30238, mejor,arla,1
30239, mejor,arse,1
30240, mejor,asen,1
30241, mejor,ándose,1
30242, mel,ena,1
30243, melan,conía,1
30244, melancóli,ca,1
30245, mele,cinas,1
30246, meli,f,1
30247, meli,fi,1
30248, melif,lu,1
30249, melifi,cada,1
30250, meliflu,a,1
30251, melind,res,1
30252, melind,rosos,1
30253, memb,rar,1
30254, memb,rillo,1
30255, memb,ru,1
30256, membrar,os,1
30257, membru,do,1
30258, memor,ioso,1
30259, memori,al,1
30260, memori,ales,1
30261, men,güe,1
30262, men,si,1
30263, men,tille,1
30264, men,éese,1
30265, mendr,ugo,1
30266, mene,aron,1
30267, mene,ase,1
30268, menear,án,1
30269, mengu,adas,1
30270, menos,c,1
30271, menos,caba,1
30272, menos,cábase,1
30273, menosc,aban,1
30274, menoscab,adas,1
30275, menoscab,ado,1
30276, menoscab,ar,1
30277, menoscab,aron,1
30278, menoscab,asen,1
30279, menospre,ciado,1
30280, menospreci,adas,1
30281, menospreci,ando,1
30282, menospreci,aron,1
30283, mensa,jer,1
30284, mensajer,ías,1
30285, mensi,l,1
30286, ment,éis,1
30287, menteca,ta,1
30288, menteca,terías,1
30289, menti,rosamente,1
30290, menti,rán,1
30291, menti,ré,1
30292, menu,damente,1
30293, menude,ando,1
30294, mer,amente,1
30295, mer,ezca,1
30296, mer,os,1
30297, mercad,ería,1
30298, mercad,uría,1
30299, mercan,cías,1
30300, mere,cedor,1
30301, mereced,ores,1
30302, merecer,la,1
30303, mereci,da,1
30304, mereci,das,1
30305, mereci,ese,1
30306, mereci,esen,1
30307, meren,dado,1
30308, mes,aron,1
30309, mes,arse,1
30310, mes,n,1
30311, mes,ones,1
30312, mes,urado,1
30313, mesn,ada,1
30314, meta,morfóseos,1
30315, mete,d,1
30316, meted,le,1
30317, meter,nos,1
30318, meti,mos,1
30319, metá,for,1
30320, metáfor,as,1
30321, metído,me,1
30322, mez,qu,1
30323, mez,qui,1
30324, mezc,l,1
30325, mezc,lada,1
30326, mezc,lan,1
30327, mezc,lá,1
30328, mezc,ló,1
30329, mezcl,ándolos,1
30330, mezclar,as,1
30331, mezclar,la,1
30332, mezclar,le,1
30333, mezclá,dose,1
30334, mezqu,ina,1
30335, mezqui,tas,1
30336, mi,cer,1
30337, mi,da,1
30338, mi,de,1
30339, mi,di,1
30340, mi,diere,1
30341, mi,diesen,1
30342, mi,diéndole,1
30343, mi,eles,1
30344, mi,g,1
30345, mi,les,1
30346, mi,lla,1
30347, mi,ralle,1
30348, mi,ras,1
30349, mi,rasen,1
30350, mi,raste,1
30351, mi,res,1
30352, mi,ro,1
30353, mi,réis,1
30354, mi,siva,1
30355, mi,ti,1
30356, mi,xto,1
30357, mi,é,1
30358, midi,éndolos,1
30359, mien,tan,1
30360, mien,tas,1
30361, mig,li,1
30362, miga,jas,1
30363, migli,or,1
30364, mil,lones,1
30365, milag,rosas,1
30366, milagros,amente,1
30367, milan,esa,1
30368, milan,és,1
30369, miles,ias,1
30370, mili,tamos,1
30371, mili,tar,1
30372, mili,tares,1
30373, mili,táis,1
30374, min,ando,1
30375, min,aron,1
30376, min,tiese,1
30377, min,ó,1
30378, mir,alla,1
30379, mir,allos,1
30380, mir,ones,1
30381, mir,to,1
30382, mir,ándolas,1
30383, mir,ándolos,1
30384, mir,ándome,1
30385, mira,da,1
30386, mira,das,1
30387, mirad,lo,1
30388, mirad,ores,1
30389, miran,te,1
30390, mirar,en,1
30391, mirar,lo,1
30392, mirar,los,1
30393, mirar,me,1
30394, mirar,se,1
30395, mirar,ían,1
30396, mirá,bale,1
30397, mirá,banse,1
30398, mirá,base,1
30399, miró,los,1
30400, mis,m,1
30401, misericor,di,1
30402, misericordi,osos,1
30403, mism,ísimos,1
30404, mist,erios,1
30405, mist,uras,1
30406, mitad,es,1
30407, miti,gar,1
30408, mié,mbres,1
30409, miémbres,ele,1
30410, mo,cho,1
30411, mo,f,1
30412, mo,jado,1
30413, mo,jados,1
30414, mo,jar,1
30415, mo,jón,1
30416, mo,le,1
30417, mo,ta,1
30418, mo,til,1
30419, mo,v,1
30420, mo,z,1
30421, moder,ado,1
30422, moder,aron,1
30423, moder,aré,1
30424, mof,ante,1
30425, moh,a,1
30426, moh,in,1
30427, moh,ínos,1
30428, moha,tra,1
30429, mohin,ísimo,1
30430, mojic,ón,1
30431, mol,erá,1
30432, mol,estia,1
30433, mol,esto,1
30434, mol,iendo,1
30435, mol,iente,1
30436, mol,iesen,1
30437, mol,imientos,1
30438, mol,inero,1
30439, mol,ía,1
30440, mole,dor,1
30441, moler,le,1
30442, molifi,ca,1
30443, molifi,car,1
30444, mon,da,1
30445, mon,darnos,1
30446, mon,de,1
30447, mon,do,1
30448, mon,dándose,1
30449, mon,edas,1
30450, mon,jas,1
30451, mon,si,1
30452, mon,taban,1
30453, mon,tan,1
30454, mon,tante,1
30455, mon,tare,1
30456, mon,tas,1
30457, mon,ton,1
30458, mon,tuosos,1
30459, mon,ísimo,1
30460, monar,qu,1
30461, monar,quí,1
30462, monarqu,ía,1
30463, monarquí,as,1
30464, monj,iles,1
30465, monj,ío,1
30466, monsi,ur,1
30467, monst,ros,1
30468, monstru,os,1
30469, monta,zgo,1
30470, montara,ces,1
30471, montara,z,1
30472, montañ,uela,1
30473, montañ,uelas,1
30474, montañ,és,1
30475, monton,cillo,1
30476, mor,aban,1
30477, mor,adas,1
30478, mor,ado,1
30479, mor,almente,1
30480, mor,bi,1
30481, mor,bo,1
30482, mor,e,1
30483, mor,illos,1
30484, mor,imos,1
30485, mor,s,1
30486, mor,tero,1
30487, mor,tíf,1
30488, mor,áis,1
30489, mor,ían,1
30490, morbi,dez,1
30491, morir,me,1
30492, morir,á,1
30493, morir,é,1
30494, moris,cas,1
30495, mortíf,eros,1
30496, mosque,ar,1
30497, mosque,arme,1
30498, mosque,o,1
30499, most,raste,1
30500, most,redes,1
30501, most,rándonos,1
30502, most,rándose,1
30503, mostrar,as,1
30504, mostrar,le,1
30505, mostrar,nos,1
30506, mostrar,os,1
30507, mostrar,á,1
30508, mostrar,ás,1
30509, mostrar,é,1
30510, mostrá,d,1
30511, mostrá,rades,1
30512, mostrád,nos,1
30513, mostrádnos,la,1
30514, mostró,le,1
30515, mostró,se,1
30516, mostró,sela,1
30517, motil,ón,1
30518, mov,áis,1
30519, mover,los,1
30520, mover,te,1
30521, mover,án,1
30522, movi,bles,1
30523, movi,da,1
30524, movi,das,1
30525, movi,ste,1
30526, movi,éndola,1
30527, movi,éndose,1
30528, moz,uela,1
30529, mu,ce,1
30530, mu,daba,1
30531, mu,dad,1
30532, mu,darme,1
30533, mu,den,1
30534, mu,dos,1
30535, mu,dándose,1
30536, mu,dó,1
30537, mu,gr,1
30538, mu,gre,1
30539, mu,ramos,1
30540, mu,rasen,1
30541, mu,rieron,1
30542, mu,sa,1
30543, mu,stia,1
30544, mu,ta,1
30545, mu,taciones,1
30546, mu,tación,1
30547, mu,ér,1
30548, muce,tas,1
30549, much,ísima,1
30550, much,ísimos,1
30551, mucha,chas,1
30552, mucha,cherías,1
30553, mud,ables,1
30554, muda,miento,1
30555, mudar,án,1
30556, mue,bles,1
30557, mue,ca,1
30558, mue,le,1
30559, mue,res,1
30560, mue,van,1
30561, mue,ven,1
30562, muel,le,1
30563, muer,dan,1
30564, muest,ro,1
30565, mugr,iento,1
30566, mujer,cilla,1
30567, mujer,iega,1
30568, mujer,iego,1
30569, mul,tos,1
30570, mun,iciones,1
30571, mur,ci,1
30572, murci,éla,1
30573, murciéla,gos,1
30574, muri,ésemos,1
30575, murm,ur,1
30576, murm,urado,1
30577, murmu,ro,1
30578, murmur,en,1
30579, murmura,ban,1
30580, murmura,ción,1
30581, murmura,dores,1
30582, murmuras,e,1
30583, mus,ara,1
30584, musara,ñas,1
30585, muta,tio,1
30586, mué,rame,1
30587, mué,rese,1
30588, muér,ome,1
30589, muést,rese,1
30590, muéstrate,le,1
30591, muéstrate,les,1
30592, muñ,idos,1
30593, má,sti,1
30594, mági,ca,1
30595, mági,cos,1
30596, márm,ores,1
30597, más,caras,1
30598, másti,l,1
30599, mé,diese,1
30600, mé,rito,1
30601, mé,te,1
30602, mé,telo,1
30603, méri,tamente,1
30604, méri,tos,1
30605, méte,le,1
30606, mí,li,1
30607, mí,n,1
30608, mí,rate,1
30609, mí,reme,1
30610, mí,ren,1
30611, mí,rese,1
30612, míli,te,1
30613, mín,imos,1
30614, míni,mo,1
30615, míren,lo,1
30616, mís,era,1
30617, mís,eras,1
30618, mú,s,1
30619, mús,culos,1
30620, n,ab,1
30621, n,abo,1
30622, n,ar,1
30623, n,arig,1
30624, n,er,1
30625, n,erv,1
30626, n,ervi,1
30627, n,oria,1
30628, n,ula,1
30629, n,á,1
30630, n,ís,1
30631, na,cían,1
30632, na,pe,1
30633, na,pol,1
30634, na,tas,1
30635, na,u,1
30636, na,val,1
30637, na,zcan,1
30638, nab,os,1
30639, nace,mos,1
30640, naci,stes,1
30641, nad,aba,1
30642, nape,as,1
30643, napol,i,1
30644, napoli,tano,1
30645, nar,igu,1
30646, naran,ja,1
30647, naran,jos,1
30648, narig,ante,1
30649, narigu,do,1
30650, nau,f,1
30651, nauf,ragios,1
30652, nave,g,1
30653, nave,gaba,1
30654, nave,gaban,1
30655, nave,gado,1
30656, nave,gamos,1
30657, nave,gando,1
30658, nave,gue,1
30659, naveg,ábamos,1
30660, navega,ción,1
30661, ne,b,1
30662, ne,ci,1
30663, ne,cia,1
30664, ne,cias,1
30665, ne,ga,1
30666, ne,tez,1
30667, neb,lí,1
30668, nece,da,1
30669, neces,ita,1
30670, necesar,ísimo,1
30671, necesi,tado,1
30672, necesi,tar,1
30673, neci,amente,1
30674, neg,aba,1
30675, neg,ando,1
30676, neg,lig,1
30677, neg,r,1
30678, neg,re,1
30679, neg,rísima,1
30680, neg,ui,1
30681, neg,ároslo,1
30682, nega,ción,1
30683, negar,ás,1
30684, neglig,encia,1
30685, negociar,lo,1
30686, negr,ura,1
30687, negre,gura,1
30688, negui,jón,1
30689, ner,vos,1
30690, nerv,u,1
30691, nervi,os,1
30692, nervos,a,1
30693, nervu,da,1
30694, netez,uelos,1
30695, ni,egas,1
30696, ni,eta,1
30697, ni,velado,1
30698, ni,zar,1
30699, nie,ves,1
30700, nieg,an,1
30701, nigrom,ancia,1
30702, nizar,ani,1
30703, niñ,ez,1
30704, no,bis,1
30705, no,ci,1
30706, no,tables,1
30707, no,tada,1
30708, no,tadas,1
30709, no,tando,1
30710, no,tas,1
30711, no,tase,1
30712, no,taste,1
30713, no,tes,1
30714, no,tor,1
30715, no,tur,1
30716, noci,vo,1
30717, nomb,raban,1
30718, nomb,ras,1
30719, nomb,rase,1
30720, nomb,ro,1
30721, nomb,rá,1
30722, nomb,ráis,1
30723, nombrar,le,1
30724, nombras,tes,1
30725, nombrá,redes,1
30726, nor,amala,1
30727, nor,tes,1
30728, noti,fi,1
30729, notifi,qué,1
30730, notor,ias,1
30731, notur,nas,1
30732, novi,as,1
30733, novi,ciado,1
30734, novi,embre,1
30735, nu,bi,1
30736, nu,ca,1
30737, nu,dos,1
30738, nub,lados,1
30739, nubi,la,1
30740, nue,so,1
30741, nue,z,1
30742, nuestra,mo,1
30743, num,eroso,1
30744, numer,ab,1
30745, numer,us,1
30746, numerab,is,1
30747, ná,use,1
30748, náuse,a,1
30749, nís,p,1
30750, nísp,eros,1
30751, nú,midas,1
30752, o,c,1
30753, o,cé,1
30754, o,dio,1
30755, o,dor,1
30756, o,idores,1
30757, o,ig,1
30758, o,j,1
30759, o,jeo,1
30760, o,las,1
30761, o,ya,1
30762, o,yo,1
30763, ob,rado,1
30764, ob,rallo,1
30765, ob,se,1
30766, ob,st,1
30767, obe,di,1
30768, obede,ce,1
30769, obede,cidas,1
30770, obede,ciendo,1
30771, obede,cí,1
30772, obede,cían,1
30773, obede,zca,1
30774, obede,zcan,1
30775, obedece,lla,1
30776, obedecer,los,1
30777, obedecer,te,1
30778, obedecer,é,1
30779, obedecer,ía,1
30780, obedi,cido,1
30781, obis,po,1
30782, obje,ciones,1
30783, obli,garon,1
30784, obli,garse,1
30785, oblig,aba,1
30786, oblig,adísimo,1
30787, oblig,as,1
30788, oblig,asen,1
30789, oblig,aste,1
30790, oblig,uen,1
30791, oblig,ué,1
30792, obligar,a,1
30793, obligar,los,1
30794, obligar,nos,1
30795, obras,tes,1
30796, obs,cen,1
30797, obs,erv,1
30798, obscen,as,1
30799, obse,quias,1
30800, obser,va,1
30801, obser,van,1
30802, observ,ó,1
30803, observa,ciones,1
30804, observan,cia,1
30805, obst,ante,1
30806, oc,ci,1
30807, ocas,ionado,1
30808, occi,di,1
30809, occidi,t,1
30810, ocho,cientas,1
30811, octa,va,1
30812, octa,vo,1
30813, ocul,ta,1
30814, ocul,taba,1
30815, ocul,tarlos,1
30816, ocul,te,1
30817, ocup,aba,1
30818, ocup,aban,1
30819, ocup,adas,1
30820, ocup,ando,1
30821, ocup,arse,1
30822, ocupa,ciones,1
30823, ocupa,os,1
30824, ocupar,an,1
30825, ocupar,e,1
30826, ocupar,le,1
30827, ocupar,me,1
30828, ocupar,ía,1
30829, ocur,ri,1
30830, ocur,rieron,1
30831, ocur,rían,1
30832, ocurri,eren,1
30833, océ,ano,1
30834, odi,osa,1
30835, odi,osos,1
30836, odor,í,1
30837, odorí,feras,1
30838, of,enda,1
30839, of,endo,1
30840, of,ren,1
30841, of,ré,1
30842, of,us,1
30843, ofen,deros,1
30844, ofende,dme,1
30845, ofende,lle,1
30846, ofende,llos,1
30847, ofender,te,1
30848, ofender,á,1
30849, ofi,cioso,1
30850, ofre,celle,1
30851, ofre,ces,1
30852, ofre,cérse,1
30853, ofre,z,1
30854, ofre,zca,1
30855, ofrecer,la,1
30856, ofrecer,á,1
30857, ofrecer,án,1
30858, ofrecer,é,1
30859, ofreci,éndose,1
30860, ofreci,éndosele,1
30861, ofrecérse,les,1
30862, ofren,das,1
30863, ofrez,c,1
30864, ofrezc,áis,1
30865, ofré,ces,1
30866, ofréces,ele,1
30867, ofus,can,1
30868, oig,amos,1
30869, oir,éis,1
30870, oj,in,1
30871, oje,ados,1
30872, oje,ándole,1
30873, ojin,eg,1
30874, ojineg,ra,1
30875, ol,iendo,1
30876, oli,do,1
30877, oli,ese,1
30878, oli,s,1
30879, oli,va,1
30880, oli,vas,1
30881, oli,ví,1
30882, oli,éndolas,1
30883, oli,ó,1
30884, olis,can,1
30885, oliví,f,1
30886, olivíf,ero,1
30887, olor,cillo,1
30888, olor,osos,1
30889, olvi,dadas,1
30890, olvi,dados,1
30891, olvi,darme,1
30892, olvi,daron,1
30893, olvi,das,1
30894, olvi,dasen,1
30895, olvi,den,1
30896, olvi,des,1
30897, olvi,dos,1
30898, olvi,déis,1
30899, olvid,alla,1
30900, olvid,ándome,1
30901, olvid,ársele,1
30902, om,ni,1
30903, ome,cillo,1
30904, ome,cillos,1
30905, omni,po,1
30906, omnipo,t,1
30907, omnipot,ente,1
30908, on,zas,1
30909, ones,to,1
30910, op,eración,1
30911, op,osición,1
30912, op,rimir,1
30913, op,uesto,1
30914, op,uestos,1
30915, op,us,1
30916, op,uso,1
30917, opon,en,1
30918, opon,er,1
30919, opon,iéndose,1
30920, opon,érsele,1
30921, opres,ión,1
30922, opri,mida,1
30923, opri,midas,1
30924, opri,mido,1
30925, opri,mió,1
30926, opri,mo,1
30927, opus,iesen,1
30928, or,ador,1
30929, or,de,1
30930, or,ina,1
30931, or,na,1
30932, or,za,1
30933, ora,tor,1
30934, ora,toria,1
30935, ora,torio,1
30936, orator,ios,1
30937, orde,ñ,1
30938, orden,ando,1
30939, orden,anza,1
30940, orden,ar,1
30941, orden,ara,1
30942, orden,arse,1
30943, orden,aría,1
30944, orden,as,1
30945, orden,ase,1
30946, orden,é,1
30947, ordeñ,ando,1
30948, ordinar,o,1
30949, ore,arme,1
30950, orgu,llo,1
30951, orgu,lloso,1
30952, orien,tal,1
30953, orig,inales,1
30954, orn,amento,1
30955, orn,amentos,1
30956, orna,to,1
30957, os,amos,1
30958, os,ara,1
30959, os,aron,1
30960, os,arse,1
30961, os,as,1
30962, os,ase,1
30963, os,asen,1
30964, os,aste,1
30965, os,e,1
30966, os,sa,1
30967, os,é,1
30968, osar,ía,1
30969, ot,omana,1
30970, otor,ga,1
30971, otor,gaba,1
30972, otor,gar,1
30973, otor,gase,1
30974, ove,j,1
30975, ovej,uno,1
30976, oy,an,1
30977, oy,eran,1
30978, oy,eren,1
30979, oy,eres,1
30980, oy,éndolo,1
30981, oy,éndolos,1
30982, oí,d,1
30983, oí,ros,1
30984, oír,la,1
30985, oír,lo,1
30986, oír,te,1
30987, p,anza,1
30988, p,era,1
30989, p,esen,1
30990, p,ino,1
30991, p,inos,1
30992, p,las,1
30993, p,lo,1
30994, p,lá,1
30995, p,omos,1
30996, p,raz,1
30997, p,ál,1
30998, p,ás,1
30999, p,éndola,1
31000, p,ésame,1
31001, p,ése,1
31002, p,ías,1
31003, p,úsos,1
31004, pa,ciente,1
31005, pa,gada,1
31006, pa,ganos,1
31007, pa,gas,1
31008, pa,gué,1
31009, pa,par,1
31010, pa,pe,1
31011, pa,pen,1
31012, pa,pilla,1
31013, pa,piro,1
31014, pa,tada,1
31015, pa,te,1
31016, pa,tenas,1
31017, pa,traña,1
31018, pa,tán,1
31019, pa,u,1
31020, pa,vés,1
31021, pa,ños,1
31022, pad,ecía,1
31023, pad,ezca,1
31024, pad,r,1
31025, pad,é,1
31026, padr,inos,1
31027, padé,cense,1
31028, pag,árnoslo,1
31029, pag,ároslo,1
31030, pag,árselo,1
31031, pagar,a,1
31032, pagar,e,1
31033, pagar,la,1
31034, pagar,me,1
31035, pagar,on,1
31036, pagar,se,1
31037, pagar,te,1
31038, pagar,án,1
31039, pagar,ás,1
31040, pagar,éis,1
31041, pagas,tes,1
31042, pagué,le,1
31043, pajar,icas,1
31044, paje,cillo,1
31045, paje,cillos,1
31046, pal,eta,1
31047, pal,illo,1
31048, pal,iza,1
31049, pal,me,1
31050, pal,mito,1
31051, pal,omas,1
31052, pal,p,1
31053, pal,par,1
31054, palad,ar,1
31055, palad,ino,1
31056, palafren,eros,1
31057, palafren,es,1
31058, palmadi,cas,1
31059, palmadi,tas,1
31060, palme,ase,1
31061, palom,ar,1
31062, palom,ino,1
31063, palom,inos,1
31064, palp,ables,1
31065, pan,deros,1
31066, pan,e,1
31067, pan,eci,1
31068, pan,eg,1
31069, pan,es,1
31070, pan,ia,1
31071, pan,tal,1
31072, pan,tu,1
31073, paneci,llo,1
31074, paneg,íri,1
31075, panegíri,co,1
31076, pania,gu,1
31077, paniagu,ados,1
31078, pantal,ia,1
31079, pantu,f,1
31080, pantuf,los,1
31081, pap,ando,1
31082, pap,esa,1
31083, papa,hí,1
31084, papahí,go,1
31085, papar,os,1
31086, papel,ón,1
31087, papiro,ta,1
31088, papirota,zo,1
31089, par,aderos,1
31090, par,amento,1
31091, par,amentos,1
31092, par,an,1
31093, par,ando,1
31094, par,ara,1
31095, par,arse,1
31096, par,aré,1
31097, par,cas,1
31098, par,ches,1
31099, par,dos,1
31100, par,ida,1
31101, par,iera,1
31102, par,iese,1
31103, par,o,1
31104, par,si,1
31105, par,ta,1
31106, par,tá,1
31107, par,va,1
31108, par,ándose,1
31109, par,én,1
31110, par,í,1
31111, par,óse,1
31112, para,is,1
31113, para,íso,1
31114, parab,ienes,1
31115, parab,ién,1
31116, parar,á,1
31117, parar,ía,1
31118, paras,ismos,1
31119, pare,cidos,1
31120, pare,ciendo,1
31121, pare,cíales,1
31122, parecer,lo,1
31123, parecer,se,1
31124, parecer,ás,1
31125, pareci,eran,1
31126, pareci,éronle,1
31127, pareció,les,1
31128, pareció,me,1
31129, parecía,me,1
31130, parsi,mon,1
31131, parsimon,ia,1
31132, partes,anas,1
31133, parti,dos,1
31134, parti,eses,1
31135, parti,éronse,1
31136, parti,ésemos,1
31137, particip,ante,1
31138, particip,antes,1
31139, particip,ar,1
31140, particular,idad,1
31141, partá,monos,1
31142, paré,celo,1
31143, parén,tes,1
31144, paréntes,is,1
31145, pas,ama,1
31146, pas,amiento,1
31147, pas,as,1
31148, pas,asen,1
31149, pas,aste,1
31150, pas,cua,1
31151, pas,emos,1
31152, pas,es,1
31153, pas,itamente,1
31154, pas,m,1
31155, pas,ma,1
31156, pas,mada,1
31157, pas,mados,1
31158, pas,mo,1
31159, pas,tos,1
31160, pas,traña,1
31161, pas,á,1
31162, pas,áis,1
31163, pas,ándole,1
31164, pas,ándoseme,1
31165, pas,áronse,1
31166, pas,éis,1
31167, pas,óse,1
31168, pasa,gon,1
31169, pasa,is,1
31170, pasa,j,1
31171, pasagon,zalo,1
31172, pasaj,era,1
31173, pasama,ques,1
31174, pasar,as,1
31175, pasar,la,1
31176, pasar,las,1
31177, pasar,os,1
31178, pasar,ás,1
31179, pasar,é,1
31180, pase,e,1
31181, pase,es,1
31182, pasm,óse,1
31183, pastor,cico,1
31184, pastor,il,1
31185, pat,entes,1
31186, pat,ri,1
31187, pate,ado,1
31188, patente,mente,1
31189, pater,nidad,1
31190, patri,arca,1
31191, pau,per,1
31192, pauper,um,1
31193, paz,p,1
31194, pazp,uer,1
31195, pazpuer,ca,1
31196, pañ,ales,1
31197, pe,caba,1
31198, pe,caron,1
31199, pe,ces,1
31200, pe,chero,1
31201, pe,de,1
31202, pe,des,1
31203, pe,dida,1
31204, pe,dor,1
31205, pe,gado,1
31206, pe,gados,1
31207, pe,garon,1
31208, pe,go,1
31209, pe,gu,1
31210, pe,góse,1
31211, pe,l,1
31212, pe,lad,1
31213, pe,lada,1
31214, pe,lados,1
31215, pe,lando,1
31216, pe,lia,1
31217, pe,lillos,1
31218, pe,lla,1
31219, pe,luda,1
31220, pe,ló,1
31221, pe,lón,1
31222, pe,ones,1
31223, pe,t,1
31224, pe,ñón,1
31225, pecar,á,1
31226, ped,antes,1
31227, ped,rez,1
31228, ped,ris,1
31229, peda,go,1
31230, pedago,go,1
31231, pedernal,inas,1
31232, pedes,tre,1
31233, pedi,d,1
31234, pedi,lde,1
31235, pedi,llo,1
31236, pedi,miento,1
31237, pedi,ré,1
31238, pedi,ría,1
31239, pedi,stes,1
31240, pedir,lo,1
31241, pedir,te,1
31242, pedor,reras,1
31243, pedrez,uelas,1
31244, pedris,co,1
31245, pedí,ale,1
31246, pedí,dme,1
31247, pedí,dole,1
31248, pedídme,la,1
31249, pedírse,le,1
31250, pedírse,los,1
31251, pega,josa,1
31252, pega,josos,1
31253, pegad,iza,1
31254, pegad,izas,1
31255, pegar,les,1
31256, pego,tes,1
31257, pegu,jares,1
31258, pegóse,me,1
31259, pein,adas,1
31260, pein,arse,1
31261, pel,ras,1
31262, pela,je,1
31263, pela,za,1
31264, pelad,illa,1
31265, pelar,rue,1
31266, pelarrue,cas,1
31267, pele,aba,1
31268, pele,ado,1
31269, pele,amos,1
31270, pele,ante,1
31271, pele,en,1
31272, pele,o,1
31273, pele,é,1
31274, pelear,es,1
31275, pelia,gu,1
31276, peliagu,do,1
31277, peligros,os,1
31278, peligros,ísima,1
31279, pelli,co,1
31280, pelli,s,1
31281, pelo,tas,1
31282, pelo,te,1
31283, pelote,ando,1
31284, pen,ado,1
31285, pen,ando,1
31286, pen,antes,1
31287, pen,ase,1
31288, pen,de,1
31289, pen,dían,1
31290, pen,osamente,1
31291, pen,sa,1
31292, pen,u,1
31293, pen,éis,1
31294, peni,tenci,1
31295, penitenci,ados,1
31296, pens,adas,1
31297, pens,arse,1
31298, pens,ában,1
31299, pensa,tiva,1
31300, pensar,en,1
31301, pensar,án,1
31302, pensar,ía,1
31303, pensában,lo,1
31304, penu,ria,1
31305, peque,ñez,1
31306, per,ce,1
31307, per,ci,1
31308, per,ded,1
31309, per,della,1
31310, per,demos,1
31311, per,dones,1
31312, per,dían,1
31313, per,ecido,1
31314, per,ecían,1
31315, per,fición,1
31316, per,fu,1
31317, per,genio,1
31318, per,ic,1
31319, per,ito,1
31320, per,itos,1
31321, per,la,1
31322, per,láti,1
31323, per,m,1
31324, per,rica,1
31325, per,ricos,1
31326, per,rillo,1
31327, per,tur,1
31328, per,ío,1
31329, pera,iles,1
31330, perce,bir,1
31331, perci,bieron,1
31332, perder,los,1
31333, perder,me,1
31334, perder,te,1
31335, perder,ás,1
31336, perder,íamos,1
31337, perdi,mos,1
31338, perdi,ste,1
31339, perdió,se,1
31340, perdon,aba,1
31341, perdon,adme,1
31342, perdon,ado,1
31343, perdon,alle,1
31344, perdon,an,1
31345, perdon,ara,1
31346, perdon,áramos,1
31347, perdon,é,1
31348, perdon,éis,1
31349, perdonar,os,1
31350, perdón,enme,1
31351, peregr,in,1
31352, peregr,inas,1
31353, peregrin,amos,1
31354, peregrina,ciones,1
31355, perez,can,1
31356, perez,osa,1
31357, perez,osamente,1
31358, perfe,ciones,1
31359, perfe,ctos,1
31360, perfe,ta,1
31361, perfe,tísimo,1
31362, perfición,ala,1
31363, perfu,mada,1
31364, peric,tos,1
31365, perju,di,1
31366, perjudi,quen,1
31367, perláti,cos,1
31368, perm,í,1
31369, permi,ten,1
31370, permi,tió,1
31371, permí,tesele,1
31372, perpetu,as,1
31373, perpetu,os,1
31374, perple,jo,1
31375, perri,lla,1
31376, perri,tas,1
31377, perro,qui,1
31378, perroqui,a,1
31379, pers,on,1
31380, perse,vero,1
31381, persegu,íale,1
31382, persegu,ían,1
31383, persegu,ís,1
31384, persegui,miento,1
31385, persegui,rá,1
31386, perseguir,me,1
31387, persi,gáis,1
31388, persigui,ese,1
31389, persigui,rán,1
31390, persigui,éronle,1
31391, person,illa,1
31392, persu,ada,1
31393, persu,á,1
31394, persuad,es,1
31395, persuad,ida,1
31396, persuad,ieran,1
31397, persuad,ieron,1
31398, persuad,ille,1
31399, persuad,iéndole,1
31400, persuad,iéndome,1
31401, persuad,ían,1
31402, persuadir,le,1
31403, persuá,de,1
31404, persuáde,les,1
31405, perten,ecen,1
31406, perten,ecían,1
31407, perteneci,ente,1
31408, pertina,ces,1
31409, pertre,chando,1
31410, pertur,ben,1
31411, perío,do,1
31412, pes,ad,1
31413, pes,ados,1
31414, pes,an,1
31415, pes,c,1
31416, pes,ca,1
31417, pes,can,1
31418, pes,cando,1
31419, pes,co,1
31420, pes,pe,1
31421, pes,que,1
31422, pes,ques,1
31423, pes,sima,1
31424, pes,tañas,1
31425, pes,é,1
31426, pes,óle,1
31427, pesad,illa,1
31428, pesar,e,1
31429, pesar,le,1
31430, pesar,me,1
31431, pesar,osa,1
31432, pesar,osos,1
31433, pesar,á,1
31434, pesar,ía,1
31435, pesc,ue,1
31436, pesco,zada,1
31437, pescue,zo,1
31438, pespe,tiva,1
31439, pesque,ría,1
31440, pestil,entes,1
31441, pestíf,era,1
31442, pestíf,eros,1
31443, pet,rales,1
31444, pi,cad,1
31445, pi,cados,1
31446, pi,cante,1
31447, pi,car,1
31448, pi,cas,1
31449, pi,case,1
31450, pi,chones,1
31451, pi,dan,1
31452, pi,lla,1
31453, pi,lo,1
31454, pi,po,1
31455, pi,se,1
31456, pi,sto,1
31457, pi,stos,1
31458, pi,to,1
31459, pi,ña,1
31460, pi,ù,1
31461, pic,aban,1
31462, pic,áis,1
31463, pic,áredes,1
31464, picad,illo,1
31465, pico,te,1
31466, pidi,ere,1
31467, pidi,ría,1
31468, pidi,éndola,1
31469, pidi,éndoles,1
31470, pidi,éndoos,1
31471, pidi,ésedes,1
31472, pidi,ésemos,1
31473, pidió,le,1
31474, pie,de,1
31475, piede,amigo,1
31476, pilla,mo,1
31477, pilo,to,1
31478, pin,cel,1
31479, pin,celes,1
31480, pin,gan,1
31481, pin,t,1
31482, pin,tase,1
31483, pin,tasen,1
31484, pin,taste,1
31485, pin,tores,1
31486, pin,tán,1
31487, pin,té,1
31488, pingan,itos,1
31489, pint,ándolo,1
31490, pintar,la,1
31491, pinti,par,1
31492, pintipar,ados,1
31493, pintán,donos,1
31494, pio,joso,1
31495, pipo,te,1
31496, pique,n,1
31497, pir,ué,1
31498, pirué,tan,1
31499, piruétan,os,1
31500, pis,a,1
31501, pis,aba,1
31502, pis,adas,1
31503, pis,amos,1
31504, pis,aron,1
31505, pis,en,1
31506, pisa,cor,1
31507, pisacor,to,1
31508, pisto,le,1
31509, pistole,tes,1
31510, piz,m,1
31511, piz,miento,1
31512, pizm,ienta,1
31513, piña,ta,1
31514, pla,ti,1
31515, pla,tona,1
31516, pla,yas,1
31517, pla,ñ,1
31518, pla,ñir,1
31519, plan,a,1
31520, plan,cha,1
31521, plan,eta,1
31522, plan,etas,1
31523, plan,o,1
31524, plan,tadas,1
31525, plas,m,1
31526, plasm,ador,1
31527, plati,can,1
31528, platona,zo,1
31529, plañ,endo,1
31530, plañir,la,1
31531, plebe,yos,1
31532, plec,tio,1
31533, plegar,ia,1
31534, plu,vias,1
31535, plugui,eron,1
31536, pluma,je,1
31537, pluma,jes,1
31538, plá,cido,1
31539, po,dad,1
31540, po,dar,1
31541, po,e,1
31542, po,es,1
31543, po,lo,1
31544, po,pen,1
31545, po,zos,1
31546, pob,lada,1
31547, pob,rísima,1
31548, pobre,cilla,1
31549, pobre,cito,1
31550, pobre,zas,1
31551, pod,rir,1
31552, pod,íades,1
31553, podad,era,1
31554, poden,cos,1
31555, poder,la,1
31556, poder,íos,1
31557, podr,ías,1
31558, podréis,lo,1
31559, podría,mos,1
31560, poe,mas,1
31561, poes,ías,1
31562, pol,i,1
31563, pol,idas,1
31564, pol,illa,1
31565, pol,la,1
31566, pol,lin,1
31567, pol,trón,1
31568, pol,v,1
31569, pol,íti,1
31570, pola,co,1
31571, poli,cía,1
31572, pollin,esca,1
31573, polv,oro,1
31574, polvor,oso,1
31575, políti,cas,1
31576, pomp,osidad,1
31577, pon,ed,1
31578, pon,edme,1
31579, pon,elle,1
31580, pon,emos,1
31581, pon,g,1
31582, pon,las,1
31583, pon,me,1
31584, pon,te,1
31585, pon,tifi,1
31586, pon,zo,1
31587, pon,ér,1
31588, pon,érsele,1
31589, ponder,aba,1
31590, ponder,an,1
31591, ponder,emos,1
31592, pondr,éis,1
31593, pondr,íala,1
31594, poned,la,1
31595, poner,les,1
31596, poner,lo,1
31597, pong,ámonos,1
31598, poni,éndolas,1
31599, poni,éndonos,1
31600, poni,éndote,1
31601, poniéndose,le,1
31602, pontifi,cia,1
31603, ponzo,ña,1
31604, ponér,mela,1
31605, ponérse,la,1
31606, ponérse,lo,1
31607, por,ción,1
31608, por,os,1
31609, por,ras,1
31610, por,ros,1
31611, por,tales,1
31612, por,tante,1
31613, por,tantes,1
31614, por,tar,1
31615, por,tero,1
31616, por,tería,1
31617, por,tillo,1
31618, por,tu,1
31619, por,tó,1
31620, por,ven,1
31621, porf,ías,1
31622, porf,íes,1
31623, porfi,ados,1
31624, porfi,are,1
31625, porfi,arle,1
31626, porfi,aré,1
31627, porfi,ó,1
31628, porque,ro,1
31629, porta,zgo,1
31630, porte,zuelo,1
31631, portu,g,1
31632, portug,uesa,1
31633, porven,ir,1
31634, pos,adas,1
31635, pos,ado,1
31636, pos,ar,1
31637, pos,ea,1
31638, pos,eo,1
31639, pos,p,1
31640, pos,te,1
31641, pos,ter,1
31642, pos,tigo,1
31643, pos,til,1
31644, pos,tra,1
31645, pos,tre,1
31646, pose,e,1
31647, pose,edor,1
31648, pose,ello,1
31649, pose,er,1
31650, pose,erme,1
31651, pose,es,1
31652, pose,ían,1
31653, poseer,lo,1
31654, poses,i,1
31655, posesi,vo,1
31656, posibi,li,1
31657, posibili,tado,1
31658, posp,uesto,1
31659, post,rar,1
31660, post,rera,1
31661, poste,mas,1
31662, poster,idad,1
31663, posti,zas,1
31664, postil,lón,1
31665, postra,da,1
31666, potestad,es,1
31667, pr,omo,1
31668, pr,ué,1
31669, pr,á,1
31670, pr,é,1
31671, pra,dillo,1
31672, praz,ga,1
31673, pre,ced,1
31674, pre,cedió,1
31675, pre,ciosos,1
31676, pre,ció,1
31677, pre,m,1
31678, pre,par,1
31679, pre,té,1
31680, pre,vilegio,1
31681, pre,vista,1
31682, prece,pto,1
31683, prece,to,1
31684, preced,encia,1
31685, preci,aban,1
31686, preci,ada,1
31687, preci,ados,1
31688, preci,arse,1
31689, preci,arte,1
31690, preci,sos,1
31691, precios,ísima,1
31692, precip,itos,1
31693, precipi,taba,1
31694, precipi,tase,1
31695, precipitos,amente,1
31696, predi,c,1
31697, predi,ca,1
31698, predi,can,1
31699, predi,có,1
31700, predic,amento,1
31701, preemin,encia,1
31702, prefa,cio,1
31703, prefa,ción,1
31704, preg,ona,1
31705, preg,ones,1
31706, pregon,aba,1
31707, pregon,ando,1
31708, pregun,tad,1
31709, pregun,tador,1
31710, pregun,talle,1
31711, pregun,ten,1
31712, pregun,tes,1
31713, pregun,táredes,1
31714, pregunt,antes,1
31715, pregunt,áis,1
31716, preguntan,ta,1
31717, preguntar,emos,1
31718, preguntar,en,1
31719, preguntar,les,1
31720, preguntar,se,1
31721, preguntándose,lo,1
31722, pregún,tase,1
31723, pregún,tenme,1
31724, pregúntase,lo,1
31725, pregúnte,le,1
31726, pregúnte,melo,1
31727, prem,ien,1
31728, pren,dan,1
31729, pren,diesen,1
31730, pren,dió,1
31731, pren,déis,1
31732, prender,la,1
31733, prender,te,1
31734, prepar,arse,1
31735, prerroga,tivas,1
31736, pres,encias,1
31737, pres,enta,1
31738, pres,id,1
31739, pres,ide,1
31740, pres,onas,1
31741, pres,taban,1
31742, pres,tarle,1
31743, pres,taron,1
31744, pres,te,1
31745, pres,tos,1
31746, pres,tósele,1
31747, pres,uma,1
31748, present,an,1
31749, present,ase,1
31750, present,ándome,1
31751, present,ó,1
31752, present,ósela,1
31753, presenta,ción,1
31754, presentar,en,1
31755, presentar,os,1
31756, presentar,ía,1
31757, presid,entes,1
31758, presu,rosas,1
31759, presum,íamos,1
31760, presun,ciones,1
31761, presun,tuosos,1
31762, preten,demos,1
31763, preten,der,1
31764, preten,dieron,1
31765, preten,día,1
31766, preten,siones,1
31767, preté,ri,1
31768, pretéri,tas,1
31769, preven,gamos,1
31770, preven,ida,1
31771, preven,idos,1
31772, preven,í,1
31773, preven,ía,1
31774, prevenir,las,1
31775, prevení,dose,1
31776, previn,iendo,1
31777, previn,iera,1
31778, previn,ieron,1
31779, preámb,ulos,1
31780, preñ,ez,1
31781, pri,esas,1
31782, pri,ora,1
31783, pri,vado,1
31784, pri,var,1
31785, prim,eramente,1
31786, prim,ores,1
31787, priv,ados,1
31788, pro,a,1
31789, pro,as,1
31790, pro,ban,1
31791, pro,cedió,1
31792, pro,cre,1
31793, pro,du,1
31794, pro,hí,1
31795, pro,lon,1
31796, pro,to,1
31797, pro,ver,1
31798, pro,verse,1
31799, prob,áis,1
31800, prob,ándola,1
31801, prob,ásemos,1
31802, proban,zas,1
31803, probar,e,1
31804, probar,le,1
31805, probar,lo,1
31806, probar,me,1
31807, proces,ada,1
31808, proces,iones,1
31809, proces,o,1
31810, procre,aron,1
31811, procu,rador,1
31812, procu,ralle,1
31813, procu,ramos,1
31814, procu,rá,1
31815, procu,ró,1
31816, procurad,ores,1
31817, procurar,a,1
31818, procurar,an,1
31819, procurar,les,1
31820, procurar,lo,1
31821, procurá,rades,1
31822, prodi,g,1
31823, prodi,gal,1
31824, prodig,ioso,1
31825, prodigal,idad,1
31826, produ,cido,1
31827, prof,anas,1
31828, prof,esen,1
31829, profan,aba,1
31830, profan,arte,1
31831, profes,iones,1
31832, profes,or,1
31833, profun,didades,1
31834, profund,ísimo,1
31835, profund,ísimos,1
31836, prohí,be,1
31837, proli,j,1
31838, proli,ja,1
31839, proli,jo,1
31840, prolij,idad,1
31841, prolon,gada,1
31842, prom,on,1
31843, prom,p,1
31844, prome,tes,1
31845, prome,tidos,1
31846, prome,tieron,1
31847, promet,érse,1
31848, promet,ías,1
31849, prometi,mientos,1
31850, prometi,mos,1
31851, prometió,le,1
31852, prometérse,lo,1
31853, promo,vido,1
31854, promon,torio,1
31855, promp,ta,1
31856, pron,os,1
31857, pronos,ti,1
31858, pronosti,cado,1
31859, pronun,ció,1
31860, pronunci,aba,1
31861, pronunci,arle,1
31862, prop,one,1
31863, prop,rias,1
31864, prop,us,1
31865, prop,ó,1
31866, propi,amente,1
31867, propin,cuas,1
31868, propon,gan,1
31869, propon,iendo,1
31870, propus,ieran,1
31871, propó,sitos,1
31872, prosa,p,1
31873, prosap,ia,1
31874, prose,guían,1
31875, proseg,uido,1
31876, prosig,amos,1
31877, prote,cción,1
31878, prote,ción,1
31879, protes,taba,1
31880, protes,to,1
31881, proto,en,1
31882, protoen,can,1
31883, protoencan,tador,1
31884, prove,e,1
31885, prove,ernos,1
31886, provechos,a,1
31887, prover,bio,1
31888, provi,sión,1
31889, provo,cados,1
31890, provo,caron,1
31891, provo,có,1
31892, prue,ben,1
31893, prue,bo,1
31894, prué,ben,1
31895, pruében,sela,1
31896, prá,c,1
31897, prác,tica,1
31898, pré,cia,1
31899, précia,te,1
31900, pró,diga,1
31901, prój,imo,1
31902, prój,imos,1
31903, prós,peras,1
31904, pu,chero,1
31905, pu,d,1
31906, pu,dri,1
31907, pu,la,1
31908, pu,len,1
31909, pu,llas,1
31910, pu,ras,1
31911, pu,ridad,1
31912, pu,tería,1
31913, publi,ca,1
31914, publi,cada,1
31915, publi,cado,1
31916, publi,cador,1
31917, publi,cando,1
31918, publi,car,1
31919, publi,case,1
31920, publi,co,1
31921, publi,que,1
31922, puch,er,1
31923, puch,eros,1
31924, pucher,itos,1
31925, pud,re,1
31926, pudi,eren,1
31927, pudi,mos,1
31928, pudi,é,1
31929, pudi,éndose,1
31930, pudi,érase,1
31931, pudi,éredes,1
31932, pudié,rate,1
31933, pudri,esen,1
31934, pugn,aré,1
31935, pugn,ó,1
31936, pul,cela,1
31937, pul,ga,1
31938, pul,po,1
31939, pul,sa,1
31940, pulir,te,1
31941, pulsa,t,1
31942, pun,tilla,1
31943, pun,tillos,1
31944, pun,zaba,1
31945, pun,zón,1
31946, punta,pié,1
31947, puntiagu,da,1
31948, puntiagu,do,1
31949, puntilla,zos,1
31950, puntos,o,1
31951, puntu,osas,1
31952, puntual,ísima,1
31953, puntual,ísimo,1
31954, puntualidad,es,1
31955, punz,aban,1
31956, punz,amiento,1
31957, pupi,la,1
31958, pupila,je,1
31959, pur,gar,1
31960, pur,gó,1
31961, pus,ier,1
31962, pus,ieren,1
31963, pusi,eses,1
31964, pusi,lan,1
31965, pusi,stes,1
31966, pusi,éredes,1
31967, pusier,ónse,1
31968, pusilan,imi,1
31969, pusilanimi,dad,1
31970, puta,tivo,1
31971, pué,de,1
31972, pué,dense,1
31973, pué,dese,1
31974, pué,st,1
31975, pué,sto,1
31976, puéde,la,1
31977, puédese,le,1
31978, puést,ome,1
31979, puésto,os,1
31980, puñ,ados,1
31981, puñal,ero,1
31982, pá,gate,1
31983, pá,guese,1
31984, páguese,me,1
31985, pál,p,1
31986, pálp,alos,1
31987, pár,pados,1
31988, pár,tome,1
31989, pás,alas,1
31990, pé,gate,1
31991, pé,si,1
31992, pé,sima,1
31993, pé,ñola,1
31994, pése,tes,1
31995, pési,mos,1
31996, pí,dan,1
31997, pí,far,1
31998, píc,ome,1
31999, píc,tima,1
32000, pícar,os,1
32001, pídan,melo,1
32002, pífar,os,1
32003, pín,taos,1
32004, pín,to,1
32005, pínto,la,1
32006, pón,game,1
32007, pón,ganme,1
32008, pón,ganos,1
32009, pón,golo,1
32010, póngase,le,1
32011, pú,r,1
32012, pú,so,1
32013, púlpi,tos,1
32014, púr,p,1
32015, púrp,ura,1
32016, púso,la,1
32017, púsos,ele,1
32018, púsose,me,1
32019, qu,ando,1
32020, qu,anti,1
32021, qu,íno,1
32022, quanti,oso,1
32023, que,demos,1
32024, que,j,1
32025, que,jado,1
32026, que,je,1
32027, que,jes,1
32028, que,josos,1
32029, que,jándose,1
32030, que,jó,1
32031, que,jóse,1
32032, que,m,1
32033, que,ma,1
32034, que,maban,1
32035, que,mó,1
32036, que,pa,1
32037, que,redes,1
32038, que,sos,1
32039, queb,raba,1
32040, queb,radiza,1
32041, queb,rados,1
32042, queb,rando,1
32043, queb,rarse,1
32044, queb,réis,1
32045, queb,ró,1
32046, quebran,tan,1
32047, quebran,to,1
32048, quebran,tos,1
32049, quebran,táredes,1
32050, quebranta,mientos,1
32051, qued,ábamos,1
32052, qued,ábase,1
32053, qued,áis,1
32054, qued,árades,1
32055, qued,áramos,1
32056, qued,áronse,1
32057, qued,ásedes,1
32058, queda,os,1
32059, quedar,e,1
32060, quedar,lo,1
32061, quedar,te,1
32062, quedar,án,1
32063, quedar,ás,1
32064, quedar,ías,1
32065, quedaré,me,1
32066, quej,éis,1
32067, quejar,é,1
32068, quem,allos,1
32069, quemar,é,1
32070, quer,encias,1
32071, quer,rías,1
32072, quer,érse,1
32073, quere,l,1
32074, quere,llas,1
32075, querel,lante,1
32076, querer,los,1
32077, querer,se,1
32078, queri,éndolo,1
32079, queri,éndose,1
32080, querérse,las,1
32081, qui,cio,1
32082, qui,de,1
32083, qui,etos,1
32084, qui,jada,1
32085, qui,jo,1
32086, qui,mer,1
32087, qui,sí,1
32088, qui,tación,1
32089, qui,tad,1
32090, qui,tada,1
32091, qui,tóse,1
32092, quide,m,1
32093, quie,tarse,1
32094, quieb,ren,1
32095, quijo,tadas,1
32096, quila,ta,1
32097, quila,te,1
32098, quim,é,1
32099, quimer,i,1
32100, quimeri,stas,1
32101, quimé,ricos,1
32102, quin,ientas,1
32103, quinta,es,1
32104, quintaes,encia,1
32105, quisi,mos,1
32106, quisi,éramos,1
32107, quisi,ésedes,1
32108, quisi,ésemos,1
32109, quisier,as,1
32110, quisier,des,1
32111, quisier,id,1
32112, quisierid,ísi,1
32113, quisieridísi,mis,1
32114, quisí,ste,1
32115, quisíste,lo,1
32116, quit,á,1
32117, quit,ábale,1
32118, quit,ándola,1
32119, quit,ándome,1
32120, quit,áramos,1
32121, quit,áronse,1
32122, quitad,le,1
32123, quitar,en,1
32124, quitar,lo,1
32125, quitar,los,1
32126, quitar,nos,1
32127, quitar,os,1
32128, quitar,é,1
32129, quitar,ía,1
32130, quitar,íase,1
32131, quitas,es,1
32132, quitas,ol,1
32133, quitá,rosle,1
32134, quitándose,la,1
32135, quié,b,1
32136, quié,reme,1
32137, quiéb,rome,1
32138, quiéro,la,1
32139, quiéro,os,1
32140, qué,dente,1
32141, qué,dome,1
32142, qué,ma,1
32143, quédese,le,1
32144, quéma,te,1
32145, quí,talas,1
32146, quí,tate,1
32147, quí,tes,1
32148, quí,tese,1
32149, quíno,la,1
32150, quítes,eme,1
32151, r,alla,1
32152, r,entada,1
32153, r,entas,1
32154, r,omb,1
32155, r,á,1
32156, r,í,1
32157, r,ía,1
32158, r,íase,1
32159, r,íes,1
32160, r,ó,1
32161, ra,ciones,1
32162, ra,ción,1
32163, ra,di,1
32164, ra,figu,1
32165, ra,he,1
32166, ra,ig,1
32167, ra,j,1
32168, ra,mal,1
32169, ra,pas,1
32170, ra,teras,1
32171, ra,tón,1
32172, ra,y,1
32173, rab,eles,1
32174, rab,ul,1
32175, rabi,aba,1
32176, rabi,as,1
32177, rabul,tados,1
32178, radi,cal,1
32179, rafigu,rarle,1
32180, rahe,ces,1
32181, raig,ones,1
32182, raj,itas,1
32183, ral,os,1
32184, ran,a,1
32185, ran,as,1
32186, ran,c,1
32187, ran,chos,1
32188, ran,ciosos,1
32189, ran,dado,1
32190, ran,dera,1
32191, ranc,ores,1
32192, rap,adas,1
32193, rap,ador,1
32194, rap,ase,1
32195, rap,asen,1
32196, rap,osa,1
32197, rapa,ce,1
32198, rapa,cería,1
32199, rapa,z,1
32200, rapace,jos,1
32201, rapar,ía,1
32202, rapi,ña,1
32203, rar,idad,1
32204, ras,c,1
32205, ras,có,1
32206, ras,gaba,1
32207, ras,gados,1
32208, ras,gu,1
32209, ras,gándome,1
32210, rasc,ándote,1
32211, rascar,me,1
32212, rascar,se,1
32213, rascar,ía,1
32214, rasgar,la,1
32215, rasgar,á,1
32216, rasgu,ño,1
32217, rastre,ando,1
32218, rastre,ar,1
32219, rastri,llado,1
32220, rastri,llos,1
32221, ray,aba,1
32222, razon,ando,1
32223, razon,ar,1
32224, raí,dos,1
32225, re,a,1
32226, re,ben,1
32227, re,ch,1
32228, re,den,1
32229, re,fa,1
32230, re,inado,1
32231, re,inase,1
32232, re,las,1
32233, re,lo,1
32234, re,lá,1
32235, re,mon,1
32236, re,mor,1
32237, re,pe,1
32238, re,tar,1
32239, re,tin,1
32240, re,tores,1
32241, re,tre,1
32242, re,tu,1
32243, re,uma,1
32244, re,vi,1
32245, re,zan,1
32246, re,zó,1
32247, re,í,1
32248, rea,ta,1
32249, real,idad,1
32250, real,zar,1
32251, realzar,la,1
32252, reba,ños,1
32253, reben,que,1
32254, rebul,l,1
32255, rebul,len,1
32256, rebull,ir,1
32257, rebuz,na,1
32258, rebuzn,aban,1
32259, rebuzn,ado,1
32260, rebuzn,ador,1
32261, rebuzn,adores,1
32262, rebuzn,ara,1
32263, rebuzn,aré,1
32264, rebuzn,ase,1
32265, rebuzn,asen,1
32266, rebuzn,ó,1
32267, rebuznar,éis,1
32268, rec,amb,1
32269, rec,om,1
32270, rec,titud,1
32271, rec,tó,1
32272, rec,uer,1
32273, reca,pa,1
32274, reca,tadas,1
32275, reca,tarse,1
32276, recamb,io,1
32277, recapa,ci,1
32278, recapaci,te,1
32279, rece,lar,1
32280, rece,loso,1
32281, rece,ló,1
32282, rece,tada,1
32283, rece,tas,1
32284, rece,tes,1
32285, recebi,dme,1
32286, recebir,os,1
32287, recelar,me,1
32288, rech,inantes,1
32289, reci,bi,1
32290, recib,as,1
32291, recib,iere,1
32292, recib,í,1
32293, recib,ía,1
32294, recibi,éronle,1
32295, recibir,á,1
32296, recibió,le,1
32297, recl,uso,1
32298, reco,b,1
32299, reco,jas,1
32300, recob,rar,1
32301, recog,ella,1
32302, recog,eos,1
32303, recog,ernos,1
32304, recog,idos,1
32305, recog,iera,1
32306, recog,ióse,1
32307, recog,ía,1
32308, recog,ían,1
32309, recogi,éndolas,1
32310, recogi,éronse,1
32311, recom,enda,1
32312, recomenda,ción,1
32313, recomp,en,1
32314, recompen,sas,1
32315, recompens,allas,1
32316, recompens,ara,1
32317, reconcili,ado,1
32318, reconcili,an,1
32319, reconcili,ar,1
32320, recono,cer,1
32321, recono,ciendo,1
32322, recono,ciéndole,1
32323, recono,ció,1
32324, recono,cía,1
32325, reconocía,mos,1
32326, recor,rido,1
32327, recor,riendo,1
32328, recos,tarme,1
32329, recos,tó,1
32330, recre,aba,1
32331, recre,ando,1
32332, recre,arse,1
32333, rector,ías,1
32334, rectó,rico,1
32335, recuer,da,1
32336, recuest,aban,1
32337, recuest,ando,1
32338, recí,be,1
32339, recí,p,1
32340, recíbe,me,1
32341, recíp,ro,1
32342, recípro,ca,1
32343, red,ro,1
32344, rede,cilla,1
32345, rede,mir,1
32346, reden,ción,1
32347, redon,dillas,1
32348, redro,pelo,1
32349, redu,ci,1
32350, redu,cida,1
32351, redu,ciendo,1
32352, redu,cille,1
32353, redu,j,1
32354, reduci,éndolo,1
32355, reducir,le,1
32356, reducir,me,1
32357, reducir,te,1
32358, reduj,eron,1
32359, redun,dan,1
32360, redun,dara,1
32361, redun,dó,1
32362, redú,jose,1
32363, redú,z,1
32364, redúz,gase,1
32365, ref,iere,1
32366, refa,cción,1
32367, refi,ri,1
32368, refi,riese,1
32369, refiri,éndola,1
32370, refo,cil,1
32371, refocil,ó,1
32372, refocilar,se,1
32373, refocilar,ían,1
32374, refor,mando,1
32375, refor,zó,1
32376, refran,cico,1
32377, refrig,erios,1
32378, reg,ente,1
32379, reg,imiento,1
32380, reg,ü,1
32381, rega,tones,1
32382, rega,zo,1
32383, rega,ñ,1
32384, regal,aba,1
32385, regal,ada,1
32386, regal,adamente,1
32387, regal,adísimo,1
32388, regal,arle,1
32389, regal,asen,1
32390, regal,astes,1
32391, regal,e,1
32392, regal,en,1
32393, regañ,aban,1
32394, regist,ran,1
32395, regist,rar,1
32396, regist,ro,1
32397, rego,deo,1
32398, regoci,jaba,1
32399, regoci,jadas,1
32400, regoci,jador,1
32401, regoci,jar,1
32402, regoci,jarse,1
32403, regoci,jó,1
32404, regocij,adamente,1
32405, regocij,adores,1
32406, regocij,alle,1
32407, regü,el,1
32408, regüel,dos,1
32409, reh,a,1
32410, reha,cerse,1
32411, rehus,ó,1
32412, rehú,ya,1
32413, rei,ter,1
32414, reiter,aban,1
32415, rela,tando,1
32416, rela,tares,1
32417, relas,os,1
32418, relie,ve,1
32419, relin,che,1
32420, relo,j,1
32421, relu,mbra,1
32422, relá,mpa,1
32423, relámpa,gos,1
32424, rem,ien,1
32425, rem,iendo,1
32426, rem,iente,1
32427, rem,ol,1
32428, rem,onte,1
32429, rema,chó,1
32430, rema,tan,1
32431, rema,tar,1
32432, rema,tes,1
32433, rema,tó,1
32434, reman,eció,1
32435, reman,so,1
32436, remedi,a,1
32437, remedi,adas,1
32438, remedi,ador,1
32439, remedi,ados,1
32440, remedi,allo,1
32441, remedi,an,1
32442, remedi,ando,1
32443, remedi,arme,1
32444, remedi,aron,1
32445, remedi,ará,1
32446, remedi,ase,1
32447, remedi,en,1
32448, remedi,árades,1
32449, remediar,an,1
32450, remediar,lo,1
32451, remen,dadas,1
32452, remen,dado,1
32453, remen,dar,1
32454, remen,dón,1
32455, remi,ra,1
32456, remi,rado,1
32457, remi,sos,1
32458, remi,ti,1
32459, remien,dos,1
32460, remir,arle,1
32461, remir,ó,1
32462, remiró,los,1
32463, remiti,éndome,1
32464, remo,jado,1
32465, remo,tas,1
32466, remo,to,1
32467, remol,ino,1
32468, remon,dóse,1
32469, remor,diéndole,1
32470, remuner,ado,1
32471, remuner,ar,1
32472, ren,ca,1
32473, ren,cillas,1
32474, ren,cor,1
32475, ren,di,1
32476, ren,didos,1
32477, ren,dí,1
32478, ren,iega,1
32479, ren,iegos,1
32480, ren,que,1
32481, ren,ue,1
32482, rena,cer,1
32483, rena,cua,1
32484, renacua,jos,1
32485, rendi,ros,1
32486, rendir,la,1
32487, rendir,le,1
32488, rendir,nos,1
32489, reneg,ad,1
32490, reneg,ó,1
32491, reng,lón,1
32492, renov,aba,1
32493, renov,aban,1
32494, renov,ando,1
32495, renov,arse,1
32496, renov,óse,1
32497, renovar,le,1
32498, renque,ando,1
32499, renue,va,1
32500, rep,are,1
32501, rep,as,1
32502, rep,asa,1
32503, rep,el,1
32504, rep,orte,1
32505, rep,rimir,1
32506, rep,rue,1
32507, rep,to,1
32508, rep,uesta,1
32509, rep,ártela,1
32510, repar,aré,1
32511, repar,as,1
32512, repar,es,1
32513, repar,o,1
32514, repar,tible,1
32515, repar,tición,1
32516, repar,tida,1
32517, repar,tido,1
32518, repar,tiendo,1
32519, repar,tió,1
32520, repar,to,1
32521, repar,ábamos,1
32522, repar,áis,1
32523, repar,ó,1
32524, repas,ándola,1
32525, repe,ti,1
32526, repel,ón,1
32527, repeti,dme,1
32528, repi,que,1
32529, repi,tiéndole,1
32530, repi,tió,1
32531, repli,calle,1
32532, repli,case,1
32533, replicar,é,1
32534, replicó,me,1
32535, repliqué,is,1
32536, repor,taré,1
32537, repor,tóse,1
32538, repos,aban,1
32539, repos,adamente,1
32540, repos,ando,1
32541, repos,tero,1
32542, repos,terías,1
32543, reposar,ía,1
32544, repreh,enda,1
32545, repreh,ender,1
32546, reprehen,de,1
32547, reprehen,dida,1
32548, reprehen,didas,1
32549, reprehen,diendo,1
32550, reprehen,dáis,1
32551, reprehen,siones,1
32552, reprehen,sores,1
32553, repres,entes,1
32554, repres,ento,1
32555, represent,allas,1
32556, represent,ante,1
32557, represent,asen,1
32558, representa,ciones,1
32559, representa,mos,1
32560, representar,me,1
32561, representar,nos,1
32562, representar,ía,1
32563, reprimir,é,1
32564, repro,chado,1
32565, repro,ches,1
32566, reproch,ador,1
32567, reproch,arme,1
32568, reproch,ándole,1
32569, reprue,bas,1
32570, repu,tado,1
32571, repul,gada,1
32572, repul,gadas,1
32573, reque,ri,1
32574, reque,rida,1
32575, reque,rido,1
32576, requeb,rar,1
32577, requeb,ró,1
32578, requebró,me,1
32579, requeri,d,1
32580, requi,eb,1
32581, requi,ri,1
32582, requi,rido,1
32583, requi,riese,1
32584, requi,rimientos,1
32585, requi,rió,1
32586, requi,ría,1
32587, requi,sito,1
32588, requi,sitos,1
32589, requi,é,1
32590, requieb,ro,1
32591, requiri,era,1
32592, requié,b,1
32593, requiéb,ranse,1
32594, res,b,1
32595, res,bal,1
32596, res,cebido,1
32597, res,ci,1
32598, res,cá,1
32599, res,enti,1
32600, res,es,1
32601, res,ina,1
32602, res,que,1
32603, res,tante,1
32604, res,u,1
32605, res,uel,1
32606, res,uelto,1
32607, res,uelve,1
32608, res,uen,1
32609, res,uena,1
32610, resb,alando,1
32611, resbal,oso,1
32612, resca,taba,1
32613, resca,tados,1
32614, resca,tando,1
32615, resca,taos,1
32616, resca,tarlos,1
32617, resca,tase,1
32618, resca,tasen,1
32619, resca,tó,1
32620, resci,bió,1
32621, rescá,tate,1
32622, resenti,rse,1
32623, reserv,adas,1
32624, resfri,ado,1
32625, resfri,arme,1
32626, resfri,aron,1
32627, resi,stiese,1
32628, resist,encia,1
32629, resist,ido,1
32630, resistir,le,1
32631, resol,ver,1
32632, resol,verse,1
32633, resol,ví,1
32634, resolver,las,1
32635, reson,ar,1
32636, reson,aron,1
32637, resp,óndeme,1
32638, respe,tado,1
32639, respe,tar,1
32640, respe,tó,1
32641, resplan,decía,1
32642, resplande,cen,1
32643, resplande,cieron,1
32644, respon,dan,1
32645, respon,das,1
32646, respon,des,1
32647, respon,diente,1
32648, respon,diesen,1
32649, respon,dáis,1
32650, responde,d,1
32651, responde,lles,1
32652, responde,mos,1
32653, responder,ás,1
32654, responder,ía,1
32655, respondi,ste,1
32656, respondi,stes,1
32657, respondió,le,1
32658, resque,b,1
32659, resqueb,ra,1
32660, resquebra,jos,1
32661, resqui,cio,1
32662, resta,u,1
32663, resta,ura,1
32664, restau,rarse,1
32665, restaura,ción,1
32666, restit,uida,1
32667, restit,uido,1
32668, restit,uir,1
32669, restitu,ye,1
32670, resu,mir,1
32671, resuci,tador,1
32672, resuci,tando,1
32673, resuci,tara,1
32674, resuci,te,1
32675, resuci,tes,1
32676, resuel,ven,1
32677, resuen,an,1
32678, resul,taba,1
32679, resul,tó,1
32680, resul,u,1
32681, resulu,ción,1
32682, resumir,se,1
32683, ret,ándole,1
32684, reta,ma,1
32685, reta,mas,1
32686, reta,zos,1
32687, reti,rado,1
32688, reti,rarse,1
32689, reti,ras,1
32690, reti,rasen,1
32691, reti,re,1
32692, reti,res,1
32693, reti,ro,1
32694, reti,rás,1
32695, retin,tín,1
32696, retir,ándose,1
32697, retir,éis,1
32698, retirar,me,1
32699, retiras,es,1
32700, retirás,emos,1
32701, reto,zaba,1
32702, reto,zar,1
32703, retra,er,1
32704, retra,tada,1
32705, retra,tado,1
32706, retra,tarle,1
32707, retra,tó,1
32708, retre,tes,1
32709, retu,le,1
32710, retumb,aba,1
32711, retumb,an,1
32712, rev,el,1
32713, rev,ientan,1
32714, rev,iente,1
32715, rev,ienten,1
32716, rev,uelve,1
32717, revel,lín,1
32718, revent,aba,1
32719, revent,ando,1
32720, revent,ara,1
32721, revent,aran,1
32722, revent,asen,1
32723, revent,ó,1
32724, reveren,cio,1
32725, reveren,das,1
32726, reverenci,ar,1
32727, reverenci,en,1
32728, reverend,ísima,1
32729, reverend,ísimas,1
32730, revi,vió,1
32731, revocar,le,1
32732, revol,tillos,1
32733, revol,ver,1
32734, revol,viendo,1
32735, revol,vieron,1
32736, revol,ví,1
32737, revolvi,éndosele,1
32738, revuel,tos,1
32739, reí,das,1
32740, reían,se,1
32741, reír,me,1
32742, ri,ba,1
32743, ri,bete,1
32744, ri,eres,1
32745, ri,ese,1
32746, ri,esen,1
32747, ri,eto,1
32748, ri,fe,1
32749, ri,pio,1
32750, ri,val,1
32751, ri,yó,1
32752, ri,ñe,1
32753, ri,ño,1
32754, riba,zo,1
32755, ridí,cu,1
32756, ridícu,las,1
32757, rife,as,1
32758, rigu,rosamente,1
32759, rim,eros,1
32760, rin,dan,1
32761, rin,den,1
32762, rin,diera,1
32763, riquísi,mos,1
32764, riñ,endo,1
32765, riñ,eren,1
32766, riñ,ese,1
32767, riñ,ire,1
32768, riñ,ones,1
32769, riñ,ó,1
32770, riñire,mos,1
32771, ro,bas,1
32772, ro,ble,1
32773, ro,cí,1
32774, ro,e,1
32775, ro,en,1
32776, ro,erá,1
32777, ro,g,1
32778, ro,gad,1
32779, ro,gada,1
32780, ro,gaste,1
32781, ro,gándome,1
32782, ro,tas,1
32783, ro,turas,1
32784, ro,z,1
32785, ro,za,1
32786, ro,ía,1
32787, ro,ído,1
32788, rob,adores,1
32789, rob,ando,1
32790, rob,aron,1
32791, rob,en,1
32792, robar,la,1
32793, robas,tes,1
32794, robu,sta,1
32795, robu,stas,1
32796, robu,stos,1
32797, rocí,e,1
32798, roda,ja,1
32799, roda,jas,1
32800, rode,a,1
32801, rode,aba,1
32802, rode,an,1
32803, rode,emos,1
32804, rode,en,1
32805, rode,las,1
32806, rode,ámonos,1
32807, rode,ándola,1
32808, rode,é,1
32809, rode,ó,1
32810, rodear,emos,1
32811, rog,ándole,1
32812, roga,ciones,1
32813, roga,tivas,1
32814, rogar,a,1
32815, rogar,emos,1
32816, rogar,ále,1
32817, rogar,án,1
32818, rogué,le,1
32819, rom,ad,1
32820, rom,ana,1
32821, rom,pel,1
32822, romad,izado,1
32823, romb,os,1
32824, romp,ida,1
32825, romp,ido,1
32826, romp,iera,1
32827, romp,áis,1
32828, romp,ía,1
32829, rompel,le,1
32830, romper,la,1
32831, romper,las,1
32832, romper,lo,1
32833, romper,me,1
32834, romper,se,1
32835, rompi,das,1
32836, rompi,dos,1
32837, rompi,éndolos,1
32838, ron,caba,1
32839, ron,cando,1
32840, ron,dar,1
32841, ron,quilla,1
32842, rop,illas,1
32843, rop,ón,1
32844, ros,a,1
32845, ros,ada,1
32846, ros,adas,1
32847, ros,ca,1
32848, roz,nar,1
32849, roza,gantes,1
32850, ru,cia,1
32851, ru,deza,1
32852, ru,g,1
32853, ru,gir,1
32854, ru,mb,1
32855, ru,mia,1
32856, ru,mp,1
32857, ru,mía,1
32858, ru,ti,1
32859, rub,io,1
32860, rubi,cundo,1
32861, rug,idos,1
32862, rui,bar,1
32863, rui,dos,1
32864, ruibar,bo,1
32865, rumb,os,1
32866, rump,antes,1
32867, ruti,lantes,1
32868, rué,gole,1
32869, rá,pido,1
32870, répli,cas,1
32871, rétu,los,1
32872, rí,g,1
32873, ríg,ida,1
32874, ró,mp,1
32875, rómp,ase,1
32876, rómpase,las,1
32877, rú,a,1
32878, rú,b,1
32879, rúb,rica,1
32880, rü,ido,1
32881, rü,ina,1
32882, s,amb,1
32883, s,citas,1
32884, s,ientas,1
32885, s,ones,1
32886, s,osié,1
32887, s,pero,1
32888, s,ó,1
32889, sa,cabu,1
32890, sa,cre,1
32891, sa,g,1
32892, sa,gi,1
32893, sa,ques,1
32894, sa,tur,1
32895, sa,tura,1
32896, sa,zones,1
32897, sab,andi,1
32898, sab,idas,1
32899, sab,iendas,1
32900, sab,o,1
32901, sab,ores,1
32902, sab,ros,1
32903, sab,rán,1
32904, sab,réis,1
32905, sabandi,jas,1
32906, sabe,o,1
32907, saber,la,1
32908, saber,las,1
32909, saber,los,1
32910, sabo,gas,1
32911, sabor,e,1
32912, sabore,ándose,1
32913, saboy,ana,1
32914, saboy,anas,1
32915, sabros,ísimo,1
32916, sac,aban,1
32917, sac,ada,1
32918, sac,allos,1
32919, sac,ádole,1
32920, sac,áis,1
32921, sac,ándome,1
32922, sac,áramos,1
32923, sac,áredes,1
32924, sac,ármela,1
32925, sac,ársele,1
32926, saca,po,1
32927, sacabu,ches,1
32928, sacapo,tras,1
32929, sacar,an,1
32930, sacar,emos,1
32931, sacar,en,1
32932, sacar,es,1
32933, sacar,la,1
32934, sacar,lo,1
32935, sacar,los,1
32936, sacar,éis,1
32937, sacas,te,1
32938, sacra,mentos,1
32939, sacri,le,1
32940, sacrile,gio,1
32941, sacrist,anes,1
32942, sacrist,anía,1
32943, sacu,da,1
32944, sacu,dido,1
32945, sacu,dieron,1
32946, sacu,dir,1
32947, sacu,diéndole,1
32948, sacándome,le,1
32949, sag,rado,1
32950, sagi,tario,1
32951, sahum,erio,1
32952, sal,aman,1
32953, sal,ar,1
32954, sal,gas,1
32955, sal,gáis,1
32956, sal,idad,1
32957, sal,ieran,1
32958, sal,man,1
32959, sal,obre,1
32960, sal,taba,1
32961, sal,tado,1
32962, sal,tados,1
32963, sal,tase,1
32964, sal,terios,1
32965, sal,té,1
32966, sal,var,1
32967, sal,vas,1
32968, sal,ve,1
32969, sal,ves,1
32970, salaman,quesa,1
32971, saldr,ían,1
32972, sali,eses,1
32973, sali,stes,1
32974, sali,va,1
32975, sali,ésemos,1
32976, salir,me,1
32977, salió,se,1
32978, salman,ti,1
32979, salmanti,cen,1
32980, salmanticen,ses,1
32981, salte,aron,1
32982, salte,e,1
32983, salte,ándole,1
32984, salte,ándosele,1
32985, salu,dalle,1
32986, salu,dar,1
32987, salu,daron,1
32988, salu,tación,1
32989, salu,tíf,1
32990, salud,able,1
32991, salud,ables,1
32992, salud,ándolos,1
32993, salud,áronse,1
32994, saludar,la,1
32995, salutíf,ero,1
32996, salv,am,1
32997, salv,amento,1
32998, salv,ando,1
32999, salv,ó,1
33000, salvam,ano,1
33001, salí,ale,1
33002, samb,en,1
33003, samben,ito,1
33004, san,ado,1
33005, san,en,1
33006, san,tu,1
33007, san,tísima,1
33008, san,ó,1
33009, sanar,emos,1
33010, sanar,las,1
33011, sanar,ás,1
33012, sang,ran,1
33013, sang,rarse,1
33014, sangu,in,1
33015, sangu,ínea,1
33016, sanguin,ol,1
33017, sanguinol,enta,1
33018, santu,arios,1
33019, saque,n,1
33020, sar,des,1
33021, sar,do,1
33022, sar,tas,1
33023, sar,ten,1
33024, sardes,co,1
33025, sarten,es,1
33026, sas,tres,1
33027, satis,fici,1
33028, satisfa,celle,1
33029, satisfa,ciendo,1
33030, satisfa,céis,1
33031, satisfa,cían,1
33032, satisfa,go,1
33033, satisfa,gáis,1
33034, satisfacer,las,1
33035, satisfacer,le,1
33036, satisfacer,les,1
33037, satisfacer,se,1
33038, satisfar,ás,1
33039, satisfar,ía,1
33040, satisfi,ce,1
33041, satisfi,cieron,1
33042, satisfici,era,1
33043, satur,n,1
33044, satura,tio,1
33045, saturn,inos,1
33046, satí,ricas,1
33047, satí,rico,1
33048, sau,ce,1
33049, saya,g,1
33050, sayag,ués,1
33051, saz,onada,1
33052, saz,onado,1
33053, saz,onados,1
33054, se,cos,1
33055, se,ctas,1
33056, se,cu,1
33057, se,gar,1
33058, se,garme,1
33059, se,llada,1
33060, se,manas,1
33061, se,mi,1
33062, se,mín,1
33063, se,tie,1
33064, se,vera,1
33065, se,vero,1
33066, se,vi,1
33067, secre,tas,1
33068, secu,toria,1
33069, sedi,enta,1
33070, sedi,ento,1
33071, seg,ador,1
33072, seg,lar,1
33073, segu,ras,1
33074, segu,í,1
33075, segu,ís,1
33076, segui,damente,1
33077, segui,dme,1
33078, segui,dor,1
33079, segui,miento,1
33080, segui,rá,1
33081, segui,ré,1
33082, segui,ría,1
33083, seguir,éis,1
33084, segun,dara,1
33085, sel,lar,1
33086, sell,ad,1
33087, sell,adas,1
33088, sell,aron,1
33089, semb,lantes,1
33090, semb,raba,1
33091, semb,rada,1
33092, semb,radas,1
33093, semb,radura,1
33094, semej,ábades,1
33095, semi,don,1
33096, semidon,cellas,1
33097, semín,imas,1
33098, sen,cillo,1
33099, sen,cillos,1
33100, sen,deros,1
33101, sent,é,1
33102, senten,ció,1
33103, sentenci,an,1
33104, sentenci,áronme,1
33105, sentenci,éla,1
33106, senti,ble,1
33107, senti,das,1
33108, senti,rse,1
33109, senti,rán,1
33110, senti,ré,1
33111, senti,ría,1
33112, senti,ste,1
33113, sentir,le,1
33114, sentir,me,1
33115, sentir,íades,1
33116, sep,ades,1
33117, separ,adas,1
33118, separ,ar,1
33119, sepul,tan,1
33120, sepultar,las,1
33121, ser,emos,1
33122, ser,ena,1
33123, ser,enos,1
33124, ser,les,1
33125, ser,m,1
33126, ser,mon,1
33127, ser,món,1
33128, ser,nos,1
33129, ser,os,1
33130, ser,rallo,1
33131, ser,rez,1
33132, ser,te,1
33133, seren,ar,1
33134, seren,ísima,1
33135, seren,ísimo,1
33136, serm,ones,1
33137, sermon,cico,1
33138, serrez,uela,1
33139, servi,das,1
33140, servi,dumbre,1
33141, servi,l,1
33142, servi,llas,1
33143, servidor,ísimos,1
33144, servir,les,1
33145, servir,me,1
33146, servir,ía,1
33147, serví,le,1
33148, ses,go,1
33149, ses,to,1
33150, seste,ando,1
33151, setie,mbre,1
33152, sevi,llano,1
33153, señ,a,1
33154, señ,á,1
33155, señal,ados,1
33156, señal,adísima,1
33157, señal,amos,1
33158, señal,ando,1
33159, señal,ar,1
33160, señal,aran,1
33161, señal,aré,1
33162, señal,aría,1
33163, señal,as,1
33164, señal,o,1
33165, señal,é,1
33166, señal,ó,1
33167, señor,e,1
33168, señor,ea,1
33169, señor,il,1
33170, señor,itos,1
33171, señor,ísimas,1
33172, señora,zos,1
33173, señore,aba,1
33174, señá,len,1
33175, señálen,sele,1
33176, si,gan,1
33177, si,gas,1
33178, si,lo,1
33179, si,mi,1
33180, si,ría,1
33181, si,ti,1
33182, si,tios,1
33183, si,éndole,1
33184, si,éntate,1
33185, sie,tes,1
33186, sig,amos,1
33187, sig,áis,1
33188, sign,is,1
33189, signifi,caba,1
33190, signifi,cación,1
33191, signifi,có,1
33192, signific,aban,1
33193, signific,áis,1
33194, significar,me,1
33195, sigui,miento,1
33196, sigui,éronle,1
33197, sil,ba,1
33198, sil,bando,1
33199, sil,bos,1
33200, sil,gue,1
33201, sil,van,1
33202, sil,ves,1
33203, sil,voso,1
33204, silba,to,1
33205, silgue,ro,1
33206, silvan,os,1
33207, silves,tres,1
33208, sim,iente,1
33209, sim,ula,1
33210, simi,litud,1
33211, simula,c,1
33212, simulac,ro,1
33213, sin,aba,1
33214, sin,ifi,1
33215, sinaba,fas,1
33216, singular,es,1
33217, sinifi,ca,1
33218, sinifica,tivo,1
33219, sinsab,or,1
33220, sinti,ólo,1
33221, sir,vas,1
33222, sir,ves,1
33223, sir,viere,1
33224, sirvi,éndola,1
33225, sirvi,éndole,1
33226, sirvi,éremos,1
33227, siría,ca,1
33228, siti,ada,1
33229, so,f,1
33230, so,fi,1
33231, so,ficiente,1
33232, so,tan,1
33233, so,tiles,1
33234, so,ñado,1
33235, sob,raba,1
33236, sob,rados,1
33237, sob,rase,1
33238, sob,rer,1
33239, sob,ró,1
33240, sober,ano,1
33241, sobr,ena,1
33242, sobrar,a,1
33243, sobrar,e,1
33244, sobrar,á,1
33245, sobre,bar,1
33246, sobre,car,1
33247, sobre,dicho,1
33248, sobre,lle,1
33249, sobre,pel,1
33250, sobre,ven,1
33251, sobre,vin,1
33252, sobre,vini,1
33253, sobre,vista,1
33254, sobrebar,b,1
33255, sobrebarb,ero,1
33256, sobrecar,ga,1
33257, sobrelle,ve,1
33258, sobrena,tu,1
33259, sobrenatu,rales,1
33260, sobrepel,li,1
33261, sobrepelli,ces,1
33262, sobrepu,ja,1
33263, sobrepu,jaban,1
33264, sobrepu,jar,1
33265, sobrer,ro,1
33266, sobrerro,pa,1
33267, sobresal,ta,1
33268, sobresal,tadas,1
33269, sobresal,tado,1
33270, sobresal,tar,1
33271, sobresal,tarse,1
33272, sobresal,tase,1
33273, sobresal,tes,1
33274, sobreven,ido,1
33275, sobrevin,ieron,1
33276, sobrevini,ese,1
33277, socali,ñado,1
33278, socarron,amente,1
33279, socarron,ería,1
33280, socor,ren,1
33281, socor,reros,1
33282, socor,rió,1
33283, socor,ría,1
33284, socorre,dor,1
33285, socorre,lla,1
33286, socorre,lle,1
33287, sof,í,1
33288, sofi,st,1
33289, sofist,ería,1
33290, sofí,stico,1
33291, sol,ar,1
33292, sol,dar,1
33293, sol,darse,1
33294, sol,sti,1
33295, sol,taba,1
33296, sol,taban,1
33297, sol,tando,1
33298, sol,tara,1
33299, sol,tasen,1
33300, sol,tero,1
33301, sol,té,1
33302, sol,us,1
33303, sol,íades,1
33304, sol,ías,1
33305, sola,pada,1
33306, sola,par,1
33307, sola,z,1
33308, sola,zaron,1
33309, sola,zarse,1
33310, sola,zasen,1
33311, sola,zándose,1
33312, solen,e,1
33313, solen,izar,1
33314, solen,ísimas,1
33315, soleniz,adas,1
33316, soleniz,ados,1
33317, soleniz,alle,1
33318, soli,tarios,1
33319, solici,ta,1
33320, solici,tares,1
33321, solici,tarle,1
33322, solici,taré,1
33323, solici,taste,1
33324, solicit,alla,1
33325, solicit,allo,1
33326, solsti,cios,1
33327, soltar,los,1
33328, soltar,te,1
33329, solí,ci,1
33330, solí,citas,1
33331, solía,mos,1
33332, solíci,ta,1
33333, somb,r,1
33334, somb,rosos,1
33335, sombr,íos,1
33336, son,ando,1
33337, son,ante,1
33338, son,ara,1
33339, son,arse,1
33340, son,da,1
33341, son,re,1
33342, son,ri,1
33343, son,rieron,1
33344, sonre,ía,1
33345, sonri,éndose,1
33346, sonsa,ca,1
33347, sonsa,cado,1
33348, sonsa,car,1
33349, sonsacar,les,1
33350, sop,l,1
33351, sop,laba,1
33352, sop,lando,1
33353, sop,laron,1
33354, sop,lo,1
33355, sopl,ándole,1
33356, sor,biese,1
33357, sos,la,1
33358, sos,tu,1
33359, soseg,ad,1
33360, soseg,adas,1
33361, soseg,asen,1
33362, soseg,ué,1
33363, soseg,ándole,1
33364, sosegué,is,1
33365, sosie,guen,1
33366, sosié,guese,1
33367, sosla,yo,1
33368, sospe,chos,1
33369, sospe,chosa,1
33370, sospe,choso,1
33371, sospechas,te,1
33372, sospechos,os,1
33373, sospir,ando,1
33374, sospir,ar,1
33375, sosten,er,1
33376, sosten,go,1
33377, sosten,ido,1
33378, sosten,ían,1
33379, sostu,vo,1
33380, sota,er,1
33381, sota,v,1
33382, sotaer,mita,1
33383, sotaermita,ño,1
33384, sotan,illa,1
33385, sotav,ento,1
33386, soti,leza,1
33387, soti,lezas,1
33388, sotil,mente,1
33389, soñ,aba,1
33390, soñ,ando,1
33391, soñol,ienta,1
33392, soñol,iento,1
33393, soñol,ientos,1
33394, stu,l,1
33395, stu,p,1
33396, stul,tor,1
33397, stultor,um,1
33398, stup,endo,1
33399, su,ad,1
33400, su,bién,1
33401, su,bo,1
33402, su,cias,1
33403, su,dada,1
33404, su,dase,1
33405, su,fici,1
33406, su,m,1
33407, su,mer,1
33408, su,mp,1
33409, su,r,1
33410, su,sto,1
33411, su,stos,1
33412, suad,ente,1
33413, suav,ísima,1
33414, suav,ísimamente,1
33415, suave,mente,1
33416, sub,amos,1
33417, sub,as,1
33418, sub,ieres,1
33419, sub,tiles,1
33420, sub,áis,1
33421, sub,ían,1
33422, subi,mos,1
33423, subi,ste,1
33424, subir,me,1
33425, subir,á,1
33426, subién,dole,1
33427, subli,mada,1
33428, subli,mado,1
33429, subli,midad,1
33430, subí,monos,1
33431, suce,di,1
33432, suce,dida,1
33433, sucedi,eren,1
33434, sucedió,les,1
33435, sucedió,me,1
33436, suces,i,1
33437, sucesi,vamente,1
33438, sucin,ta,1
33439, sue,gra,1
33440, sue,gros,1
33441, sue,las,1
33442, sue,los,1
33443, sue,ñ,1
33444, sue,ña,1
33445, suel,dos,1
33446, suel,te,1
33447, suen,en,1
33448, sueñ,an,1
33449, suf,ragios,1
33450, suf,ran,1
33451, suf,rían,1
33452, sufici,entes,1
33453, sufri,ere,1
33454, sufri,ré,1
33455, sufrir,le,1
33456, suje,ción,1
33457, suje,tar,1
33458, suje,tas,1
33459, sum,ma,1
33460, sumer,gió,1
33461, sumi,ese,1
33462, sumi,sa,1
33463, sumi,sión,1
33464, sumi,so,1
33465, sump,tuosa,1
33466, sup,ina,1
33467, sup,la,1
33468, supe,di,1
33469, supedi,tar,1
33470, super,sti,1
33471, supersti,ción,1
33472, supi,stes,1
33473, supi,érades,1
33474, supi,ésedes,1
33475, supi,ésemos,1
33476, supl,iera,1
33477, supl,ía,1
33478, supli,caciones,1
33479, supli,cación,1
33480, supli,cad,1
33481, supli,cado,1
33482, supli,cando,1
33483, supli,ó,1
33484, suplic,amos,1
33485, suplic,ase,1
33486, suplic,ándome,1
33487, suplicar,te,1
33488, suplicó,le,1
33489, suplir,la,1
33490, suplíco,te,1
33491, sur,cos,1
33492, sus,o,1
33493, sus,pi,1
33494, suso,di,1
33495, susodi,cha,1
33496, suspen,derse,1
33497, suspen,diendo,1
33498, suspen,dióse,1
33499, suspen,sas,1
33500, suspender,me,1
33501, suspi,raba,1
33502, suspir,ó,1
33503, sust,ente,1
33504, sustan,cial,1
33505, sustent,ada,1
33506, sustent,adas,1
33507, sustent,ándola,1
33508, sustent,ándome,1
33509, sustent,ó,1
33510, sustentar,an,1
33511, sustentar,la,1
33512, sustentar,los,1
33513, sustentar,me,1
33514, sustentar,á,1
33515, sustentar,ía,1
33516, suti,leza,1
33517, suti,lezas,1
33518, sá,bete,1
33519, sáb,ado,1
33520, sáb,ados,1
33521, sáti,ros,1
33522, sé,ale,1
33523, sé,alo,1
33524, sé,os,1
33525, sé,p,1
33526, sép,tima,1
33527, sí,es,1
33528, sí,game,1
33529, sí,gue,1
33530, sí,r,1
33531, sígue,los,1
33532, sír,vale,1
33533, só,lito,1
33534, sú,f,1
33535, sú,polo,1
33536, súbi,ta,1
33537, súf,rala,1
33538, t,aba,1
33539, t,ara,1
33540, t,ase,1
33541, t,estas,1
33542, t,inta,1
33543, t,inte,1
33544, t,ora,1
33545, t,osi,1
33546, t,ren,1
33547, t,rán,1
33548, t,ue,1
33549, t,uis,1
33550, t,ár,1
33551, t,éngan,1
33552, t,í,1
33553, t,ía,1
33554, t,ólogo,1
33555, t,ón,1
33556, ta,ca,1
33557, ta,ch,1
33558, ta,j,1
33559, ta,jadas,1
33560, ta,jar,1
33561, ta,jos,1
33562, ta,pe,1
33563, ta,pete,1
33564, ta,pó,1
33565, ta,te,1
33566, ta,za,1
33567, ta,zas,1
33568, ta,ñe,1
33569, tab,lero,1
33570, tab,litas,1
33571, tab,í,1
33572, taba,que,1
33573, tabern,as,1
33574, taca,ño,1
33575, tach,arle,1
33576, tagar,n,1
33577, tagarn,inas,1
33578, taj,antes,1
33579, tajad,icas,1
33580, tajad,ora,1
33581, tal,ad,1
33582, tal,ega,1
33583, tal,ente,1
33584, tal,ento,1
33585, tal,ia,1
33586, talad,rar,1
33587, talega,zos,1
33588, tambor,il,1
33589, tambor,ines,1
33590, tambor,ín,1
33591, tan,tica,1
33592, tan,tu,1
33593, tante,ar,1
33594, tante,o,1
33595, tante,ó,1
33596, tantear,emos,1
33597, tantu,m,1
33598, tap,aba,1
33599, tape,tes,1
33600, tapi,asen,1
33601, tar,d,1
33602, tar,daban,1
33603, tar,dara,1
33604, tar,des,1
33605, tar,díos,1
33606, tar,eas,1
33607, tar,ta,1
33608, tara,za,1
33609, tard,árades,1
33610, tardar,emos,1
33611, tardar,é,1
33612, tarta,mu,1
33613, tartamu,da,1
33614, tas,aran,1
33615, tasa,jo,1
33616, tasa,jos,1
33617, tañ,edores,1
33618, tañ,er,1
33619, tañ,ida,1
33620, tañ,ía,1
33621, te,a,1
33622, te,chos,1
33623, te,ja,1
33624, te,jes,1
33625, te,jo,1
33626, te,lilla,1
33627, te,mas,1
33628, te,mi,1
33629, te,midas,1
33630, te,xto,1
33631, te,ñido,1
33632, te,ó,1
33633, te,ólogo,1
33634, tea,tros,1
33635, tej,ido,1
33636, tej,iendo,1
33637, tej,ieron,1
33638, tej,ió,1
33639, tem,an,1
33640, tem,erosas,1
33641, tem,éis,1
33642, tem,íades,1
33643, temb,l,1
33644, temb,laba,1
33645, temb,ladora,1
33646, temb,lor,1
33647, tembl,ándome,1
33648, temer,le,1
33649, temer,lo,1
33650, temi,ese,1
33651, temor,osos,1
33652, temp,ere,1
33653, temp,lad,1
33654, temp,ladas,1
33655, temp,lados,1
33656, temp,lanza,1
33657, temp,lase,1
33658, temp,lóse,1
33659, temp,ora,1
33660, tempere,t,1
33661, templar,le,1
33662, templar,les,1
33663, templar,éis,1
33664, templó,la,1
33665, ten,a,1
33666, ten,de,1
33667, ten,demos,1
33668, ten,dera,1
33669, ten,dero,1
33670, ten,dillas,1
33671, ten,eb,1
33672, ten,edor,1
33673, ten,ella,1
33674, ten,elle,1
33675, ten,eos,1
33676, ten,taciones,1
33677, ten,te,1
33678, tena,zas,1
33679, tende,os,1
33680, tender,me,1
33681, teneb,ras,1
33682, tened,le,1
33683, tened,los,1
33684, tener,les,1
33685, tener,te,1
33686, teni,éndolos,1
33687, teni,éndome,1
33688, teniéndome,la,1
33689, tent,ando,1
33690, tent,ábala,1
33691, tent,é,1
33692, tentar,me,1
33693, teo,lo,1
33694, teo,logía,1
33695, teolo,gales,1
33696, ter,cas,1
33697, ter,ci,1
33698, ter,ciado,1
33699, ter,cios,1
33700, ter,ció,1
33701, ter,co,1
33702, ter,rero,1
33703, ter,res,1
33704, ter,ribles,1
33705, ter,ror,1
33706, ter,sa,1
33707, ter,san,1
33708, ter,sas,1
33709, ter,so,1
33710, tercer,as,1
33711, tercer,os,1
33712, tercer,ía,1
33713, terci,ando,1
33714, tern,ísimamente,1
33715, terres,tre,1
33716, tes,tar,1
33717, tes,ón,1
33718, testar,udos,1
33719, teó,rica,1
33720, ti,bio,1
33721, ti,ca,1
33722, ti,esa,1
33723, ti,rad,1
33724, ti,rada,1
33725, ti,radas,1
33726, ti,re,1
33727, ti,rios,1
33728, ti,z,1
33729, ti,ñoso,1
33730, tiemb,lan,1
33731, tien,tas,1
33732, tien,tes,1
33733, tir,anos,1
33734, tir,aron,1
33735, tir,aré,1
33736, tir,teafuera,1
33737, tir,ámosla,1
33738, tir,ándola,1
33739, tir,ándoles,1
33740, tir,ón,1
33741, tira,mira,1
33742, titer,era,1
33743, titu,lillos,1
33744, tiz,ona,1
33745, tién,ele,1
33746, tién,en,1
33747, tiénen,lo,1
33748, to,cados,1
33749, to,gados,1
33750, to,log,1
33751, to,pa,1
33752, to,ques,1
33753, to,qui,1
33754, to,t,1
33755, to,to,1
33756, tobi,llo,1
33757, tobi,llos,1
33758, tobos,es,1
33759, tobos,ina,1
33760, toboses,cas,1
33761, toc,ada,1
33762, toc,adas,1
33763, toc,amos,1
33764, toc,ante,1
33765, toc,ara,1
33766, toc,árades,1
33767, tocar,la,1
33768, tocar,se,1
33769, tocar,é,1
33770, tocas,tes,1
33771, tolog,ías,1
33772, tom,adas,1
33773, tom,as,1
33774, tom,ases,1
33775, tom,emos,1
33776, tom,illos,1
33777, tom,ándolas,1
33778, tom,árase,1
33779, tomar,e,1
33780, tomar,las,1
33781, tomar,les,1
33782, tomar,lo,1
33783, tomar,los,1
33784, tomar,os,1
33785, tomar,á,1
33786, tomar,ás,1
33787, tomar,éle,1
33788, tomar,íamos,1
33789, tomar,ían,1
33790, tomó,la,1
33791, tomó,le,1
33792, ton,el,1
33793, ton,tas,1
33794, ton,tería,1
33795, top,ando,1
33796, top,asen,1
33797, top,ásemos,1
33798, topa,cios,1
33799, topar,en,1
33800, topar,es,1
33801, toqui,b,1
33802, toquib,lan,1
33803, toquiblan,ca,1
33804, toqué,is,1
33805, tor,cidos,1
33806, tor,des,1
33807, tor,dillo,1
33808, tor,tu,1
33809, tora,quí,1
33810, toraquí,s,1
33811, tordes,il,1
33812, tordesil,lesco,1
33813, torn,aba,1
33814, torn,arle,1
33815, torn,arse,1
33816, torn,aré,1
33817, torn,eos,1
33818, torn,es,1
33819, torn,is,1
33820, torn,ándole,1
33821, torn,áronla,1
33822, torn,ásemos,1
33823, torn,óle,1
33824, tornar,emos,1
33825, tornis,cones,1
33826, torné,monos,1
33827, torrez,no,1
33828, torrez,nos,1
33829, torto,lilla,1
33830, torto,litas,1
33831, tortu,oso,1
33832, tos,cana,1
33833, tos,cas,1
33834, tos,tado,1
33835, tosi,ó,1
33836, tot,almente,1
33837, tr,uen,1
33838, tra,ban,1
33839, tra,be,1
33840, tra,bu,1
33841, tra,ci,1
33842, tra,edme,1
33843, tra,ella,1
33844, tra,elle,1
33845, tra,ga,1
33846, tra,gad,1
33847, tra,gan,1
33848, tra,gara,1
33849, tra,garme,1
33850, tra,gui,1
33851, tra,gón,1
33852, tra,igan,1
33853, tra,igas,1
33854, tra,jo,1
33855, tra,ma,1
33856, tra,mon,1
33857, tra,pa,1
33858, tra,tados,1
33859, tra,talle,1
33860, tra,tante,1
33861, tra,tas,1
33862, tra,tes,1
33863, tra,tó,1
33864, tra,tóse,1
33865, tra,ya,1
33866, tra,z,1
33867, tra,zada,1
33868, tra,zado,1
33869, tra,zando,1
33870, tra,zar,1
33871, tra,és,1
33872, trab,aba,1
33873, trab,ase,1
33874, trab,ándole,1
33875, traba,cuen,1
33876, traba,jaba,1
33877, traba,jado,1
33878, traba,jan,1
33879, traba,jas,1
33880, traba,jase,1
33881, traba,je,1
33882, traba,jemos,1
33883, traba,jó,1
33884, traba,zón,1
33885, trabacuen,tas,1
33886, trabajador,as,1
33887, trabajas,te,1
33888, trabu,co,1
33889, traci,sta,1
33890, tradu,c,1
33891, tradu,ce,1
33892, tradu,cido,1
33893, tradu,ciendo,1
33894, tradu,zga,1
33895, traduc,tores,1
33896, traducir,lo,1
33897, traducir,los,1
33898, traer,á,1
33899, traer,án,1
33900, tragad,eros,1
33901, tragan,tón,1
33902, tragui,to,1
33903, tramon,tana,1
33904, tramp,a,1
33905, tran,quen,1
33906, tran,zado,1
33907, tran,zados,1
33908, trans,fer,1
33909, trans,la,1
33910, trans,ver,1
33911, transfer,ido,1
33912, transfor,ma,1
33913, transla,ciones,1
33914, transpar,entes,1
33915, transver,s,1
33916, transvers,ales,1
33917, tras,eg,1
33918, tras,eras,1
33919, tras,eros,1
33920, tras,for,1
33921, tras,i,1
33922, tras,lados,1
33923, tras,mu,1
33924, tras,piés,1
33925, tras,portado,1
33926, tras,t,1
33927, tras,te,1
33928, tras,tes,1
33929, tras,tro,1
33930, tras,tu,1
33931, traseg,ando,1
33932, trasfor,mación,1
33933, trasi,jadas,1
33934, traslad,aba,1
33935, traslad,ado,1
33936, traslad,alla,1
33937, traslad,ará,1
33938, traslad,en,1
33939, trasladar,emos,1
33940, trasladar,los,1
33941, trasladar,ía,1
33942, traslu,cido,1
33943, traslu,cían,1
33944, trasmu,tación,1
33945, trasno,chada,1
33946, trasno,chados,1
33947, trasno,char,1
33948, trasp,on,1
33949, trasp,uesta,1
33950, trasp,uesto,1
33951, trasp,uso,1
33952, traspar,ente,1
33953, traspar,entes,1
33954, traspas,a,1
33955, traspas,ada,1
33956, traspas,arla,1
33957, traspon,ella,1
33958, traspás,ase,1
33959, traspás,enme,1
33960, traspásase,le,1
33961, trasqui,lada,1
33962, trasqui,lados,1
33963, trasqui,lar,1
33964, trasqui,len,1
33965, trasqui,ló,1
33966, trast,rue,1
33967, trastorn,ar,1
33968, trastorn,aron,1
33969, trastro,cada,1
33970, trastrue,can,1
33971, trastu,lo,1
33972, trasud,or,1
33973, trasud,ores,1
33974, trat,ábamos,1
33975, trat,ásemos,1
33976, trat,éis,1
33977, trata,mientos,1
33978, tratar,le,1
33979, tratar,án,1
33980, tratar,é,1
33981, travi,eso,1
33982, travi,esos,1
33983, tray,éndome,1
33984, traz,ador,1
33985, trazar,é,1
33986, traé,dmelos,1
33987, traé,rosla,1
33988, traé,rosle,1
33989, traí,da,1
33990, traí,das,1
33991, traí,dole,1
33992, traí,ganme,1
33993, traía,mos,1
33994, traído,la,1
33995, tre,ch,1
33996, tre,chos,1
33997, tre,gua,1
33998, tre,guas,1
33999, tre,mente,1
34000, tre,mol,1
34001, tre,mola,1
34002, tre,ta,1
34003, trech,el,1
34004, tremol,aban,1
34005, tren,za,1
34006, tresqui,lado,1
34007, tresqui,lados,1
34008, tresqui,len,1
34009, tri,llada,1
34010, tri,llando,1
34011, tri,s,1
34012, trib,ulación,1
34013, trib,un,1
34014, trib,us,1
34015, tribu,tarios,1
34016, tribu,to,1
34017, tribun,ales,1
34018, trist,ísima,1
34019, triste,mente,1
34020, triun,fe,1
34021, triunf,ales,1
34022, triunf,an,1
34023, tro,cados,1
34024, tro,calle,1
34025, tro,cando,1
34026, tro,cas,1
34027, tro,casen,1
34028, tro,glo,1
34029, tro,tes,1
34030, tro,tico,1
34031, tro,zos,1
34032, trocas,te,1
34033, trofe,os,1
34034, troglo,di,1
34035, troglodi,tas,1
34036, tron,adores,1
34037, tron,que,1
34038, trope,zaba,1
34039, trope,zado,1
34040, trope,zara,1
34041, trope,zones,1
34042, trope,zón,1
34043, tropez,aban,1
34044, tropez,ase,1
34045, tropie,zos,1
34046, troy,ano,1
34047, troy,anos,1
34048, tru,cha,1
34049, tru,cos,1
34050, tru,cul,1
34051, trucul,ento,1
34052, true,ques,1
34053, truen,os,1
34054, truj,am,1
34055, truj,era,1
34056, truj,éronla,1
34057, truj,éronle,1
34058, trujam,án,1
34059, trá,es,1
34060, trá,iganme,1
34061, tráes,los,1
34062, trán,sito,1
34063, tu,ho,1
34064, tu,lli,1
34065, tu,tela,1
34066, tu,to,1
34067, tu,tor,1
34068, tudes,co,1
34069, tudes,qui,1
34070, tue,ras,1
34071, tuer,za,1
34072, tulli,da,1
34073, tun,da,1
34074, tun,das,1
34075, tun,dido,1
34076, tun,i,1
34077, tuni,cela,1
34078, tur,ban,1
34079, tur,res,1
34080, turb,aban,1
34081, turb,ando,1
34082, turb,ante,1
34083, turb,antes,1
34084, turb,ara,1
34085, turb,as,1
34086, turb,asen,1
34087, turb,óse,1
34088, turbar,me,1
34089, turbar,te,1
34090, tuvi,eses,1
34091, tuvi,ste,1
34092, tuvi,érades,1
34093, tuvi,éralo,1
34094, tuvi,ésedes,1
34095, tuvi,ésemos,1
34096, tá,citas,1
34097, tá,citos,1
34098, táp,enme,1
34099, táp,ese,1
34100, tár,ta,1
34101, tárta,gos,1
34102, tén,gale,1
34103, tén,game,1
34104, tén,gase,1
34105, tén,golo,1
34106, téngan,os,1
34107, tí,mido,1
34108, tó,cal,1
34109, tó,men,1
34110, tó,mese,1
34111, tócal,os,1
34112, tómen,se,1
34113, tór,n,1
34114, tór,no,1
34115, tórn,ale,1
34116, tórno,te,1
34117, tú,vola,1
34118, tú,vose,1
34119, tún,icas,1
34120, u,semos,1
34121, u,ti,1
34122, u,va,1
34123, uf,án,1
34124, ufan,arte,1
34125, ufan,e,1
34126, ufan,idad,1
34127, ufán,ese,1
34128, ul,ti,1
34129, ulti,madamente,1
34130, ultra,ja,1
34131, ultra,mar,1
34132, ultramar,ino,1
34133, un,ciones,1
34134, un,cir,1
34135, un,dos,1
34136, un,tado,1
34137, un,taos,1
34138, un,tar,1
34139, un,tarle,1
34140, undos,o,1
34141, univer,sidad,1
34142, univer,sidades,1
34143, us,anzas,1
34144, us,ase,1
34145, us,es,1
34146, us,que,1
34147, usad,la,1
34148, usar,lo,1
34149, usar,éis,1
34150, uti,lidad,1
34151, v,ame,1
34152, v,aron,1
34153, v,ase,1
34154, v,om,1
34155, v,uelos,1
34156, v,ueso,1
34157, v,ás,1
34158, v,énganse,1
34159, v,ían,1
34160, v,ínole,1
34161, v,íst,1
34162, va,cada,1
34163, va,ci,1
34164, va,cil,1
34165, va,ció,1
34166, va,cía,1
34167, va,g,1
34168, va,gan,1
34169, va,go,1
34170, va,h,1
34171, va,in,1
34172, va,tes,1
34173, vac,ase,1
34174, vac,ías,1
34175, vaci,le,1
34176, vacil,ando,1
34177, vag,ab,1
34178, vagab,undos,1
34179, vagam,unda,1
34180, vagam,undos,1
34181, vagar,en,1
34182, vah,ando,1
34183, vain,illas,1
34184, val,drá,1
34185, val,go,1
34186, val,i,1
34187, val,ieron,1
34188, val,iesen,1
34189, val,iéndose,1
34190, val,ió,1
34191, val,me,1
34192, val,onas,1
34193, val,ones,1
34194, val,ores,1
34195, vale,deras,1
34196, valent,ísimamente,1
34197, valent,ón,1
34198, valer,le,1
34199, valer,me,1
34200, valeros,amente,1
34201, valeros,ísimos,1
34202, vali,ja,1
34203, van,idades,1
34204, vanag,loria,1
34205, vanaglor,ioso,1
34206, vanaglor,iosos,1
34207, vap,ores,1
34208, vapul,aba,1
34209, vapul,arme,1
34210, vapul,aron,1
34211, vaque,ro,1
34212, vaque,ta,1
34213, var,e,1
34214, var,ia,1
34215, vara,zos,1
34216, varap,alos,1
34217, vare,ó,1
34218, vari,ada,1
34219, vari,ado,1
34220, vari,ar,1
34221, varon,il,1
34222, vas,i,1
34223, vas,te,1
34224, vasi,jas,1
34225, ve,ci,1
34226, ve,dado,1
34227, ve,di,1
34228, ve,do,1
34229, ve,du,1
34230, ve,edor,1
34231, ve,edores,1
34232, ve,emos,1
34233, ve,ja,1
34234, ve,jo,1
34235, ve,le,1
34236, ve,ll,1
34237, ve,llas,1
34238, ve,lle,1
34239, ve,lloso,1
34240, ve,tas,1
34241, ve,ámonos,1
34242, ve,ías,1
34243, ve,íase,1
34244, vecin,a,1
34245, vedi,ja,1
34246, vedu,ño,1
34247, veja,ción,1
34248, vejo,te,1
34249, vel,do,1
34250, vela,mos,1
34251, velar,te,1
34252, velar,é,1
34253, velas,e,1
34254, vele,ta,1
34255, vell,orí,1
34256, velo,cidad,1
34257, ven,ab,1
34258, ven,as,1
34259, ven,ciendo,1
34260, ven,cier,1
34261, ven,cieron,1
34262, ven,céis,1
34263, ven,cía,1
34264, ven,dar,1
34265, ven,den,1
34266, ven,diendo,1
34267, ven,dióse,1
34268, ven,dremos,1
34269, ven,dáis,1
34270, ven,dían,1
34271, ven,dó,1
34272, ven,er,1
34273, ven,eración,1
34274, ven,gue,1
34275, ven,gó,1
34276, ven,i,1
34277, ven,ia,1
34278, ven,idos,1
34279, ven,se,1
34280, ven,zan,1
34281, ven,íades,1
34282, venab,los,1
34283, vence,jos,1
34284, vencer,os,1
34285, venci,ere,1
34286, venci,ste,1
34287, venci,stes,1
34288, venci,éndose,1
34289, vencier,es,1
34290, vencí,la,1
34291, vender,le,1
34292, vender,me,1
34293, vendi,bles,1
34294, vendi,tur,1
34295, vendr,ás,1
34296, vendr,ían,1
34297, veneci,anos,1
34298, venen,osa,1
34299, venen,osos,1
34300, vener,anda,1
34301, veng,áis,1
34302, vengar,nos,1
34303, vengas,en,1
34304, vengué,is,1
34305, veni,deras,1
34306, venir,me,1
34307, venir,os,1
34308, venir,se,1
34309, ventan,illa,1
34310, ventan,illas,1
34311, venter,il,1
34312, venter,iles,1
34313, ventu,rosas,1
34314, ver,bos,1
34315, ver,dura,1
34316, ver,edas,1
34317, ver,ic,1
34318, ver,ifi,1
34319, ver,itas,1
34320, ver,les,1
34321, ver,nos,1
34322, ver,sados,1
34323, ver,í,1
34324, ver,íades,1
34325, vergon,zoso,1
34326, veric,ue,1
34327, vericue,tos,1
34328, verifi,có,1
34329, veris,imi,1
34330, verisimi,litud,1
34331, veros,ímiles,1
34332, verter,las,1
34333, verás,lo,1
34334, verás,los,1
34335, verás,me,1
34336, veré,monos,1
34337, veréis,lo,1
34338, veréis,os,1
34339, verí,di,1
34340, verídi,co,1
34341, ves,tros,1
34342, ves,tí,1
34343, ves,tían,1
34344, vesti,d,1
34345, vesti,dura,1
34346, vesti,ría,1
34347, vesti,éndose,1
34348, vestid,uras,1
34349, vestir,le,1
34350, vestir,lo,1
34351, vestir,me,1
34352, vestir,te,1
34353, vestí,le,1
34354, vi,an,1
34355, vi,andas,1
34356, vi,c,1
34357, vi,ciosa,1
34358, vi,e,1
34359, vi,güela,1
34360, vi,la,1
34361, vi,le,1
34362, vi,lezas,1
34363, vi,ose,1
34364, vi,per,1
34365, vi,ra,1
34366, vi,sito,1
34367, vi,stir,1
34368, vi,viere,1
34369, vi,vieron,1
34370, vi,z,1
34371, vi,én,1
34372, vi,éndolas,1
34373, vi,éndoos,1
34374, vi,éronle,1
34375, vi,ña,1
34376, vian,d,1
34377, viand,antes,1
34378, vic,toria,1
34379, vier,tan,1
34380, vier,ten,1
34381, vigi,lantes,1
34382, villan,cicos,1
34383, villan,ería,1
34384, villan,ías,1
34385, vina,g,1
34386, vina,gre,1
34387, vinag,rillo,1
34388, vini,éndole,1
34389, vini,érale,1
34390, vio,la,1
34391, vio,lo,1
34392, viol,adas,1
34393, viol,en,1
34394, viol,encia,1
34395, violen,tamente,1
34396, viper,ina,1
34397, vir,g,1
34398, vir,gen,1
34399, vir,uelas,1
34400, virg,inidad,1
34401, virrey,es,1
34402, virtu,almente,1
34403, virtu,osas,1
34404, visa,je,1
34405, visa,jes,1
34406, visi,ble,1
34407, visi,bles,1
34408, visi,taba,1
34409, visi,tando,1
34410, visi,tarle,1
34411, visi,ten,1
34412, visible,mente,1
34413, vist,iere,1
34414, vist,ieren,1
34415, vist,ieron,1
34416, visti,éndonos,1
34417, visti,óle,1
34418, vistir,é,1
34419, vistos,amente,1
34420, vistos,as,1
34421, vitor,ias,1
34422, vitor,iosos,1
34423, vitup,eroso,1
34424, vituper,aba,1
34425, vituper,ado,1
34426, vituper,óme,1
34427, viv,amente,1
34428, viv,ienda,1
34429, viv,ieran,1
34430, vivir,é,1
34431, vivir,ía,1
34432, viz,conde,1
34433, vién,ense,1
34434, viénense,me,1
34435, vo,cación,1
34436, vo,ce,1
34437, vo,cería,1
34438, vo,lado,1
34439, vo,leo,1
34440, vo,qui,1
34441, vo,taba,1
34442, voce,ando,1
34443, vol,aba,1
34444, vol,aban,1
34445, vol,ador,1
34446, vol,an,1
34447, vol,ante,1
34448, vol,car,1
34449, vol,ente,1
34450, vol,tar,1
34451, vol,á,1
34452, vol,ábamos,1
34453, vol,ábanle,1
34454, vol,ó,1
34455, vol,ú,1
34456, vola,terías,1
34457, volan,dillas,1
34458, voltar,ia,1
34459, volte,aban,1
34460, volte,adas,1
34461, volte,arle,1
34462, volu,me,1
34463, volun,tario,1
34464, volun,tarios,1
34465, volv,ieras,1
34466, volv,iere,1
34467, volv,ér,1
34468, volv,érsele,1
34469, volver,te,1
34470, volver,ían,1
34471, volvi,éndola,1
34472, volvi,éndome,1
34473, volvi,éredes,1
34474, volviéndose,lo,1
34475, volvióse,la,1
34476, volvér,me,1
34477, volvérme,los,1
34478, volví,le,1
34479, volvía,me,1
34480, volá,tiles,1
34481, volú,men,1
34482, volúmen,es,1
34483, vom,ita,1
34484, vomi,tan,1
34485, vomi,tase,1
34486, vomi,tó,1
34487, voqui,bles,1
34488, vuel,tos,1
34489, vul,gar,1
34490, vuél,van,1
34491, vuél,vate,1
34492, vuél,vese,1
34493, vuélvan,se,1
34494, vuélve,le,1
34495, vuélve,me,1
34496, vuélve,te,1
34497, vás,elo,1
34498, vé,ome,1
34499, vén,gote,1
34500, ví,b,1
34501, ví,ste,1
34502, ví,v,1
34503, vía,me,1
34504, vía,mos,1
34505, víb,ora,1
34506, vínos,e,1
34507, vínos,ele,1
34508, vís,p,1
34509, vísp,era,1
34510, víst,ase,1
34511, víste,le,1
34512, vív,ame,1
34513, y,ernos,1
34514, y,eso,1
34515, y,u,1
34516, y,éndome,1
34517, y,éndonos,1
34518, y,éndose,1
34519, ya,cen,1
34520, ya,cer,1
34521, ya,cía,1
34522, yantar,ía,1
34523, ye,le,1
34524, ye,ma,1
34525, yel,an,1
34526, yer,mos,1
34527, yer,ran,1
34528, yer,res,1
34529, yo,g,1
34530, yo,gar,1
34531, yo,gase,1
34532, yo,gui,1
34533, yog,ásemos,1
34534, yogui,eren,1
34535, yu,gadas,1
34536, z,ab,1
34537, z,ana,1
34538, z,el,1
34539, z,ol,1
34540, z,oro,1
34541, z,u,1
34542, z,ue,1
34543, z,uz,1
34544, z,án,1
34545, za,her,1
34546, za,qui,1
34547, zab,ul,1
34548, zabul,l,1
34549, zabull,ían,1
34550, zagal,a,1
34551, zagal,ejas,1
34552, zah,are,1
34553, zah,orí,1
34554, zah,ú,1
34555, zahare,ña,1
34556, zaher,iendo,1
34557, zahú,r,1
34558, zahúr,da,1
34559, zale,as,1
34560, zam,ar,1
34561, zam,po,1
34562, zamar,ro,1
34563, zamor,ana,1
34564, zamor,anas,1
34565, zamor,ano,1
34566, zampo,ñas,1
34567, zan,ca,1
34568, zan,cas,1
34569, zan,ja,1
34570, zana,h,1
34571, zanah,or,1
34572, zanahor,ias,1
34573, zanca,jos,1
34574, zapa,ti,1
34575, zapa,tilla,1
34576, zapate,adores,1
34577, zapate,ar,1
34578, zapate,o,1
34579, zapati,cos,1
34580, zaqui,z,1
34581, zaquiz,am,1
34582, zaquizam,í,1
34583, zar,p,1
34584, zar,zo,1
34585, zarp,asen,1
34586, zel,ador,1
34587, zo,ca,1
34588, zo,día,1
34589, zodía,cos,1
34590, zol,tan,1
34591, zoltan,ís,1
34592, zor,ra,1
34593, zor,ras,1
34594, zoro,ást,1
34595, zoroást,rica,1
34596, zu,mb,1
34597, zue,cos,1
34598, zumb,an,1
34599, zur,do,1
34600, zur,rón,1
34601, zuz,aban,1
34602, zán,ganos,1
34603, »,¡,1
34604, »,¿,1
34605, ¿,"""",1
34606, Á,la,1
34607, Á,rmese,1
34608, Á,vila,1
34609, Ála,mos,1
34610, Án,dan,1
34611, Ándan,la,1
34612, Ár,boles,1
34613, Ár,men,1
34614, Ármen,me,1
34615, É,sas,1
34616, Én,t,1
34617, Én,trate,1
34618, Ént,rale,1
34619, Í,n,1
34620, Í,tem,1
34621, Ín,s,1
34622, Íns,ula,1
34623, á,rabes,1
34624, águi,las,1
34625, ál,cense,1
34626, ámb,ares,1
34627, án,cor,1
34628, án,dase,1
34629, áncor,as,1
34630, áni,mas,1
34631, ás,per,1
34632, ásper,amente,1
34633, é,b,1
34634, é,c,1
34635, é,m,1
34636, éb,ano,1
34637, éc,lo,1
34638, éclo,ga,1
34639, ém,ula,1
34640, én,tres,1
34641, éntres,e,1
34642, épi,ca,1
34643, épi,co,1
34644, í,b,1
34645, í,base,1
34646, íb,ades,1
34647, ído,lo,1
34648, ín,dice,1
34649, ín,fi,1
34650, ín,ter,1
34651, ínc,litas,1
34652, ínfi,ma,1
34653, íns,ulo,1
34654, ínter,in,1
34655, ó,iganme,1
34656, ór,gano,1
34657, ún,icos,1
34658, —,(,1
34659, —,¡,1
34660,!,.,1
34661,!,"?""",1
34662,!,»,1
34663,!,—,1
34664,!'',;,1
34665,"""",''.,1
34666,'',:,1
34667,'',».,1
34668,),:,1
34669,),"—,",1
34670,),—;,1
34671,",",...,1
34672,",",—,1
34673,-,!'',1
34674,-,?'',1
34675,.,),1
34676,.,",",1
34677,...,'';,1
34678,...,;,1
34679,?,.,1
34680,?,»,1
34681,?'',»,1
34682,A,b,1
34683,A,bern,1
34684,A,cab,1
34685,A,cer,1
34686,A,cu,1
34687,A,d,1
34688,A,de,1
34689,A,der,1
34690,A,dó,1
34691,A,gora,1
34692,A,gui,1
34693,A,mi,1
34694,A,mor,1
34695,A,qué,1
34696,A,tentísimo,1
34697,Ab,sor,1
34698,Abern,uncio,1
34699,Absor,to,1
34700,Acab,aron,1
34701,Acer,tó,1
34702,Acu,de,1
34703,Ad,mir,1
34704,Ade,lante,1
34705,Ader,é,1
34706,Aderé,zame,1
34707,Admir,ó,1
34708,Adó,bame,1
34709,Agui,ja,1
34710,Al,gún,1
34711,Al,ta,1
34712,Alb,oro,1
34713,Alb,ricias,1
34714,Alboro,táronse,1
34715,Ami,gui,1
34716,Amigui,ta,1
34717,An,daba,1
34718,An,dad,1
34719,Ap,ár,1
34720,Apár,tate,1
34721,Aquel,la,1
34722,Aqué,lla,1
34723,Asi,lde,1
34724,Asi,mesmo,1
34725,Aun,que,1
34726,B,ar,1
34727,B,uena,1
34728,Bar,das,1
34729,Bon,ita,1
34730,Bon,itos,1
34731,Bra,va,1
34732,Bra,vo,1
34733,C,a,1
34734,C,amin,1
34735,C,ar,1
34736,C,arta,1
34737,C,as,1
34738,C,e,1
34739,C,er,1
34740,C,i,1
34741,C,iertos,1
34742,C,lar,1
34743,C,or,1
34744,C,ri,1
34745,C,ruel,1
34746,C,ré,1
34747,Ca,tóli,1
34748,Call,ad,1
34749,Call,ó,1
34750,Camin,ad,1
34751,Car,denio,1
34752,Cas,tígame,1
34753,Católi,cas,1
34754,Ce,pos,1
34755,Cer,ca,1
34756,Ci,ér,1
34757,Ciér,rese,1
34758,Clar,o,1
34759,Con,tentísimo,1
34760,Con,tra,1
34761,Con,vidó,1
34762,Cor,rida,1
34763,Cri,sti,1
34764,Cristi,anos,1
34765,Cruel,dad,1
34766,Cré,ame,1
34767,Cu,al,1
34768,Cu,atro,1
34769,Cu,ál,1
34770,Cual,quiera,1
34771,Cui,dados,1
34772,Cui,tada,1
34773,Cuán,tos,1
34774,D,adme,1
34775,D,eb,1
34776,D,el,1
34777,D,esa,1
34778,D,is,1
34779,D,os,1
34780,D,uermes,1
34781,D,ul,1
34782,D,uro,1
34783,De,fi,1
34784,De,mas,1
34785,De,monios,1
34786,Deb,es,1
34787,Deci,d,1
34788,Deci,dme,1
34789,Defi,én,1
34790,Defién,de,1
34791,Defiénde,te,1
34792,Demas,i,1
34793,Demasi,ada,1
34794,Des,nu,1
34795,Des,vent,1
34796,Desa,grade,1
34797,Desagrade,cimiento,1
34798,Desdi,chadas,1
34799,Desnu,do,1
34800,Desvent,urada,1
34801,Di,choso,1
34802,Di,las,1
34803,Di,me,1
34804,Di,éron,1
34805,Dis,cre,1
34806,Discre,ta,1
34807,Diéron,les,1
34808,Dul,ce,1
34809,Dé,jenme,1
34810,E,llos,1
34811,E,se,1
34812,E,stos,1
34813,En,cer,1
34814,Encer,rada,1
34815,Es,con,1
34816,Es,crito,1
34817,Es,cu,1
34818,Es,p,1
34819,Escon,dido,1
34820,Escu,cha,1
34821,Esp,an,1
34822,Espan,tada,1
34823,Est,aba,1
34824,Est,aban,1
34825,Est,raño,1
34826,Est,áis,1
34827,Est,ás,1
34828,Esto,y,1
34829,F,al,1
34830,F,am,1
34831,F,ui,1
34832,Fal,taban,1
34833,Fam,oso,1
34834,Fui,mos,1
34835,G,loria,1
34836,G,ob,1
34837,G,obern,1
34838,G,ra,1
34839,G,racias,1
34840,G,ran,1
34841,G,u,1
34842,Gob,ier,1
34843,Gobern,ador,1
34844,Gobier,n,1
34845,Gobiern,ito,1
34846,Gra,ci,1
34847,Graci,osi,1
34848,Graciosi,co,1
34849,Gu,alá,1
34850,H,anse,1
34851,H,ar,1
34852,H,ase,1
34853,H,asta,1
34854,H,aste,1
34855,H,echa,1
34856,H,ele,1
34857,H,ero,1
34858,H,ideputa,1
34859,H,izo,1
34860,H,u,1
34861,H,ás,1
34862,Ha,cia,1
34863,Ha,gan,1
34864,Hab,lara,1
34865,Hab,rá,1
34866,Hab,éisla,1
34867,Hab,ían,1
34868,Habían,se,1
34869,Har,to,1
34870,Her,mana,1
34871,Hero,ica,1
34872,Hi,ja,1
34873,Hi,jos,1
34874,Hás,ele,1
34875,Hí,z,1
34876,Hí,zose,1
34877,Híz,ome,1
34878,I,glesia,1
34879,I,n,1
34880,I,r,1
34881,In,f,1
34882,Inf,ierno,1
34883,Ir,me,1
34884,J,ay,1
34885,J,un,1
34886,J,uro,1
34887,Jay,anes,1
34888,Jun,táronse,1
34889,L,ad,1
34890,L,la,1
34891,L,uen,1
34892,L,us,1
34893,Lad,rones,1
34894,Le,oncitos,1
34895,Le,í,1
34896,Leí,mos,1
34897,Lla,man,1
34898,Lle,gando,1
34899,Lle,gaos,1
34900,Lle,gó,1
34901,Lle,góse,1
34902,Lle,v,1
34903,Llegué,is,1
34904,Llev,áronme,1
34905,Luen,gos,1
34906,Lus,cinda,1
34907,M,ar,1
34908,M,ara,1
34909,M,as,1
34910,M,enos,1
34911,M,iente,1
34912,M,il,1
34913,M,ire,1
34914,M,or,1
34915,M,uer,1
34916,Ma,jadero,1
34917,Ma,ñ,1
34918,Maldi,ta,1
34919,Maldi,tos,1
34920,Mar,inero,1
34921,Mara,villa,1
34922,Maravilla,do,1
34923,Mañ,ana,1
34924,Mi,ra,1
34925,Mir,en,1
34926,Mir,á,1
34927,Mir,ábala,1
34928,Mor,ir,1
34929,Morir,ás,1
34930,Mu,jer,1
34931,Muer,ta,1
34932,N,on,1
34933,N,ora,1
34934,No,tó,1
34935,O,tros,1
34936,O,x,1
34937,Ox,te,1
34938,P,aré,1
34939,P,aréceme,1
34940,P,as,1
34941,P,az,1
34942,P,erro,1
34943,P,es,1
34944,P,lega,1
34945,P,láti,1
34946,P,o,1
34947,P,ol,1
34948,P,on,1
34949,P,reguntó,1
34950,P,renda,1
34951,P,rim,1
34952,P,rincipalmente,1
34953,P,rome,1
34954,P,ur,1
34955,P,us,1
34956,P,ué,1
34957,P,úsose,1
34958,Pa,ciencia,1
34959,Pa,gad,1
34960,Par,tióse,1
34961,Par,í,1
34962,Paré,ceos,1
34963,Pas,ito,1
34964,Pe,cadora,1
34965,Pens,aba,1
34966,Pens,abas,1
34967,Pensar,á,1
34968,Pensar,án,1
34969,Pes,ia,1
34970,Pien,sas,1
34971,Pláti,cas,1
34972,Po,dré,1
34973,Pol,la,1
34974,Pon,ed,1
34975,Por,que,1
34976,Prim,eramente,1
34977,Prome,tióselo,1
34978,Pur,gatorio,1
34979,Pus,imos,1
34980,Pué,dese,1
34981,Púsose,la,1
34982,Que,daron,1
34983,Que,dé,1
34984,Quer,rás,1
34985,Queréis,lo,1
34986,Qui,ere,1
34987,Qui,eres,1
34988,Qui,tá,1
34989,Quitá,dmele,1
34990,Quié,res,1
34991,Quié,rote,1
34992,Quiéres,te,1
34993,R,en,1
34994,R,es,1
34995,R,esp,1
34996,R,in,1
34997,R,ióse,1
34998,Ren,didos,1
34999,Res,ol,1
35000,Resol,vióse,1
35001,Resp,on,1
35002,Respon,dió,1
35003,Rin,dióse,1
35004,S,anto,1
35005,S,eg,1
35006,S,ent,1
35007,S,entaos,1
35008,S,er,1
35009,S,ería,1
35010,S,esenta,1
35011,S,igo,1
35012,S,ob,1
35013,S,omos,1
35014,S,on,1
35015,S,os,1
35016,S,osié,1
35017,S,uelen,1
35018,S,us,1
35019,S,á,1
35020,S,ábese,1
35021,S,ábete,1
35022,Sab,ed,1
35023,Sab,rán,1
35024,Sab,réis,1
35025,Sabréis,me,1
35026,Sal,dré,1
35027,Sal,gan,1
35028,Sal,ta,1
35029,Se,is,1
35030,Se,mb,1
35031,Seg,uid,1
35032,Semb,rad,1
35033,Sent,ábase,1
35034,Ser,án,1
35035,Señ,ora,1
35036,Sob,rino,1
35037,Sos,eg,1
35038,Soseg,óse,1
35039,Sosié,gate,1
35040,Sus,pen,1
35041,Suspen,so,1
35042,Sá,came,1
35043,T,al,1
35044,T,ales,1
35045,T,anto,1
35046,T,ar,1
35047,T,ena,1
35048,T,iemp,1
35049,T,om,1
35050,T,oma,1
35051,T,omá,1
35052,T,omé,1
35053,T,res,1
35054,T,rin,1
35055,Ta,te,1
35056,Tar,de,1
35057,Ten,drá,1
35058,Ten,ed,1
35059,Ten,emos,1
35060,Ten,go,1
35061,Tena,zas,1
35062,Tiemp,os,1
35063,To,da,1
35064,To,dos,1
35065,Tom,óle,1
35066,Toma,os,1
35067,Trin,ch,1
35068,Trinch,é,1
35069,Trinché,ense,1
35070,V,amos,1
35071,V,aste,1
35072,V,ent,1
35073,V,ienen,1
35074,V,ienes,1
35075,V,iose,1
35076,V,oy,1
35077,V,uelve,1
35078,V,ále,1
35079,Va,is,1
35080,Ve,e,1
35081,Ve,es,1
35082,Ven,ga,1
35083,Ven,gamos,1
35084,Ven,ís,1
35085,Vent,u,1
35086,Ventu,roso,1
35087,Vi,toria,1
35088,Vi,ven,1
35089,Vi,vo,1
35090,Vol,ver,1
35091,Vol,vimos,1
35092,Vol,vió,1
35093,Volver,é,1
35094,Vuest,ra,1
35095,Vál,game,1
35096,Vál,gate,1
35097,Vále,me,1
35098,a,gora,1
35099,a,hora,1
35100,al,on,1
35101,all,eros,1
35102,all,á,1
35103,all,í,1
35104,allá,stete,1
35105,alon,g,1
35106,an,tóse,1
35107,ar,ma,1
35108,ard,ando,1
35109,as,í,1
35110,azo,tarme,1
35111,b,ueno,1
35112,be,be,1
35113,bes,óla,1
35114,c,omen,1
35115,c,ú,1
35116,ca,ja,1
35117,cab,alleros,1
35118,cab,eza,1
35119,cas,tígame,1
35120,ce,te,1
35121,cono,cí,1
35122,conocí,ste,1
35123,conocíste,la,1
35124,cos,as,1
35125,cre,es,1
35126,cu,ando,1
35127,cuán,tas,1
35128,cuán,tos,1
35129,cú,yos,1
35130,d,uermes,1
35131,des,h,1
35132,des,p,1
35133,des,ta,1
35134,des,vent,1
35135,desdi,chada,1
35136,desdi,chado,1
35137,desh,ici,1
35138,deshici,éronse,1
35139,desp,ués,1
35140,desvent,urado,1
35141,di,ces,1
35142,dir,án,1
35143,e,gu,1
35144,egu,í,1
35145,en,caja,1
35146,ent,ra,1
35147,ent,re,1
35148,es,la,1
35149,es,t,1
35150,es,te,1
35151,es,tá,1
35152,esp,antóse,1
35153,est,ás,1
35154,f,ue,1
35155,g,anza,1
35156,gri,tó,1
35157,gu,ardando,1
35158,gua,y,1
35159,gui,ó,1
35160,h,allástete,1
35161,h,an,1
35162,h,asta,1
35163,h,az,1
35164,h,á,1
35165,hab,rá,1
35166,hab,ría,1
35167,hab,éisla,1
35168,hab,ía,1
35169,hab,ían,1
35170,há,osla,1
35171,i,mp,1
35172,ien,sa,1
35173,imp,rí,1
35174,imprí,mese,1
35175,j,alá,1
35176,j,ún,1
35177,jur,é,1
35178,jún,tate,1
35179,lle,gaos,1
35180,lle,va,1
35181,lle,var,1
35182,lle,vas,1
35183,lo,co,1
35184,m,uera,1
35185,me,dradas,1
35186,menti,ra,1
35187,mis,erables,1
35188,mon,ta,1
35189,n,ue,1
35190,nue,vas,1
35191,o,jalá,1
35192,o,tra,1
35193,p,iensa,1
35194,p,regun,1
35195,p,rome,1
35196,p,ues,1
35197,par,ezco,1
35198,paré,cete,1
35199,pe,cador,1
35200,pi,tió,1
35201,po,drá,1
35202,po,dría,1
35203,pregun,taste,1
35204,prome,te,1
35205,pros,eguí,1
35206,qui,en,1
35207,qui,tar,1
35208,qui,zá,1
35209,re,pitió,1
35210,respon,día,1
35211,ría,me,1
35212,s,ería,1
35213,s,ál,1
35214,sab,e,1
35215,sab,ríame,1
35216,sal,te,1
35217,sal,íos,1
35218,salte,ar,1
35219,se,gún,1
35220,si,guió,1
35221,so,is,1
35222,sál,ese,1
35223,t,ienen,1
35224,t,ienes,1
35225,t,ú,1
35226,tién,esla,1
35227,tra,es,1
35228,tra,pa,1
35229,tra,ía,1
35230,tras,lado,1
35231,uel,va,1
35232,v,uelva,1
35233,v,ál,1
35234,va,ya,1
35235,val,iente,1
35236,ven,ganza,1
35237,ver,dad,1
35238,vi,stes,1
35239,vi,va,1
35240,vál,game,1
35241,»,",",1
35242,Á,rmese,1
35243,É,rase,1
35244,É,se,1
35245,Ú,sase,1
35246,é,ste,1
